"FeatureId","SaveDomainId","PersistentExpectation","CoverageStatus","SchemaOwner","CurrentImplementation","EvidenceOrReason","UnloadedCellPolicy","ReplacementPolicy","OwningMilestone","Notes"
"P1.SAVE.001","save.system","Persistent","Covered","MSC.Save.Runtime","Project-owned msc.native-save document version 17 with deterministic header/domain envelopes, validation and 15 registered production participants","Native save v17 retains the accepted storage foundation and adds the required vehicle.satsuma.key-access schema-1 domain; full Phase 1 persistence remains incomplete.","Immediate","NotApplicable","09A","C2 is additive. The delivered v16 build 024640 cannot read or safely rewrite a v17 slot; no live user save was changed during implementation."
"P1.SAVE.002","save.system","Persistent","Covered","MSC.Save.Runtime","09A registered native-save coverage; prior matrix state: Production Bootstrap owns native save composition; New Game, last-valid Continue, slot-list Load and in-session Save Status use real slot/provider data","09A native-save contract covers this implemented domain boundary; source implementation: Production Bootstrap owns native save composition; New Game, last-valid Continue, slot-list Load and in-session Save Status use real slot/provider data.","Immediate","NotApplicable","09A","Generated from authoritative parity row; later owner must update this row in the same commit as runtime implementation."
"P1.SAVE.003","save.system","Persistent","Covered","MSC.Save.Runtime","09A registered native-save coverage; prior matrix state: Native storage writes .tmp, flushes and rereads, atomically replaces current, retains .bak, quarantines corrupt files and can recover from validated candidates","09A native-save contract covers this implemented domain boundary; source implementation: Native storage writes .tmp, flushes and rereads, atomically replaces current, retains .bak, quarantines corrupt files and can recover from validated candidates.","Immediate","NotApplicable","09A","Generated from authoritative parity row; later owner must update this row in the same commit as runtime implementation."
"P1.SAVE.004","save.system","Persistent","Covered","MSC.Save.Runtime","Migration pipeline reaches document version 17; dependency-ordered preflight/checkpoint/apply/rollback and optional unknown-domain retention remain implemented","Migration 16->17 adds required vehicle.satsuma.key-access schema 1 with fresh access true from an immutable source; saved false applies in GlobalState and rolls back if a later participant fails. Production native save passed 1/1 with two clean-session RequestLoad cycles before reveal.","Immediate","NotApplicable","09A","Automated C2 save coverage is green; manual cockpit acceptance remains pending. No live user save was written."
"P1.SAVE.005","save.system","Persistent","Covered","MSC.Save.Runtime","09A registered native-save coverage; prior matrix state: DeferredStableEntityStore plus world/items/Satsuma/NPC/traffic participants restore project-owned IDs across unloaded cells; static-before-dynamic streaming handoff and critical recovery are implemented","09A native-save contract covers this implemented domain boundary; source implementation: DeferredStableEntityStore plus world/items/Satsuma/NPC/traffic participants restore project-owned IDs across unloaded cells; static-before-dynamic streaming handoff and critical recovery are implemented.","Immediate","NotApplicable","09A","Generated from authoritative parity row; later owner must update this row in the same commit as runtime implementation."
"P1.SAVE.006","save.system","Persistent","Partial","MSC.Save.Runtime","09A deterministic current-domain fixtures; full Phase 1 fresh/mid/late fixtures remain incremental","A bounded implementation or DTO exists, but full Phase 1 state/restore coverage is incomplete: Deterministic current-domain and subsystem round trips exist; no representative complete-game fresh/mid/late fixture can exist until all required persistent domains are implemented; prior save evidence: 11 Covered, 203 Partial, 310 Planned, 13 Uncovered, 19 NotRequired and 1 PendingDecision rows.","Immediate","NotApplicable","09A","Generated from authoritative parity row; later owner must update this row in the same commit as runtime implementation."
"P1.SAVE.007","save.system","PendingDecision","PendingDecision","MSC.Save.Runtime","Evidence gap","Optional donor importer is outside the native-save foundation; exact donor schema evidence is still missing and the decision remains pending.","NotApplicable","NotApplicable","09A","Generated from authoritative parity row; later owner must update this row in the same commit as runtime implementation."
"P1.PLAYER.001","player.state","Persistent","Partial","MSC.Player.Runtime + MSC.Save.Integration","Working bounded M04 FirstPersonMotor","A bounded implementation or DTO exists, but full Phase 1 state/restore coverage is incomplete: Working bounded M04 FirstPersonMotor; prior save evidence: None.","Immediate","NotApplicable","09C","Generated from authoritative parity row; later owner must update this row in the same commit as runtime implementation."
"P1.PLAYER.002","player.state","Persistent","Planned","MSC.Player.Runtime + MSC.Save.Integration","Nothing","Future Phase 1 domain is not implemented. Owning milestone must add stable identity, DTO, participant, migration note and round-trip coverage without fabricating state.","Immediate","NotApplicable","09C","Generated from authoritative parity row; later owner must update this row in the same commit as runtime implementation."
"P1.PLAYER.003","player.state","Persistent","Partial","MSC.Player.Runtime + MSC.Save.Integration","Working bounded binary M04 crouch","A bounded implementation or DTO exists, but full Phase 1 state/restore coverage is incomplete: Working bounded binary M04 crouch; prior save evidence: None.","Immediate","NotApplicable","09C","Generated from authoritative parity row; later owner must update this row in the same commit as runtime implementation."
"P1.PLAYER.004","player.state","Persistent","Planned","MSC.Player.Runtime + MSC.Save.Integration","Nothing; current motor has one crouch only","Future Phase 1 domain is not implemented. Owning milestone must add stable identity, DTO, participant, migration note and round-trip coverage without fabricating state.","Immediate","NotApplicable","09C","Generated from authoritative parity row; later owner must update this row in the same commit as runtime implementation."
"P1.PLAYER.005","player.state","NonPersistent","NotRequired","MSC.Player.Runtime + MSC.Save.Integration","FirstPersonMotor implements a sphere-cast-limited 40 degree forward body/view arc through the project LeanPivot, entering at project-tuned 150 degrees/s and returning at 120 degrees/s with obstruction and reset handling","Explicit non-persistent rationale from parity matrix: Non-persistent presentation/locomotion intent resets safely on session/input state changes. Mutable gameplay authority, when any, is owned by another save domain.","NotApplicable","NotApplicable","09C","Generated from authoritative parity row; later owner must update this row in the same commit as runtime implementation."
"P1.PLAYER.006","player.state","Persistent","Partial","MSC.Player.Runtime + MSC.Save.Integration","Working bounded M04 FirstPersonMotor","A bounded implementation or DTO exists, but full Phase 1 state/restore coverage is incomplete: Working bounded M04 FirstPersonMotor; prior save evidence: None.","Immediate","NotApplicable","09C","Generated from authoritative parity row; later owner must update this row in the same commit as runtime implementation."
"P1.PLAYER.007","player.state","Persistent","Partial","MSC.Player.Runtime + MSC.Save.Integration","Partial CharacterController traversal; pub passes and Teimo blocks","A bounded implementation or DTO exists, but full Phase 1 state/restore coverage is incomplete: Partial CharacterController traversal; pub passes and Teimo blocks; prior save evidence: None.","Immediate","NotApplicable","09C","Generated from authoritative parity row; later owner must update this row in the same commit as runtime implementation."
"P1.PLAYER.008","player.state","Persistent","Planned","MSC.Player.Runtime + MSC.Save.Integration","Current motor has simple gravity/isGrounded only","Future Phase 1 domain is not implemented. Owning milestone must add stable identity, DTO, participant, migration note and round-trip coverage without fabricating state.","Immediate","NotApplicable","09C","Generated from authoritative parity row; later owner must update this row in the same commit as runtime implementation."
"P1.PLAYER.009","player.state","Persistent","Planned","MSC.Player.Runtime + MSC.Save.Integration","No unified locomotion state contract","Future Phase 1 domain is not implemented. Owning milestone must add stable identity, DTO, participant, migration note and round-trip coverage without fabricating state.","Immediate","NotApplicable","09C","Generated from authoritative parity row; later owner must update this row in the same commit as runtime implementation."
"P1.PLAYER.010","player.state","Persistent","Partial","MSC.Player.Runtime + MSC.Save.Integration","Working bounded M04 Interaction prototype","A bounded implementation or DTO exists, but full Phase 1 state/restore coverage is incomplete: Working bounded M04 Interaction prototype; prior save evidence: None.","Immediate","NotApplicable","09C","Generated from authoritative parity row; later owner must update this row in the same commit as runtime implementation."
"P1.PLAYER.011","interaction.carry","Persistent","Partial","MSC.Interaction.Runtime + MSC.Save.Integration","Working bounded M04 Interaction prototype","A bounded implementation or DTO exists, but full Phase 1 state/restore coverage is incomplete: Working bounded M04 Interaction prototype; prior save evidence: Carry snapshot DTO only.","DeferredByStableId","StableIdPreserved","09C","Generated from authoritative parity row; later owner must update this row in the same commit as runtime implementation."
"P1.PLAYER.012","player.state","Persistent","Partial","MSC.Player.Runtime + MSC.Save.Integration","Working bounded M04 Interaction prototype","A bounded implementation or DTO exists, but full Phase 1 state/restore coverage is incomplete: Working bounded M04 Interaction prototype; prior save evidence: None.","Immediate","NotApplicable","09C","Generated from authoritative parity row; later owner must update this row in the same commit as runtime implementation."
"P1.PLAYER.013","player.state","Persistent","Planned","MSC.Player.Runtime + MSC.Save.Integration","Vehicle prototype input/session gates only","Future Phase 1 domain is not implemented. Owning milestone must add stable identity, DTO, participant, migration note and round-trip coverage without fabricating state.","Immediate","NotApplicable","11A","Generated from authoritative parity row; later owner must update this row in the same commit as runtime implementation."
"P1.PLAYER.014","player.state","NonPersistent","NotRequired","MSC.Player.Runtime + MSC.Save.Integration","Nothing","Explicit non-persistent rationale from parity matrix: Non-persistent seated locomotion/presentation intent; resets on input, seat or opening-state changes. Mutable gameplay authority, when any, is owned by another save domain.","NotApplicable","NotApplicable","11A","Generated from authoritative parity row; later owner must update this row in the same commit as runtime implementation."
"P1.PLAYER.015","player.state","NonPersistent","NotRequired","MSC.Player.Runtime + MSC.Save.Integration","Nothing","Not in the locked donor version; no gameplay state may be invented or persisted. Source status: RejectedNotInLockedDonorVersion.","NotApplicable","NotApplicable","09C","Generated from authoritative parity row; later owner must update this row in the same commit as runtime implementation."
"P1.PLAYER.016","player.state","NonPersistent","NotRequired","MSC.Player.Runtime + MSC.Save.Integration","Project-owned PlayerVoiceReactionController and pure policy bind explicit input/needs/economy events to 16 swear plus 11 finger stable audio IDs; Controls route exposes baseline bindings and persisted rebinds","Explicit non-persistent rationale from parity matrix: Voice variant/one-second presentation lock intentionally non-persistent; authoritative stress uses player.needs schema 3 and economy rejection mutates no save state. Mutable gameplay authority, when any, is owned by another save domain.","NotApplicable","NotApplicable","09C","Generated from authoritative parity row; later owner must update this row in the same commit as runtime implementation."
"P1.NEEDS.001","player.needs","Persistent","Planned","MSC.Needs.Runtime + MSC.Save.Integration","08A HUD placeholder only; no production provider","Future Phase 1 domain is not implemented. Owning milestone must add stable identity, DTO, participant, migration note and round-trip coverage without fabricating state.","Immediate","NotApplicable","09C","Generated from authoritative parity row; later owner must update this row in the same commit as runtime implementation."
"P1.NEEDS.002","player.needs","Persistent","Planned","MSC.Needs.Runtime + MSC.Save.Integration","08A HUD placeholder only; no production provider","Future Phase 1 domain is not implemented. Owning milestone must add stable identity, DTO, participant, migration note and round-trip coverage without fabricating state.","Immediate","NotApplicable","09C","Generated from authoritative parity row; later owner must update this row in the same commit as runtime implementation."
"P1.NEEDS.003","player.needs","Persistent","Partial","MSC.Needs.Runtime + MSC.Save.Integration","PlayerNeedsRuntime/provider/save/HUD exist; PlayerVoiceReactionController applies the evidenced -0.5 only through IPlayerNeedsEffectSink and observes the 100 threshold","A bounded implementation or DTO exists, but full Phase 1 state/restore coverage is incomplete: PlayerNeedsRuntime/provider/save/HUD exist; PlayerVoiceReactionController applies the evidenced -0.5 only through IPlayerNeedsEffectSink and observes the 100 threshold; prior save evidence: player.needs schema 3; transient voice selection and cooldown intentionally not persisted.","Immediate","NotApplicable","09C","Generated from authoritative parity row; later owner must update this row in the same commit as runtime implementation."
"P1.NEEDS.004","player.needs","Persistent","Partial","MSC.Needs.Runtime + MSC.Save.Integration","Project-owned fatigue progression, save state, HUD telemetry and HDRP low-cost blur/vignette presentation","A bounded implementation or DTO exists, but full Phase 1 state/restore coverage is incomplete: Project-owned fatigue progression, save state, HUD telemetry and HDRP low-cost blur/vignette presentation; prior save evidence: player.needs schema 3 + save document 5 migration.","Immediate","NotApplicable","09C","Generated from authoritative parity row; later owner must update this row in the same commit as runtime implementation."
"P1.NEEDS.005","player.needs","Persistent","Planned","MSC.Needs.Runtime + MSC.Save.Integration","08A HUD placeholder only; no production provider","Future Phase 1 domain is not implemented. Owning milestone must add stable identity, DTO, participant, migration note and round-trip coverage without fabricating state.","Immediate","NotApplicable","09C","Generated from authoritative parity row; later owner must update this row in the same commit as runtime implementation."
"P1.NEEDS.006","player.needs","Persistent","Planned","MSC.Needs.Runtime + MSC.Save.Integration","08A HUD placeholder only; no production provider","Future Phase 1 domain is not implemented. Owning milestone must add stable identity, DTO, participant, migration note and round-trip coverage without fabricating state.","Immediate","NotApplicable","09C","Generated from authoritative parity row; later owner must update this row in the same commit as runtime implementation."
"P1.NEEDS.007","player.needs","Persistent","Partial","MSC.Needs.Runtime + MSC.Save.Integration","Project-owned delayed beer absorption, alcohol clearance and persistent provisional hangover; held beer now contributes effects continuously in proportion to consumed liquid","A bounded implementation or DTO exists, but full Phase 1 state/restore coverage is incomplete: Project-owned delayed beer absorption, alcohol clearance and persistent provisional hangover; held beer now contributes effects continuously in proportion to consumed liquid; prior save evidence: player.needs schema 3 + save document 5 migration; partial bottle content persists through item state.","Immediate","NotApplicable","09C","Generated from authoritative parity row; later owner must update this row in the same commit as runtime implementation."
"P1.NEEDS.008","player.needs","Persistent","Planned","MSC.Needs.Runtime + MSC.Save.Integration","08A HUD placeholder only; no production provider","Future Phase 1 domain is not implemented. Owning milestone must add stable identity, DTO, participant, migration note and round-trip coverage without fabricating state.","Immediate","NotApplicable","09C","Generated from authoritative parity row; later owner must update this row in the same commit as runtime implementation."
"P1.NEEDS.009","player.needs","Persistent","Partial","MSC.Needs.Runtime + MSC.Save.Integration","First F on a usable world bottle picks up the real item into a transient use-ready hand pose without consuming it; the next held F drinks continuously, release pauses drinking while retaining the bottle","A bounded implementation or DTO exists, but full Phase 1 state/restore coverage is incomplete: First F on a usable world bottle picks up the real item into a transient use-ready hand pose without consuming it; the next held F drinks continuously, release pauses drinking while retaining the bottle; prior save evidence: Partial liquid content and pending needs effects persist in existing item/player.needs schemas; transient use-ready presentation is intentionally not saved.","Immediate","NotApplicable","09C","Generated from authoritative parity row; later owner must update this row in the same commit as runtime implementation."
"P1.NEEDS.010","player.needs","Persistent","Partial","MSC.Needs.Runtime + MSC.Save.Integration","Cigarette item consumes one of 20 units and queues provisional stress/fatigue effects","A bounded implementation or DTO exists, but full Phase 1 state/restore coverage is incomplete: Cigarette item consumes one of 20 units and queues provisional stress/fatigue effects; prior save evidence: items.instances + player.needs schema 3.","Immediate","NotApplicable","09C","Generated from authoritative parity row; later owner must update this row in the same commit as runtime implementation."
"P1.NEEDS.011","player.needs","Persistent","Planned","MSC.Needs.Runtime + MSC.Save.Integration","08A HUD placeholder only; no production provider","Future Phase 1 domain is not implemented. Owning milestone must add stable identity, DTO, participant, migration note and round-trip coverage without fabricating state.","Immediate","NotApplicable","09C","Generated from authoritative parity row; later owner must update this row in the same commit as runtime implementation."
"P1.NEEDS.012","player.needs","Persistent","Partial","MSC.Needs.Runtime + MSC.Save.Integration","Project-owned P action drains urine progressively over 2.5–7.5 real seconds and adds dirtiness after minimum-threshold validation","A bounded implementation or DTO exists, but full Phase 1 state/restore coverage is incomplete: Project-owned P action drains urine progressively over 2.5–7.5 real seconds and adds dirtiness after minimum-threshold validation; prior save evidence: player.needs schema 3; transient action cancels safely on restore.","Immediate","NotApplicable","09C","Generated from authoritative parity row; later owner must update this row in the same commit as runtime implementation."
"P1.NEEDS.013","player.needs","Persistent","Partial","MSC.Needs.Runtime + MSC.Save.Integration","Project-owned furniture targets advance shared time/weather/wetness/needs by a provisional eight hours and relieve fatigue/stress","A bounded implementation or DTO exists, but full Phase 1 state/restore coverage is incomplete: Project-owned furniture targets advance shared time/weather/wetness/needs by a provisional eight hours and relieve fatigue/stress; prior save evidence: core.time + player.needs schema 3.","Immediate","NotApplicable","09C","Generated from authoritative parity row; later owner must update this row in the same commit as runtime implementation."
"P1.NEEDS.014","player.needs","Persistent","Planned","MSC.Needs.Runtime + MSC.Save.Integration","08A HUD placeholder only; no production provider","Future Phase 1 domain is not implemented. Owning milestone must add stable identity, DTO, participant, migration note and round-trip coverage without fabricating state.","Immediate","NotApplicable","09C","Generated from authoritative parity row; later owner must update this row in the same commit as runtime implementation."
"P1.HOME.001","home.state","Persistent","Partial","MSC.Home.Runtime + MSC.Save.Integration","Project-owned domestic runtime owns independent saved stove, television and electric-sauna switch state; a complete electrical/resource network is not implemented","A bounded implementation or DTO exists, but full Phase 1 state/restore coverage is incomplete: Project-owned domestic runtime owns independent saved stove, television and electric-sauna switch state; a complete electrical/resource network is not implemented; prior save evidence: home.state schema 1 + save document 6 migration.","DeferredByStableId","StableIdPreserved","09C","Generated from authoritative parity row; later owner must update this row in the same commit as runtime implementation."
"P1.HOME.002","home.state","Persistent","Partial","MSC.Home.Runtime + MSC.Save.Integration","Project-owned kitchen tap open/drink/close flow and independent shower switch/valve; water queues delayed thirst/urine effects and shower cleans only inside its local radius","A bounded implementation or DTO exists, but full Phase 1 state/restore coverage is incomplete: Project-owned kitchen tap open/drink/close flow and independent shower switch/valve; water queues delayed thirst/urine effects and shower cleans only inside its local radius; prior save evidence: home.state schema 1 + player.needs schema 3 + save document 6 migration.","DeferredByStableId","StableIdPreserved","09C","Generated from authoritative parity row; later owner must update this row in the same commit as runtime implementation."
"P1.HOME.003","home.state","Persistent","Partial","MSC.Home.Runtime + MSC.Save.Integration","Project-owned electric-sauna power, 30/60/90-minute timer, authoritative game-time heating/cooling, minimum-temperature steam gate and decaying steam state","A bounded implementation or DTO exists, but full Phase 1 state/restore coverage is incomplete: Project-owned electric-sauna power, 30/60/90-minute timer, authoritative game-time heating/cooling, minimum-temperature steam gate and decaying steam state; prior save evidence: home.state schema 1 + save document 6 migration.","DeferredByStableId","StableIdPreserved","09C","Generated from authoritative parity row; later owner must update this row in the same commit as runtime implementation."
"P1.HOME.004","home.state","Persistent","Partial","MSC.Home.Runtime + MSC.Save.Integration","Project-owned saved fireplace-lit foundation and explicit interaction action only; wood, ignition, fuel, heat and fire simulation remain absent","A bounded implementation or DTO exists, but full Phase 1 state/restore coverage is incomplete: Project-owned saved fireplace-lit foundation and explicit interaction action only; wood, ignition, fuel, heat and fire simulation remain absent; prior save evidence: home.state schema 1 + save document 6 migration.","DeferredByStableId","StableIdPreserved","09C","Generated from authoritative parity row; later owner must update this row in the same commit as runtime implementation."
"P1.HOME.005","home.state","Persistent","Partial","MSC.Home.Runtime + MSC.Save.Integration","Project-owned sleep surfaces exist on the player bed, parents' bed and living-room sofa; other donor-evidenced locations remain pending","A bounded implementation or DTO exists, but full Phase 1 state/restore coverage is incomplete: Project-owned sleep surfaces exist on the player bed, parents' bed and living-room sofa; other donor-evidenced locations remain pending; prior save evidence: core.time + player.needs schema 3.","DeferredByStableId","StableIdPreserved","09C","Generated from authoritative parity row; later owner must update this row in the same commit as runtime implementation."
"P1.HOME.006","home.state","Persistent","Partial","MSC.Home.Runtime + MSC.Save.Integration","A versioned saved fridge-power field exists as a compatibility foundation; no physical interaction target, storage inventory or spoilage modifier is implemented","A bounded implementation or DTO exists, but full Phase 1 state/restore coverage is incomplete: A versioned saved fridge-power field exists as a compatibility foundation; no physical interaction target, storage inventory or spoilage modifier is implemented; prior save evidence: home.state schema 1 + save document 6 migration for the foundational flag.","DeferredByStableId","StableIdPreserved","09C","Generated from authoritative parity row; later owner must update this row in the same commit as runtime implementation."
"P1.HOME.007","home.state","Persistent","Partial","MSC.Home.Runtime + MSC.Save.Integration","Project-owned toilet target delegates to the existing timed urination authority; sink gives a bounded hygiene effect and active nearby shower cleans progressively","A bounded implementation or DTO exists, but full Phase 1 state/restore coverage is incomplete: Project-owned toilet target delegates to the existing timed urination authority; sink gives a bounded hygiene effect and active nearby shower cleans progressively; prior save evidence: home.state schema 1 + player.needs schema 3 + save document 6 migration.","DeferredByStableId","StableIdPreserved","09C","Generated from authoritative parity row; later owner must update this row in the same commit as runtime implementation."
"P1.HOME.008","home.state","Persistent","Partial","MSC.Home.Runtime + MSC.Save.Integration","Project-owned saved television-power toggle and explicit fixture interaction; radio/media playback and schedules are not implemented","A bounded implementation or DTO exists, but full Phase 1 state/restore coverage is incomplete: Project-owned saved television-power toggle and explicit fixture interaction; radio/media playback and schedules are not implemented; prior save evidence: home.state schema 1 + save document 6 migration.","DeferredByStableId","StableIdPreserved","09C","Generated from authoritative parity row; later owner must update this row in the same commit as runtime implementation."
"P1.HOME.009","home.state","Persistent","Planned","MSC.Home.Runtime + MSC.Save.Integration","World geometry only","Future Phase 1 domain is not implemented. Owning milestone must add stable identity, DTO, participant, migration note and round-trip coverage without fabricating state.","DeferredByStableId","StableIdPreserved","09C","Generated from authoritative parity row; later owner must update this row in the same commit as runtime implementation."
"P1.HOME.010","home.state","Persistent","Partial","MSC.Home.Runtime + MSC.Save.Integration","Door interaction prototype only; solid door blockers intentionally omitted","A bounded implementation or DTO exists, but full Phase 1 state/restore coverage is incomplete: Door interaction prototype only; solid door blockers intentionally omitted; prior save evidence: None.","DeferredByStableId","StableIdPreserved","09C","Generated from authoritative parity row; later owner must update this row in the same commit as runtime implementation."
"P1.ITEM.001","items.instances","Persistent","Partial","MSC.Items.Runtime + MSC.Save.Integration","09B item tool identity/variants plus held-tool compatibility boundary; spanner sizes 8-17 are represented.","A bounded implementation or DTO exists, but full Phase 1 state/restore coverage is incomplete: 09B item tool identity/variants plus held-tool compatibility boundary; spanner sizes 8-17 are represented.; prior save evidence: Partial: items.instances.native.v1 logical state + world.entities pose; row-specific round-trip/stream proof pending.","DeferredByStableId","StableIdPreserved","09B","Generated from authoritative parity row; later owner must update this row in the same commit as runtime implementation."
"P1.ITEM.002","items.instances","Persistent","Partial","MSC.Items.Runtime + MSC.Save.Integration","Car jack and floor jack have project-owned physical raise/lower behavior, saved lift height and four explicit Satsuma lift pads; floor jack has held-LMB ground drag and bounded nearby-vehicle collision bypass.","A bounded implementation or DTO exists, but full Phase 1 state/restore coverage is incomplete: Car jack and floor jack have project-owned physical raise/lower behavior, saved lift height and four explicit Satsuma lift pads; floor jack has held-LMB ground drag and bounded nearby-vehicle collision bypass.; prior save evidence: items.instances.native.v1 plus world.entities pose persist both jacks; native document v16 migration adds missing lift-height=0 only to legacy jack records.","DeferredByStableId","StableIdPreserved","09B","Generated from authoritative parity row; later owner must update this row in the same commit as runtime implementation."
"P1.ITEM.003","items.instances","Persistent","Partial","MSC.Items.Runtime + MSC.Save.Integration","09B project-owned item definition/instance runtime and items.instances save boundary; donor-specific category behavior remains incomplete.","A bounded implementation or DTO exists, but full Phase 1 state/restore coverage is incomplete: 09B project-owned item definition/instance runtime and items.instances save boundary; donor-specific category behavior remains incomplete.; prior save evidence: Partial: items.instances.native.v1 logical state + world.entities pose; row-specific round-trip/stream proof pending.","DeferredByStableId","StableIdPreserved","09B","Generated from authoritative parity row; later owner must update this row in the same commit as runtime implementation."
"P1.ITEM.004","items.instances","Persistent","Partial","MSC.Items.Runtime + MSC.Save.Integration","09B liquid container authority is now connected to three 12A-S1 physical pump nozzles. Gasoline maps to liquid.gasoline and diesel to liquid.diesel; nozzle flow requires a carried nozzle plus an open compatible container.","A bounded implementation or DTO exists, but full Phase 1 state/restore coverage is incomplete: 09B liquid container authority is now connected to three 12A-S1 physical pump nozzles. Gasoline maps to liquid.gasoline and diesel to liquid.diesel; nozzle flow requires a carried nozzle plus an open compatible container.; prior save evidence: items.instances.native.v1 persists cap and liquid state; services.state schema 1 persists accepted fuel debt.","DeferredByStableId","StableIdPreserved","12A","Generated from authoritative parity row; later owner must update this row in the same commit as runtime implementation."
"P1.ITEM.005","items.instances","Persistent","Partial","MSC.Items.Runtime + MSC.Save.Integration","09B project-owned item definition/instance runtime and items.instances save boundary; donor-specific category behavior remains incomplete.","A bounded implementation or DTO exists, but full Phase 1 state/restore coverage is incomplete: 09B project-owned item definition/instance runtime and items.instances save boundary; donor-specific category behavior remains incomplete.; prior save evidence: Partial: items.instances.native.v1 logical state + world.entities pose; row-specific round-trip/stream proof pending.","DeferredByStableId","StableIdPreserved","09B","Generated from authoritative parity row; later owner must update this row in the same commit as runtime implementation."
"P1.ITEM.006","items.instances","Persistent","Partial","MSC.Items.Runtime + MSC.Save.Integration","Project-owned liquid source/receiver capabilities fill from physical kitchen-tap and shower stream volumes, transfer between containers, pour onto the electric-sauna receiver and spill into local puddle presentation. Container tilt continuously drains authoritative litres through the same typed spill path.","A bounded implementation or DTO exists, but full Phase 1 state/restore coverage is incomplete: Project-owned liquid source/receiver capabilities fill from physical kitchen-tap and shower stream volumes, transfer between containers, pour onto the electric-sauna receiver and spill into local puddle presentation. Container tilt continuously drains authoritative litres through the same typed spill path.; prior save evidence: items.instances.native.v1 persists liquid ID/amount; world.entities persists pose; row-specific streamed round-trip remains pending.","DeferredByStableId","StableIdPreserved","09B","Generated from authoritative parity row; later owner must update this row in the same commit as runtime implementation."
"P1.ITEM.007","items.instances","Persistent","Partial","MSC.Items.Runtime + MSC.Save.Integration","12A-S1 exposes all four audited pub beverage/cigarette choices. Item offers use ServiceItemHandoffBackend; vodka uses an idempotent effect handoff instead of the previous beer-only representative.","A bounded implementation or DTO exists, but full Phase 1 state/restore coverage is incomplete: 12A-S1 exposes all four audited pub beverage/cigarette choices. Item offers use ServiceItemHandoffBackend; vodka uses an idempotent effect handoff instead of the previous beer-only representative.; prior save evidence: services.state schema 1 persists transactions/pending handoffs; physical spawned items use item/world save domains.","DeferredByStableId","StableIdPreserved","12A","Generated from authoritative parity row; later owner must update this row in the same commit as runtime implementation."
"P1.ITEM.008","items.instances","Persistent","Partial","MSC.Items.Runtime + MSC.Save.Integration","Outside-milestone fix adds data-driven whole consumption, game-time freshness, powered closed-fridge cooling and generic heat cooking while preserving ItemWorldRuntime authority. 12A-S1 paid pub meal choreography remains a separate pending flow.","A bounded implementation or DTO exists, but full Phase 1 state/restore coverage is incomplete: Outside-milestone fix adds data-driven whole consumption, game-time freshness, powered closed-fridge cooling and generic heat cooking while preserving ItemWorldRuntime authority. 12A-S1 paid pub meal choreography remains a separate pending flow.; prior save evidence: Food freshness/timestamp/cooking/count and item/world pose use native item/world domains; paid handoff uses services.state; transient pub preparation progress remains unpersisted.","DeferredByStableId","StableIdPreserved","12A","Generated from authoritative parity row; later owner must update this row in the same commit as runtime implementation."
"P1.ITEM.009","items.instances","Persistent","Partial","MSC.Items.Runtime + MSC.Save.Integration","09B project-owned item definition/instance runtime and items.instances save boundary; donor-specific category behavior remains incomplete.","A bounded implementation or DTO exists, but full Phase 1 state/restore coverage is incomplete: 09B project-owned item definition/instance runtime and items.instances save boundary; donor-specific category behavior remains incomplete.; prior save evidence: Partial: items.instances.native.v1 logical state + world.entities pose; row-specific round-trip/stream proof pending.","DeferredByStableId","StableIdPreserved","09B","Generated from authoritative parity row; later owner must update this row in the same commit as runtime implementation."
"P1.ITEM.010","items.instances","Persistent","Partial","MSC.Items.Runtime + MSC.Save.Integration","09B project-owned item definition/instance runtime and items.instances save boundary; donor-specific category behavior remains incomplete.","A bounded implementation or DTO exists, but full Phase 1 state/restore coverage is incomplete: 09B project-owned item definition/instance runtime and items.instances save boundary; donor-specific category behavior remains incomplete.; prior save evidence: Partial: items.instances.native.v1 logical state + world.entities pose; row-specific round-trip/stream proof pending.","DeferredByStableId","StableIdPreserved","09B","Generated from authoritative parity row; later owner must update this row in the same commit as runtime implementation."
"P1.ITEM.011","items.instances","Persistent","Partial","MSC.Items.Runtime + MSC.Save.Integration","09B project-owned item definition/instance runtime and items.instances save boundary; donor-specific category behavior remains incomplete.","A bounded implementation or DTO exists, but full Phase 1 state/restore coverage is incomplete: 09B project-owned item definition/instance runtime and items.instances save boundary; donor-specific category behavior remains incomplete.; prior save evidence: Partial: items.instances.native.v1 logical state + world.entities pose; row-specific round-trip/stream proof pending.","DeferredByStableId","StableIdPreserved","09B","Generated from authoritative parity row; later owner must update this row in the same commit as runtime implementation."
"P1.ITEM.012","items.instances","Persistent","Partial","MSC.Items.Runtime + MSC.Save.Integration","09B project-owned item definition/instance runtime and items.instances save boundary; donor-specific category behavior remains incomplete.","A bounded implementation or DTO exists, but full Phase 1 state/restore coverage is incomplete: 09B project-owned item definition/instance runtime and items.instances save boundary; donor-specific category behavior remains incomplete.; prior save evidence: Partial: items.instances.native.v1 logical state + world.entities pose; row-specific round-trip/stream proof pending.","DeferredByStableId","StableIdPreserved","09B","Generated from authoritative parity row; later owner must update this row in the same commit as runtime implementation."
"P1.ITEM.013","items.instances","Persistent","Partial","MSC.Items.Runtime + MSC.Save.Integration","09B project-owned item definition/instance runtime and items.instances save boundary; donor-specific category behavior remains incomplete.","A bounded implementation or DTO exists, but full Phase 1 state/restore coverage is incomplete: 09B project-owned item definition/instance runtime and items.instances save boundary; donor-specific category behavior remains incomplete.; prior save evidence: Partial: items.instances.native.v1 logical state + world.entities pose; row-specific round-trip/stream proof pending.","DeferredByStableId","StableIdPreserved","09B","Generated from authoritative parity row; later owner must update this row in the same commit as runtime implementation."
"P1.ITEM.014","items.instances","Persistent","Partial","MSC.Items.Runtime + MSC.Save.Integration","09B project-owned item definition/instance runtime and items.instances save boundary; donor-specific category behavior remains incomplete.","A bounded implementation or DTO exists, but full Phase 1 state/restore coverage is incomplete: 09B project-owned item definition/instance runtime and items.instances save boundary; donor-specific category behavior remains incomplete.; prior save evidence: Partial: items.instances.native.v1 logical state + world.entities pose; row-specific round-trip/stream proof pending.","DeferredByStableId","StableIdPreserved","09B","Generated from authoritative parity row; later owner must update this row in the same commit as runtime implementation."
"P1.ITEM.015","items.instances","Persistent","Partial","MSC.Items.Runtime + MSC.Save.Integration","09B project-owned item definition/instance runtime and items.instances save boundary; donor-specific category behavior remains incomplete.","A bounded implementation or DTO exists, but full Phase 1 state/restore coverage is incomplete: 09B project-owned item definition/instance runtime and items.instances save boundary; donor-specific category behavior remains incomplete.; prior save evidence: Partial: items.instances.native.v1 logical state + world.entities pose; row-specific round-trip/stream proof pending.","DeferredByStableId","StableIdPreserved","09B","Generated from authoritative parity row; later owner must update this row in the same commit as runtime implementation."
"P1.ITEM.016","items.instances","Persistent","Partial","MSC.Items.Runtime + MSC.Save.Integration","09B project-owned item definition/instance runtime and items.instances save boundary; donor-specific category behavior remains incomplete.","A bounded implementation or DTO exists, but full Phase 1 state/restore coverage is incomplete: 09B project-owned item definition/instance runtime and items.instances save boundary; donor-specific category behavior remains incomplete.; prior save evidence: Partial: items.instances.native.v1 logical state + world.entities pose; row-specific round-trip/stream proof pending.","DeferredByStableId","StableIdPreserved","09B","Generated from authoritative parity row; later owner must update this row in the same commit as runtime implementation."
"P1.ITEM.017","items.instances","Persistent","Partial","MSC.Items.Runtime + MSC.Save.Integration","09B project-owned item definition/instance runtime and items.instances save boundary; donor-specific category behavior remains incomplete.","A bounded implementation or DTO exists, but full Phase 1 state/restore coverage is incomplete: 09B project-owned item definition/instance runtime and items.instances save boundary; donor-specific category behavior remains incomplete.; prior save evidence: Partial: items.instances.native.v1 logical state + world.entities pose; row-specific round-trip/stream proof pending.","DeferredByStableId","StableIdPreserved","09B","Generated from authoritative parity row; later owner must update this row in the same commit as runtime implementation."
"P1.ITEM.018","items.instances","Persistent","Partial","MSC.Items.Runtime + MSC.Save.Integration","Garbage barrel is a one-way ignitable container; eligible physical items held inside its trigger are marked consumed after a bounded burn and hidden while their stable save identity remains authoritative.","A bounded implementation or DTO exists, but full Phase 1 state/restore coverage is incomplete: Garbage barrel is a one-way ignitable container; eligible physical items held inside its trigger are marked consumed after a bounded burn and hidden while their stable save identity remains authoritative.; prior save evidence: items.instances.native.v1 persists barrel enabled state and consumed item state; streamed round-trip proof pending.","DeferredByStableId","StableIdPreserved","09B","Generated from authoritative parity row; later owner must update this row in the same commit as runtime implementation."
"P1.ITEM.019","items.instances","Persistent","Partial","MSC.Items.Runtime + MSC.Save.Integration","09B ItemWorldRuntime/WorldItemInstance with stable IDs, 43 canonical placements, carry integration and centralized critical-item recovery.","A bounded implementation or DTO exists, but full Phase 1 state/restore coverage is incomplete: 09B ItemWorldRuntime/WorldItemInstance with stable IDs, 43 canonical placements, carry integration and centralized critical-item recovery.; prior save evidence: Partial: items.instances.native.v1 logical state + world.entities pose; row-specific round-trip/stream proof pending.","DeferredByStableId","StableIdPreserved","09B","Generated from authoritative parity row; later owner must update this row in the same commit as runtime implementation."
"P1.ITEM.020","items.instances","Persistent","Partial","MSC.Items.Runtime + MSC.Save.Integration","09B liquid quantity/open state and targeted held-container transfer through project-owned item capabilities.","A bounded implementation or DTO exists, but full Phase 1 state/restore coverage is incomplete: 09B liquid quantity/open state and targeted held-container transfer through project-owned item capabilities.; prior save evidence: Partial: items.instances.native.v1 logical state + world.entities pose; row-specific round-trip/stream proof pending.","DeferredByStableId","StableIdPreserved","09B","Generated from authoritative parity row; later owner must update this row in the same commit as runtime implementation."
"P1.CAR.001","vehicle.satsuma","Persistent","Partial","MSC.Vehicle.Assembly/Simulation + MSC.Save.Integration","125 project-owned direct CARPARTS definitions and stable instances; 78 donor-active at the frozen start state","A bounded implementation or DTO exists, but full Phase 1 state/restore coverage is incomplete: 125 project-owned direct CARPARTS definitions and stable instances; 78 donor-active at the frozen start state; prior save evidence: Schema-1 assembly records all parts and poses.","Immediate","StableIdPreserved","11A","Generated from authoritative parity row; later owner must update this row in the same commit as runtime implementation."
"P1.CAR.002","vehicle.satsuma","Persistent","Partial","MSC.Vehicle.Assembly/Simulation + MSC.Save.Integration","117 evidence-backed mounts, 36 dependency edges and 52 loose-part-owned mounts; RequiresInstalled permits placement while RequiresBolted retains supported construction; installing a rear dependent on an unbolted arm collapses the arm and dependents loose; incompatible direct sockets are filtered before carried-target priority; nested surfaces route subframe, wishbone, spindle, strut/disc and wheel to donor sockets","A bounded implementation or DTO exists, but full Phase 1 state/restore coverage is incomplete: 117 evidence-backed mounts, 36 dependency edges and 52 loose-part-owned mounts; RequiresInstalled permits placement while RequiresBolted retains supported construction; installing a rear dependent on an unbolted arm collapses the arm and dependents loose; incompatible direct sockets are filtered before carried-target priority; nested surfaces route subframe, wishbone, spindle, strut/disc and wheel to donor sockets; prior save evidence: Schema-2 records occupancy, hinge/world pose and fastener-group latch; exact schema-1 115/205 and 115/220 shapes migrate additively without changing stable IDs, existing stages or loose poses.","Immediate","StableIdPreserved","11A","Generated from authoritative parity row; later owner must update this row in the same commit as runtime implementation."
"P1.CAR.003","vehicle.satsuma","Persistent","Partial","MSC.Vehicle.Assembly/Simulation + MSC.Save.Integration","260 evidence-backed fasteners feed 117 mount-owned groups separating aggregate Tightness, hysteretic IsBolted and FullySafe; rear arm 2x12/max16/12-0, drum 1x14/max8/8-0, stock shock 12+6+6/max24/2-0, each wheel 4x13/max32/1-0 with donor 5/33 km/h BREAK policy; each front strut 3x10 upper plus 4x9 lower; each outer rod joint is 12 mm, not the 14 mm toe adjuster; V1d.35 corrects 24 front bolt meshes while retaining 6 upper nuts and restores the missing mirrored 50 mm rod-end parent offset without NWH force changes; V1d.36 adds two independent14mm toe nuts, per-rod Alignment, collisionless free-Y hinge, rod8/0 plus strutInstalled connection, wishbone/spindle2/0 latches and four installation-only Bolted gates; base front camber remains-1.4 without strut","A bounded implementation or DTO exists, but full Phase 1 state/restore coverage is incomplete: 260 evidence-backed fasteners feed 117 mount-owned groups separating aggregate Tightness, hysteretic IsBolted and FullySafe; rear arm 2x12/max16/12-0, drum 1x14/max8/8-0, stock shock 12+6+6/max24/2-0, each wheel 4x13/max32/1-0 with donor 5/33 km/h BREAK policy; each front strut 3x10 upper plus 4x9 lower; each outer rod joint is 12 mm, not the 14 mm toe adjuster; V1d.35 corrects 24 front bolt meshes while retaining 6 upper nuts and restores the missing mirrored 50 mm rod-end parent offset without NWH force changes; V1d.36 adds two independent14mm toe nuts, per-rod Alignment, collisionless free-Y hinge, rod8/0 plus strutInstalled connection, wishbone/spindle2/0 latches and four installation-only Bolted gates; base front camber remains-1.4 without strut; prior save evidence: Schema-2 persists all 260 stages and 117 latches; installed legacy owners missing newly introduced fasteners migrate fully tight, empty mounts stay absent, clean-prefab reload and 115/205 plus 115/220 round-trips pass; exact V1d.33 126/117/252 to 260 migration preserves old stages/latches and adds only eight lower strut bolts loose at stage 0, with corrupted-shape rejection; V1d.36 optional presence-tagged Alignment groundwork only; general save repair explicitly deferred by user until all suspension is accepted.","Immediate","StableIdPreserved","11A","Generated from authoritative parity row; later owner must update this row in the same commit as runtime implementation."
"P1.CAR.004","vehicle.satsuma","Persistent","Planned","MSC.Vehicle.Assembly/Simulation + MSC.Save.Integration","Nothing","Future Phase 1 domain is not implemented. Owning milestone must add stable identity, DTO, participant, migration note and round-trip coverage without fabricating state.","Immediate","StableIdPreserved","11A","Generated from authoritative parity row; later owner must update this row in the same commit as runtime implementation."
"P1.CAR.005","vehicle.satsuma","Persistent","Planned","MSC.Vehicle.Assembly/Simulation + MSC.Save.Integration","Nothing","Future Phase 1 domain is not implemented. Owning milestone must add stable identity, DTO, participant, migration note and round-trip coverage without fabricating state.","Immediate","StableIdPreserved","11A","Generated from authoritative parity row; later owner must update this row in the same commit as runtime implementation."
"P1.CAR.006","vehicle.satsuma","Persistent","Partial","MSC.Vehicle.Assembly/Simulation + MSC.Save.Integration","M06 bounded FWD simulation prototype","A bounded implementation or DTO exists, but full Phase 1 state/restore coverage is incomplete: M06 bounded FWD simulation prototype; prior save evidence: None.","Immediate","StableIdPreserved","11A","Generated from authoritative parity row; later owner must update this row in the same commit as runtime implementation."
"P1.CAR.007","vehicle.satsuma","Persistent","Partial","MSC.Vehicle.Assembly/Simulation + MSC.Save.Integration","M06 bounded FWD simulation prototype","A bounded implementation or DTO exists, but full Phase 1 state/restore coverage is incomplete: M06 bounded FWD simulation prototype; prior save evidence: None.","Immediate","StableIdPreserved","11A","Generated from authoritative parity row; later owner must update this row in the same commit as runtime implementation."
"P1.CAR.008","vehicle.satsuma","Persistent","Partial","MSC.Vehicle.Assembly/Simulation + MSC.Save.Integration","Dynamic rear trailing-arm hinge, expanding linear spring and stock-shock damping use accepted donor poses without rear NWH; matching arm Installed permits independent spring/shock/drum placement, while arm IsBolted retains the construction and loose support collapses with dependents; front wishbone-only contact uses NWH with donor no-strut 0.20 m travel and 2 N/m spring rate; installed wishbone/spindle presentation follows the live ground-compressed hub; installing a strut restores the existing sprung NWH stage; rack, rods, discs and road wheels follow reviewed hub pivots; grounded loaded road wheels reach donor-observable exact zero only while the chassis is stationary; V1d.34 adds omitted lower strut bolts and corrects 12 mm rod joint to the existing moving shock-bottom frame without physics tuning; V1d.35 corrects 24 front bolt meshes while retaining 6 upper nuts and restores the missing mirrored 50 mm rod-end parent offset without NWH force changes; V1d.36 adds two independent14mm toe nuts, per-rod Alignment, collisionless free-Y hinge, rod8/0 plus strutInstalled connection, wishbone/spindle2/0 latches and four installation-only Bolted gates; base front camber remains-1.4 without strut","A bounded implementation or DTO exists, but full Phase 1 state/restore coverage is incomplete: Dynamic rear trailing-arm hinge, expanding linear spring and stock-shock damping use accepted donor poses without rear NWH; matching arm Installed permits independent spring/shock/drum placement, while arm IsBolted retains the construction and loose support collapses with dependents; front wishbone-only contact uses NWH with donor no-strut 0.20 m travel and 2 N/m spring rate; installed wishbone/spindle presentation follows the live ground-compressed hub; installing a strut restores the existing sprung NWH stage; rack, rods, discs and road wheels follow reviewed hub pivots; grounded loaded road wheels reach donor-observable exact zero only while the chassis is stationary; V1d.34 adds omitted lower strut bolts and corrects 12 mm rod joint to the existing moving shock-bottom frame without physics tuning; V1d.35 corrects 24 front bolt meshes while retaining 6 upper nuts and restores the missing mirrored 50 mm rod-end parent offset without NWH force changes; V1d.36 adds two independent14mm toe nuts, per-rod Alignment, collisionless free-Y hinge, rod8/0 plus strutInstalled connection, wishbone/spindle2/0 latches and four installation-only Bolted gates; base front camber remains-1.4 without strut; prior save evidence: Schema-2 persists mounts, parts, fastener stages/latches and chassis pose; physics authority rematerializes from assembly state; V1d.33 changes no IDs or DTOs; V1d.34 adds eight fastener IDs with explicit 252-to-260 migration, no schema or existing-ID changes; V1d.36 optional presence-tagged Alignment groundwork only; general save repair explicitly deferred by user until all suspension is accepted.","Immediate","StableIdPreserved","11A","Generated from authoritative parity row; later owner must update this row in the same commit as runtime implementation."
"P1.CAR.009","vehicle.satsuma","Persistent","Partial","MSC.Vehicle.Assembly/Simulation + MSC.Save.Integration","M06 bounded FWD simulation prototype","A bounded implementation or DTO exists, but full Phase 1 state/restore coverage is incomplete: M06 bounded FWD simulation prototype; prior save evidence: None.","Immediate","StableIdPreserved","11A","Generated from authoritative parity row; later owner must update this row in the same commit as runtime implementation."
"P1.CAR.010","vehicle.satsuma","Persistent","Planned","MSC.Vehicle.Assembly/Simulation + MSC.Save.Integration","Nothing","Future Phase 1 domain is not implemented. Owning milestone must add stable identity, DTO, participant, migration note and round-trip coverage without fabricating state.","Immediate","StableIdPreserved","11A","Generated from authoritative parity row; later owner must update this row in the same commit as runtime implementation."
"P1.CAR.011","vehicle.satsuma","Persistent","Planned","MSC.Vehicle.Assembly/Simulation + MSC.Save.Integration","Nothing","Future Phase 1 domain is not implemented. Owning milestone must add stable identity, DTO, participant, migration note and round-trip coverage without fabricating state.","Immediate","StableIdPreserved","11A","Generated from authoritative parity row; later owner must update this row in the same commit as runtime implementation."
"P1.CAR.012","vehicle.satsuma","Persistent","Planned","MSC.Vehicle.Assembly/Simulation + MSC.Save.Integration","Nothing","Future Phase 1 domain is not implemented. Owning milestone must add stable identity, DTO, participant, migration note and round-trip coverage without fabricating state.","Immediate","StableIdPreserved","11A","Generated from authoritative parity row; later owner must update this row in the same commit as runtime implementation."
"P1.CAR.013","vehicle.satsuma","Persistent","Planned","MSC.Vehicle.Assembly/Simulation + MSC.Save.Integration","Nothing","Future Phase 1 domain is not implemented. Owning milestone must add stable identity, DTO, participant, migration note and round-trip coverage without fabricating state.","Immediate","StableIdPreserved","11A","Generated from authoritative parity row; later owner must update this row in the same commit as runtime implementation."
"P1.CAR.014","vehicle.satsuma","Persistent","Planned","MSC.Vehicle.Assembly/Simulation + MSC.Save.Integration","Nothing","Future Phase 1 domain is not implemented. Owning milestone must add stable identity, DTO, participant, migration note and round-trip coverage without fabricating state.","Immediate","StableIdPreserved","11A","Generated from authoritative parity row; later owner must update this row in the same commit as runtime implementation."
"P1.CAR.015","vehicle.satsuma","Persistent","Planned","MSC.Vehicle.Assembly/Simulation + MSC.Save.Integration","Nothing","Future Phase 1 domain is not implemented. Owning milestone must add stable identity, DTO, participant, migration note and round-trip coverage without fabricating state.","Immediate","StableIdPreserved","11A","Generated from authoritative parity row; later owner must update this row in the same commit as runtime implementation."
"P1.CAR.016","vehicle.satsuma","Persistent","Planned","MSC.Vehicle.Assembly/Simulation + MSC.Save.Integration","Nothing","Future Phase 1 domain is not implemented. Owning milestone must add stable identity, DTO, participant, migration note and round-trip coverage without fabricating state.","Immediate","StableIdPreserved","13B","Generated from authoritative parity row; later owner must update this row in the same commit as runtime implementation."
"P1.CAR.017","vehicle.satsuma","Persistent","Planned","MSC.Vehicle.Assembly/Simulation + MSC.Save.Integration","Nothing","Future Phase 1 domain is not implemented. Owning milestone must add stable identity, DTO, participant, migration note and round-trip coverage without fabricating state.","Immediate","StableIdPreserved","12A","Generated from authoritative parity row; later owner must update this row in the same commit as runtime implementation."
"P1.CAR.018","vehicle.satsuma","Persistent","Partial","MSC.Vehicle.Assembly/Simulation + MSC.Save.Integration","Native aggregate stores the body plus 125 loose parts, 117 mounts, 260 fasteners, FastenerGroup latches, installed hinge rotation and project-owned New Game paint type/state; chassis-first restore places the 389 kg/29-collider body before logical/physical ownership resumes","A bounded implementation or DTO exists, but full Phase 1 state/restore coverage is incomplete: Native aggregate stores the body plus 125 loose parts, 117 mounts, 260 fasteners, FastenerGroup latches, installed hinge rotation and project-owned New Game paint type/state; chassis-first restore places the 389 kg/29-collider body before logical/physical ownership resumes; prior save evidence: Native v16 vehicle.satsuma aggregate persists current assembly, physics and paint state; older bounded schemas migrate additively and unknown shapes fail closed.","Immediate","StableIdPreserved","11A","Generated from authoritative parity row; later owner must update this row in the same commit as runtime implementation."
"P1.CAR.019","vehicle.satsuma","Persistent","Partial","MSC.Vehicle.Assembly/Simulation + MSC.Save.Integration","V1d.48 sanitized wrapper has 8 renderers, all 29 donor solid colliders, 125 loose parts with 120 active, 117 mounts, 260 fasteners, 3 hinged mounts, 52 part-owned mounts and 46 mail-order mappings; project-owned paint state targets the reviewed body renderers/material profiles","A bounded implementation or DTO exists, but full Phase 1 state/restore coverage is incomplete: V1d.48 sanitized wrapper has 8 renderers, all 29 donor solid colliders, 125 loose parts with 120 active, 117 mounts, 260 fasteners, 3 hinged mounts, 52 part-owned mounts and 46 mail-order mappings; project-owned paint state targets the reviewed body renderers/material profiles; prior save evidence: Presentation identity follows stable part/save state; project-owned paint payload restores selected type/state while legacy-absent payload retains authored defaults.","Immediate","StableIdPreserved","11A","Generated from authoritative parity row; later owner must update this row in the same commit as runtime implementation."
"P1.CAR.020","vehicle.satsuma","Persistent","Planned","MSC.Vehicle.Assembly/Simulation + MSC.Save.Integration","Nothing","Future Phase 1 domain is not implemented. Owning milestone must add stable identity, DTO, participant, migration note and round-trip coverage without fabricating state.","Immediate","StableIdPreserved","11A","Generated from authoritative parity row; later owner must update this row in the same commit as runtime implementation."
"P1.VEHICLE.001","vehicles.instances","Persistent","Partial","MSC.Vehicle.Runtime (planned full roster)","Bounded M05/M06 prototype","A bounded implementation or DTO exists, but full Phase 1 state/restore coverage is incomplete: Bounded M05/M06 prototype; prior save evidence: None.","DeferredByStableId","StableIdPreserved","11A","Generated from authoritative parity row; later owner must update this row in the same commit as runtime implementation."
"P1.VEHICLE.002","vehicles.instances","Persistent","Planned","MSC.Vehicle.Runtime (planned full roster)","Nothing","Future Phase 1 domain is not implemented. Owning milestone must add stable identity, DTO, participant, migration note and round-trip coverage without fabricating state.","DeferredByStableId","StableIdPreserved","11A","Generated from authoritative parity row; later owner must update this row in the same commit as runtime implementation."
"P1.VEHICLE.003","vehicles.instances","Persistent","Planned","MSC.Vehicle.Runtime (planned full roster)","Nothing","Future Phase 1 domain is not implemented. Owning milestone must add stable identity, DTO, participant, migration note and round-trip coverage without fabricating state.","DeferredByStableId","StableIdPreserved","11A","Generated from authoritative parity row; later owner must update this row in the same commit as runtime implementation."
"P1.VEHICLE.004","vehicles.instances","Persistent","Planned","MSC.Vehicle.Runtime (planned full roster)","Nothing","Future Phase 1 domain is not implemented. Owning milestone must add stable identity, DTO, participant, migration note and round-trip coverage without fabricating state.","DeferredByStableId","StableIdPreserved","11A","Generated from authoritative parity row; later owner must update this row in the same commit as runtime implementation."
"P1.VEHICLE.005","vehicles.instances","Persistent","Planned","MSC.Vehicle.Runtime (planned full roster)","Nothing","Future Phase 1 domain is not implemented. Owning milestone must add stable identity, DTO, participant, migration note and round-trip coverage without fabricating state.","DeferredByStableId","StableIdPreserved","11A","Generated from authoritative parity row; later owner must update this row in the same commit as runtime implementation."
"P1.VEHICLE.006","vehicles.instances","Persistent","Planned","MSC.Vehicle.Runtime (planned full roster)","Nothing","Future Phase 1 domain is not implemented. Owning milestone must add stable identity, DTO, participant, migration note and round-trip coverage without fabricating state.","DeferredByStableId","StableIdPreserved","11A","Generated from authoritative parity row; later owner must update this row in the same commit as runtime implementation."
"P1.VEHICLE.007","vehicles.instances","Persistent","Planned","MSC.Vehicle.Runtime (planned full roster)","Nothing","Future Phase 1 domain is not implemented. Owning milestone must add stable identity, DTO, participant, migration note and round-trip coverage without fabricating state.","DeferredByStableId","StableIdPreserved","11A","Generated from authoritative parity row; later owner must update this row in the same commit as runtime implementation."
"P1.VEHICLE.008","vehicles.instances","Persistent","Planned","MSC.Vehicle.Runtime (planned full roster)","Nothing","Future Phase 1 domain is not implemented. Owning milestone must add stable identity, DTO, participant, migration note and round-trip coverage without fabricating state.","DeferredByStableId","StableIdPreserved","11A","Generated from authoritative parity row; later owner must update this row in the same commit as runtime implementation."
"P1.VEHICLE.009","vehicles.instances","Persistent","Planned","MSC.Vehicle.Runtime (planned full roster)","Nothing","Future Phase 1 domain is not implemented. Owning milestone must add stable identity, DTO, participant, migration note and round-trip coverage without fabricating state.","DeferredByStableId","StableIdPreserved","11A","Generated from authoritative parity row; later owner must update this row in the same commit as runtime implementation."
"P1.VEHICLE.010","vehicles.instances","Persistent","Planned","MSC.Vehicle.Runtime (planned full roster)","Nothing","Future Phase 1 domain is not implemented. Owning milestone must add stable identity, DTO, participant, migration note and round-trip coverage without fabricating state.","DeferredByStableId","StableIdPreserved","11A","Generated from authoritative parity row; later owner must update this row in the same commit as runtime implementation."
"P1.VEHICLE.011","vehicles.instances","Persistent","Planned","MSC.Vehicle.Runtime (planned full roster)","Nothing","Future Phase 1 domain is not implemented. Owning milestone must add stable identity, DTO, participant, migration note and round-trip coverage without fabricating state.","DeferredByStableId","StableIdPreserved","11B","Generated from authoritative parity row; later owner must update this row in the same commit as runtime implementation."
"P1.VEHICLE.012","vehicles.instances","Persistent","Planned","MSC.Vehicle.Runtime (planned full roster)","Nothing","Future Phase 1 domain is not implemented. Owning milestone must add stable identity, DTO, participant, migration note and round-trip coverage without fabricating state.","DeferredByStableId","StableIdPreserved","11B","Generated from authoritative parity row; later owner must update this row in the same commit as runtime implementation."
"P1.VEHICLE.013","vehicles.instances","Persistent","Planned","MSC.Vehicle.Runtime (planned full roster)","Nothing","Future Phase 1 domain is not implemented. Owning milestone must add stable identity, DTO, participant, migration note and round-trip coverage without fabricating state.","DeferredByStableId","StableIdPreserved","13B","Generated from authoritative parity row; later owner must update this row in the same commit as runtime implementation."
"P1.VEHICLE.014","vehicles.instances","Persistent","Partial","MSC.Vehicle.Runtime (planned full roster)","Three stable logical actors with bounded NWH physical wrappers and exact donor multiplicity","A bounded implementation or DTO exists, but full Phase 1 state/restore coverage is incomplete: Three stable logical actors with bounded NWH physical wrappers and exact donor multiplicity; prior save evidence: traffic.state schema 1 additive ambient array.","DeferredByStableId","StableIdPreserved","11B","Generated from authoritative parity row; later owner must update this row in the same commit as runtime implementation."
"P1.VEHICLE.015","vehicles.instances","Persistent","Partial","MSC.Vehicle.Runtime (planned full roster)","Two stable logical actors with bounded NWH physical wrappers and exact donor multiplicity","A bounded implementation or DTO exists, but full Phase 1 state/restore coverage is incomplete: Two stable logical actors with bounded NWH physical wrappers and exact donor multiplicity; prior save evidence: traffic.state schema 1 additive ambient array.","DeferredByStableId","StableIdPreserved","11B","Generated from authoritative parity row; later owner must update this row in the same commit as runtime implementation."
"P1.VEHICLE.016","vehicles.instances","Persistent","Partial","MSC.Vehicle.Runtime (planned full roster)","Stable logical actor with donor wheel hierarchy and bounded NWH physical wrapper","A bounded implementation or DTO exists, but full Phase 1 state/restore coverage is incomplete: Stable logical actor with donor wheel hierarchy and bounded NWH physical wrapper; prior save evidence: traffic.state schema 1 additive ambient array.","DeferredByStableId","StableIdPreserved","11B","Generated from authoritative parity row; later owner must update this row in the same commit as runtime implementation."
"P1.VEHICLE.017","vehicles.instances","Persistent","Partial","MSC.Vehicle.Runtime (planned full roster)","Stable logical actor with bounded NWH physical wrapper","A bounded implementation or DTO exists, but full Phase 1 state/restore coverage is incomplete: Stable logical actor with bounded NWH physical wrapper; prior save evidence: traffic.state schema 1 additive ambient array.","DeferredByStableId","StableIdPreserved","11B","Generated from authoritative parity row; later owner must update this row in the same commit as runtime implementation."
"P1.VEHICLE.018","vehicles.instances","Persistent","Partial","MSC.Vehicle.Runtime (planned full roster)","Stable logical actor with bounded NWH physical wrapper; TownLoop and GasPump excursions use separate nearest directed joins and return progress","A bounded implementation or DTO exists, but full Phase 1 state/restore coverage is incomplete: Stable logical actor with bounded NWH physical wrapper; TownLoop and GasPump excursions use separate nearest directed joins and return progress; prior save evidence: traffic.state schema 1 additive ambient array.","DeferredByStableId","StableIdPreserved","11B","Generated from authoritative parity row; later owner must update this row in the same commit as runtime implementation."
"P1.VEHICLE.019","vehicles.instances","Persistent","Partial","MSC.Vehicle.Runtime (planned full roster)","Stable logical actor with bounded NWH physical wrapper","A bounded implementation or DTO exists, but full Phase 1 state/restore coverage is incomplete: Stable logical actor with bounded NWH physical wrapper; prior save evidence: traffic.state schema 1 additive ambient array.","DeferredByStableId","StableIdPreserved","11B","Generated from authoritative parity row; later owner must update this row in the same commit as runtime implementation."
"P1.VEHICLE.020","vehicles.instances","Persistent","Partial","MSC.Vehicle.Runtime (planned full roster)","Stable deterministic 10 percent weekday / 40 percent weekend actor with retry-attempt state","A bounded implementation or DTO exists, but full Phase 1 state/restore coverage is incomplete: Stable deterministic 10 percent weekday / 40 percent weekend actor with retry-attempt state; prior save evidence: traffic.state schema 1 saves spawn, route and attempt count.","DeferredByStableId","StableIdPreserved","11B","Generated from authoritative parity row; later owner must update this row in the same commit as runtime implementation."
"P1.VEHICLE.021","vehicles.instances","Persistent","Planned","MSC.Vehicle.Runtime (planned full roster)","Nothing","Future Phase 1 domain is not implemented. Owning milestone must add stable identity, DTO, participant, migration note and round-trip coverage without fabricating state.","DeferredByStableId","StableIdPreserved","11B","Generated from authoritative parity row; later owner must update this row in the same commit as runtime implementation."
"P1.VEHICLE.022","vehicles.instances","Persistent","Partial","MSC.Vehicle.Runtime (planned full roster)","11B-R4 exact Perajarvi formation and same-direction full Village/RoadRace/Highway return loop; dynamic Rigidbody/NWH wheel contact; project-owned powertrain and physical throttle/brake/steering; donor-range cruise, lane variation, pass/reverse/drift, typed crash/recovery, saved Suski switch and spatial telemetry-driven engine/music audio","A bounded implementation or DTO exists, but full Phase 1 state/restore coverage is incomplete: 11B-R4 exact Perajarvi formation and same-direction full Village/RoadRace/Highway return loop; dynamic Rigidbody/NWH wheel contact; project-owned powertrain and physical throttle/brake/steering; donor-range cruise, lane variation, pass/reverse/drift, typed crash/recovery, saved Suski switch and spatial telemetry-driven engine/music audio; prior save evidence: npc.state schema 2 in document v13 covers route state and Suski rescue flag; loaded route progress is projected from the physical chassis; transient physical/audio state survives wrapper streaming.","DeferredByStableId","StableIdPreserved","11B","Generated from authoritative parity row; later owner must update this row in the same commit as runtime implementation."
"P1.VEHICLE.023","vehicles.instances","Persistent","Partial","MSC.Vehicle.Runtime (planned full roster)","11B-R4 exact rear-offset Perajarvi formation in Jani's direction and same full Village/RoadRace/Highway return loop; dynamic Rigidbody/NWH wheel contact; project-owned powertrain and physical controls; donor-range cruise, lane variation, pass/reverse/drift, typed crash/recovery and spatial telemetry-driven engine audio","A bounded implementation or DTO exists, but full Phase 1 state/restore coverage is incomplete: 11B-R4 exact rear-offset Perajarvi formation in Jani's direction and same full Village/RoadRace/Highway return loop; dynamic Rigidbody/NWH wheel contact; project-owned powertrain and physical controls; donor-range cruise, lane variation, pass/reverse/drift, typed crash/recovery and spatial telemetry-driven engine audio; prior save evidence: npc.state schema 2 in document v13 covers route state; loaded route progress is projected from the physical chassis; transient physical/audio state survives wrapper streaming.","DeferredByStableId","StableIdPreserved","11B","Generated from authoritative parity row; later owner must update this row in the same commit as runtime implementation."
"P1.VEHICLE.024","vehicles.instances","Persistent","Planned","MSC.Vehicle.Runtime (planned full roster)","Nothing","Future Phase 1 domain is not implemented. Owning milestone must add stable identity, DTO, participant, migration note and round-trip coverage without fabricating state.","DeferredByStableId","StableIdPreserved","13B","Generated from authoritative parity row; later owner must update this row in the same commit as runtime implementation."
"P1.VEHICLE.025","vehicles.instances","Persistent","Planned","MSC.Vehicle.Runtime (planned full roster)","Nothing","Future Phase 1 domain is not implemented. Owning milestone must add stable identity, DTO, participant, migration note and round-trip coverage without fabricating state.","DeferredByStableId","StableIdPreserved","13C","Generated from authoritative parity row; later owner must update this row in the same commit as runtime implementation."
"P1.VEHICLE.026","vehicles.instances","Persistent","Planned","MSC.Vehicle.Runtime (planned full roster)","Nothing","Future Phase 1 domain is not implemented. Owning milestone must add stable identity, DTO, participant, migration note and round-trip coverage without fabricating state.","DeferredByStableId","StableIdPreserved","11B","Generated from authoritative parity row; later owner must update this row in the same commit as runtime implementation."
"P1.VEHICLE.027","vehicles.instances","Persistent","Partial","MSC.Vehicle.Runtime (planned full roster)","Project-owned curved 37-point routes in both directions; audited M04A1 coordinate translation; stable Teimo schedule binding; terrain conformance; timed shop arrival and stable-ID parked bicycle/service door presentation","A bounded implementation or DTO exists, but full Phase 1 state/restore coverage is incomplete: Project-owned curved 37-point routes in both directions; audited M04A1 coordinate translation; stable Teimo schedule binding; terrain conformance; timed shop arrival and stable-ID parked bicycle/service door presentation; prior save evidence: npc.state persists active schedule, route, progress and once-per-day greeting eligibility; automated mid-route, arrival and streaming round trips pass.","DeferredByStableId","StableIdPreserved","10B","Generated from authoritative parity row; later owner must update this row in the same commit as runtime implementation."
"P1.VEHICLE.028","vehicles.instances","Persistent","Planned","MSC.Vehicle.Runtime (planned full roster)","Nothing","Future Phase 1 domain is not implemented. Owning milestone must add stable identity, DTO, participant, migration note and round-trip coverage without fabricating state.","DeferredByStableId","StableIdPreserved","13B","Generated from authoritative parity row; later owner must update this row in the same commit as runtime implementation."
"P1.NPC.001","npc.state","Persistent","Partial","MSC.NPC.Runtime + MSC.Save.Integration","Accepted 10B stable NPC is extended with a four-waypoint floor-level store-to-pub route and 57 game-second walking schedule block. Service feedback invokes explicit register/drink actions and paid meal choreography; middle-finger aim or an actual urine-particle collision latches anger until an action/state replacement.","A bounded implementation or DTO exists, but full Phase 1 state/restore coverage is incomplete: Accepted 10B stable NPC is extended with a four-waypoint floor-level store-to-pub route and 57 game-second walking schedule block. Service feedback invokes explicit register/drink actions and paid meal choreography; middle-finger aim or an actual urine-particle collision latches anger until an action/state replacement.; prior save evidence: npc.state schema 2 persists schedule/route including the walking block; services.state persists paid handoffs; action/cooking coroutine progress is transient.","DeferredByStableId","StableIdPreserved","12A","Generated from authoritative parity row; later owner must update this row in the same commit as runtime implementation."
"P1.NPC.002","npc.state","Persistent","Partial","MSC.NPC.Runtime + MSC.Save.Integration","Accepted 10B stable instance remains authoritative. 12A-S1 adds an audited brochure interaction that browses all 32 offers and toggles the save-backed workshop selection with exclusive-group enforcement.","A bounded implementation or DTO exists, but full Phase 1 state/restore coverage is incomplete: Accepted 10B stable instance remains authoritative. 12A-S1 adds an audited brochure interaction that browses all 32 offers and toggles the save-backed workshop selection with exclusive-group enforcement.; prior save evidence: npc.state schema 2 persists NPC state; services.state schema 1 persists workshop selection.","DeferredByStableId","StableIdPreserved","12A","Generated from authoritative parity row; later owner must update this row in the same commit as runtime implementation."
"P1.NPC.003","npc.state","Persistent","Partial","MSC.NPC.Runtime + MSC.Save.Integration","10B-R2 stable identity and exact converted home anchor; hidden pending event authority","A bounded implementation or DTO exists, but full Phase 1 state/restore coverage is incomplete: 10B-R2 stable identity and exact converted home anchor; hidden pending event authority; prior save evidence: npc.state schema 2 in document v12; v11→v12 migration adds identity without resetting accepted rows.","DeferredByStableId","StableIdPreserved","10B","Generated from authoritative parity row; later owner must update this row in the same commit as runtime implementation."
"P1.NPC.004","npc.state","Persistent","Partial","MSC.NPC.Runtime + MSC.Save.Integration","10B-R2 stable instance at exact converted home anchor with review availability baseline","A bounded implementation or DTO exists, but full Phase 1 state/restore coverage is incomplete: 10B-R2 stable instance at exact converted home anchor with review availability baseline; prior save evidence: npc.state schema 2 in document v12 covers streamed state and relationships.","DeferredByStableId","StableIdPreserved","10B","Generated from authoritative parity row; later owner must update this row in the same commit as runtime implementation."
"P1.NPC.005","npc.state","Persistent","Partial","MSC.NPC.Runtime + MSC.Save.Integration","One 10B-R2 stable Jokke identity at exact converted buyer anchor with review availability baseline","A bounded implementation or DTO exists, but full Phase 1 state/restore coverage is incomplete: One 10B-R2 stable Jokke identity at exact converted buyer anchor with review availability baseline; prior save evidence: npc.state schema 2 in document v12 preserves one identity across future variants.","DeferredByStableId","StableIdPreserved","10B","Generated from authoritative parity row; later owner must update this row in the same commit as runtime implementation."
"P1.NPC.006","npc.state","Persistent","Partial","MSC.NPC.Runtime + MSC.Save.Integration","One stable identity now switches Passenger -> AwaitingPickup -> Transporting -> RestingAtParentsBed -> Rescued after Jani's >=5 m/s terminal crash; placement near stable parents-bed anchor plus a successful sleep completes the existing rescue flag","A bounded implementation or DTO exists, but full Phase 1 state/restore coverage is incomplete: One stable identity now switches Passenger -> AwaitingPickup -> Transporting -> RestingAtParentsBed -> Rescued after Jani's >=5 m/s terminal crash; placement near stable parents-bed anchor plus a successful sleep completes the existing rescue flag; prior save evidence: npc.state v13 persists the accepted rescue flag; optional traffic.state schema 1 persists intermediate stage and pose across streaming/save.","DeferredByStableId","StableIdPreserved","10B","Generated from authoritative parity row; later owner must update this row in the same commit as runtime implementation."
"P1.NPC.007","npc.state","Persistent","Partial","MSC.NPC.Runtime + MSC.Save.Integration","10B-R1 project-owned stable instance with exact farm root and six-target continuous loop; 06:00-20:00 schedule and job hook","A bounded implementation or DTO exists, but full Phase 1 state/restore coverage is incomplete: 10B-R1 project-owned stable instance with exact farm root and six-target continuous loop; 06:00-20:00 schedule and job hook; prior save evidence: npc.state schema 2 in document v9 covers streamed-out multi-waypoint route progress and dialogue cooldowns.","DeferredByStableId","StableIdPreserved","10B","Generated from authoritative parity row; later owner must update this row in the same commit as runtime implementation."
"P1.NPC.008","npc.state","Persistent","Partial","MSC.NPC.Runtime + MSC.Save.Integration","10B-R1 project-owned stable instance at exact strawberry-field anchor; 06:00-12:00 schedule and job hook","A bounded implementation or DTO exists, but full Phase 1 state/restore coverage is incomplete: 10B-R1 project-owned stable instance at exact strawberry-field anchor; 06:00-12:00 schedule and job hook; prior save evidence: npc.state schema 2 in document v9 covers streamed-out schedule, flags, relationships and dialogue cooldowns.","DeferredByStableId","StableIdPreserved","10B","Generated from authoritative parity row; later owner must update this row in the same commit as runtime implementation."
"P1.NPC.009","npc.state","Persistent","Partial","MSC.NPC.Runtime + MSC.Save.Integration","Distinct 10B-R2 stable customer at exact converted home anchor with review availability","A bounded implementation or DTO exists, but full Phase 1 state/restore coverage is incomplete: Distinct 10B-R2 stable customer at exact converted home anchor with review availability; prior save evidence: npc.state schema 2 in document v12 covers streamed state and job flags.","DeferredByStableId","StableIdPreserved","10B","Generated from authoritative parity row; later owner must update this row in the same commit as runtime implementation."
"P1.NPC.010","npc.state","Persistent","Partial","MSC.NPC.Runtime + MSC.Save.Integration","Distinct 10B-R2 stable customer at exact converted home anchor with review availability","A bounded implementation or DTO exists, but full Phase 1 state/restore coverage is incomplete: Distinct 10B-R2 stable customer at exact converted home anchor with review availability; prior save evidence: npc.state schema 2 in document v12 covers streamed state and job flags.","DeferredByStableId","StableIdPreserved","10B","Generated from authoritative parity row; later owner must update this row in the same commit as runtime implementation."
"P1.NPC.011","npc.state","Persistent","Partial","MSC.NPC.Runtime + MSC.Save.Integration","Distinct 10B-R2 stable customer at exact converted home anchor with review availability","A bounded implementation or DTO exists, but full Phase 1 state/restore coverage is incomplete: Distinct 10B-R2 stable customer at exact converted home anchor with review availability; prior save evidence: npc.state schema 2 in document v12 covers streamed state and job flags.","DeferredByStableId","StableIdPreserved","10B","Generated from authoritative parity row; later owner must update this row in the same commit as runtime implementation."
"P1.NPC.012","npc.state","Persistent","Partial","MSC.NPC.Runtime + MSC.Save.Integration","Distinct 10B-R2 stable customer at exact converted home anchor with review availability","A bounded implementation or DTO exists, but full Phase 1 state/restore coverage is incomplete: Distinct 10B-R2 stable customer at exact converted home anchor with review availability; prior save evidence: npc.state schema 2 in document v12 covers streamed state and job flags.","DeferredByStableId","StableIdPreserved","10B","Generated from authoritative parity row; later owner must update this row in the same commit as runtime implementation."
"P1.NPC.013","npc.state","Persistent","Partial","MSC.NPC.Runtime + MSC.Save.Integration","Distinct 10B-R2 stable customer at exact converted home anchor with review availability","A bounded implementation or DTO exists, but full Phase 1 state/restore coverage is incomplete: Distinct 10B-R2 stable customer at exact converted home anchor with review availability; prior save evidence: npc.state schema 2 in document v12 covers streamed state and job flags.","DeferredByStableId","StableIdPreserved","10B","Generated from authoritative parity row; later owner must update this row in the same commit as runtime implementation."
"P1.NPC.014","npc.state","Persistent","Partial","MSC.NPC.Runtime + MSC.Save.Integration","10B-R2 stable customer at exact converted home anchor with review availability","A bounded implementation or DTO exists, but full Phase 1 state/restore coverage is incomplete: 10B-R2 stable customer at exact converted home anchor with review availability; prior save evidence: npc.state schema 2 in document v12 covers streamed state and future job flags.","DeferredByStableId","StableIdPreserved","10B","Generated from authoritative parity row; later owner must update this row in the same commit as runtime implementation."
"P1.NPC.015","npc.state","Persistent","Partial","MSC.NPC.Runtime + MSC.Save.Integration","10B-R2 stable officer at exact converted station anchor with review availability","A bounded implementation or DTO exists, but full Phase 1 state/restore coverage is incomplete: 10B-R2 stable officer at exact converted station anchor with review availability; prior save evidence: npc.state schema 2 in document v12 covers streamed service state.","DeferredByStableId","StableIdPreserved","10B","Generated from authoritative parity row; later owner must update this row in the same commit as runtime implementation."
"P1.NPC.016","npc.state","Persistent","Partial","MSC.NPC.Runtime + MSC.Save.Integration","10B-R2 stable attendant at exact converted facility anchor with review availability","A bounded implementation or DTO exists, but full Phase 1 state/restore coverage is incomplete: 10B-R2 stable attendant at exact converted facility anchor with review availability; prior save evidence: npc.state schema 2 in document v12 covers streamed service state.","DeferredByStableId","StableIdPreserved","10B","Generated from authoritative parity row; later owner must update this row in the same commit as runtime implementation."
"P1.NPC.017","npc.state","Persistent","Partial","MSC.NPC.Runtime + MSC.Save.Integration","10B-R2 one stable identity at exact converted cabin anchor with review availability","A bounded implementation or DTO exists, but full Phase 1 state/restore coverage is incomplete: 10B-R2 one stable identity at exact converted cabin anchor with review availability; prior save evidence: npc.state schema 2 in document v12 covers streamed state and future minigame flags.","DeferredByStableId","StableIdPreserved","10B","Generated from authoritative parity row; later owner must update this row in the same commit as runtime implementation."
"P1.NPC.018","npc.state","Persistent","Partial","MSC.NPC.Runtime + MSC.Save.Integration","Bus-owned seated driver transitions after terminal stall to the generated 1.2 m/s Latanen walker; the state-only identity has no separate materializing schedule","A bounded implementation or DTO exists, but full Phase 1 state/restore coverage is incomplete: Bus-owned seated driver transitions after terminal stall to the generated 1.2 m/s Latanen walker; the state-only identity has no separate materializing schedule; prior save evidence: traffic.state preserves stall phase, driver pose, bus/walker poses and bark cooldown.","DeferredByStableId","StableIdPreserved","10B","Generated from authoritative parity row; later owner must update this row in the same commit as runtime implementation."
"P1.NPC.019","npc.state","Persistent","Planned","MSC.NPC.Runtime + MSC.Save.Integration","Nothing; no Characters/NPC module","Future Phase 1 domain is not implemented. Owning milestone must add stable identity, DTO, participant, migration note and round-trip coverage without fabricating state.","DeferredByStableId","StableIdPreserved","10B","Generated from authoritative parity row; later owner must update this row in the same commit as runtime implementation."
"P1.NPC.020","npc.state","Persistent","Planned","MSC.NPC.Runtime + MSC.Save.Integration","Nothing; no Characters/NPC module","Future Phase 1 domain is not implemented. Owning milestone must add stable identity, DTO, participant, migration note and round-trip coverage without fabricating state.","DeferredByStableId","StableIdPreserved","10B","Generated from authoritative parity row; later owner must update this row in the same commit as runtime implementation."
"P1.NPC.021","npc.state","Persistent","Uncovered","MSC.NPC.Runtime + MSC.Save.Integration","Nothing","Donor behavior or persistence semantics remain unknown; owning milestone must resolve evidence before defining a DTO.","DeferredByStableId","StableIdPreserved","10B","Generated from authoritative parity row; later owner must update this row in the same commit as runtime implementation."
"P1.NPC.022","npc.state","Persistent","Planned","MSC.NPC.Runtime + MSC.Save.Integration","10A deterministic scheduled-roaming framework fixture; full row remains owned by 10B","Future Phase 1 domain is not implemented. Owning milestone must add stable identity, DTO, participant, migration note and round-trip coverage without fabricating state.","DeferredByStableId","StableIdPreserved","10B","Generated from authoritative parity row; later owner must update this row in the same commit as runtime implementation."
"P1.NPC.023","npc.state","Persistent","Planned","MSC.NPC.Runtime + MSC.Save.Integration","Nothing; no Characters/NPC module","Future Phase 1 domain is not implemented. Owning milestone must add stable identity, DTO, participant, migration note and round-trip coverage without fabricating state.","DeferredByStableId","StableIdPreserved","10B","Generated from authoritative parity row; later owner must update this row in the same commit as runtime implementation."
"P1.NPC.024","npc.state","Persistent","Planned","MSC.NPC.Runtime + MSC.Save.Integration","Nothing; no Characters/NPC module","Future Phase 1 domain is not implemented. Owning milestone must add stable identity, DTO, participant, migration note and round-trip coverage without fabricating state.","DeferredByStableId","StableIdPreserved","10B","Generated from authoritative parity row; later owner must update this row in the same commit as runtime implementation."
"P1.NPC.025","npc.state","Persistent","Planned","MSC.NPC.Runtime + MSC.Save.Integration","Nothing; no Characters/NPC module","Future Phase 1 domain is not implemented. Owning milestone must add stable identity, DTO, participant, migration note and round-trip coverage without fabricating state.","DeferredByStableId","StableIdPreserved","10B","Generated from authoritative parity row; later owner must update this row in the same commit as runtime implementation."
"P1.NPC.026","npc.state","Persistent","Planned","MSC.NPC.Runtime + MSC.Save.Integration","Nothing; no Characters/NPC module","Future Phase 1 domain is not implemented. Owning milestone must add stable identity, DTO, participant, migration note and round-trip coverage without fabricating state.","DeferredByStableId","StableIdPreserved","10B","Generated from authoritative parity row; later owner must update this row in the same commit as runtime implementation."
"P1.NPC.027","npc.state","Persistent","Planned","MSC.NPC.Runtime + MSC.Save.Integration","Nothing; no Characters/NPC module","Future Phase 1 domain is not implemented. Owning milestone must add stable identity, DTO, participant, migration note and round-trip coverage without fabricating state.","DeferredByStableId","StableIdPreserved","10B","Generated from authoritative parity row; later owner must update this row in the same commit as runtime implementation."
"P1.NPC.028","npc.state","Persistent","Planned","MSC.NPC.Runtime + MSC.Save.Integration","Nothing; no Characters/NPC module","Future Phase 1 domain is not implemented. Owning milestone must add stable identity, DTO, participant, migration note and round-trip coverage without fabricating state.","DeferredByStableId","StableIdPreserved","10B","Generated from authoritative parity row; later owner must update this row in the same commit as runtime implementation."
"P1.NPC.029","npc.state","Persistent","Planned","MSC.NPC.Runtime + MSC.Save.Integration","Nothing; no Characters/NPC module","Future Phase 1 domain is not implemented. Owning milestone must add stable identity, DTO, participant, migration note and round-trip coverage without fabricating state.","DeferredByStableId","StableIdPreserved","10B","Generated from authoritative parity row; later owner must update this row in the same commit as runtime implementation."
"P1.NPC.030","npc.state","Persistent","Planned","MSC.NPC.Runtime + MSC.Save.Integration","Nothing; no Characters/NPC module","Future Phase 1 domain is not implemented. Owning milestone must add stable identity, DTO, participant, migration note and round-trip coverage without fabricating state.","DeferredByStableId","StableIdPreserved","10B","Generated from authoritative parity row; later owner must update this row in the same commit as runtime implementation."
"P1.NPC.031","npc.state","Persistent","Planned","MSC.NPC.Runtime + MSC.Save.Integration","Nothing; no Characters/NPC module","Future Phase 1 domain is not implemented. Owning milestone must add stable identity, DTO, participant, migration note and round-trip coverage without fabricating state.","DeferredByStableId","StableIdPreserved","10B","Generated from authoritative parity row; later owner must update this row in the same commit as runtime implementation."
"P1.NPC.032","npc.state","Persistent","Planned","MSC.NPC.Runtime + MSC.Save.Integration","Nothing; no Characters/NPC module","Future Phase 1 domain is not implemented. Owning milestone must add stable identity, DTO, participant, migration note and round-trip coverage without fabricating state.","DeferredByStableId","StableIdPreserved","10B","Generated from authoritative parity row; later owner must update this row in the same commit as runtime implementation."
"P1.NPC.033","npc.state","Persistent","Planned","MSC.NPC.Runtime + MSC.Save.Integration","Nothing; no Characters/NPC module","Future Phase 1 domain is not implemented. Owning milestone must add stable identity, DTO, participant, migration note and round-trip coverage without fabricating state.","DeferredByStableId","StableIdPreserved","10B","Generated from authoritative parity row; later owner must update this row in the same commit as runtime implementation."
"P1.NPC.034","npc.state","Persistent","Planned","MSC.NPC.Runtime + MSC.Save.Integration","Nothing; no Characters/NPC module","Future Phase 1 domain is not implemented. Owning milestone must add stable identity, DTO, participant, migration note and round-trip coverage without fabricating state.","DeferredByStableId","StableIdPreserved","10B","Generated from authoritative parity row; later owner must update this row in the same commit as runtime implementation."
"P1.NPC.035","npc.state","Persistent","Planned","MSC.NPC.Runtime + MSC.Save.Integration","Nothing; no Characters/NPC module","Future Phase 1 domain is not implemented. Owning milestone must add stable identity, DTO, participant, migration note and round-trip coverage without fabricating state.","DeferredByStableId","StableIdPreserved","10B","Generated from authoritative parity row; later owner must update this row in the same commit as runtime implementation."
"P1.NPC.036","npc.state","Persistent","Planned","MSC.NPC.Runtime + MSC.Save.Integration","Nothing; no Characters/NPC module","Future Phase 1 domain is not implemented. Owning milestone must add stable identity, DTO, participant, migration note and round-trip coverage without fabricating state.","DeferredByStableId","StableIdPreserved","10B","Generated from authoritative parity row; later owner must update this row in the same commit as runtime implementation."
"P1.NPC.037","npc.state","Persistent","Planned","MSC.NPC.Runtime + MSC.Save.Integration","Nothing; no Characters/NPC module","Future Phase 1 domain is not implemented. Owning milestone must add stable identity, DTO, participant, migration note and round-trip coverage without fabricating state.","DeferredByStableId","StableIdPreserved","10B","Generated from authoritative parity row; later owner must update this row in the same commit as runtime implementation."
"P1.NPC.038","npc.state","Persistent","Planned","MSC.NPC.Runtime + MSC.Save.Integration","Nothing; no Characters/NPC module","Future Phase 1 domain is not implemented. Owning milestone must add stable identity, DTO, participant, migration note and round-trip coverage without fabricating state.","DeferredByStableId","StableIdPreserved","10B","Generated from authoritative parity row; later owner must update this row in the same commit as runtime implementation."
"P1.NPC.039","npc.state","Persistent","Planned","MSC.NPC.Runtime + MSC.Save.Integration","Nothing; no Characters/NPC module","Future Phase 1 domain is not implemented. Owning milestone must add stable identity, DTO, participant, migration note and round-trip coverage without fabricating state.","DeferredByStableId","StableIdPreserved","10B","Generated from authoritative parity row; later owner must update this row in the same commit as runtime implementation."
"P1.NPC.040","npc.state","Persistent","Planned","MSC.NPC.Runtime + MSC.Save.Integration","Nothing; no Characters/NPC module","Future Phase 1 domain is not implemented. Owning milestone must add stable identity, DTO, participant, migration note and round-trip coverage without fabricating state.","DeferredByStableId","StableIdPreserved","10B","Generated from authoritative parity row; later owner must update this row in the same commit as runtime implementation."
"P1.NPC.041","npc.state","Persistent","Planned","MSC.NPC.Runtime + MSC.Save.Integration","Nothing; no Characters/NPC module","Future Phase 1 domain is not implemented. Owning milestone must add stable identity, DTO, participant, migration note and round-trip coverage without fabricating state.","DeferredByStableId","StableIdPreserved","10B","Generated from authoritative parity row; later owner must update this row in the same commit as runtime implementation."
"P1.NPC.042","npc.state","Persistent","Planned","MSC.NPC.Runtime + MSC.Save.Integration","Nothing; no Characters/NPC module","Future Phase 1 domain is not implemented. Owning milestone must add stable identity, DTO, participant, migration note and round-trip coverage without fabricating state.","DeferredByStableId","StableIdPreserved","10B","Generated from authoritative parity row; later owner must update this row in the same commit as runtime implementation."
"P1.NPC.043","npc.state","Persistent","Planned","MSC.NPC.Runtime + MSC.Save.Integration","Nothing; no Characters/NPC module","Future Phase 1 domain is not implemented. Owning milestone must add stable identity, DTO, participant, migration note and round-trip coverage without fabricating state.","DeferredByStableId","StableIdPreserved","10B","Generated from authoritative parity row; later owner must update this row in the same commit as runtime implementation."
"P1.NPC.044","npc.state","Persistent","Planned","MSC.NPC.Runtime + MSC.Save.Integration","Nothing; no Characters/NPC module","Future Phase 1 domain is not implemented. Owning milestone must add stable identity, DTO, participant, migration note and round-trip coverage without fabricating state.","DeferredByStableId","StableIdPreserved","10B","Generated from authoritative parity row; later owner must update this row in the same commit as runtime implementation."
"P1.NPC.045","npc.state","Persistent","Planned","MSC.NPC.Runtime + MSC.Save.Integration","Nothing; no Characters/NPC module","Future Phase 1 domain is not implemented. Owning milestone must add stable identity, DTO, participant, migration note and round-trip coverage without fabricating state.","DeferredByStableId","StableIdPreserved","10B","Generated from authoritative parity row; later owner must update this row in the same commit as runtime implementation."
"P1.NPC.046","npc.state","NonPersistent","NotRequired","MSC.NPC.Runtime + MSC.Save.Integration","Nothing","Not in the locked donor version; no gameplay state may be invented or persisted. Source status: RejectedNotInLockedDonorVersion.","NotApplicable","NotApplicable","10B","Generated from authoritative parity row; later owner must update this row in the same commit as runtime implementation."
"P1.NPC.047","npc.state","Persistent","Planned","MSC.NPC.Runtime + MSC.Save.Integration","Nothing; no Characters/NPC module","Future Phase 1 domain is not implemented. Owning milestone must add stable identity, DTO, participant, migration note and round-trip coverage without fabricating state.","DeferredByStableId","StableIdPreserved","10B","Generated from authoritative parity row; later owner must update this row in the same commit as runtime implementation."
"P1.NPC.048","npc.state","Persistent","Planned","MSC.NPC.Runtime + MSC.Save.Integration","Nothing; no Characters/NPC module","Future Phase 1 domain is not implemented. Owning milestone must add stable identity, DTO, participant, migration note and round-trip coverage without fabricating state.","DeferredByStableId","StableIdPreserved","10B","Generated from authoritative parity row; later owner must update this row in the same commit as runtime implementation."
"P1.NPC.049","npc.state","Persistent","Partial","MSC.NPC.Runtime + MSC.Save.Integration","Stable physical Rigidbody/NWH driver follows the exact 2,088-point race or 537-point dancehall route with directed H2/field corridors, saved 6 s Teimo dwell, bounded passing, 0.88 s handbrake pulse and terminal TF201/story2087 FULLSTOP; >=5 m/s crash starts the persistent Suski rescue","A bounded implementation or DTO exists, but full Phase 1 state/restore coverage is incomplete: Stable physical Rigidbody/NWH driver follows the exact 2,088-point race or 537-point dancehall route with directed H2/field corridors, saved 6 s Teimo dwell, bounded passing, 0.88 s handbrake pulse and terminal TF201/story2087 FULLSTOP; >=5 m/s crash starts the persistent Suski rescue; prior save evidence: npc.state v13 plus traffic.state preserve route, dwell/pass/FULLSTOP, wreck telemetry and Suski intermediate stage/pose.","DeferredByStableId","StableIdPreserved","10B","Generated from authoritative parity row; later owner must update this row in the same commit as runtime implementation."
"P1.NPC.050","npc.state","Persistent","Partial","MSC.NPC.Runtime + MSC.Save.Integration","Stable physical Rigidbody/NWH driver keeps the donor rear formation and follows the same-direction 2,088-point race or 537-point dancehall route with directed H2/field corridors, saved 8 s Teimo dwell, bounded passing, 0.88 s handbrake pulse and terminal TF199/story2085 FULLSTOP; >=5 m/s crash produces a persistent wreck","A bounded implementation or DTO exists, but full Phase 1 state/restore coverage is incomplete: Stable physical Rigidbody/NWH driver keeps the donor rear formation and follows the same-direction 2,088-point race or 537-point dancehall route with directed H2/field corridors, saved 8 s Teimo dwell, bounded passing, 0.88 s handbrake pulse and terminal TF199/story2085 FULLSTOP; >=5 m/s crash produces a persistent wreck; prior save evidence: npc.state v13 plus traffic.state preserve route, dwell/pass/FULLSTOP, terminal wreck pose and crash telemetry; transient motion/audio survives wrapper streaming.","DeferredByStableId","StableIdPreserved","10B","Generated from authoritative parity row; later owner must update this row in the same commit as runtime implementation."
"P1.TRAFFIC.001","traffic.state","Persistent","Partial","MSC.Traffic.Runtime + MSC.Save.Integration","Project-owned exact route catalog with 20 directional joins; 10 persistent actors; 440/520 m physical residency and six-wrapper cap","A bounded implementation or DTO exists, but full Phase 1 state/restore coverage is incomplete: Project-owned exact route catalog with 20 directional joins; 10 persistent actors; 440/520 m physical residency and six-wrapper cap; prior save evidence: traffic.state schema 1 additive ambient array.","DeferredByStableId","StableIdPreserved","11B","Generated from authoritative parity row; later owner must update this row in the same commit as runtime implementation."
"P1.TRAFFIC.002","traffic.state","Persistent","Partial","MSC.Traffic.Runtime + MSC.Save.Integration","Offscreen simulation plus physical Rigidbody/NWH wrappers near the player; Fittan TownLoop/GasPump excursions use nearest directed joins, separate return progress and town curve control","A bounded implementation or DTO exists, but full Phase 1 state/restore coverage is incomplete: Offscreen simulation plus physical Rigidbody/NWH wrappers near the player; Fittan TownLoop/GasPump excursions use nearest directed joins, separate return progress and town curve control; prior save evidence: traffic.state preserves route/spawn/circuit/attempt and excursion state.","DeferredByStableId","StableIdPreserved","11B","Generated from authoritative parity row; later owner must update this row in the same commit as runtime implementation."
"P1.TRAFFIC.003","traffic.state","Persistent","Partial","MSC.Traffic.Runtime + MSC.Save.Integration","Jani/Petteri/Suski story binding, ten ambient identities and four transports; bus departures are time-driven and the bus-owned Latanen walker replaces the seated driver after terminal abandonment","A bounded implementation or DTO exists, but full Phase 1 state/restore coverage is incomplete: Jani/Petteri/Suski story binding, ten ambient identities and four transports; bus departures are time-driven and the bus-owned Latanen walker replaces the seated driver after terminal abandonment; prior save evidence: npc.state v13 plus traffic.state cover story, ambient, transport and bus-abandonment phases.","DeferredByStableId","StableIdPreserved","11B","Generated from authoritative parity row; later owner must update this row in the same commit as runtime implementation."
"P1.TRAFFIC.004","traffic.state","Persistent","Partial","MSC.Traffic.Runtime + MSC.Save.Integration","Persistent time-driven NWH bus with stop dwell, boarding/exit target and terminal-stall sequence: >5 m/s arm, <=2 m/s for 25 real seconds, shutdown/1 s door, then +4 s Latanen exit","A bounded implementation or DTO exists, but full Phase 1 state/restore coverage is incomplete: Persistent time-driven NWH bus with stop dwell, boarding/exit target and terminal-stall sequence: >5 m/s arm, <=2 m/s for 25 real seconds, shutdown/1 s door, then +4 s Latanen exit; prior save evidence: traffic.state stores departure, route, dwell, bus pose, stall phase, shutdown delay, abandonment and walker pose.","DeferredByStableId","StableIdPreserved","11B","Generated from authoritative parity row; later owner must update this row in the same commit as runtime implementation."
"P1.TRAFFIC.005","traffic.state","Persistent","Partial","MSC.Traffic.Runtime + MSC.Save.Integration","Persistent bidirectional train with endpoint wait, streaming residency and project-owned collider","A bounded implementation or DTO exists, but full Phase 1 state/restore coverage is incomplete: Persistent bidirectional train with endpoint wait, streaming residency and project-owned collider; prior save evidence: Optional traffic.state schema 1 stores direction, route, delay and pose.","DeferredByStableId","StableIdPreserved","11B","Generated from authoritative parity row; later owner must update this row in the same commit as runtime implementation."
"P1.TRAFFIC.006","traffic.state","Persistent","Partial","MSC.Traffic.Runtime + MSC.Save.Integration","Two stable boats use exact loops, logical offscreen progress and project-owned Rigidbody force/turn/water-height control near the player","A bounded implementation or DTO exists, but full Phase 1 state/restore coverage is incomplete: Two stable boats use exact loops, logical offscreen progress and project-owned Rigidbody force/turn/water-height control near the player; prior save evidence: Optional traffic.state schema 1 stores independent route progress and pose.","DeferredByStableId","StableIdPreserved","11B","Generated from authoritative parity row; later owner must update this row in the same commit as runtime implementation."
"P1.TRAFFIC.007","traffic.state","Persistent","Partial","MSC.Traffic.Runtime + MSC.Save.Integration","Physical Jani/Petteri use exact race/dancehall cycles with directed H2 and field/oval/closure control, one-shot Teimo dwell, bounded pass, 0.88 s handbrake release, donor FULLSTOP formation, typed crashes and Suski rescue","A bounded implementation or DTO exists, but full Phase 1 state/restore coverage is incomplete: Physical Jani/Petteri use exact race/dancehall cycles with directed H2 and field/oval/closure control, one-shot Teimo dwell, bounded pass, 0.88 s handbrake release, donor FULLSTOP formation, typed crashes and Suski rescue; prior save evidence: npc.state v13 plus traffic.state preserve route, dwell/pass/FULLSTOP, stable incident identity, wreck and rescue stage/pose.","DeferredByStableId","StableIdPreserved","11B","Generated from authoritative parity row; later owner must update this row in the same commit as runtime implementation."
"P1.TRAFFIC.008","traffic.state","Persistent","Partial","MSC.Traffic.Runtime + MSC.Save.Integration","Story incidents, ten logical ambient actors and four transports use stable logical state plus bounded physical materialization; story dwell/pass/FULLSTOP and bus abandonment continue from saved phases","A bounded implementation or DTO exists, but full Phase 1 state/restore coverage is incomplete: Story incidents, ten logical ambient actors and four transports use stable logical state plus bounded physical materialization; story dwell/pass/FULLSTOP and bus abandonment continue from saved phases; prior save evidence: traffic.state stores incidents/rescue, ambient/transports, story dwell/pass/FULLSTOP and bus confirmation/shutdown/abandoned poses; old saves remain loadable.","DeferredByStableId","StableIdPreserved","11B","Generated from authoritative parity row; later owner must update this row in the same commit as runtime implementation."
"P1.TRAFFIC.009","traffic.state","Persistent","Partial","MSC.Traffic.Runtime + MSC.Save.Integration","Story cars, seven ambient archetypes and the bus use NWH contact; the 0.88 s story handbrake command releases rear grip physically; all audio ownership remains behind IAudioBackend","A bounded implementation or DTO exists, but full Phase 1 state/restore coverage is incomplete: Story cars, seven ambient archetypes and the bus use NWH contact; the 0.88 s story handbrake command releases rear grip physically; all audio ownership remains behind IAudioBackend; prior save evidence: Story, ambient and transport route state persisted.","DeferredByStableId","StableIdPreserved","11B","Generated from authoritative parity row; later owner must update this row in the same commit as runtime implementation."
"P1.TRAFFIC.010","traffic.state","Persistent","Partial","MSC.Traffic.Runtime + MSC.Save.Integration","Persistent offscreen simulation with stable IDs, ambient physical cap/hysteresis and per-class transport residency hysteresis","A bounded implementation or DTO exists, but full Phase 1 state/restore coverage is incomplete: Persistent offscreen simulation with stable IDs, ambient physical cap/hysteresis and per-class transport residency hysteresis; prior save evidence: traffic.state saves each ambient and transport actor once by stable ID.","DeferredByStableId","StableIdPreserved","11B","Generated from authoritative parity row; later owner must update this row in the same commit as runtime implementation."
"P1.ECONOMY.001","economy.player","Persistent","Partial","MSC.Economy.Runtime + MSC.Save.Integration","Fixed-point 3000.00 MK wallet with ordered atomic and idempotent transaction ledger","A bounded implementation or DTO exists, but full Phase 1 state/restore coverage is incomplete: Fixed-point 3000.00 MK wallet with ordered atomic and idempotent transaction ledger; prior save evidence: Required economy.player schema 1; save document v14.","Immediate","NotApplicable","12A","Generated from authoritative parity row; later owner must update this row in the same commit as runtime implementation."
"P1.ECONOMY.002","economy.player","Persistent","Partial","MSC.Economy.Runtime + MSC.Save.Integration","Hash-locked 38-price catalog with additive 5.4% Thursday cycles and skipped-day handling","A bounded implementation or DTO exists, but full Phase 1 state/restore coverage is incomplete: Hash-locked 38-price catalog with additive 5.4% Thursday cycles and skipped-day handling; prior save evidence: economy.player stores applied price cycles.","Immediate","NotApplicable","12A","Generated from authoritative parity row; later owner must update this row in the same commit as runtime implementation."
"P1.ECONOMY.003","economy.player","Persistent","Partial","MSC.Economy.Runtime + MSC.Save.Integration","Atomic purchase API rejects insufficient funds and duplicate conflicts; refunds cannot exceed original debit; optional IEconomyTransactionFeedbackSource publishes rejected requests and the player controller filters InsufficientFunds","A bounded implementation or DTO exists, but full Phase 1 state/restore coverage is incomplete: Atomic purchase API rejects insufficient funds and duplicate conflicts; refunds cannot exceed original debit; optional IEconomyTransactionFeedbackSource publishes rejected requests and the player controller filters InsufficientFunds; prior save evidence: economy.player persists the full ordered ledger; rejected attempts add no record.","Immediate","NotApplicable","12A","Generated from authoritative parity row; later owner must update this row in the same commit as runtime implementation."
"P1.ECONOMY.004","economy.player","Persistent","Partial","MSC.Economy.Runtime + MSC.Save.Integration","Typed debit and credit transaction kinds exist for rewards fines services and bills","A bounded implementation or DTO exists, but full Phase 1 state/restore coverage is incomplete: Typed debit and credit transaction kinds exist for rewards fines services and bills; prior save evidence: economy.player can persist typed payment records.","Immediate","NotApplicable","12A","Generated from authoritative parity row; later owner must update this row in the same commit as runtime implementation."
"P1.ECONOMY.005","economy.player","Persistent","Partial","MSC.Economy.Runtime + MSC.Save.Integration","Production Bootstrap owns EconomyRuntime; required save participant and v13-to-v14 migration feed the accepted HUD","A bounded implementation or DTO exists, but full Phase 1 state/restore coverage is incomplete: Production Bootstrap owns EconomyRuntime; required save participant and v13-to-v14 migration feed the accepted HUD; prior save evidence: Required economy.player schema 1 depends on core.time and captures balance cycles ledger.","Immediate","NotApplicable","12A","Generated from authoritative parity row; later owner must update this row in the same commit as runtime implementation."
"P1.COMMS.001","communications.state","Persistent","Planned","MSC.Communications.Runtime (planned)","World props only","Future Phase 1 domain is not implemented. Owning milestone must add stable identity, DTO, participant, migration note and round-trip coverage without fabricating state.","DeferredByStableId","StableIdPreserved","12A","Generated from authoritative parity row; later owner must update this row in the same commit as runtime implementation."
"P1.COMMS.002","communications.state","Persistent","Planned","MSC.Communications.Runtime (planned)","World props only","Future Phase 1 domain is not implemented. Owning milestone must add stable identity, DTO, participant, migration note and round-trip coverage without fabricating state.","DeferredByStableId","StableIdPreserved","12A","Generated from authoritative parity row; later owner must update this row in the same commit as runtime implementation."
"P1.COMMS.003","communications.state","Persistent","Planned","MSC.Communications.Runtime (planned)","World props only","Future Phase 1 domain is not implemented. Owning milestone must add stable identity, DTO, participant, migration note and round-trip coverage without fabricating state.","DeferredByStableId","StableIdPreserved","12A","Generated from authoritative parity row; later owner must update this row in the same commit as runtime implementation."
"P1.COMMS.004","communications.state","Persistent","Planned","MSC.Communications.Runtime (planned)","World props only","Future Phase 1 domain is not implemented. Owning milestone must add stable identity, DTO, participant, migration note and round-trip coverage without fabricating state.","DeferredByStableId","StableIdPreserved","12A","Generated from authoritative parity row; later owner must update this row in the same commit as runtime implementation."
"P1.COMMS.005","communications.state","Persistent","Partial","MSC.Communications.Runtime (planned)","Project-owned 46-offer home catalog authority, save-backed draft/order state, physical envelope handoff, timed ready state, idempotent payment and deterministic physical Item delivery independent of Satsuma","A bounded implementation or DTO exists, but full Phase 1 state/restore coverage is incomplete: Project-owned 46-offer home catalog authority, save-backed draft/order state, physical envelope handoff, timed ready state, idempotent payment and deterministic physical Item delivery independent of Satsuma; prior save evidence: services.state stores draft, order, envelope ID, submitted/ready times and paid/materialized phase; envelope and delivered parts persist through items.instances native save.","DeferredByStableId","StableIdPreserved","12A","Generated from authoritative parity row; later owner must update this row in the same commit as runtime implementation."
"P1.COMMS.006","communications.state","Persistent","Planned","MSC.Communications.Runtime (planned)","World props only","Future Phase 1 domain is not implemented. Owning milestone must add stable identity, DTO, participant, migration note and round-trip coverage without fabricating state.","DeferredByStableId","StableIdPreserved","12A","Generated from authoritative parity row; later owner must update this row in the same commit as runtime implementation."
"P1.COMMS.007","communications.state","Persistent","Planned","MSC.Communications.Runtime (planned)","World props only","Future Phase 1 domain is not implemented. Owning milestone must add stable identity, DTO, participant, migration note and round-trip coverage without fabricating state.","DeferredByStableId","StableIdPreserved","12A","Generated from authoritative parity row; later owner must update this row in the same commit as runtime implementation."
"P1.SERVICE.001","services.state","Persistent","Partial","MSC.Services.Runtime + MSC.Save.Integration","12A-S1 materializes one project-owned catalog browser at the audited pivot with 46 exact package/price entries and a local selected-total form.","A bounded implementation or DTO exists, but full Phase 1 state/restore coverage is incomplete: 12A-S1 materializes one project-owned catalog browser at the audited pivot with 46 exact package/price entries and a local selected-total form.; prior save evidence: None for the new form; home and item domains remain independent.","DeferredByStableId","StableIdPreserved","12A","Generated from authoritative parity row; later owner must update this row in the same commit as runtime implementation."
"P1.SERVICE.002","services.state","Persistent","Partial","MSC.Services.Runtime + MSC.Save.Integration","12A-S1 materializes 41 exact shelf offer targets plus one register checkout. Ordinary products use preflighted item handoff and Teimo's cash-register clip is invoked only after successful checkout.","A bounded implementation or DTO exists, but full Phase 1 state/restore coverage is incomplete: 12A-S1 materializes 41 exact shelf offer targets plus one register checkout. Ordinary products use preflighted item handoff and Teimo's cash-register clip is invoked only after successful checkout.; prior save evidence: services.state schema 1 persists stock, basket and operation journal; spawned items use item/world save domains.","DeferredByStableId","StableIdPreserved","12A","Generated from authoritative parity row; later owner must update this row in the same commit as runtime implementation."
"P1.SERVICE.003","services.state","Persistent","Partial","MSC.Services.Runtime + MSC.Save.Integration","12A-S1 replaces the beer-only representative with five exact targets. The paid meal uses a pending handoff until Teimo opens both audited doors, carries the food prop through the microwave sequence and returns to the player.","A bounded implementation or DTO exists, but full Phase 1 state/restore coverage is incomplete: 12A-S1 replaces the beer-only representative with five exact targets. The paid meal uses a pending handoff until Teimo opens both audited doors, carries the food prop through the microwave sequence and returns to the player.; prior save evidence: services.state schema 1 persists purchase and pending handoff; meal-preparation coroutine progress remains transient.","DeferredByStableId","StableIdPreserved","12A","Generated from authoritative parity row; later owner must update this row in the same commit as runtime implementation."
"P1.SERVICE.004","services.state","Persistent","Partial","MSC.Services.Runtime + MSC.Save.Integration","12A-S1 replaces unavailable click-shells with three stable Rigidbody nozzles, hose limits and trigger-only flow. Receiver acceptance occurs before fuel debt is recorded.","A bounded implementation or DTO exists, but full Phase 1 state/restore coverage is incomplete: 12A-S1 replaces unavailable click-shells with three stable Rigidbody nozzles, hose limits and trigger-only flow. Receiver acceptance occurs before fuel debt is recorded.; prior save evidence: services.state schema 1 persists accepted fuel debt/theft; item domain persists cap/liquid state.","DeferredByStableId","StableIdPreserved","12A","Generated from authoritative parity row; later owner must update this row in the same commit as runtime implementation."
"P1.SERVICE.005","services.state","Persistent","Partial","MSC.Services.Runtime + MSC.Save.Integration","12A-S1 materializes one brochure browser for all 32 offers. Interaction toggles the authoritative workshop selection and removes conflicting exclusive-group entries.","A bounded implementation or DTO exists, but full Phase 1 state/restore coverage is incomplete: 12A-S1 materializes one brochure browser for all 32 offers. Interaction toggles the authoritative workshop selection and removes conflicting exclusive-group entries.; prior save evidence: services.state schema 1 persists workshop selection.","DeferredByStableId","StableIdPreserved","12A","Generated from authoritative parity row; later owner must update this row in the same commit as runtime implementation."
"P1.SERVICE.006","services.state","Persistent","Planned","MSC.Services.Runtime + MSC.Save.Integration","Temporary donor world geometry/streaming present; service logic absent","Future Phase 1 domain is not implemented. Owning milestone must add stable identity, DTO, participant, migration note and round-trip coverage without fabricating state.","DeferredByStableId","StableIdPreserved","12A","Generated from authoritative parity row; later owner must update this row in the same commit as runtime implementation."
"P1.SERVICE.007","services.state","Persistent","Planned","MSC.Services.Runtime + MSC.Save.Integration","Temporary donor world geometry/streaming present; service logic absent","Future Phase 1 domain is not implemented. Owning milestone must add stable identity, DTO, participant, migration note and round-trip coverage without fabricating state.","DeferredByStableId","StableIdPreserved","12A","Generated from authoritative parity row; later owner must update this row in the same commit as runtime implementation."
"P1.SERVICE.008","services.state","Persistent","Planned","MSC.Services.Runtime + MSC.Save.Integration","Temporary donor world geometry/streaming present; service logic absent","Future Phase 1 domain is not implemented. Owning milestone must add stable identity, DTO, participant, migration note and round-trip coverage without fabricating state.","DeferredByStableId","StableIdPreserved","12A","Generated from authoritative parity row; later owner must update this row in the same commit as runtime implementation."
"P1.SERVICE.009","services.state","Persistent","Planned","MSC.Services.Runtime + MSC.Save.Integration","Temporary donor world geometry/streaming present; service logic absent","Future Phase 1 domain is not implemented. Owning milestone must add stable identity, DTO, participant, migration note and round-trip coverage without fabricating state.","DeferredByStableId","StableIdPreserved","12A","Generated from authoritative parity row; later owner must update this row in the same commit as runtime implementation."
"P1.SERVICE.010","services.state","Persistent","Planned","MSC.Services.Runtime + MSC.Save.Integration","Temporary donor world geometry/streaming present; service logic absent","Future Phase 1 domain is not implemented. Owning milestone must add stable identity, DTO, participant, migration note and round-trip coverage without fabricating state.","DeferredByStableId","StableIdPreserved","12A","Generated from authoritative parity row; later owner must update this row in the same commit as runtime implementation."
"P1.SERVICE.011","services.state","Persistent","Planned","MSC.Services.Runtime + MSC.Save.Integration","Temporary donor world geometry/streaming present; service logic absent","Future Phase 1 domain is not implemented. Owning milestone must add stable identity, DTO, participant, migration note and round-trip coverage without fabricating state.","DeferredByStableId","StableIdPreserved","12A","Generated from authoritative parity row; later owner must update this row in the same commit as runtime implementation."
"P1.SERVICE.012","services.state","Persistent","Planned","MSC.Services.Runtime + MSC.Save.Integration","Temporary donor world geometry/streaming present; service logic absent","Future Phase 1 domain is not implemented. Owning milestone must add stable identity, DTO, participant, migration note and round-trip coverage without fabricating state.","DeferredByStableId","StableIdPreserved","12A","Generated from authoritative parity row; later owner must update this row in the same commit as runtime implementation."
"P1.SERVICE.013","services.state","Persistent","Planned","MSC.Services.Runtime + MSC.Save.Integration","Temporary donor world geometry/streaming present; service logic absent","Future Phase 1 domain is not implemented. Owning milestone must add stable identity, DTO, participant, migration note and round-trip coverage without fabricating state.","DeferredByStableId","StableIdPreserved","12A","Generated from authoritative parity row; later owner must update this row in the same commit as runtime implementation."
"P1.SERVICE.014","services.state","Persistent","Planned","MSC.Services.Runtime + MSC.Save.Integration","Temporary donor world geometry/streaming present; service logic absent","Future Phase 1 domain is not implemented. Owning milestone must add stable identity, DTO, participant, migration note and round-trip coverage without fabricating state.","DeferredByStableId","StableIdPreserved","12A","Generated from authoritative parity row; later owner must update this row in the same commit as runtime implementation."
"P1.SERVICE.015","services.state","Persistent","Planned","MSC.Services.Runtime + MSC.Save.Integration","Temporary donor world geometry/streaming present; service logic absent","Future Phase 1 domain is not implemented. Owning milestone must add stable identity, DTO, participant, migration note and round-trip coverage without fabricating state.","DeferredByStableId","StableIdPreserved","12A","Generated from authoritative parity row; later owner must update this row in the same commit as runtime implementation."
"P1.SERVICE.016","services.state","Persistent","Planned","MSC.Services.Runtime + MSC.Save.Integration","Temporary donor world geometry/streaming present; service logic absent","Future Phase 1 domain is not implemented. Owning milestone must add stable identity, DTO, participant, migration note and round-trip coverage without fabricating state.","DeferredByStableId","StableIdPreserved","12A","Generated from authoritative parity row; later owner must update this row in the same commit as runtime implementation."
"P1.SERVICE.017","services.state","Persistent","Planned","MSC.Services.Runtime + MSC.Save.Integration","Temporary donor world geometry/streaming present; service logic absent","Future Phase 1 domain is not implemented. Owning milestone must add stable identity, DTO, participant, migration note and round-trip coverage without fabricating state.","DeferredByStableId","StableIdPreserved","12A","Generated from authoritative parity row; later owner must update this row in the same commit as runtime implementation."
"P1.SERVICE.018","services.state","Persistent","Planned","MSC.Services.Runtime + MSC.Save.Integration","Temporary donor world geometry/streaming present; service logic absent","Future Phase 1 domain is not implemented. Owning milestone must add stable identity, DTO, participant, migration note and round-trip coverage without fabricating state.","DeferredByStableId","StableIdPreserved","12A","Generated from authoritative parity row; later owner must update this row in the same commit as runtime implementation."
"P1.SERVICE.019","services.state","Persistent","Planned","MSC.Services.Runtime + MSC.Save.Integration","Temporary donor world geometry/streaming present; service logic absent","Future Phase 1 domain is not implemented. Owning milestone must add stable identity, DTO, participant, migration note and round-trip coverage without fabricating state.","DeferredByStableId","StableIdPreserved","12A","Generated from authoritative parity row; later owner must update this row in the same commit as runtime implementation."
"P1.SERVICE.020","services.state","Persistent","Planned","MSC.Services.Runtime + MSC.Save.Integration","Temporary donor world geometry/streaming present; service logic absent","Future Phase 1 domain is not implemented. Owning milestone must add stable identity, DTO, participant, migration note and round-trip coverage without fabricating state.","DeferredByStableId","StableIdPreserved","12A","Generated from authoritative parity row; later owner must update this row in the same commit as runtime implementation."
"P1.SERVICE.021","services.state","Persistent","Planned","MSC.Services.Runtime + MSC.Save.Integration","Temporary donor world geometry/streaming present; service logic absent","Future Phase 1 domain is not implemented. Owning milestone must add stable identity, DTO, participant, migration note and round-trip coverage without fabricating state.","DeferredByStableId","StableIdPreserved","12A","Generated from authoritative parity row; later owner must update this row in the same commit as runtime implementation."
"P1.SERVICE.022","services.state","Persistent","Uncovered","MSC.Services.Runtime + MSC.Save.Integration","Nothing","Donor behavior or persistence semantics remain unknown; owning milestone must resolve evidence before defining a DTO.","DeferredByStableId","StableIdPreserved","13B","Generated from authoritative parity row; later owner must update this row in the same commit as runtime implementation."
"P1.SERVICE.023","services.state","Persistent","Planned","MSC.Services.Runtime + MSC.Save.Integration","Temporary donor world geometry/streaming present; service logic absent","Future Phase 1 domain is not implemented. Owning milestone must add stable identity, DTO, participant, migration note and round-trip coverage without fabricating state.","DeferredByStableId","StableIdPreserved","12A","Generated from authoritative parity row; later owner must update this row in the same commit as runtime implementation."
"P1.SERVICE.024","services.state","Persistent","Planned","MSC.Services.Runtime + MSC.Save.Integration","Temporary donor world geometry/streaming present; service logic absent","Future Phase 1 domain is not implemented. Owning milestone must add stable identity, DTO, participant, migration note and round-trip coverage without fabricating state.","DeferredByStableId","StableIdPreserved","12A","Generated from authoritative parity row; later owner must update this row in the same commit as runtime implementation."
"P1.SERVICE.025","services.state","Persistent","Planned","MSC.Services.Runtime + MSC.Save.Integration","Temporary donor world geometry/streaming present; service logic absent","Future Phase 1 domain is not implemented. Owning milestone must add stable identity, DTO, participant, migration note and round-trip coverage without fabricating state.","DeferredByStableId","StableIdPreserved","12A","Generated from authoritative parity row; later owner must update this row in the same commit as runtime implementation."
"P1.JOB.001","jobs.state","Persistent","Planned","MSC.Jobs.Runtime (planned)","Nothing; no Jobs module","Future Phase 1 domain is not implemented. Owning milestone must add stable identity, DTO, participant, migration note and round-trip coverage without fabricating state.","DeferredByStableId","StableIdPreserved","12B","Generated from authoritative parity row; later owner must update this row in the same commit as runtime implementation."
"P1.JOB.002","jobs.state","Persistent","Planned","MSC.Jobs.Runtime (planned)","Nothing; no Jobs module","Future Phase 1 domain is not implemented. Owning milestone must add stable identity, DTO, participant, migration note and round-trip coverage without fabricating state.","DeferredByStableId","StableIdPreserved","12B","Generated from authoritative parity row; later owner must update this row in the same commit as runtime implementation."
"P1.JOB.003","jobs.state","Persistent","Planned","MSC.Jobs.Runtime (planned)","Nothing; no Jobs module","Future Phase 1 domain is not implemented. Owning milestone must add stable identity, DTO, participant, migration note and round-trip coverage without fabricating state.","DeferredByStableId","StableIdPreserved","12B","Generated from authoritative parity row; later owner must update this row in the same commit as runtime implementation."
"P1.JOB.004","jobs.state","Persistent","Planned","MSC.Jobs.Runtime (planned)","Nothing; no Jobs module","Future Phase 1 domain is not implemented. Owning milestone must add stable identity, DTO, participant, migration note and round-trip coverage without fabricating state.","DeferredByStableId","StableIdPreserved","12B","Generated from authoritative parity row; later owner must update this row in the same commit as runtime implementation."
"P1.JOB.005","jobs.state","Persistent","Planned","MSC.Jobs.Runtime (planned)","Nothing; no Jobs module","Future Phase 1 domain is not implemented. Owning milestone must add stable identity, DTO, participant, migration note and round-trip coverage without fabricating state.","DeferredByStableId","StableIdPreserved","12B","Generated from authoritative parity row; later owner must update this row in the same commit as runtime implementation."
"P1.JOB.006","jobs.state","Persistent","Planned","MSC.Jobs.Runtime (planned)","Nothing; no Jobs module","Future Phase 1 domain is not implemented. Owning milestone must add stable identity, DTO, participant, migration note and round-trip coverage without fabricating state.","DeferredByStableId","StableIdPreserved","12B","Generated from authoritative parity row; later owner must update this row in the same commit as runtime implementation."
"P1.JOB.007","jobs.state","Persistent","Planned","MSC.Jobs.Runtime (planned)","Nothing; no Jobs module","Future Phase 1 domain is not implemented. Owning milestone must add stable identity, DTO, participant, migration note and round-trip coverage without fabricating state.","DeferredByStableId","StableIdPreserved","12B","Generated from authoritative parity row; later owner must update this row in the same commit as runtime implementation."
"P1.JOB.008","jobs.state","Persistent","Planned","MSC.Jobs.Runtime (planned)","Nothing; no Jobs module","Future Phase 1 domain is not implemented. Owning milestone must add stable identity, DTO, participant, migration note and round-trip coverage without fabricating state.","DeferredByStableId","StableIdPreserved","12B","Generated from authoritative parity row; later owner must update this row in the same commit as runtime implementation."
"P1.JOB.009","jobs.state","Persistent","Planned","MSC.Jobs.Runtime (planned)","Nothing; no Jobs module","Future Phase 1 domain is not implemented. Owning milestone must add stable identity, DTO, participant, migration note and round-trip coverage without fabricating state.","DeferredByStableId","StableIdPreserved","12B","Generated from authoritative parity row; later owner must update this row in the same commit as runtime implementation."
"P1.JOB.010","jobs.state","Persistent","Planned","MSC.Jobs.Runtime (planned)","Nothing; no Jobs module","Future Phase 1 domain is not implemented. Owning milestone must add stable identity, DTO, participant, migration note and round-trip coverage without fabricating state.","DeferredByStableId","StableIdPreserved","12B","Generated from authoritative parity row; later owner must update this row in the same commit as runtime implementation."
"P1.JOB.011","jobs.state","Persistent","Planned","MSC.Jobs.Runtime (planned)","Nothing; no Jobs module","Future Phase 1 domain is not implemented. Owning milestone must add stable identity, DTO, participant, migration note and round-trip coverage without fabricating state.","DeferredByStableId","StableIdPreserved","12B","Generated from authoritative parity row; later owner must update this row in the same commit as runtime implementation."
"P1.JOB.012","jobs.state","Persistent","Planned","MSC.Jobs.Runtime (planned)","Nothing; no Jobs module","Future Phase 1 domain is not implemented. Owning milestone must add stable identity, DTO, participant, migration note and round-trip coverage without fabricating state.","DeferredByStableId","StableIdPreserved","12B","Generated from authoritative parity row; later owner must update this row in the same commit as runtime implementation."
"P1.JOB.013","jobs.state","Persistent","Planned","MSC.Jobs.Runtime (planned)","Nothing; no Jobs module","Future Phase 1 domain is not implemented. Owning milestone must add stable identity, DTO, participant, migration note and round-trip coverage without fabricating state.","DeferredByStableId","StableIdPreserved","12B","Generated from authoritative parity row; later owner must update this row in the same commit as runtime implementation."
"P1.JOB.014","jobs.state","Persistent","Planned","MSC.Jobs.Runtime (planned)","Nothing; no Jobs module","Future Phase 1 domain is not implemented. Owning milestone must add stable identity, DTO, participant, migration note and round-trip coverage without fabricating state.","DeferredByStableId","StableIdPreserved","12B","Generated from authoritative parity row; later owner must update this row in the same commit as runtime implementation."
"P1.JOB.015","jobs.state","Persistent","Planned","MSC.Jobs.Runtime (planned)","Nothing; no Jobs module","Future Phase 1 domain is not implemented. Owning milestone must add stable identity, DTO, participant, migration note and round-trip coverage without fabricating state.","DeferredByStableId","StableIdPreserved","12B","Generated from authoritative parity row; later owner must update this row in the same commit as runtime implementation."
"P1.JOB.016","jobs.state","Persistent","Planned","MSC.Jobs.Runtime (planned)","Nothing; no Jobs module","Future Phase 1 domain is not implemented. Owning milestone must add stable identity, DTO, participant, migration note and round-trip coverage without fabricating state.","DeferredByStableId","StableIdPreserved","12B","Generated from authoritative parity row; later owner must update this row in the same commit as runtime implementation."
"P1.JOB.017","jobs.state","Persistent","Planned","MSC.Jobs.Runtime (planned)","Nothing; no Jobs module","Future Phase 1 domain is not implemented. Owning milestone must add stable identity, DTO, participant, migration note and round-trip coverage without fabricating state.","DeferredByStableId","StableIdPreserved","12B","Generated from authoritative parity row; later owner must update this row in the same commit as runtime implementation."
"P1.JOB.018","jobs.state","Persistent","Planned","MSC.Jobs.Runtime (planned)","Nothing; no Jobs module","Future Phase 1 domain is not implemented. Owning milestone must add stable identity, DTO, participant, migration note and round-trip coverage without fabricating state.","DeferredByStableId","StableIdPreserved","12B","Generated from authoritative parity row; later owner must update this row in the same commit as runtime implementation."
"P1.JOB.019","jobs.state","Persistent","Planned","MSC.Jobs.Runtime (planned)","Nothing; no Jobs module","Future Phase 1 domain is not implemented. Owning milestone must add stable identity, DTO, participant, migration note and round-trip coverage without fabricating state.","DeferredByStableId","StableIdPreserved","12B","Generated from authoritative parity row; later owner must update this row in the same commit as runtime implementation."
"P1.JOB.020","jobs.state","Persistent","Planned","MSC.Jobs.Runtime (planned)","Nothing; no Jobs module","Future Phase 1 domain is not implemented. Owning milestone must add stable identity, DTO, participant, migration note and round-trip coverage without fabricating state.","DeferredByStableId","StableIdPreserved","12B","Generated from authoritative parity row; later owner must update this row in the same commit as runtime implementation."
"P1.JOB.021","jobs.state","Persistent","Planned","MSC.Jobs.Runtime (planned)","Nothing; no Jobs module","Future Phase 1 domain is not implemented. Owning milestone must add stable identity, DTO, participant, migration note and round-trip coverage without fabricating state.","DeferredByStableId","StableIdPreserved","13B","Generated from authoritative parity row; later owner must update this row in the same commit as runtime implementation."
"P1.JOB.022","jobs.state","Persistent","Planned","MSC.Jobs.Runtime (planned)","Nothing; no Jobs module","Future Phase 1 domain is not implemented. Owning milestone must add stable identity, DTO, participant, migration note and round-trip coverage without fabricating state.","DeferredByStableId","StableIdPreserved","13B","Generated from authoritative parity row; later owner must update this row in the same commit as runtime implementation."
"P1.EVENT.001","progression.story","Persistent","Planned","MSC.Progression.Runtime (planned)","Nothing; no Progression/Events module","Future Phase 1 domain is not implemented. Owning milestone must add stable identity, DTO, participant, migration note and round-trip coverage without fabricating state.","DeferredByStableId","StableIdPreserved","13A","Generated from authoritative parity row; later owner must update this row in the same commit as runtime implementation."
"P1.EVENT.002","progression.story","Persistent","Planned","MSC.Progression.Runtime (planned)","Nothing; no Progression/Events module","Future Phase 1 domain is not implemented. Owning milestone must add stable identity, DTO, participant, migration note and round-trip coverage without fabricating state.","DeferredByStableId","StableIdPreserved","13A","Generated from authoritative parity row; later owner must update this row in the same commit as runtime implementation."
"P1.EVENT.003","progression.story","Persistent","Planned","MSC.Progression.Runtime (planned)","Nothing; no Progression/Events module","Future Phase 1 domain is not implemented. Owning milestone must add stable identity, DTO, participant, migration note and round-trip coverage without fabricating state.","DeferredByStableId","StableIdPreserved","13A","Generated from authoritative parity row; later owner must update this row in the same commit as runtime implementation."
"P1.EVENT.004","progression.story","Persistent","Planned","MSC.Progression.Runtime (planned)","Nothing; no Progression/Events module","Future Phase 1 domain is not implemented. Owning milestone must add stable identity, DTO, participant, migration note and round-trip coverage without fabricating state.","DeferredByStableId","StableIdPreserved","13A","Generated from authoritative parity row; later owner must update this row in the same commit as runtime implementation."
"P1.EVENT.005","progression.story","Persistent","Planned","MSC.Progression.Runtime (planned)","Nothing; no Progression/Events module","Future Phase 1 domain is not implemented. Owning milestone must add stable identity, DTO, participant, migration note and round-trip coverage without fabricating state.","DeferredByStableId","StableIdPreserved","13A","Generated from authoritative parity row; later owner must update this row in the same commit as runtime implementation."
"P1.EVENT.006","progression.story","Persistent","Planned","MSC.Progression.Runtime (planned)","Nothing; no Progression/Events module","Future Phase 1 domain is not implemented. Owning milestone must add stable identity, DTO, participant, migration note and round-trip coverage without fabricating state.","DeferredByStableId","StableIdPreserved","13A","Generated from authoritative parity row; later owner must update this row in the same commit as runtime implementation."
"P1.EVENT.007","progression.story","Persistent","Planned","MSC.Progression.Runtime (planned)","Nothing; no Progression/Events module","Future Phase 1 domain is not implemented. Owning milestone must add stable identity, DTO, participant, migration note and round-trip coverage without fabricating state.","DeferredByStableId","StableIdPreserved","13A","Generated from authoritative parity row; later owner must update this row in the same commit as runtime implementation."
"P1.EVENT.008","progression.story","Persistent","Planned","MSC.Progression.Runtime (planned)","Nothing; no Progression/Events module","Future Phase 1 domain is not implemented. Owning milestone must add stable identity, DTO, participant, migration note and round-trip coverage without fabricating state.","DeferredByStableId","StableIdPreserved","13A","Generated from authoritative parity row; later owner must update this row in the same commit as runtime implementation."
"P1.EVENT.009","progression.story","Persistent","Planned","MSC.Progression.Runtime (planned)","Nothing; no Progression/Events module","Future Phase 1 domain is not implemented. Owning milestone must add stable identity, DTO, participant, migration note and round-trip coverage without fabricating state.","DeferredByStableId","StableIdPreserved","13A","Generated from authoritative parity row; later owner must update this row in the same commit as runtime implementation."
"P1.EVENT.010","progression.story","Persistent","Planned","MSC.Progression.Runtime (planned)","Nothing; no Progression/Events module","Future Phase 1 domain is not implemented. Owning milestone must add stable identity, DTO, participant, migration note and round-trip coverage without fabricating state.","DeferredByStableId","StableIdPreserved","13A","Generated from authoritative parity row; later owner must update this row in the same commit as runtime implementation."
"P1.EVENT.011","progression.story","Persistent","Planned","MSC.Progression.Runtime (planned)","Nothing; no Progression/Events module","Future Phase 1 domain is not implemented. Owning milestone must add stable identity, DTO, participant, migration note and round-trip coverage without fabricating state.","DeferredByStableId","StableIdPreserved","13A","Generated from authoritative parity row; later owner must update this row in the same commit as runtime implementation."
"P1.EVENT.012","progression.story","Persistent","Planned","MSC.Progression.Runtime (planned)","Nothing; no Progression/Events module","Future Phase 1 domain is not implemented. Owning milestone must add stable identity, DTO, participant, migration note and round-trip coverage without fabricating state.","DeferredByStableId","StableIdPreserved","13A","Generated from authoritative parity row; later owner must update this row in the same commit as runtime implementation."
"P1.EVENT.013","progression.story","Persistent","Planned","MSC.Progression.Runtime (planned)","Nothing; no Progression/Events module","Future Phase 1 domain is not implemented. Owning milestone must add stable identity, DTO, participant, migration note and round-trip coverage without fabricating state.","DeferredByStableId","StableIdPreserved","13A","Generated from authoritative parity row; later owner must update this row in the same commit as runtime implementation."
"P1.EVENT.014","progression.story","Persistent","Planned","MSC.Progression.Runtime (planned)","Nothing; no Progression/Events module","Future Phase 1 domain is not implemented. Owning milestone must add stable identity, DTO, participant, migration note and round-trip coverage without fabricating state.","DeferredByStableId","StableIdPreserved","13A","Generated from authoritative parity row; later owner must update this row in the same commit as runtime implementation."
"P1.EVENT.015","progression.story","Persistent","Planned","MSC.Progression.Runtime (planned)","Nothing; no Progression/Events module","Future Phase 1 domain is not implemented. Owning milestone must add stable identity, DTO, participant, migration note and round-trip coverage without fabricating state.","DeferredByStableId","StableIdPreserved","13A","Generated from authoritative parity row; later owner must update this row in the same commit as runtime implementation."
"P1.EVENT.016","progression.story","Persistent","Planned","MSC.Progression.Runtime (planned)","Nothing; no Progression/Events module","Future Phase 1 domain is not implemented. Owning milestone must add stable identity, DTO, participant, migration note and round-trip coverage without fabricating state.","DeferredByStableId","StableIdPreserved","13A","Generated from authoritative parity row; later owner must update this row in the same commit as runtime implementation."
"P1.EVENT.017","progression.story","Persistent","Planned","MSC.Progression.Runtime (planned)","Nothing; no Progression/Events module","Future Phase 1 domain is not implemented. Owning milestone must add stable identity, DTO, participant, migration note and round-trip coverage without fabricating state.","DeferredByStableId","StableIdPreserved","13A","Generated from authoritative parity row; later owner must update this row in the same commit as runtime implementation."
"P1.EVENT.018","progression.story","Persistent","Planned","MSC.Progression.Runtime (planned)","Nothing; no Progression/Events module","Future Phase 1 domain is not implemented. Owning milestone must add stable identity, DTO, participant, migration note and round-trip coverage without fabricating state.","DeferredByStableId","StableIdPreserved","13A","Generated from authoritative parity row; later owner must update this row in the same commit as runtime implementation."
"P1.EVENT.019","progression.story","Persistent","Planned","MSC.Progression.Runtime (planned)","Nothing; no Progression/Events module","Future Phase 1 domain is not implemented. Owning milestone must add stable identity, DTO, participant, migration note and round-trip coverage without fabricating state.","DeferredByStableId","StableIdPreserved","13A","Generated from authoritative parity row; later owner must update this row in the same commit as runtime implementation."
"P1.EVENT.020","progression.story","Persistent","Planned","MSC.Progression.Runtime (planned)","Nothing; no Progression/Events module","Future Phase 1 domain is not implemented. Owning milestone must add stable identity, DTO, participant, migration note and round-trip coverage without fabricating state.","DeferredByStableId","StableIdPreserved","13A","Generated from authoritative parity row; later owner must update this row in the same commit as runtime implementation."
"P1.AUTHORITY.001","authority.state","Persistent","Planned","MSC.Authority.Runtime (planned)","Nothing","Future Phase 1 domain is not implemented. Owning milestone must add stable identity, DTO, participant, migration note and round-trip coverage without fabricating state.","DeferredByStableId","StableIdPreserved","13B","Generated from authoritative parity row; later owner must update this row in the same commit as runtime implementation."
"P1.AUTHORITY.002","authority.state","Persistent","Planned","MSC.Authority.Runtime (planned)","Nothing","Future Phase 1 domain is not implemented. Owning milestone must add stable identity, DTO, participant, migration note and round-trip coverage without fabricating state.","DeferredByStableId","StableIdPreserved","13B","Generated from authoritative parity row; later owner must update this row in the same commit as runtime implementation."
"P1.AUTHORITY.003","authority.state","Persistent","Planned","MSC.Authority.Runtime (planned)","Nothing","Future Phase 1 domain is not implemented. Owning milestone must add stable identity, DTO, participant, migration note and round-trip coverage without fabricating state.","DeferredByStableId","StableIdPreserved","13B","Generated from authoritative parity row; later owner must update this row in the same commit as runtime implementation."
"P1.AUTHORITY.004","authority.state","Persistent","Planned","MSC.Authority.Runtime (planned)","Nothing","Future Phase 1 domain is not implemented. Owning milestone must add stable identity, DTO, participant, migration note and round-trip coverage without fabricating state.","DeferredByStableId","StableIdPreserved","13B","Generated from authoritative parity row; later owner must update this row in the same commit as runtime implementation."
"P1.AUTHORITY.005","authority.state","Persistent","Planned","MSC.Authority.Runtime (planned)","Nothing","Future Phase 1 domain is not implemented. Owning milestone must add stable identity, DTO, participant, migration note and round-trip coverage without fabricating state.","DeferredByStableId","StableIdPreserved","13B","Generated from authoritative parity row; later owner must update this row in the same commit as runtime implementation."
"P1.AUTHORITY.006","authority.state","Persistent","Uncovered","MSC.Authority.Runtime (planned)","Nothing","Donor behavior or persistence semantics remain unknown; owning milestone must resolve evidence before defining a DTO.","DeferredByStableId","StableIdPreserved","13B","Generated from authoritative parity row; later owner must update this row in the same commit as runtime implementation."
"P1.AUTHORITY.007","authority.state","Persistent","Planned","MSC.Authority.Runtime (planned)","Nothing","Future Phase 1 domain is not implemented. Owning milestone must add stable identity, DTO, participant, migration note and round-trip coverage without fabricating state.","DeferredByStableId","StableIdPreserved","13B","Generated from authoritative parity row; later owner must update this row in the same commit as runtime implementation."
"P1.AUTHORITY.008","authority.state","Persistent","Planned","MSC.Authority.Runtime (planned)","Nothing","Future Phase 1 domain is not implemented. Owning milestone must add stable identity, DTO, participant, migration note and round-trip coverage without fabricating state.","DeferredByStableId","StableIdPreserved","13B","Generated from authoritative parity row; later owner must update this row in the same commit as runtime implementation."
"P1.RALLY.001","rally.state","Persistent","Planned","MSC.Rally.Runtime (planned)","World route/static objects only","Future Phase 1 domain is not implemented. Owning milestone must add stable identity, DTO, participant, migration note and round-trip coverage without fabricating state.","DeferredByStableId","StableIdPreserved","13B","Generated from authoritative parity row; later owner must update this row in the same commit as runtime implementation."
"P1.RALLY.002","rally.state","Persistent","Planned","MSC.Rally.Runtime (planned)","World route/static objects only","Future Phase 1 domain is not implemented. Owning milestone must add stable identity, DTO, participant, migration note and round-trip coverage without fabricating state.","DeferredByStableId","StableIdPreserved","13B","Generated from authoritative parity row; later owner must update this row in the same commit as runtime implementation."
"P1.RALLY.003","rally.state","Persistent","Planned","MSC.Rally.Runtime (planned)","World route/static objects only","Future Phase 1 domain is not implemented. Owning milestone must add stable identity, DTO, participant, migration note and round-trip coverage without fabricating state.","DeferredByStableId","StableIdPreserved","13B","Generated from authoritative parity row; later owner must update this row in the same commit as runtime implementation."
"P1.RALLY.004","rally.state","Persistent","Planned","MSC.Rally.Runtime (planned)","World route/static objects only","Future Phase 1 domain is not implemented. Owning milestone must add stable identity, DTO, participant, migration note and round-trip coverage without fabricating state.","DeferredByStableId","StableIdPreserved","13B","Generated from authoritative parity row; later owner must update this row in the same commit as runtime implementation."
"P1.RALLY.005","rally.state","Persistent","Planned","MSC.Rally.Runtime (planned)","World route/static objects only","Future Phase 1 domain is not implemented. Owning milestone must add stable identity, DTO, participant, migration note and round-trip coverage without fabricating state.","DeferredByStableId","StableIdPreserved","13B","Generated from authoritative parity row; later owner must update this row in the same commit as runtime implementation."
"P1.RALLY.006","rally.state","Persistent","Planned","MSC.Rally.Runtime (planned)","World route/static objects only","Future Phase 1 domain is not implemented. Owning milestone must add stable identity, DTO, participant, migration note and round-trip coverage without fabricating state.","DeferredByStableId","StableIdPreserved","13B","Generated from authoritative parity row; later owner must update this row in the same commit as runtime implementation."
"P1.RALLY.007","rally.state","Persistent","Planned","MSC.Rally.Runtime (planned)","World route/static objects only","Future Phase 1 domain is not implemented. Owning milestone must add stable identity, DTO, participant, migration note and round-trip coverage without fabricating state.","DeferredByStableId","StableIdPreserved","13B","Generated from authoritative parity row; later owner must update this row in the same commit as runtime implementation."
"P1.RALLY.008","rally.state","Persistent","Planned","MSC.Rally.Runtime (planned)","World route/static objects only","Future Phase 1 domain is not implemented. Owning milestone must add stable identity, DTO, participant, migration note and round-trip coverage without fabricating state.","DeferredByStableId","StableIdPreserved","13B","Generated from authoritative parity row; later owner must update this row in the same commit as runtime implementation."
"P1.MEDIA.001","media.state","Persistent","Planned","MSC.Media.Runtime (planned)","Physical props/world locations only; no Media module","Future Phase 1 domain is not implemented. Owning milestone must add stable identity, DTO, participant, migration note and round-trip coverage without fabricating state.","DeferredByStableId","StableIdPreserved","13C","Generated from authoritative parity row; later owner must update this row in the same commit as runtime implementation."
"P1.MEDIA.002","media.state","Persistent","Planned","MSC.Media.Runtime (planned)","Physical props/world locations only; no Media module","Future Phase 1 domain is not implemented. Owning milestone must add stable identity, DTO, participant, migration note and round-trip coverage without fabricating state.","DeferredByStableId","StableIdPreserved","13C","Generated from authoritative parity row; later owner must update this row in the same commit as runtime implementation."
"P1.MEDIA.003","media.state","Persistent","Planned","MSC.Media.Runtime (planned)","Physical props/world locations only; no Media module","Future Phase 1 domain is not implemented. Owning milestone must add stable identity, DTO, participant, migration note and round-trip coverage without fabricating state.","DeferredByStableId","StableIdPreserved","13C","Generated from authoritative parity row; later owner must update this row in the same commit as runtime implementation."
"P1.MEDIA.004","media.state","Persistent","Planned","MSC.Media.Runtime (planned)","Physical props/world locations only; no Media module","Future Phase 1 domain is not implemented. Owning milestone must add stable identity, DTO, participant, migration note and round-trip coverage without fabricating state.","DeferredByStableId","StableIdPreserved","13C","Generated from authoritative parity row; later owner must update this row in the same commit as runtime implementation."
"P1.MEDIA.005","media.state","Persistent","Planned","MSC.Media.Runtime (planned)","Physical props/world locations only; no Media module","Future Phase 1 domain is not implemented. Owning milestone must add stable identity, DTO, participant, migration note and round-trip coverage without fabricating state.","DeferredByStableId","StableIdPreserved","13C","Generated from authoritative parity row; later owner must update this row in the same commit as runtime implementation."
"P1.MEDIA.006","media.state","Persistent","Planned","MSC.Media.Runtime (planned)","Physical props/world locations only; no Media module","Future Phase 1 domain is not implemented. Owning milestone must add stable identity, DTO, participant, migration note and round-trip coverage without fabricating state.","DeferredByStableId","StableIdPreserved","13C","Generated from authoritative parity row; later owner must update this row in the same commit as runtime implementation."
"P1.MEDIA.007","media.state","Persistent","Planned","MSC.Media.Runtime (planned)","Physical prop/world location only; no Media module","Future Phase 1 domain is not implemented. Owning milestone must add stable identity, DTO, participant, migration note and round-trip coverage without fabricating state.","DeferredByStableId","StableIdPreserved","13C","Generated from authoritative parity row; later owner must update this row in the same commit as runtime implementation."
"P1.MEDIA.008","media.state","Persistent","Planned","MSC.Media.Runtime (planned)","Physical props/world locations only; no Media module","Future Phase 1 domain is not implemented. Owning milestone must add stable identity, DTO, participant, migration note and round-trip coverage without fabricating state.","DeferredByStableId","StableIdPreserved","13C","Generated from authoritative parity row; later owner must update this row in the same commit as runtime implementation."
"P1.MEDIA.009","media.state","Persistent","Planned","MSC.Media.Runtime (planned)","Physical props/world locations only; no Media module","Future Phase 1 domain is not implemented. Owning milestone must add stable identity, DTO, participant, migration note and round-trip coverage without fabricating state.","DeferredByStableId","StableIdPreserved","13C","Generated from authoritative parity row; later owner must update this row in the same commit as runtime implementation."
"P1.MEDIA.010","media.state","Persistent","Planned","MSC.Media.Runtime (planned)","Physical props/world locations only; no Media module","Future Phase 1 domain is not implemented. Owning milestone must add stable identity, DTO, participant, migration note and round-trip coverage without fabricating state.","DeferredByStableId","StableIdPreserved","13C","Generated from authoritative parity row; later owner must update this row in the same commit as runtime implementation."
"P1.MEDIA.011","media.state","Persistent","Planned","MSC.Media.Runtime (planned)","Physical props/world locations only; no Media module","Future Phase 1 domain is not implemented. Owning milestone must add stable identity, DTO, participant, migration note and round-trip coverage without fabricating state.","DeferredByStableId","StableIdPreserved","13C","Generated from authoritative parity row; later owner must update this row in the same commit as runtime implementation."
"P1.MEDIA.012","media.state","Persistent","Planned","MSC.Media.Runtime (planned)","Physical props/world locations only; no Media module","Future Phase 1 domain is not implemented. Owning milestone must add stable identity, DTO, participant, migration note and round-trip coverage without fabricating state.","DeferredByStableId","StableIdPreserved","13C","Generated from authoritative parity row; later owner must update this row in the same commit as runtime implementation."
"P1.MEDIA.013","media.state","Persistent","Planned","MSC.Media.Runtime (planned)","Physical props/world locations only; no Media module","Future Phase 1 domain is not implemented. Owning milestone must add stable identity, DTO, participant, migration note and round-trip coverage without fabricating state.","DeferredByStableId","StableIdPreserved","13C","Generated from authoritative parity row; later owner must update this row in the same commit as runtime implementation."
"P1.MEDIA.014","media.state","Persistent","Planned","MSC.Media.Runtime (planned)","Physical props/world locations only; no Media module","Future Phase 1 domain is not implemented. Owning milestone must add stable identity, DTO, participant, migration note and round-trip coverage without fabricating state.","DeferredByStableId","StableIdPreserved","13C","Generated from authoritative parity row; later owner must update this row in the same commit as runtime implementation."
"P1.WORLD.001","world.entities","NonPersistent","NotRequired","MSC.World.Runtime + MSC.Save.Integration","Full 49-cell TemporaryDirectImport baseline; human accepted","Explicit non-persistent rationale from parity matrix: Static world; non-persistent rationale. Mutable gameplay authority, when any, is owned by another save domain.","NotApplicable","NotApplicable","13C","Generated from authoritative parity row; later owner must update this row in the same commit as runtime implementation."
"P1.WORLD.002","world.entities","NonPersistent","NotRequired","MSC.World.Runtime + MSC.Save.Integration","Working streaming architecture; human accepted","Explicit non-persistent rationale from parity matrix: Non-persistent streaming orchestration; mutable entity state is owned by world.entities and stable IDs. Mutable gameplay authority, when any, is owned by another save domain.","NotApplicable","NotApplicable","13C","Generated from authoritative parity row; later owner must update this row in the same commit as runtime implementation."
"P1.WORLD.003","world.entities","NonPersistent","NotRequired","MSC.World.Runtime + MSC.Save.Integration","Temporary baseline; documented void/water debt","Explicit non-persistent rationale from parity matrix: Static baseline; art debt accepted. Mutable gameplay authority, when any, is owned by another save domain.","NotApplicable","NotApplicable","13C","Generated from authoritative parity row; later owner must update this row in the same commit as runtime implementation."
"P1.WORLD.004","world.entities","Persistent","Partial","MSC.World.Runtime + MSC.Save.Integration","M08A1 generated candidate; not fully promoted","A bounded implementation or DTO exists, but full Phase 1 state/restore coverage is incomplete: M08A1 generated candidate; not fully promoted; prior save evidence: No full landmark traversal.","DeferredByStableId","StableIdPreserved","13C","Generated from authoritative parity row; later owner must update this row in the same commit as runtime implementation."
"P1.WORLD.005","world.entities","Persistent","Partial","MSC.World.Runtime + MSC.Save.Integration","Door interaction prototype; donor solid door collision intentionally omitted","A bounded implementation or DTO exists, but full Phase 1 state/restore coverage is incomplete: Door interaction prototype; donor solid door collision intentionally omitted; prior save evidence: No full persistence.","DeferredByStableId","StableIdPreserved","13C","Generated from authoritative parity row; later owner must update this row in the same commit as runtime implementation."
"P1.WORLD.006","world.entities","Persistent","Partial","MSC.World.Runtime + MSC.Save.Integration","Pub works; Teimo blocks according to user","A bounded implementation or DTO exists, but full Phase 1 state/restore coverage is incomplete: Pub works; Teimo blocks according to user; prior save evidence: None.","DeferredByStableId","StableIdPreserved","09C","Generated from authoritative parity row; later owner must update this row in the same commit as runtime implementation."
"P1.WORLD.007","world.entities","Persistent","Planned","MSC.World.Runtime + MSC.Save.Integration","Serialized trigger evidence only","Future Phase 1 domain is not implemented. Owning milestone must add stable identity, DTO, participant, migration note and round-trip coverage without fabricating state.","DeferredByStableId","StableIdPreserved","13C","Generated from authoritative parity row; later owner must update this row in the same commit as runtime implementation."
"P1.WORLD.008","world.entities","Persistent","Partial","MSC.World.Runtime + MSC.Save.Integration","Working M06B recovery; runtime behavior user accepted","A bounded implementation or DTO exists, but full Phase 1 state/restore coverage is incomplete: Working M06B recovery; runtime behavior user accepted; prior save evidence: Recovered pose not yet covered by native save.","DeferredByStableId","StableIdPreserved","13C","Generated from authoritative parity row; later owner must update this row in the same commit as runtime implementation."
"P1.WORLD.009","core.time","Persistent","Covered","MSC.Core.Runtime + MSC.Save.Integration","09A registered native-save coverage; prior matrix state: Project-owned GameTime + accepted presentation","09A native-save contract covers this implemented domain boundary; source implementation: Project-owned GameTime + accepted presentation.","Immediate","NotApplicable","13C","Generated from authoritative parity row; later owner must update this row in the same commit as runtime implementation."
"P1.WORLD.010","weather.environment","Persistent","Covered","MSC.Weather.Runtime + MSC.Save.Integration","09A registered native-save coverage; prior matrix state: Project-owned domain + Enviro adapter; procedural HDRP puddle presenter consumes authoritative PuddleAmount01 and water-spill events, with world-anchored rain slots. World ambience consumes the same project time/weather outputs through the complete reviewed MAP/SoundAmbience phase roster.","09A native-save contract covers this implemented domain boundary; source implementation: Project-owned domain + Enviro adapter; procedural HDRP puddle presenter consumes authoritative PuddleAmount01 and water-spill events, with world-anchored rain slots. World ambience consumes the same project time/weather outputs through the complete reviewed MAP/SoundAmbience phase roster..","Immediate","NotApplicable","13C","Generated from authoritative parity row; later owner must update this row in the same commit as runtime implementation."
"P1.WORLD.011","world.entities","Persistent","Partial","MSC.World.Runtime + MSC.Save.Integration","Replacement registry exists","A bounded implementation or DTO exists, but full Phase 1 state/restore coverage is incomplete: Replacement registry exists; prior save evidence: No full gameplay entity binding.","DeferredByStableId","StableIdPreserved","13C","Generated from authoritative parity row; later owner must update this row in the same commit as runtime implementation."
"P1.WORLD.012","world.entities","Persistent","Planned","MSC.World.Runtime + MSC.Save.Integration","Static evidence only","Future Phase 1 domain is not implemented. Owning milestone must add stable identity, DTO, participant, migration note and round-trip coverage without fabricating state.","DeferredByStableId","StableIdPreserved","13C","Generated from authoritative parity row; later owner must update this row in the same commit as runtime implementation."
"P1.PRESENTATION.001","presentation.runtime","NonPersistent","NotRequired","Presentation owner; no gameplay DTO","08A UI runtime accepted","Explicit non-persistent rationale from parity matrix: Non-persistent presentation; replacement keys required. Mutable gameplay authority, when any, is owned by another save domain.","NotApplicable","NotApplicable","09C","Generated from authoritative parity row; later owner must update this row in the same commit as runtime implementation."
"P1.PRESENTATION.002","presentation.runtime","NonPersistent","NotRequired","Presentation owner; no gameplay DTO","M08 backend/6 banks foundation accepted; current authoring validates 65 events/32 RTPCs, the complete reviewed time/weather/spatial main-world ambience roster, local wind-chime/insect hooks, rare near-home chainsaw and a +4 dB project master ceiling; many non-world feature producers remain DeferredHook.","Explicit non-persistent rationale from parity matrix: Non-persistent presentation; feature state owned elsewhere. Mutable gameplay authority, when any, is owned by another save domain.","NotApplicable","NotApplicable","13C","Generated from authoritative parity row; later owner must update this row in the same commit as runtime implementation."
"P1.PRESENTATION.003","presentation.runtime","NonPersistent","NotRequired","Presentation owner; no gameplay DTO","07C accepted visual baseline; save integration partial","Explicit non-persistent rationale from parity matrix: Non-persistent presentation; replacement keys required. Mutable gameplay authority, when any, is owned by another save domain.","NotApplicable","NotApplicable","13C","Generated from authoritative parity row; later owner must update this row in the same commit as runtime implementation."
"P1.PRESENTATION.004","presentation.runtime","NonPersistent","NotRequired","Presentation owner; no gameplay DTO","M06B3 frozen/human accepted; not production art","Explicit non-persistent rationale from parity matrix: Non-persistent presentation; replacement keys required. Mutable gameplay authority, when any, is owned by another save domain.","NotApplicable","NotApplicable","14B","Generated from authoritative parity row; later owner must update this row in the same commit as runtime implementation."
"P1.PRESENTATION.005","presentation.runtime","NonPersistent","NotRequired","Presentation owner; no gameplay DTO","Six project-owned wrapper prefabs generated locally from bounded donor body/accessory/clip slices","Explicit non-persistent rationale from parity matrix: Non-persistent presentation; npc.state remains independent. Mutable gameplay authority, when any, is owned by another save domain.","NotApplicable","NotApplicable","10B","Generated from authoritative parity row; later owner must update this row in the same commit as runtime implementation."
"P1.PRESENTATION.006","presentation.runtime","NonPersistent","NotRequired","Presentation owner; no gameplay DTO","Only bounded prototype; full roster missing","Explicit non-persistent rationale from parity matrix: Non-persistent presentation; replacement keys required. Mutable gameplay authority, when any, is owned by another save domain.","NotApplicable","NotApplicable","11A","Generated from authoritative parity row; later owner must update this row in the same commit as runtime implementation."
"P1.PRESENTATION.007","presentation.runtime","Persistent","Partial","Presentation owner; no gameplay DTO","09B removable ItemPresentationProvider with 46 GeneratedValidated TemporaryDirectImport bindings and project-owned proxy fallback.","A bounded implementation or DTO exists, but full Phase 1 state/restore coverage is incomplete: 09B removable ItemPresentationProvider with 46 GeneratedValidated TemporaryDirectImport bindings and project-owned proxy fallback.; prior save evidence: NotRequired: presentation has no gameplay authority; replacement keys preserve logical state.","Immediate","NotApplicable","09B","Generated from authoritative parity row; later owner must update this row in the same commit as runtime implementation."
"P1.PRESENTATION.008","presentation.runtime","NonPersistent","NotRequired","Presentation owner; no gameplay DTO","Six reviewed event-free legacy clips mapped from project-owned activity states through Animation; no Animator/controller; Berryman keeps seated hand-only loop","Explicit non-persistent rationale from parity matrix: Non-persistent animation presentation derived from npc.state; animation is never save/gameplay authority. Mutable gameplay authority, when any, is owned by another save domain.","NotApplicable","NotApplicable","10B","Generated from authoritative parity row; later owner must update this row in the same commit as runtime implementation."
"P1.PRESENTATION.009","presentation.runtime","NonPersistent","NotRequired","Presentation owner; no gameplay DTO","52 events/32 RTPC/6 banks foundation; feature coverage incomplete","Explicit non-persistent rationale from parity matrix: Non-persistent presentation; replacement keys required. Mutable gameplay authority, when any, is owned by another save domain.","NotApplicable","NotApplicable","13C","Generated from authoritative parity row; later owner must update this row in the same commit as runtime implementation."
"P1.PRESENTATION.010","presentation.runtime","NonPersistent","NotRequired","Presentation owner; no gameplay DTO","M08A1 material hardening user-accepted 2026-07-21","Explicit non-persistent rationale from parity matrix: Non-persistent presentation; replacement keys required. Mutable gameplay authority, when any, is owned by another save domain.","NotApplicable","NotApplicable","14B","Generated from authoritative parity row; later owner must update this row in the same commit as runtime implementation."
"P1.NEEDS.015","player.needs","Persistent","Planned","MSC.Needs.Runtime + MSC.Save.Integration","Nothing; evidence only","Future Phase 1 domain is not implemented. Owning milestone must add stable identity, DTO, participant, migration note and round-trip coverage without fabricating state.","Immediate","NotApplicable","09C","Generated from authoritative parity row; later owner must update this row in the same commit as runtime implementation."
"P1.NEEDS.016","player.needs","Persistent","Uncovered","MSC.Needs.Runtime + MSC.Save.Integration","Nothing; evidence only","Donor behavior or persistence semantics remain unknown; owning milestone must resolve evidence before defining a DTO.","Immediate","NotApplicable","09C","Generated from authoritative parity row; later owner must update this row in the same commit as runtime implementation."
"P1.NEEDS.017","player.needs","Persistent","Uncovered","MSC.Needs.Runtime + MSC.Save.Integration","Nothing; evidence only","Donor behavior or persistence semantics remain unknown; owning milestone must resolve evidence before defining a DTO.","Immediate","NotApplicable","09C","Generated from authoritative parity row; later owner must update this row in the same commit as runtime implementation."
"P1.NEEDS.018","player.needs","Persistent","Uncovered","MSC.Needs.Runtime + MSC.Save.Integration","Nothing; evidence only","Donor behavior or persistence semantics remain unknown; owning milestone must resolve evidence before defining a DTO.","Immediate","NotApplicable","09C","Generated from authoritative parity row; later owner must update this row in the same commit as runtime implementation."
"P1.HOME.101","home.state","Persistent","Planned","MSC.Home.Runtime + MSC.Save.Integration","Nothing; evidence only","Future Phase 1 domain is not implemented. Owning milestone must add stable identity, DTO, participant, migration note and round-trip coverage without fabricating state.","DeferredByStableId","StableIdPreserved","09C","Generated from authoritative parity row; later owner must update this row in the same commit as runtime implementation."
"P1.HOME.102","home.state","Persistent","Planned","MSC.Home.Runtime + MSC.Save.Integration","Nothing; evidence only","Future Phase 1 domain is not implemented. Owning milestone must add stable identity, DTO, participant, migration note and round-trip coverage without fabricating state.","DeferredByStableId","StableIdPreserved","09C","Generated from authoritative parity row; later owner must update this row in the same commit as runtime implementation."
"P1.HOME.103","home.state","Persistent","Planned","MSC.Home.Runtime + MSC.Save.Integration","Nothing; evidence only","Future Phase 1 domain is not implemented. Owning milestone must add stable identity, DTO, participant, migration note and round-trip coverage without fabricating state.","DeferredByStableId","StableIdPreserved","09C","Generated from authoritative parity row; later owner must update this row in the same commit as runtime implementation."
"P1.HOME.104","home.state","Persistent","Partial","MSC.Home.Runtime + MSC.Save.Integration","Project-owned electric-sauna power/timer and game-time-driven provisional heating/cooling foundation","A bounded implementation or DTO exists, but full Phase 1 state/restore coverage is incomplete: Project-owned electric-sauna power/timer and game-time-driven provisional heating/cooling foundation; prior save evidence: home.state schema 1 + save document 6 migration.","DeferredByStableId","StableIdPreserved","09C","Generated from authoritative parity row; later owner must update this row in the same commit as runtime implementation."
"P1.HOME.105","home.state","Persistent","Planned","MSC.Home.Runtime + MSC.Save.Integration","Nothing; evidence only","Future Phase 1 domain is not implemented. Owning milestone must add stable identity, DTO, participant, migration note and round-trip coverage without fabricating state.","DeferredByStableId","StableIdPreserved","09C","Generated from authoritative parity row; later owner must update this row in the same commit as runtime implementation."
"P1.HOME.106","home.state","Persistent","Planned","MSC.Home.Runtime + MSC.Save.Integration","Nothing; evidence only","Future Phase 1 domain is not implemented. Owning milestone must add stable identity, DTO, participant, migration note and round-trip coverage without fabricating state.","DeferredByStableId","StableIdPreserved","09C","Generated from authoritative parity row; later owner must update this row in the same commit as runtime implementation."
"P1.HOME.107","home.state","Persistent","Planned","MSC.Home.Runtime + MSC.Save.Integration","Nothing; evidence only","Future Phase 1 domain is not implemented. Owning milestone must add stable identity, DTO, participant, migration note and round-trip coverage without fabricating state.","DeferredByStableId","StableIdPreserved","09C","Generated from authoritative parity row; later owner must update this row in the same commit as runtime implementation."
"P1.HOME.108","home.state","Persistent","Planned","MSC.Home.Runtime + MSC.Save.Integration","Nothing; evidence only","Future Phase 1 domain is not implemented. Owning milestone must add stable identity, DTO, participant, migration note and round-trip coverage without fabricating state.","DeferredByStableId","StableIdPreserved","09C","Generated from authoritative parity row; later owner must update this row in the same commit as runtime implementation."
"P1.HOME.109","home.state","Persistent","Planned","MSC.Home.Runtime + MSC.Save.Integration","Nothing; evidence only","Future Phase 1 domain is not implemented. Owning milestone must add stable identity, DTO, participant, migration note and round-trip coverage without fabricating state.","DeferredByStableId","StableIdPreserved","09C","Generated from authoritative parity row; later owner must update this row in the same commit as runtime implementation."
"P1.ITEM.101","items.instances","Persistent","Partial","MSC.Items.Runtime + MSC.Save.Integration","Data-driven perishable package owns four deterministic child stable IDs; each F removes and spawns one physical loose sausage which inherits package freshness.","A bounded implementation or DTO exists, but full Phase 1 state/restore coverage is incomplete: Data-driven perishable package owns four deterministic child stable IDs; each F removes and spawns one physical loose sausage which inherits package freshness.; prior save evidence: Package count, contained IDs, freshness/timestamp and pose use native item/world domains; explicit native round-trip passes, row-specific unloaded-cell proof pending.","DeferredByStableId","StableIdPreserved","09B","Generated from authoritative parity row; later owner must update this row in the same commit as runtime implementation."
"P1.ITEM.102","items.instances","Persistent","Partial","MSC.Items.Runtime + MSC.Save.Integration","Generic data-driven whole consumption and ambient/refrigerated freshness are live and do not invoke first-person arm presentation.","A bounded implementation or DTO exists, but full Phase 1 state/restore coverage is incomplete: Generic data-driven whole consumption and ambient/refrigerated freshness are live and do not invoke first-person arm presentation.; prior save evidence: Freshness/timestamp/consumed state and pose use native item/world domains; row-specific unloaded-cell proof pending.","DeferredByStableId","StableIdPreserved","09B","Generated from authoritative parity row; later owner must update this row in the same commit as runtime implementation."
"P1.ITEM.103","items.instances","Persistent","Partial","MSC.Items.Runtime + MSC.Save.Integration","Generic data-driven whole consumption and ambient/refrigerated freshness are live and do not invoke first-person arm presentation.","A bounded implementation or DTO exists, but full Phase 1 state/restore coverage is incomplete: Generic data-driven whole consumption and ambient/refrigerated freshness are live and do not invoke first-person arm presentation.; prior save evidence: Freshness/timestamp/consumed state and pose use native item/world domains; row-specific unloaded-cell proof pending.","DeferredByStableId","StableIdPreserved","09B","Generated from authoritative parity row; later owner must update this row in the same commit as runtime implementation."
"P1.ITEM.104","items.instances","Persistent","Partial","MSC.Items.Runtime + MSC.Save.Integration","Generic data-driven whole consumption is live and does not invoke first-person arm presentation.","A bounded implementation or DTO exists, but full Phase 1 state/restore coverage is incomplete: Generic data-driven whole consumption is live and does not invoke first-person arm presentation.; prior save evidence: Consumed state and pose use native item/world domains; row-specific stream proof pending.","DeferredByStableId","StableIdPreserved","09B","Generated from authoritative parity row; later owner must update this row in the same commit as runtime implementation."
"P1.ITEM.105","items.instances","Persistent","Partial","MSC.Items.Runtime + MSC.Save.Integration","Data-driven whole consumption, authored Drink presentation and ambient/refrigerated freshness are live.","A bounded implementation or DTO exists, but full Phase 1 state/restore coverage is incomplete: Data-driven whole consumption, authored Drink presentation and ambient/refrigerated freshness are live.; prior save evidence: Freshness/timestamp/consumed state and pose use native item/world domains; row-specific unloaded-cell proof pending.","DeferredByStableId","StableIdPreserved","09B","Generated from authoritative parity row; later owner must update this row in the same commit as runtime implementation."
"P1.ITEM.106","items.instances","Persistent","Partial","MSC.Items.Runtime + MSC.Save.Integration","09B catalog definition plus mutable stable instance schema; generic action/state/save support exists, donor-specific use flow remains incomplete.","A bounded implementation or DTO exists, but full Phase 1 state/restore coverage is incomplete: 09B catalog definition plus mutable stable instance schema; generic action/state/save support exists, donor-specific use flow remains incomplete.; prior save evidence: Partial: items.instances.native.v1 logical state + world.entities pose; row-specific round-trip/stream proof pending.","DeferredByStableId","StableIdPreserved","09B","Generated from authoritative parity row; later owner must update this row in the same commit as runtime implementation."
"P1.ITEM.107","items.instances","Persistent","Partial","MSC.Items.Runtime + MSC.Save.Integration","09B catalog definition plus mutable stable instance schema; generic action/state/save support exists, donor-specific use flow remains incomplete.","A bounded implementation or DTO exists, but full Phase 1 state/restore coverage is incomplete: 09B catalog definition plus mutable stable instance schema; generic action/state/save support exists, donor-specific use flow remains incomplete.; prior save evidence: Partial: items.instances.native.v1 logical state + world.entities pose; row-specific round-trip/stream proof pending.","DeferredByStableId","StableIdPreserved","09B","Generated from authoritative parity row; later owner must update this row in the same commit as runtime implementation."
"P1.ITEM.108","items.instances","Persistent","Partial","MSC.Items.Runtime + MSC.Save.Integration","Data-driven whole consumption and authored Drink presentation are live.","A bounded implementation or DTO exists, but full Phase 1 state/restore coverage is incomplete: Data-driven whole consumption and authored Drink presentation are live.; prior save evidence: Consumed state and pose use native item/world domains; row-specific unloaded-cell proof pending.","DeferredByStableId","StableIdPreserved","09B","Generated from authoritative parity row; later owner must update this row in the same commit as runtime implementation."
"P1.ITEM.109","items.instances","Persistent","Partial","MSC.Items.Runtime + MSC.Save.Integration","09B catalog definition plus mutable stable instance schema; generic action/state/save support exists, donor-specific use flow remains incomplete.","A bounded implementation or DTO exists, but full Phase 1 state/restore coverage is incomplete: 09B catalog definition plus mutable stable instance schema; generic action/state/save support exists, donor-specific use flow remains incomplete.; prior save evidence: Partial: items.instances.native.v1 logical state + world.entities pose; row-specific round-trip/stream proof pending.","DeferredByStableId","StableIdPreserved","09B","Generated from authoritative parity row; later owner must update this row in the same commit as runtime implementation."
"P1.ITEM.110","items.instances","Persistent","Partial","MSC.Items.Runtime + MSC.Save.Integration","Physical 1.8 kg package content pours into compatible data-driven combustion receivers through cavity overlap and an authored 80-degree tilt at 12 units/s.","A bounded implementation or DTO exists, but full Phase 1 state/restore coverage is incomplete: Physical 1.8 kg package content pours into compatible data-driven combustion receivers through cavity overlap and an authored 80-degree tilt at 12 units/s.; prior save evidence: items.instances.native.v1 persists package/receiver content and world.entities persists pose; focused round-trip passed.","DeferredByStableId","StableIdPreserved","09B","Generated from authoritative parity row; later owner must update this row in the same commit as runtime implementation."
"P1.ITEM.111","items.instances","Persistent","Partial","MSC.Items.Runtime + MSC.Save.Integration","09B catalog definition plus mutable stable instance schema; generic action/state/save support exists, donor-specific use flow remains incomplete.","A bounded implementation or DTO exists, but full Phase 1 state/restore coverage is incomplete: 09B catalog definition plus mutable stable instance schema; generic action/state/save support exists, donor-specific use flow remains incomplete.; prior save evidence: Partial: items.instances.native.v1 logical state + world.entities pose; row-specific round-trip/stream proof pending.","DeferredByStableId","StableIdPreserved","09B","Generated from authoritative parity row; later owner must update this row in the same commit as runtime implementation."
"P1.ITEM.112","items.instances","Persistent","Partial","MSC.Items.Runtime + MSC.Save.Integration","09B catalog definition plus mutable stable instance schema; generic action/state/save support exists, donor-specific use flow remains incomplete.","A bounded implementation or DTO exists, but full Phase 1 state/restore coverage is incomplete: 09B catalog definition plus mutable stable instance schema; generic action/state/save support exists, donor-specific use flow remains incomplete.; prior save evidence: Partial: items.instances.native.v1 logical state + world.entities pose; row-specific round-trip/stream proof pending.","DeferredByStableId","StableIdPreserved","09B","Generated from authoritative parity row; later owner must update this row in the same commit as runtime implementation."
"P1.ITEM.113","items.instances","Persistent","Partial","MSC.Items.Runtime + MSC.Save.Integration","09B catalog definition plus mutable stable instance schema; generic action/state/save support exists, donor-specific use flow remains incomplete.","A bounded implementation or DTO exists, but full Phase 1 state/restore coverage is incomplete: 09B catalog definition plus mutable stable instance schema; generic action/state/save support exists, donor-specific use flow remains incomplete.; prior save evidence: Partial: items.instances.native.v1 logical state + world.entities pose; row-specific round-trip/stream proof pending.","DeferredByStableId","StableIdPreserved","09B","Generated from authoritative parity row; later owner must update this row in the same commit as runtime implementation."
"P1.ITEM.114","items.instances","Persistent","Partial","MSC.Items.Runtime + MSC.Save.Integration","Stable physical bottle with partial liquid state, dynamic mass and continuous held consumption; empty bottle remains a physical carried item","A bounded implementation or DTO exists, but full Phase 1 state/restore coverage is incomplete: Stable physical bottle with partial liquid state, dynamic mass and continuous held consumption; empty bottle remains a physical carried item; prior save evidence: Partial: items.instances.native.v1 liquid state + world.entities pose; focused partial-consumption behavior is covered.","DeferredByStableId","StableIdPreserved","09B","Generated from authoritative parity row; later owner must update this row in the same commit as runtime implementation."
"P1.ITEM.115","items.instances","Persistent","Partial","MSC.Items.Runtime + MSC.Save.Integration","09B catalog definition plus mutable stable instance schema; generic action/state/save support exists, donor-specific use flow remains incomplete.","A bounded implementation or DTO exists, but full Phase 1 state/restore coverage is incomplete: 09B catalog definition plus mutable stable instance schema; generic action/state/save support exists, donor-specific use flow remains incomplete.; prior save evidence: Partial: items.instances.native.v1 logical state + world.entities pose; row-specific round-trip/stream proof pending.","DeferredByStableId","StableIdPreserved","09B","Generated from authoritative parity row; later owner must update this row in the same commit as runtime implementation."
"P1.ITEM.116","items.instances","Persistent","Partial","MSC.Items.Runtime + MSC.Save.Integration","Loose sausage inherits package freshness, uses the sanitized reviewed donor mesh wrapper, cooks by contact at captured 30/10-second thresholds and consumes individually through the no-arm whole-food path.","A bounded implementation or DTO exists, but full Phase 1 state/restore coverage is incomplete: Loose sausage inherits package freshness, uses the sanitized reviewed donor mesh wrapper, cooks by contact at captured 30/10-second thresholds and consumes individually through the no-arm whole-food path.; prior save evidence: Individual freshness/timestamp/cooking seconds/consumed state and pose use native item/world domains; explicit round-trip passes.","DeferredByStableId","StableIdPreserved","09B","Generated from authoritative parity row; later owner must update this row in the same commit as runtime implementation."
"P1.ITEM.117","items.instances","Persistent","Partial","MSC.Items.Runtime + MSC.Save.Integration","09B catalog definition plus mutable stable instance schema; generic action/state/save support exists, donor-specific use flow remains incomplete.","A bounded implementation or DTO exists, but full Phase 1 state/restore coverage is incomplete: 09B catalog definition plus mutable stable instance schema; generic action/state/save support exists, donor-specific use flow remains incomplete.; prior save evidence: Partial: items.instances.native.v1 logical state + world.entities pose; row-specific round-trip/stream proof pending.","DeferredByStableId","StableIdPreserved","09B","Generated from authoritative parity row; later owner must update this row in the same commit as runtime implementation."
"P1.ITEM.118","items.instances","Persistent","Partial","MSC.Items.Runtime + MSC.Save.Integration","09B catalog definition plus mutable stable instance schema; generic action/state/save support exists, donor-specific use flow remains incomplete.","A bounded implementation or DTO exists, but full Phase 1 state/restore coverage is incomplete: 09B catalog definition plus mutable stable instance schema; generic action/state/save support exists, donor-specific use flow remains incomplete.; prior save evidence: Partial: items.instances.native.v1 logical state + world.entities pose; row-specific round-trip/stream proof pending.","DeferredByStableId","StableIdPreserved","09B","Generated from authoritative parity row; later owner must update this row in the same commit as runtime implementation."
"P1.ITEM.119","items.instances","Persistent","Partial","MSC.Items.Runtime + MSC.Save.Integration","09B catalog definition plus mutable stable instance schema; generic action/state/save support exists, donor-specific use flow remains incomplete.","A bounded implementation or DTO exists, but full Phase 1 state/restore coverage is incomplete: 09B catalog definition plus mutable stable instance schema; generic action/state/save support exists, donor-specific use flow remains incomplete.; prior save evidence: Partial: items.instances.native.v1 logical state + world.entities pose; row-specific round-trip/stream proof pending.","DeferredByStableId","StableIdPreserved","09B","Generated from authoritative parity row; later owner must update this row in the same commit as runtime implementation."
"P1.ITEM.120","items.instances","Persistent","Partial","MSC.Items.Runtime + MSC.Save.Integration","09B catalog definition plus mutable stable instance schema; generic action/state/save support exists, donor-specific use flow remains incomplete.","A bounded implementation or DTO exists, but full Phase 1 state/restore coverage is incomplete: 09B catalog definition plus mutable stable instance schema; generic action/state/save support exists, donor-specific use flow remains incomplete.; prior save evidence: Partial: items.instances.native.v1 logical state + world.entities pose; row-specific round-trip/stream proof pending.","DeferredByStableId","StableIdPreserved","09B","Generated from authoritative parity row; later owner must update this row in the same commit as runtime implementation."
"P1.ITEM.121","items.instances","Persistent","Partial","MSC.Items.Runtime + MSC.Save.Integration","09B catalog definition plus mutable stable instance schema; generic action/state/save support exists, donor-specific use flow remains incomplete.","A bounded implementation or DTO exists, but full Phase 1 state/restore coverage is incomplete: 09B catalog definition plus mutable stable instance schema; generic action/state/save support exists, donor-specific use flow remains incomplete.; prior save evidence: Partial: items.instances.native.v1 logical state + world.entities pose; row-specific round-trip/stream proof pending.","DeferredByStableId","StableIdPreserved","09B","Generated from authoritative parity row; later owner must update this row in the same commit as runtime implementation."
"P1.ITEM.122","items.instances","Persistent","Partial","MSC.Items.Runtime + MSC.Save.Integration","09B catalog definition plus mutable stable instance schema; generic action/state/save support exists, donor-specific use flow remains incomplete.","A bounded implementation or DTO exists, but full Phase 1 state/restore coverage is incomplete: 09B catalog definition plus mutable stable instance schema; generic action/state/save support exists, donor-specific use flow remains incomplete.; prior save evidence: Partial: items.instances.native.v1 logical state + world.entities pose; row-specific round-trip/stream proof pending.","DeferredByStableId","StableIdPreserved","09B","Generated from authoritative parity row; later owner must update this row in the same commit as runtime implementation."
"P1.ITEM.123","items.instances","Persistent","Partial","MSC.Items.Runtime + MSC.Save.Integration","09B catalog definition plus mutable stable instance schema; generic action/state/save support exists, donor-specific use flow remains incomplete.","A bounded implementation or DTO exists, but full Phase 1 state/restore coverage is incomplete: 09B catalog definition plus mutable stable instance schema; generic action/state/save support exists, donor-specific use flow remains incomplete.; prior save evidence: Partial: items.instances.native.v1 logical state + world.entities pose; row-specific round-trip/stream proof pending.","DeferredByStableId","StableIdPreserved","09B","Generated from authoritative parity row; later owner must update this row in the same commit as runtime implementation."
"P1.ITEM.124","items.instances","Persistent","Partial","MSC.Items.Runtime + MSC.Save.Integration","09B catalog definition plus mutable stable instance schema; generic action/state/save support exists, donor-specific use flow remains incomplete.","A bounded implementation or DTO exists, but full Phase 1 state/restore coverage is incomplete: 09B catalog definition plus mutable stable instance schema; generic action/state/save support exists, donor-specific use flow remains incomplete.; prior save evidence: Partial: items.instances.native.v1 logical state + world.entities pose; row-specific round-trip/stream proof pending.","DeferredByStableId","StableIdPreserved","09B","Generated from authoritative parity row; later owner must update this row in the same commit as runtime implementation."
"P1.ITEM.125","items.instances","Persistent","Partial","MSC.Items.Runtime + MSC.Save.Integration","09B catalog definition plus mutable stable instance schema; generic action/state/save support exists, donor-specific use flow remains incomplete.","A bounded implementation or DTO exists, but full Phase 1 state/restore coverage is incomplete: 09B catalog definition plus mutable stable instance schema; generic action/state/save support exists, donor-specific use flow remains incomplete.; prior save evidence: Partial: items.instances.native.v1 logical state + world.entities pose; row-specific round-trip/stream proof pending.","DeferredByStableId","StableIdPreserved","09B","Generated from authoritative parity row; later owner must update this row in the same commit as runtime implementation."
"P1.ITEM.126","items.instances","Persistent","Partial","MSC.Items.Runtime + MSC.Save.Integration","09B catalog definition plus mutable stable instance schema; generic action/state/save support exists, donor-specific use flow remains incomplete.","A bounded implementation or DTO exists, but full Phase 1 state/restore coverage is incomplete: 09B catalog definition plus mutable stable instance schema; generic action/state/save support exists, donor-specific use flow remains incomplete.; prior save evidence: Partial: items.instances.native.v1 logical state + world.entities pose; row-specific round-trip/stream proof pending.","DeferredByStableId","StableIdPreserved","09B","Generated from authoritative parity row; later owner must update this row in the same commit as runtime implementation."
"P1.ITEM.127","items.instances","Persistent","Partial","MSC.Items.Runtime + MSC.Save.Integration","09B catalog definition plus mutable stable instance schema; generic action/state/save support exists, donor-specific use flow remains incomplete.","A bounded implementation or DTO exists, but full Phase 1 state/restore coverage is incomplete: 09B catalog definition plus mutable stable instance schema; generic action/state/save support exists, donor-specific use flow remains incomplete.; prior save evidence: Partial: items.instances.native.v1 logical state + world.entities pose; row-specific round-trip/stream proof pending.","DeferredByStableId","StableIdPreserved","09B","Generated from authoritative parity row; later owner must update this row in the same commit as runtime implementation."
"P1.ITEM.128","items.instances","Persistent","Partial","MSC.Items.Runtime + MSC.Save.Integration","09B catalog definition plus mutable stable instance schema; generic action/state/save support exists, donor-specific use flow remains incomplete.","A bounded implementation or DTO exists, but full Phase 1 state/restore coverage is incomplete: 09B catalog definition plus mutable stable instance schema; generic action/state/save support exists, donor-specific use flow remains incomplete.; prior save evidence: Partial: items.instances.native.v1 logical state + world.entities pose; row-specific round-trip/stream proof pending.","DeferredByStableId","StableIdPreserved","09B","Generated from authoritative parity row; later owner must update this row in the same commit as runtime implementation."
"P1.ITEM.129","items.instances","Persistent","Partial","MSC.Items.Runtime + MSC.Save.Integration","09B catalog definition plus mutable stable instance schema; generic action/state/save support exists, donor-specific use flow remains incomplete.","A bounded implementation or DTO exists, but full Phase 1 state/restore coverage is incomplete: 09B catalog definition plus mutable stable instance schema; generic action/state/save support exists, donor-specific use flow remains incomplete.; prior save evidence: Partial: items.instances.native.v1 logical state + world.entities pose; row-specific round-trip/stream proof pending.","DeferredByStableId","StableIdPreserved","09B","Generated from authoritative parity row; later owner must update this row in the same commit as runtime implementation."
"P1.ITEM.130","items.instances","Persistent","Partial","MSC.Items.Runtime + MSC.Save.Integration","09B catalog definition plus mutable stable instance schema; generic action/state/save support exists, donor-specific use flow remains incomplete.","A bounded implementation or DTO exists, but full Phase 1 state/restore coverage is incomplete: 09B catalog definition plus mutable stable instance schema; generic action/state/save support exists, donor-specific use flow remains incomplete.; prior save evidence: Partial: items.instances.native.v1 logical state + world.entities pose; row-specific round-trip/stream proof pending.","DeferredByStableId","StableIdPreserved","09B","Generated from authoritative parity row; later owner must update this row in the same commit as runtime implementation."
"P1.ITEM.131","items.instances","Persistent","Partial","MSC.Items.Runtime + MSC.Save.Integration","09B catalog definition plus mutable stable instance schema; generic action/state/save support exists, donor-specific use flow remains incomplete.","A bounded implementation or DTO exists, but full Phase 1 state/restore coverage is incomplete: 09B catalog definition plus mutable stable instance schema; generic action/state/save support exists, donor-specific use flow remains incomplete.; prior save evidence: Partial: items.instances.native.v1 logical state + world.entities pose; row-specific round-trip/stream proof pending.","DeferredByStableId","StableIdPreserved","09B","Generated from authoritative parity row; later owner must update this row in the same commit as runtime implementation."
"P1.ITEM.132","items.instances","Persistent","Partial","MSC.Items.Runtime + MSC.Save.Integration","09B catalog definition plus mutable stable instance schema; generic action/state/save support exists, donor-specific use flow remains incomplete.","A bounded implementation or DTO exists, but full Phase 1 state/restore coverage is incomplete: 09B catalog definition plus mutable stable instance schema; generic action/state/save support exists, donor-specific use flow remains incomplete.; prior save evidence: Partial: items.instances.native.v1 logical state + world.entities pose; row-specific round-trip/stream proof pending.","DeferredByStableId","StableIdPreserved","09B","Generated from authoritative parity row; later owner must update this row in the same commit as runtime implementation."
"P1.ITEM.133","items.instances","Persistent","Partial","MSC.Items.Runtime + MSC.Save.Integration","09B catalog definition plus mutable stable instance schema; generic action/state/save support exists, donor-specific use flow remains incomplete.","A bounded implementation or DTO exists, but full Phase 1 state/restore coverage is incomplete: 09B catalog definition plus mutable stable instance schema; generic action/state/save support exists, donor-specific use flow remains incomplete.; prior save evidence: Partial: items.instances.native.v1 logical state + world.entities pose; row-specific round-trip/stream proof pending.","DeferredByStableId","StableIdPreserved","09B","Generated from authoritative parity row; later owner must update this row in the same commit as runtime implementation."
"P1.ITEM.134","items.instances","Persistent","Partial","MSC.Items.Runtime + MSC.Save.Integration","09B catalog definition plus mutable stable instance schema; generic action/state/save support exists, donor-specific use flow remains incomplete.","A bounded implementation or DTO exists, but full Phase 1 state/restore coverage is incomplete: 09B catalog definition plus mutable stable instance schema; generic action/state/save support exists, donor-specific use flow remains incomplete.; prior save evidence: Partial: items.instances.native.v1 logical state + world.entities pose; row-specific round-trip/stream proof pending.","DeferredByStableId","StableIdPreserved","09B","Generated from authoritative parity row; later owner must update this row in the same commit as runtime implementation."
"P1.ITEM.135","items.instances","Persistent","Partial","MSC.Items.Runtime + MSC.Save.Integration","09B catalog definition plus mutable stable instance schema; generic action/state/save support exists, donor-specific use flow remains incomplete.","A bounded implementation or DTO exists, but full Phase 1 state/restore coverage is incomplete: 09B catalog definition plus mutable stable instance schema; generic action/state/save support exists, donor-specific use flow remains incomplete.; prior save evidence: Partial: items.instances.native.v1 logical state + world.entities pose; row-specific round-trip/stream proof pending.","DeferredByStableId","StableIdPreserved","09B","Generated from authoritative parity row; later owner must update this row in the same commit as runtime implementation."
"P1.ITEM.136","items.instances","Persistent","Partial","MSC.Items.Runtime + MSC.Save.Integration","09B catalog definition plus mutable stable instance schema; generic action/state/save support exists, donor-specific use flow remains incomplete.","A bounded implementation or DTO exists, but full Phase 1 state/restore coverage is incomplete: 09B catalog definition plus mutable stable instance schema; generic action/state/save support exists, donor-specific use flow remains incomplete.; prior save evidence: Partial: items.instances.native.v1 logical state + world.entities pose; row-specific round-trip/stream proof pending.","DeferredByStableId","StableIdPreserved","09B","Generated from authoritative parity row; later owner must update this row in the same commit as runtime implementation."
"P1.ITEM.137","items.instances","Persistent","Partial","MSC.Items.Runtime + MSC.Save.Integration","09B catalog definition plus mutable stable instance schema; generic action/state/save support exists, donor-specific use flow remains incomplete.","A bounded implementation or DTO exists, but full Phase 1 state/restore coverage is incomplete: 09B catalog definition plus mutable stable instance schema; generic action/state/save support exists, donor-specific use flow remains incomplete.; prior save evidence: Partial: items.instances.native.v1 logical state + world.entities pose; row-specific round-trip/stream proof pending.","DeferredByStableId","StableIdPreserved","09B","Generated from authoritative parity row; later owner must update this row in the same commit as runtime implementation."
"P1.ITEM.138","items.instances","Persistent","Partial","MSC.Items.Runtime + MSC.Save.Integration","Project-owned case controller uses evidenced 0.45/0.25 s motion and exposes eleven physical wrench identities 5..15; the case itself has no tool identity","A bounded implementation or DTO exists, but full Phase 1 state/restore coverage is incomplete: Project-owned case controller uses evidenced 0.45/0.25 s motion and exposes eleven physical wrench identities 5..15; the case itself has no tool identity; prior save evidence: items.instances.native.v1 persists case open state and dynamic restore/cell rematerialization; individual detached wrench manual save acceptance pending.","DeferredByStableId","StableIdPreserved","09B","Generated from authoritative parity row; later owner must update this row in the same commit as runtime implementation."
"P1.ITEM.139","items.instances","Persistent","Partial","MSC.Items.Runtime + MSC.Save.Integration","09B catalog definition plus mutable stable instance schema; generic action/state/save support exists, donor-specific use flow remains incomplete.","A bounded implementation or DTO exists, but full Phase 1 state/restore coverage is incomplete: 09B catalog definition plus mutable stable instance schema; generic action/state/save support exists, donor-specific use flow remains incomplete.; prior save evidence: Partial: items.instances.native.v1 logical state + world.entities pose; row-specific round-trip/stream proof pending.","DeferredByStableId","StableIdPreserved","09B","Generated from authoritative parity row; later owner must update this row in the same commit as runtime implementation."
"P1.ITEM.140","items.instances","Persistent","Partial","MSC.Items.Runtime + MSC.Save.Integration","09B catalog definition plus mutable stable instance schema; generic action/state/save support exists, donor-specific use flow remains incomplete.","A bounded implementation or DTO exists, but full Phase 1 state/restore coverage is incomplete: 09B catalog definition plus mutable stable instance schema; generic action/state/save support exists, donor-specific use flow remains incomplete.; prior save evidence: Partial: items.instances.native.v1 logical state + world.entities pose; row-specific round-trip/stream proof pending.","DeferredByStableId","StableIdPreserved","09B","Generated from authoritative parity row; later owner must update this row in the same commit as runtime implementation."
"P1.ITEM.141","items.instances","Persistent","Partial","MSC.Items.Runtime + MSC.Save.Integration","09B catalog definition plus mutable stable instance schema; generic action/state/save support exists, donor-specific use flow remains incomplete.","A bounded implementation or DTO exists, but full Phase 1 state/restore coverage is incomplete: 09B catalog definition plus mutable stable instance schema; generic action/state/save support exists, donor-specific use flow remains incomplete.; prior save evidence: Partial: items.instances.native.v1 logical state + world.entities pose; row-specific round-trip/stream proof pending.","DeferredByStableId","StableIdPreserved","09B","Generated from authoritative parity row; later owner must update this row in the same commit as runtime implementation."
"P1.ITEM.142","items.instances","Persistent","Partial","MSC.Items.Runtime + MSC.Save.Integration","09B catalog definition plus mutable stable instance schema; generic action/state/save support exists, donor-specific use flow remains incomplete.","A bounded implementation or DTO exists, but full Phase 1 state/restore coverage is incomplete: 09B catalog definition plus mutable stable instance schema; generic action/state/save support exists, donor-specific use flow remains incomplete.; prior save evidence: Partial: items.instances.native.v1 logical state + world.entities pose; row-specific round-trip/stream proof pending.","DeferredByStableId","StableIdPreserved","09B","Generated from authoritative parity row; later owner must update this row in the same commit as runtime implementation."
"P1.ITEM.143","items.instances","Persistent","Partial","MSC.Items.Runtime + MSC.Save.Integration","Bucket body remains pickup/liquid authority; the separate lid F target drives saved isOpen and state-owned content surfaces.","A bounded implementation or DTO exists, but full Phase 1 state/restore coverage is incomplete: Bucket body remains pickup/liquid authority; the separate lid F target drives saved isOpen and state-owned content surfaces.; prior save evidence: items.instances.native.v1 persists liquid/open state and world.entities persists pose; focused state round-trip passed.","DeferredByStableId","StableIdPreserved","09B","Generated from authoritative parity row; later owner must update this row in the same commit as runtime implementation."
"P1.ITEM.144","items.instances","Persistent","Partial","MSC.Items.Runtime + MSC.Save.Integration","Canonical lid presentation is adopted by the bucket's project-owned hinge without replacing the independent stable item record.","A bounded implementation or DTO exists, but full Phase 1 state/restore coverage is incomplete: Canonical lid presentation is adopted by the bucket's project-owned hinge without replacing the independent stable item record.; prior save evidence: items.instances.native.v1 and world.entities retain the canonical lid record while bucket isOpen drives presentation.","DeferredByStableId","StableIdPreserved","09B","Generated from authoritative parity row; later owner must update this row in the same commit as runtime implementation."
"P1.ITEM.145","items.instances","Persistent","Partial","MSC.Items.Runtime + MSC.Save.Integration","10 L always-open water container; fills continuously from physical tap/shower streams, transfers to compatible containers/sauna receiver and automatically drains through the typed spill path when tilted.","A bounded implementation or DTO exists, but full Phase 1 state/restore coverage is incomplete: 10 L always-open water container; fills continuously from physical tap/shower streams, transfers to compatible containers/sauna receiver and automatically drains through the typed spill path when tilted.; prior save evidence: items.instances.native.v1 persists liquid ID/amount; world.entities persists pose; streamed round-trip pending.","DeferredByStableId","StableIdPreserved","09B","Generated from authoritative parity row; later owner must update this row in the same commit as runtime implementation."
"P1.ITEM.146","items.instances","Persistent","Partial","MSC.Items.Runtime + MSC.Save.Integration","0.5 L always-open water container; fills continuously from physical tap/shower streams, transfers through the project capability path, pours to the sauna receiver and automatically drains when tilted.","A bounded implementation or DTO exists, but full Phase 1 state/restore coverage is incomplete: 0.5 L always-open water container; fills continuously from physical tap/shower streams, transfers through the project capability path, pours to the sauna receiver and automatically drains when tilted.; prior save evidence: items.instances.native.v1 persists liquid ID/amount; world.entities persists pose; streamed round-trip pending.","DeferredByStableId","StableIdPreserved","09B","Generated from authoritative parity row; later owner must update this row in the same commit as runtime implementation."
"P1.ITEM.147","items.instances","Persistent","Partial","MSC.Items.Runtime + MSC.Save.Integration","09B catalog definition plus mutable stable instance schema; generic action/state/save support exists, donor-specific use flow remains incomplete.","A bounded implementation or DTO exists, but full Phase 1 state/restore coverage is incomplete: 09B catalog definition plus mutable stable instance schema; generic action/state/save support exists, donor-specific use flow remains incomplete.; prior save evidence: Partial: items.instances.native.v1 logical state + world.entities pose; row-specific round-trip/stream proof pending.","DeferredByStableId","StableIdPreserved","09B","Generated from authoritative parity row; later owner must update this row in the same commit as runtime implementation."
"P1.ITEM.148","items.instances","Persistent","Partial","MSC.Items.Runtime + MSC.Save.Integration","Always-open one-way Ignite definition with a project-owned full-cavity burn scan; eligible thrown items become consumed after 2.5 seconds anywhere inside the lit hot cavity.","A bounded implementation or DTO exists, but full Phase 1 state/restore coverage is incomplete: Always-open one-way Ignite definition with a project-owned full-cavity burn scan; eligible thrown items become consumed after 2.5 seconds anywhere inside the lit hot cavity.; prior save evidence: items.instances.native.v1 persists lit barrel and consumed item state; streamed round-trip pending.","DeferredByStableId","StableIdPreserved","09B","Generated from authoritative parity row; later owner must update this row in the same commit as runtime implementation."
"P1.ITEM.149","items.instances","Persistent","Partial","MSC.Items.Runtime + MSC.Save.Integration","ItemCombustionDefinition drives physical pour, ignition, flame/ember consumption and the existing generic ItemHeatSourceVolume.","A bounded implementation or DTO exists, but full Phase 1 state/restore coverage is incomplete: ItemCombustionDefinition drives physical pour, ignition, flame/ember consumption and the existing generic ItemHeatSourceVolume.; prior save evidence: items.instances.native.v1 persists content/enabled/open/wet/burn-time and world.entities persists pose; focused state round-trip passed.","DeferredByStableId","StableIdPreserved","09B","Generated from authoritative parity row; later owner must update this row in the same commit as runtime implementation."
"P1.ITEM.150","items.instances","Persistent","Partial","MSC.Items.Runtime + MSC.Save.Integration","09B catalog definition plus mutable stable instance schema; generic action/state/save support exists, donor-specific use flow remains incomplete.","A bounded implementation or DTO exists, but full Phase 1 state/restore coverage is incomplete: 09B catalog definition plus mutable stable instance schema; generic action/state/save support exists, donor-specific use flow remains incomplete.; prior save evidence: Partial: items.instances.native.v1 logical state + world.entities pose; row-specific round-trip/stream proof pending.","DeferredByStableId","StableIdPreserved","09B","Generated from authoritative parity row; later owner must update this row in the same commit as runtime implementation."
"P1.ITEM.151","items.instances","Persistent","Partial","MSC.Items.Runtime + MSC.Save.Integration","09B catalog definition plus mutable stable instance schema; generic action/state/save support exists, donor-specific use flow remains incomplete.","A bounded implementation or DTO exists, but full Phase 1 state/restore coverage is incomplete: 09B catalog definition plus mutable stable instance schema; generic action/state/save support exists, donor-specific use flow remains incomplete.; prior save evidence: Partial: items.instances.native.v1 logical state + world.entities pose; row-specific round-trip/stream proof pending.","DeferredByStableId","StableIdPreserved","09B","Generated from authoritative parity row; later owner must update this row in the same commit as runtime implementation."
"P1.ITEM.152","items.instances","Persistent","Partial","MSC.Items.Runtime + MSC.Save.Integration","09B catalog definition plus mutable stable instance schema; generic action/state/save support exists, donor-specific use flow remains incomplete.","A bounded implementation or DTO exists, but full Phase 1 state/restore coverage is incomplete: 09B catalog definition plus mutable stable instance schema; generic action/state/save support exists, donor-specific use flow remains incomplete.; prior save evidence: Partial: items.instances.native.v1 logical state + world.entities pose; row-specific round-trip/stream proof pending.","DeferredByStableId","StableIdPreserved","09B","Generated from authoritative parity row; later owner must update this row in the same commit as runtime implementation."
"P1.ITEM.153","items.instances","Persistent","Partial","MSC.Items.Runtime + MSC.Save.Integration","09B catalog definition plus mutable stable instance schema; generic action/state/save support exists, donor-specific use flow remains incomplete.","A bounded implementation or DTO exists, but full Phase 1 state/restore coverage is incomplete: 09B catalog definition plus mutable stable instance schema; generic action/state/save support exists, donor-specific use flow remains incomplete.; prior save evidence: Partial: items.instances.native.v1 logical state + world.entities pose; row-specific round-trip/stream proof pending.","DeferredByStableId","StableIdPreserved","09B","Generated from authoritative parity row; later owner must update this row in the same commit as runtime implementation."
"P1.ITEM.154","items.instances","Persistent","Partial","MSC.Items.Runtime + MSC.Save.Integration","09B catalog definition plus mutable stable instance schema; generic action/state/save support exists, donor-specific use flow remains incomplete.","A bounded implementation or DTO exists, but full Phase 1 state/restore coverage is incomplete: 09B catalog definition plus mutable stable instance schema; generic action/state/save support exists, donor-specific use flow remains incomplete.; prior save evidence: Partial: items.instances.native.v1 logical state + world.entities pose; row-specific round-trip/stream proof pending.","DeferredByStableId","StableIdPreserved","09B","Generated from authoritative parity row; later owner must update this row in the same commit as runtime implementation."
"P1.ITEM.155","items.instances","Persistent","Partial","MSC.Items.Runtime + MSC.Save.Integration","09B stable item instance plus project-owned paint-applied, paint-matte and RGB state; HelmetPaintPresentation applies color/smoothness through a MaterialPropertyBlock without importing donor FSM authority.","A bounded implementation or DTO exists, but full Phase 1 state/restore coverage is incomplete: 09B stable item instance plus project-owned paint-applied, paint-matte and RGB state; HelmetPaintPresentation applies color/smoothness through a MaterialPropertyBlock without importing donor FSM authority.; prior save evidence: Partial: items.instances.native.v1 persists generic paint fields and world.entities.native.v2 owns dynamic pose/gravity; v10-to-v11 paint-state migration and automated logical-state tests pass, unloaded-cell/manual round-trip pending.","DeferredByStableId","StableIdPreserved","09B","Generated from authoritative parity row; later owner must update this row in the same commit as runtime implementation."
"P1.ITEM.156","items.instances","Persistent","Partial","MSC.Items.Runtime + MSC.Save.Integration","09B catalog definition plus mutable stable instance schema; generic action/state/save support exists, donor-specific use flow remains incomplete.","A bounded implementation or DTO exists, but full Phase 1 state/restore coverage is incomplete: 09B catalog definition plus mutable stable instance schema; generic action/state/save support exists, donor-specific use flow remains incomplete.; prior save evidence: Partial: items.instances.native.v1 logical state + world.entities pose; row-specific round-trip/stream proof pending.","DeferredByStableId","StableIdPreserved","09B","Generated from authoritative parity row; later owner must update this row in the same commit as runtime implementation."
"P1.ITEM.157","items.instances","Persistent","Partial","MSC.Items.Runtime + MSC.Save.Integration","09B catalog definition plus mutable stable instance schema; generic action/state/save support exists, donor-specific use flow remains incomplete.","A bounded implementation or DTO exists, but full Phase 1 state/restore coverage is incomplete: 09B catalog definition plus mutable stable instance schema; generic action/state/save support exists, donor-specific use flow remains incomplete.; prior save evidence: Partial: items.instances.native.v1 logical state + world.entities pose; row-specific round-trip/stream proof pending.","DeferredByStableId","StableIdPreserved","09B","Generated from authoritative parity row; later owner must update this row in the same commit as runtime implementation."
"P1.ITEM.158","items.instances","Persistent","Partial","MSC.Items.Runtime + MSC.Save.Integration","09B catalog definition plus mutable stable instance schema; generic action/state/save support exists, donor-specific use flow remains incomplete.","A bounded implementation or DTO exists, but full Phase 1 state/restore coverage is incomplete: 09B catalog definition plus mutable stable instance schema; generic action/state/save support exists, donor-specific use flow remains incomplete.; prior save evidence: Partial: items.instances.native.v1 logical state + world.entities pose; row-specific round-trip/stream proof pending.","DeferredByStableId","StableIdPreserved","09B","Generated from authoritative parity row; later owner must update this row in the same commit as runtime implementation."
"P1.ITEM.159","items.instances","Persistent","Partial","MSC.Items.Runtime + MSC.Save.Integration","09B catalog definition plus mutable stable instance schema; generic action/state/save support exists, donor-specific use flow remains incomplete.","A bounded implementation or DTO exists, but full Phase 1 state/restore coverage is incomplete: 09B catalog definition plus mutable stable instance schema; generic action/state/save support exists, donor-specific use flow remains incomplete.; prior save evidence: Partial: items.instances.native.v1 logical state + world.entities pose; row-specific round-trip/stream proof pending.","DeferredByStableId","StableIdPreserved","09B","Generated from authoritative parity row; later owner must update this row in the same commit as runtime implementation."
"P1.ITEM.160","items.instances","Persistent","Partial","MSC.Items.Runtime + MSC.Save.Integration","09B catalog definition plus mutable stable instance schema; generic action/state/save support exists, donor-specific use flow remains incomplete.","A bounded implementation or DTO exists, but full Phase 1 state/restore coverage is incomplete: 09B catalog definition plus mutable stable instance schema; generic action/state/save support exists, donor-specific use flow remains incomplete.; prior save evidence: Partial: items.instances.native.v1 logical state + world.entities pose; row-specific round-trip/stream proof pending.","DeferredByStableId","StableIdPreserved","09B","Generated from authoritative parity row; later owner must update this row in the same commit as runtime implementation."
"P1.ITEM.161","items.instances","Persistent","Partial","MSC.Items.Runtime + MSC.Save.Integration","09B catalog definition plus mutable stable instance schema; generic action/state/save support exists, donor-specific use flow remains incomplete.","A bounded implementation or DTO exists, but full Phase 1 state/restore coverage is incomplete: 09B catalog definition plus mutable stable instance schema; generic action/state/save support exists, donor-specific use flow remains incomplete.; prior save evidence: Partial: items.instances.native.v1 logical state + world.entities pose; row-specific round-trip/stream proof pending.","DeferredByStableId","StableIdPreserved","09B","Generated from authoritative parity row; later owner must update this row in the same commit as runtime implementation."
"P1.ITEM.162","items.instances","Persistent","Partial","MSC.Items.Runtime + MSC.Save.Integration","09B catalog definition plus mutable stable instance schema; generic action/state/save support exists, donor-specific use flow remains incomplete.","A bounded implementation or DTO exists, but full Phase 1 state/restore coverage is incomplete: 09B catalog definition plus mutable stable instance schema; generic action/state/save support exists, donor-specific use flow remains incomplete.; prior save evidence: Partial: items.instances.native.v1 logical state + world.entities pose; row-specific round-trip/stream proof pending.","DeferredByStableId","StableIdPreserved","09B","Generated from authoritative parity row; later owner must update this row in the same commit as runtime implementation."
"P1.ITEM.163","items.instances","Persistent","Partial","MSC.Items.Runtime + MSC.Save.Integration","09B catalog definition plus mutable stable instance schema; generic action/state/save support exists, donor-specific use flow remains incomplete.","A bounded implementation or DTO exists, but full Phase 1 state/restore coverage is incomplete: 09B catalog definition plus mutable stable instance schema; generic action/state/save support exists, donor-specific use flow remains incomplete.; prior save evidence: Partial: items.instances.native.v1 logical state + world.entities pose; row-specific round-trip/stream proof pending.","DeferredByStableId","StableIdPreserved","09B","Generated from authoritative parity row; later owner must update this row in the same commit as runtime implementation."
"P1.ITEM.164","items.instances","Persistent","Partial","MSC.Items.Runtime + MSC.Save.Integration","09B catalog definition plus mutable stable instance schema; generic action/state/save support exists, donor-specific use flow remains incomplete.","A bounded implementation or DTO exists, but full Phase 1 state/restore coverage is incomplete: 09B catalog definition plus mutable stable instance schema; generic action/state/save support exists, donor-specific use flow remains incomplete.; prior save evidence: Partial: items.instances.native.v1 logical state + world.entities pose; row-specific round-trip/stream proof pending.","DeferredByStableId","StableIdPreserved","09B","Generated from authoritative parity row; later owner must update this row in the same commit as runtime implementation."
"P1.ITEM.165","items.instances","Persistent","Partial","MSC.Items.Runtime + MSC.Save.Integration","09B catalog definition plus mutable stable instance schema; generic action/state/save support exists, donor-specific use flow remains incomplete.","A bounded implementation or DTO exists, but full Phase 1 state/restore coverage is incomplete: 09B catalog definition plus mutable stable instance schema; generic action/state/save support exists, donor-specific use flow remains incomplete.; prior save evidence: Partial: items.instances.native.v1 logical state + world.entities pose; row-specific round-trip/stream proof pending.","DeferredByStableId","StableIdPreserved","09B","Generated from authoritative parity row; later owner must update this row in the same commit as runtime implementation."
"P1.ITEM.166","items.instances","Persistent","Partial","MSC.Items.Runtime + MSC.Save.Integration","09B catalog definition plus mutable stable instance schema; generic action/state/save support exists, donor-specific use flow remains incomplete.","A bounded implementation or DTO exists, but full Phase 1 state/restore coverage is incomplete: 09B catalog definition plus mutable stable instance schema; generic action/state/save support exists, donor-specific use flow remains incomplete.; prior save evidence: Partial: items.instances.native.v1 logical state + world.entities pose; row-specific round-trip/stream proof pending.","DeferredByStableId","StableIdPreserved","09B","Generated from authoritative parity row; later owner must update this row in the same commit as runtime implementation."
"P1.ITEM.167","items.instances","Persistent","Partial","MSC.Items.Runtime + MSC.Save.Integration","09B catalog definition plus mutable stable instance schema; generic action/state/save support exists, donor-specific use flow remains incomplete.","A bounded implementation or DTO exists, but full Phase 1 state/restore coverage is incomplete: 09B catalog definition plus mutable stable instance schema; generic action/state/save support exists, donor-specific use flow remains incomplete.; prior save evidence: Partial: items.instances.native.v1 logical state + world.entities pose; row-specific round-trip/stream proof pending.","DeferredByStableId","StableIdPreserved","09B","Generated from authoritative parity row; later owner must update this row in the same commit as runtime implementation."
"P1.ITEM.168","items.instances","Persistent","Partial","MSC.Items.Runtime + MSC.Save.Integration","09B catalog definition plus mutable stable instance schema; generic action/state/save support exists, donor-specific use flow remains incomplete.","A bounded implementation or DTO exists, but full Phase 1 state/restore coverage is incomplete: 09B catalog definition plus mutable stable instance schema; generic action/state/save support exists, donor-specific use flow remains incomplete.; prior save evidence: Partial: items.instances.native.v1 logical state + world.entities pose; row-specific round-trip/stream proof pending.","DeferredByStableId","StableIdPreserved","09B","Generated from authoritative parity row; later owner must update this row in the same commit as runtime implementation."
"P1.ITEM.169","items.instances","Persistent","Partial","MSC.Items.Runtime + MSC.Save.Integration","09B catalog definition plus mutable stable instance schema; generic action/state/save support exists, donor-specific use flow remains incomplete.","A bounded implementation or DTO exists, but full Phase 1 state/restore coverage is incomplete: 09B catalog definition plus mutable stable instance schema; generic action/state/save support exists, donor-specific use flow remains incomplete.; prior save evidence: Partial: items.instances.native.v1 logical state + world.entities pose; row-specific round-trip/stream proof pending.","DeferredByStableId","StableIdPreserved","09B","Generated from authoritative parity row; later owner must update this row in the same commit as runtime implementation."
"P1.ITEM.170","items.instances","Persistent","Partial","MSC.Items.Runtime + MSC.Save.Integration","09B catalog definition plus mutable stable instance schema; generic action/state/save support exists, donor-specific use flow remains incomplete.","A bounded implementation or DTO exists, but full Phase 1 state/restore coverage is incomplete: 09B catalog definition plus mutable stable instance schema; generic action/state/save support exists, donor-specific use flow remains incomplete.; prior save evidence: Partial: items.instances.native.v1 logical state + world.entities pose; row-specific round-trip/stream proof pending.","DeferredByStableId","StableIdPreserved","09B","Generated from authoritative parity row; later owner must update this row in the same commit as runtime implementation."
"P1.ITEM.171","items.instances","Persistent","Partial","MSC.Items.Runtime + MSC.Save.Integration","09B stable item instance now uses a dynamic gravity-enabled Rigidbody, sphere collider, basketball-specific friction/bounce and VotV-style loose-body wake/release policy.","A bounded implementation or DTO exists, but full Phase 1 state/restore coverage is incomplete: 09B stable item instance now uses a dynamic gravity-enabled Rigidbody, sphere collider, basketball-specific friction/bounce and VotV-style loose-body wake/release policy.; prior save evidence: Partial: items.instances.native.v1 logical state + world.entities.native.v2 dynamic pose/gravity; v9-to-v10 gravity migration and automated throw regression pass, unloaded-cell/manual round-trip pending.","DeferredByStableId","StableIdPreserved","09B","Generated from authoritative parity row; later owner must update this row in the same commit as runtime implementation."
"P1.ITEM.172","items.instances","Persistent","Partial","MSC.Items.Runtime + MSC.Save.Integration","09B catalog definition plus mutable stable instance schema; generic action/state/save support exists, donor-specific use flow remains incomplete.","A bounded implementation or DTO exists, but full Phase 1 state/restore coverage is incomplete: 09B catalog definition plus mutable stable instance schema; generic action/state/save support exists, donor-specific use flow remains incomplete.; prior save evidence: Partial: items.instances.native.v1 logical state + world.entities pose; row-specific round-trip/stream proof pending.","DeferredByStableId","StableIdPreserved","09B","Generated from authoritative parity row; later owner must update this row in the same commit as runtime implementation."
"P1.ITEM.173","items.instances","Persistent","Partial","MSC.Items.Runtime + MSC.Save.Integration","09B catalog definition plus mutable stable instance schema; generic action/state/save support exists, donor-specific use flow remains incomplete.","A bounded implementation or DTO exists, but full Phase 1 state/restore coverage is incomplete: 09B catalog definition plus mutable stable instance schema; generic action/state/save support exists, donor-specific use flow remains incomplete.; prior save evidence: Partial: items.instances.native.v1 logical state + world.entities pose; row-specific round-trip/stream proof pending.","DeferredByStableId","StableIdPreserved","09B","Generated from authoritative parity row; later owner must update this row in the same commit as runtime implementation."
"P1.ITEM.174","items.instances","Persistent","Partial","MSC.Items.Runtime + MSC.Save.Integration","09B catalog definition plus mutable stable instance schema; generic action/state/save support exists, donor-specific use flow remains incomplete.","A bounded implementation or DTO exists, but full Phase 1 state/restore coverage is incomplete: 09B catalog definition plus mutable stable instance schema; generic action/state/save support exists, donor-specific use flow remains incomplete.; prior save evidence: Partial: items.instances.native.v1 logical state + world.entities pose; row-specific round-trip/stream proof pending.","DeferredByStableId","StableIdPreserved","09B","Generated from authoritative parity row; later owner must update this row in the same commit as runtime implementation."
"P1.ITEM.175","items.instances","Persistent","Partial","MSC.Items.Runtime + MSC.Save.Integration","09B catalog definition plus mutable stable instance schema; generic action/state/save support exists, donor-specific use flow remains incomplete.","A bounded implementation or DTO exists, but full Phase 1 state/restore coverage is incomplete: 09B catalog definition plus mutable stable instance schema; generic action/state/save support exists, donor-specific use flow remains incomplete.; prior save evidence: Partial: items.instances.native.v1 logical state + world.entities pose; row-specific round-trip/stream proof pending.","DeferredByStableId","StableIdPreserved","09B","Generated from authoritative parity row; later owner must update this row in the same commit as runtime implementation."
"P1.ITEM.176","items.instances","Persistent","Partial","MSC.Items.Runtime + MSC.Save.Integration","09B catalog definition plus mutable stable instance schema; generic action/state/save support exists, donor-specific use flow remains incomplete.","A bounded implementation or DTO exists, but full Phase 1 state/restore coverage is incomplete: 09B catalog definition plus mutable stable instance schema; generic action/state/save support exists, donor-specific use flow remains incomplete.; prior save evidence: Partial: items.instances.native.v1 logical state + world.entities pose; row-specific round-trip/stream proof pending.","DeferredByStableId","StableIdPreserved","09B","Generated from authoritative parity row; later owner must update this row in the same commit as runtime implementation."
"P1.ITEM.177","items.instances","Persistent","Partial","MSC.Items.Runtime + MSC.Save.Integration","09B catalog definition plus mutable stable instance schema; generic action/state/save support exists, donor-specific use flow remains incomplete.","A bounded implementation or DTO exists, but full Phase 1 state/restore coverage is incomplete: 09B catalog definition plus mutable stable instance schema; generic action/state/save support exists, donor-specific use flow remains incomplete.; prior save evidence: Partial: items.instances.native.v1 logical state + world.entities pose; row-specific round-trip/stream proof pending.","DeferredByStableId","StableIdPreserved","09B","Generated from authoritative parity row; later owner must update this row in the same commit as runtime implementation."
"P1.ITEM.178","items.instances","Persistent","Partial","MSC.Items.Runtime + MSC.Save.Integration","09B catalog definition plus mutable stable instance schema; generic action/state/save support exists, donor-specific use flow remains incomplete.","A bounded implementation or DTO exists, but full Phase 1 state/restore coverage is incomplete: 09B catalog definition plus mutable stable instance schema; generic action/state/save support exists, donor-specific use flow remains incomplete.; prior save evidence: Partial: items.instances.native.v1 logical state + world.entities pose; row-specific round-trip/stream proof pending.","DeferredByStableId","StableIdPreserved","09B","Generated from authoritative parity row; later owner must update this row in the same commit as runtime implementation."
"P1.ITEM.179","items.instances","Persistent","Partial","MSC.Items.Runtime + MSC.Save.Integration","09B catalog definition plus mutable stable instance schema; generic action/state/save support exists, donor-specific use flow remains incomplete.","A bounded implementation or DTO exists, but full Phase 1 state/restore coverage is incomplete: 09B catalog definition plus mutable stable instance schema; generic action/state/save support exists, donor-specific use flow remains incomplete.; prior save evidence: Partial: items.instances.native.v1 logical state + world.entities pose; row-specific round-trip/stream proof pending.","DeferredByStableId","StableIdPreserved","09B","Generated from authoritative parity row; later owner must update this row in the same commit as runtime implementation."
"P1.ITEM.180","items.instances","Persistent","Uncovered","MSC.Items.Runtime + MSC.Save.Integration","09B optional catalog definition only; donor reachability and required-scope status are unproven.","Donor behavior or persistence semantics remain unknown; owning milestone must resolve evidence before defining a DTO.","DeferredByStableId","StableIdPreserved","09B","Generated from authoritative parity row; later owner must update this row in the same commit as runtime implementation."
"P1.ITEM.181","items.instances","Persistent","Uncovered","MSC.Items.Runtime + MSC.Save.Integration","09B optional catalog definition only; donor reachability and required-scope status are unproven.","Donor behavior or persistence semantics remain unknown; owning milestone must resolve evidence before defining a DTO.","DeferredByStableId","StableIdPreserved","09B","Generated from authoritative parity row; later owner must update this row in the same commit as runtime implementation."
"P1.ITEM.182","items.instances","Persistent","Uncovered","MSC.Items.Runtime + MSC.Save.Integration","09B optional catalog definition only; donor reachability and required-scope status are unproven.","Donor behavior or persistence semantics remain unknown; owning milestone must resolve evidence before defining a DTO.","DeferredByStableId","StableIdPreserved","09B","Generated from authoritative parity row; later owner must update this row in the same commit as runtime implementation."
"P1.NPC.101","npc.state","Persistent","Partial","MSC.NPC.Runtime + MSC.Save.Integration","10B-R2 explicit StateOnly stable identity and exact converted state anchor","A bounded implementation or DTO exists, but full Phase 1 state/restore coverage is incomplete: 10B-R2 explicit StateOnly stable identity and exact converted state anchor; prior save evidence: npc.state schema 2 in document v12 persists the relationship-state identity.","DeferredByStableId","StableIdPreserved","10B","Generated from authoritative parity row; later owner must update this row in the same commit as runtime implementation."
"P1.NPC.102","npc.state","Persistent","Planned","MSC.NPC.Runtime + MSC.Save.Integration","Nothing; evidence only","Future Phase 1 domain is not implemented. Owning milestone must add stable identity, DTO, participant, migration note and round-trip coverage without fabricating state.","DeferredByStableId","StableIdPreserved","10B","Generated from authoritative parity row; later owner must update this row in the same commit as runtime implementation."
"P1.NPC.103","npc.state","NonPersistent","NotRequired","MSC.NPC.Runtime + MSC.Save.Integration","Merged into P1.NPC.006 passenger presentation state","No independent persistent domain is required: Not applicable as an independent save row; Suski state is owned by P1.NPC.006 in document v13. Source status: Rejected.","NotApplicable","NotApplicable","10B","Generated from authoritative parity row; later owner must update this row in the same commit as runtime implementation."
"P1.NPC.104","npc.state","Persistent","Planned","MSC.NPC.Runtime + MSC.Save.Integration","Nothing; evidence only","Future Phase 1 domain is not implemented. Owning milestone must add stable identity, DTO, participant, migration note and round-trip coverage without fabricating state.","DeferredByStableId","StableIdPreserved","10B","Generated from authoritative parity row; later owner must update this row in the same commit as runtime implementation."
"P1.NPC.105","npc.state","Persistent","Planned","MSC.NPC.Runtime + MSC.Save.Integration","Nothing; evidence only","Future Phase 1 domain is not implemented. Owning milestone must add stable identity, DTO, participant, migration note and round-trip coverage without fabricating state.","DeferredByStableId","StableIdPreserved","10B","Generated from authoritative parity row; later owner must update this row in the same commit as runtime implementation."
"P1.NPC.106","npc.state","Persistent","Planned","MSC.NPC.Runtime + MSC.Save.Integration","Nothing; evidence only","Future Phase 1 domain is not implemented. Owning milestone must add stable identity, DTO, participant, migration note and round-trip coverage without fabricating state.","DeferredByStableId","StableIdPreserved","10B","Generated from authoritative parity row; later owner must update this row in the same commit as runtime implementation."
"P1.NPC.107","npc.state","Persistent","Planned","MSC.NPC.Runtime + MSC.Save.Integration","Nothing; evidence only","Future Phase 1 domain is not implemented. Owning milestone must add stable identity, DTO, participant, migration note and round-trip coverage without fabricating state.","DeferredByStableId","StableIdPreserved","10B","Generated from authoritative parity row; later owner must update this row in the same commit as runtime implementation."
"P1.NPC.108","npc.state","Persistent","Planned","MSC.NPC.Runtime + MSC.Save.Integration","Nothing; evidence only","Future Phase 1 domain is not implemented. Owning milestone must add stable identity, DTO, participant, migration note and round-trip coverage without fabricating state.","DeferredByStableId","StableIdPreserved","10B","Generated from authoritative parity row; later owner must update this row in the same commit as runtime implementation."
"P1.NPC.109","npc.state","Persistent","Planned","MSC.NPC.Runtime + MSC.Save.Integration","Nothing; evidence only","Future Phase 1 domain is not implemented. Owning milestone must add stable identity, DTO, participant, migration note and round-trip coverage without fabricating state.","DeferredByStableId","StableIdPreserved","10B","Generated from authoritative parity row; later owner must update this row in the same commit as runtime implementation."
"P1.NPC.110","npc.state","Persistent","Planned","MSC.NPC.Runtime + MSC.Save.Integration","Nothing; evidence only","Future Phase 1 domain is not implemented. Owning milestone must add stable identity, DTO, participant, migration note and round-trip coverage without fabricating state.","DeferredByStableId","StableIdPreserved","10B","Generated from authoritative parity row; later owner must update this row in the same commit as runtime implementation."
"P1.NPC.111","npc.state","Persistent","Planned","MSC.NPC.Runtime + MSC.Save.Integration","Nothing; evidence only","Future Phase 1 domain is not implemented. Owning milestone must add stable identity, DTO, participant, migration note and round-trip coverage without fabricating state.","DeferredByStableId","StableIdPreserved","10B","Generated from authoritative parity row; later owner must update this row in the same commit as runtime implementation."
"P1.NPC.112","npc.state","Persistent","Planned","MSC.NPC.Runtime + MSC.Save.Integration","Nothing; evidence only","Future Phase 1 domain is not implemented. Owning milestone must add stable identity, DTO, participant, migration note and round-trip coverage without fabricating state.","DeferredByStableId","StableIdPreserved","10B","Generated from authoritative parity row; later owner must update this row in the same commit as runtime implementation."
"P1.NPC.113","npc.state","Persistent","Planned","MSC.NPC.Runtime + MSC.Save.Integration","Nothing; evidence only","Future Phase 1 domain is not implemented. Owning milestone must add stable identity, DTO, participant, migration note and round-trip coverage without fabricating state.","DeferredByStableId","StableIdPreserved","10B","Generated from authoritative parity row; later owner must update this row in the same commit as runtime implementation."
"P1.NPC.114","npc.state","Persistent","Planned","MSC.NPC.Runtime + MSC.Save.Integration","Nothing; evidence only","Future Phase 1 domain is not implemented. Owning milestone must add stable identity, DTO, participant, migration note and round-trip coverage without fabricating state.","DeferredByStableId","StableIdPreserved","10B","Generated from authoritative parity row; later owner must update this row in the same commit as runtime implementation."
"P1.NPC.115","npc.state","Persistent","Planned","MSC.NPC.Runtime + MSC.Save.Integration","Nothing; evidence only","Future Phase 1 domain is not implemented. Owning milestone must add stable identity, DTO, participant, migration note and round-trip coverage without fabricating state.","DeferredByStableId","StableIdPreserved","10B","Generated from authoritative parity row; later owner must update this row in the same commit as runtime implementation."
"P1.NPC.116","npc.state","Persistent","Planned","MSC.NPC.Runtime + MSC.Save.Integration","Nothing; evidence only","Future Phase 1 domain is not implemented. Owning milestone must add stable identity, DTO, participant, migration note and round-trip coverage without fabricating state.","DeferredByStableId","StableIdPreserved","10B","Generated from authoritative parity row; later owner must update this row in the same commit as runtime implementation."
"P1.NPC.117","npc.state","Persistent","Planned","MSC.NPC.Runtime + MSC.Save.Integration","Nothing; evidence only","Future Phase 1 domain is not implemented. Owning milestone must add stable identity, DTO, participant, migration note and round-trip coverage without fabricating state.","DeferredByStableId","StableIdPreserved","10B","Generated from authoritative parity row; later owner must update this row in the same commit as runtime implementation."
"P1.NPC.118","npc.state","Persistent","Planned","MSC.NPC.Runtime + MSC.Save.Integration","Nothing; evidence only","Future Phase 1 domain is not implemented. Owning milestone must add stable identity, DTO, participant, migration note and round-trip coverage without fabricating state.","DeferredByStableId","StableIdPreserved","10B","Generated from authoritative parity row; later owner must update this row in the same commit as runtime implementation."
"P1.NPC.119","npc.state","Persistent","Planned","MSC.NPC.Runtime + MSC.Save.Integration","Nothing; evidence only","Future Phase 1 domain is not implemented. Owning milestone must add stable identity, DTO, participant, migration note and round-trip coverage without fabricating state.","DeferredByStableId","StableIdPreserved","10B","Generated from authoritative parity row; later owner must update this row in the same commit as runtime implementation."
"P1.NPC.120","npc.state","Persistent","Planned","MSC.NPC.Runtime + MSC.Save.Integration","Nothing; evidence only","Future Phase 1 domain is not implemented. Owning milestone must add stable identity, DTO, participant, migration note and round-trip coverage without fabricating state.","DeferredByStableId","StableIdPreserved","10B","Generated from authoritative parity row; later owner must update this row in the same commit as runtime implementation."
"P1.NPC.121","npc.state","Persistent","Planned","MSC.NPC.Runtime + MSC.Save.Integration","Nothing; evidence only","Future Phase 1 domain is not implemented. Owning milestone must add stable identity, DTO, participant, migration note and round-trip coverage without fabricating state.","DeferredByStableId","StableIdPreserved","10B","Generated from authoritative parity row; later owner must update this row in the same commit as runtime implementation."
"P1.NPC.122","npc.state","Persistent","Planned","MSC.NPC.Runtime + MSC.Save.Integration","Nothing; evidence only","Future Phase 1 domain is not implemented. Owning milestone must add stable identity, DTO, participant, migration note and round-trip coverage without fabricating state.","DeferredByStableId","StableIdPreserved","10B","Generated from authoritative parity row; later owner must update this row in the same commit as runtime implementation."
"P1.NPC.123","npc.state","Persistent","Planned","MSC.NPC.Runtime + MSC.Save.Integration","Nothing; evidence only","Future Phase 1 domain is not implemented. Owning milestone must add stable identity, DTO, participant, migration note and round-trip coverage without fabricating state.","DeferredByStableId","StableIdPreserved","10B","Generated from authoritative parity row; later owner must update this row in the same commit as runtime implementation."
"P1.NPC.124","npc.state","Persistent","Planned","MSC.NPC.Runtime + MSC.Save.Integration","Nothing; evidence only","Future Phase 1 domain is not implemented. Owning milestone must add stable identity, DTO, participant, migration note and round-trip coverage without fabricating state.","DeferredByStableId","StableIdPreserved","10B","Generated from authoritative parity row; later owner must update this row in the same commit as runtime implementation."
"P1.NPC.125","npc.state","Persistent","Planned","MSC.NPC.Runtime + MSC.Save.Integration","Nothing; evidence only","Future Phase 1 domain is not implemented. Owning milestone must add stable identity, DTO, participant, migration note and round-trip coverage without fabricating state.","DeferredByStableId","StableIdPreserved","10B","Generated from authoritative parity row; later owner must update this row in the same commit as runtime implementation."
"P1.VEHICLE.101","vehicles.instances","Persistent","Planned","MSC.Vehicle.Runtime (planned full roster)","Nothing; evidence only","Future Phase 1 domain is not implemented. Owning milestone must add stable identity, DTO, participant, migration note and round-trip coverage without fabricating state.","DeferredByStableId","StableIdPreserved","11A","Generated from authoritative parity row; later owner must update this row in the same commit as runtime implementation."
"P1.VEHICLE.102","vehicles.instances","Persistent","Planned","MSC.Vehicle.Runtime (planned full roster)","Nothing; evidence only","Future Phase 1 domain is not implemented. Owning milestone must add stable identity, DTO, participant, migration note and round-trip coverage without fabricating state.","DeferredByStableId","StableIdPreserved","11A","Generated from authoritative parity row; later owner must update this row in the same commit as runtime implementation."
"P1.VEHICLE.103","vehicles.instances","Persistent","Planned","MSC.Vehicle.Runtime (planned full roster)","Nothing; evidence only","Future Phase 1 domain is not implemented. Owning milestone must add stable identity, DTO, participant, migration note and round-trip coverage without fabricating state.","DeferredByStableId","StableIdPreserved","11A","Generated from authoritative parity row; later owner must update this row in the same commit as runtime implementation."
"P1.VEHICLE.104","vehicles.instances","Persistent","Planned","MSC.Vehicle.Runtime (planned full roster)","Nothing; evidence only","Future Phase 1 domain is not implemented. Owning milestone must add stable identity, DTO, participant, migration note and round-trip coverage without fabricating state.","DeferredByStableId","StableIdPreserved","11A","Generated from authoritative parity row; later owner must update this row in the same commit as runtime implementation."
"P1.VEHICLE.105","vehicles.instances","Persistent","Planned","MSC.Vehicle.Runtime (planned full roster)","Nothing; evidence only","Future Phase 1 domain is not implemented. Owning milestone must add stable identity, DTO, participant, migration note and round-trip coverage without fabricating state.","DeferredByStableId","StableIdPreserved","11B","Generated from authoritative parity row; later owner must update this row in the same commit as runtime implementation."
"P1.VEHICLE.106","vehicles.instances","Persistent","Planned","MSC.Vehicle.Runtime (planned full roster)","Nothing; evidence only","Future Phase 1 domain is not implemented. Owning milestone must add stable identity, DTO, participant, migration note and round-trip coverage without fabricating state.","DeferredByStableId","StableIdPreserved","11B","Generated from authoritative parity row; later owner must update this row in the same commit as runtime implementation."
"P1.VEHICLE.107","vehicles.instances","Persistent","Planned","MSC.Vehicle.Runtime (planned full roster)","Nothing; evidence only","Future Phase 1 domain is not implemented. Owning milestone must add stable identity, DTO, participant, migration note and round-trip coverage without fabricating state.","DeferredByStableId","StableIdPreserved","13B","Generated from authoritative parity row; later owner must update this row in the same commit as runtime implementation."
"P1.VEHICLE.108","vehicles.instances","Persistent","Planned","MSC.Vehicle.Runtime (planned full roster)","Nothing; evidence only","Future Phase 1 domain is not implemented. Owning milestone must add stable identity, DTO, participant, migration note and round-trip coverage without fabricating state.","DeferredByStableId","StableIdPreserved","13B","Generated from authoritative parity row; later owner must update this row in the same commit as runtime implementation."
"P1.VEHICLE.109","vehicles.instances","Persistent","Planned","MSC.Vehicle.Runtime (planned full roster)","Nothing; evidence only","Future Phase 1 domain is not implemented. Owning milestone must add stable identity, DTO, participant, migration note and round-trip coverage without fabricating state.","DeferredByStableId","StableIdPreserved","13B","Generated from authoritative parity row; later owner must update this row in the same commit as runtime implementation."
"P1.VEHICLE.110","vehicles.instances","Persistent","Planned","MSC.Vehicle.Runtime (planned full roster)","Nothing; evidence only","Future Phase 1 domain is not implemented. Owning milestone must add stable identity, DTO, participant, migration note and round-trip coverage without fabricating state.","DeferredByStableId","StableIdPreserved","13C","Generated from authoritative parity row; later owner must update this row in the same commit as runtime implementation."
"P1.VEHICLE.111","vehicles.instances","Persistent","Planned","MSC.Vehicle.Runtime (planned full roster)","Nothing; evidence only","Future Phase 1 domain is not implemented. Owning milestone must add stable identity, DTO, participant, migration note and round-trip coverage without fabricating state.","DeferredByStableId","StableIdPreserved","13C","Generated from authoritative parity row; later owner must update this row in the same commit as runtime implementation."
"P1.VEHICLE.112","vehicles.instances","Persistent","Planned","MSC.Vehicle.Runtime (planned full roster)","Nothing; evidence only","Future Phase 1 domain is not implemented. Owning milestone must add stable identity, DTO, participant, migration note and round-trip coverage without fabricating state.","DeferredByStableId","StableIdPreserved","13B","Generated from authoritative parity row; later owner must update this row in the same commit as runtime implementation."
"P1.SERVICE.101","services.state","Persistent","Planned","MSC.Services.Runtime + MSC.Save.Integration","Nothing; evidence only","Future Phase 1 domain is not implemented. Owning milestone must add stable identity, DTO, participant, migration note and round-trip coverage without fabricating state.","DeferredByStableId","StableIdPreserved","12A","Generated from authoritative parity row; later owner must update this row in the same commit as runtime implementation."
"P1.SERVICE.102","services.state","Persistent","Planned","MSC.Services.Runtime + MSC.Save.Integration","Nothing; evidence only","Future Phase 1 domain is not implemented. Owning milestone must add stable identity, DTO, participant, migration note and round-trip coverage without fabricating state.","DeferredByStableId","StableIdPreserved","12A","Generated from authoritative parity row; later owner must update this row in the same commit as runtime implementation."
"P1.SERVICE.103","services.state","Persistent","Planned","MSC.Services.Runtime + MSC.Save.Integration","Nothing; evidence only","Future Phase 1 domain is not implemented. Owning milestone must add stable identity, DTO, participant, migration note and round-trip coverage without fabricating state.","DeferredByStableId","StableIdPreserved","12A","Generated from authoritative parity row; later owner must update this row in the same commit as runtime implementation."
"P1.SERVICE.104","services.state","Persistent","Planned","MSC.Services.Runtime + MSC.Save.Integration","Nothing; evidence only","Future Phase 1 domain is not implemented. Owning milestone must add stable identity, DTO, participant, migration note and round-trip coverage without fabricating state.","DeferredByStableId","StableIdPreserved","12A","Generated from authoritative parity row; later owner must update this row in the same commit as runtime implementation."
"P1.SERVICE.105","services.state","Persistent","Planned","MSC.Services.Runtime + MSC.Save.Integration","Nothing; evidence only","Future Phase 1 domain is not implemented. Owning milestone must add stable identity, DTO, participant, migration note and round-trip coverage without fabricating state.","DeferredByStableId","StableIdPreserved","12A","Generated from authoritative parity row; later owner must update this row in the same commit as runtime implementation."
"P1.SERVICE.106","services.state","Persistent","Planned","MSC.Services.Runtime + MSC.Save.Integration","Nothing; evidence only","Future Phase 1 domain is not implemented. Owning milestone must add stable identity, DTO, participant, migration note and round-trip coverage without fabricating state.","DeferredByStableId","StableIdPreserved","12A","Generated from authoritative parity row; later owner must update this row in the same commit as runtime implementation."
"P1.SERVICE.107","services.state","Persistent","Planned","MSC.Services.Runtime + MSC.Save.Integration","Nothing; evidence only","Future Phase 1 domain is not implemented. Owning milestone must add stable identity, DTO, participant, migration note and round-trip coverage without fabricating state.","DeferredByStableId","StableIdPreserved","12A","Generated from authoritative parity row; later owner must update this row in the same commit as runtime implementation."
"P1.SERVICE.108","services.state","Persistent","Planned","MSC.Services.Runtime + MSC.Save.Integration","Nothing; evidence only","Future Phase 1 domain is not implemented. Owning milestone must add stable identity, DTO, participant, migration note and round-trip coverage without fabricating state.","DeferredByStableId","StableIdPreserved","12A","Generated from authoritative parity row; later owner must update this row in the same commit as runtime implementation."
"P1.SERVICE.109","services.state","Persistent","Planned","MSC.Services.Runtime + MSC.Save.Integration","Nothing; evidence only","Future Phase 1 domain is not implemented. Owning milestone must add stable identity, DTO, participant, migration note and round-trip coverage without fabricating state.","DeferredByStableId","StableIdPreserved","12A","Generated from authoritative parity row; later owner must update this row in the same commit as runtime implementation."
"P1.SERVICE.110","services.state","Persistent","Planned","MSC.Services.Runtime + MSC.Save.Integration","Nothing; evidence only","Future Phase 1 domain is not implemented. Owning milestone must add stable identity, DTO, participant, migration note and round-trip coverage without fabricating state.","DeferredByStableId","StableIdPreserved","12A","Generated from authoritative parity row; later owner must update this row in the same commit as runtime implementation."
"P1.SERVICE.111","services.state","Persistent","Planned","MSC.Services.Runtime + MSC.Save.Integration","Nothing; evidence only","Future Phase 1 domain is not implemented. Owning milestone must add stable identity, DTO, participant, migration note and round-trip coverage without fabricating state.","DeferredByStableId","StableIdPreserved","12A","Generated from authoritative parity row; later owner must update this row in the same commit as runtime implementation."
"P1.SERVICE.112","services.state","Persistent","Planned","MSC.Services.Runtime + MSC.Save.Integration","Nothing; evidence only","Future Phase 1 domain is not implemented. Owning milestone must add stable identity, DTO, participant, migration note and round-trip coverage without fabricating state.","DeferredByStableId","StableIdPreserved","12A","Generated from authoritative parity row; later owner must update this row in the same commit as runtime implementation."
"P1.SERVICE.113","services.state","Persistent","Planned","MSC.Services.Runtime + MSC.Save.Integration","Nothing; evidence only","Future Phase 1 domain is not implemented. Owning milestone must add stable identity, DTO, participant, migration note and round-trip coverage without fabricating state.","DeferredByStableId","StableIdPreserved","12A","Generated from authoritative parity row; later owner must update this row in the same commit as runtime implementation."
"P1.SERVICE.114","services.state","Persistent","Planned","MSC.Services.Runtime + MSC.Save.Integration","Nothing; evidence only","Future Phase 1 domain is not implemented. Owning milestone must add stable identity, DTO, participant, migration note and round-trip coverage without fabricating state.","DeferredByStableId","StableIdPreserved","12A","Generated from authoritative parity row; later owner must update this row in the same commit as runtime implementation."
"P1.SERVICE.115","services.state","Persistent","Planned","MSC.Services.Runtime + MSC.Save.Integration","Nothing; evidence only","Future Phase 1 domain is not implemented. Owning milestone must add stable identity, DTO, participant, migration note and round-trip coverage without fabricating state.","DeferredByStableId","StableIdPreserved","12A","Generated from authoritative parity row; later owner must update this row in the same commit as runtime implementation."
"P1.SERVICE.116","services.state","Persistent","Planned","MSC.Services.Runtime + MSC.Save.Integration","Nothing; evidence only","Future Phase 1 domain is not implemented. Owning milestone must add stable identity, DTO, participant, migration note and round-trip coverage without fabricating state.","DeferredByStableId","StableIdPreserved","12A","Generated from authoritative parity row; later owner must update this row in the same commit as runtime implementation."
"P1.SERVICE.117","services.state","Persistent","Planned","MSC.Services.Runtime + MSC.Save.Integration","Nothing; evidence only","Future Phase 1 domain is not implemented. Owning milestone must add stable identity, DTO, participant, migration note and round-trip coverage without fabricating state.","DeferredByStableId","StableIdPreserved","12A","Generated from authoritative parity row; later owner must update this row in the same commit as runtime implementation."
"P1.SERVICE.118","services.state","Persistent","Planned","MSC.Services.Runtime + MSC.Save.Integration","Nothing; evidence only","Future Phase 1 domain is not implemented. Owning milestone must add stable identity, DTO, participant, migration note and round-trip coverage without fabricating state.","DeferredByStableId","StableIdPreserved","12A","Generated from authoritative parity row; later owner must update this row in the same commit as runtime implementation."
"P1.SERVICE.119","services.state","Persistent","Planned","MSC.Services.Runtime + MSC.Save.Integration","Nothing; evidence only","Future Phase 1 domain is not implemented. Owning milestone must add stable identity, DTO, participant, migration note and round-trip coverage without fabricating state.","DeferredByStableId","StableIdPreserved","12A","Generated from authoritative parity row; later owner must update this row in the same commit as runtime implementation."
"P1.COMMS.101","communications.state","Persistent","Planned","MSC.Communications.Runtime (planned)","Nothing; evidence only","Future Phase 1 domain is not implemented. Owning milestone must add stable identity, DTO, participant, migration note and round-trip coverage without fabricating state.","DeferredByStableId","StableIdPreserved","12A","Generated from authoritative parity row; later owner must update this row in the same commit as runtime implementation."
"P1.COMMS.102","communications.state","Persistent","Planned","MSC.Communications.Runtime (planned)","Nothing; evidence only","Future Phase 1 domain is not implemented. Owning milestone must add stable identity, DTO, participant, migration note and round-trip coverage without fabricating state.","DeferredByStableId","StableIdPreserved","12A","Generated from authoritative parity row; later owner must update this row in the same commit as runtime implementation."
"P1.COMMS.103","communications.state","Persistent","Planned","MSC.Communications.Runtime (planned)","Nothing; evidence only","Future Phase 1 domain is not implemented. Owning milestone must add stable identity, DTO, participant, migration note and round-trip coverage without fabricating state.","DeferredByStableId","StableIdPreserved","12A","Generated from authoritative parity row; later owner must update this row in the same commit as runtime implementation."
"P1.COMMS.104","communications.state","Persistent","Planned","MSC.Communications.Runtime (planned)","Nothing; evidence only","Future Phase 1 domain is not implemented. Owning milestone must add stable identity, DTO, participant, migration note and round-trip coverage without fabricating state.","DeferredByStableId","StableIdPreserved","12A","Generated from authoritative parity row; later owner must update this row in the same commit as runtime implementation."
"P1.COMMS.105","communications.state","Persistent","Planned","MSC.Communications.Runtime (planned)","Nothing; evidence only","Future Phase 1 domain is not implemented. Owning milestone must add stable identity, DTO, participant, migration note and round-trip coverage without fabricating state.","DeferredByStableId","StableIdPreserved","12A","Generated from authoritative parity row; later owner must update this row in the same commit as runtime implementation."
"P1.COMMS.106","communications.state","Persistent","Planned","MSC.Communications.Runtime (planned)","Nothing; evidence only","Future Phase 1 domain is not implemented. Owning milestone must add stable identity, DTO, participant, migration note and round-trip coverage without fabricating state.","DeferredByStableId","StableIdPreserved","12A","Generated from authoritative parity row; later owner must update this row in the same commit as runtime implementation."
"P1.COMMS.107","communications.state","Persistent","Planned","MSC.Communications.Runtime (planned)","Nothing; evidence only","Future Phase 1 domain is not implemented. Owning milestone must add stable identity, DTO, participant, migration note and round-trip coverage without fabricating state.","DeferredByStableId","StableIdPreserved","12A","Generated from authoritative parity row; later owner must update this row in the same commit as runtime implementation."
"P1.COMMS.108","communications.state","Persistent","Planned","MSC.Communications.Runtime (planned)","Nothing; evidence only","Future Phase 1 domain is not implemented. Owning milestone must add stable identity, DTO, participant, migration note and round-trip coverage without fabricating state.","DeferredByStableId","StableIdPreserved","12A","Generated from authoritative parity row; later owner must update this row in the same commit as runtime implementation."
"P1.COMMS.109","communications.state","Persistent","Planned","MSC.Communications.Runtime (planned)","Nothing; evidence only","Future Phase 1 domain is not implemented. Owning milestone must add stable identity, DTO, participant, migration note and round-trip coverage without fabricating state.","DeferredByStableId","StableIdPreserved","12A","Generated from authoritative parity row; later owner must update this row in the same commit as runtime implementation."
"P1.COMMS.110","communications.state","Persistent","Planned","MSC.Communications.Runtime (planned)","Nothing; evidence only","Future Phase 1 domain is not implemented. Owning milestone must add stable identity, DTO, participant, migration note and round-trip coverage without fabricating state.","DeferredByStableId","StableIdPreserved","12A","Generated from authoritative parity row; later owner must update this row in the same commit as runtime implementation."
"P1.COMMS.111","communications.state","Persistent","Planned","MSC.Communications.Runtime (planned)","Nothing; evidence only","Future Phase 1 domain is not implemented. Owning milestone must add stable identity, DTO, participant, migration note and round-trip coverage without fabricating state.","DeferredByStableId","StableIdPreserved","12A","Generated from authoritative parity row; later owner must update this row in the same commit as runtime implementation."
"P1.COMMS.112","communications.state","Persistent","Planned","MSC.Communications.Runtime (planned)","Nothing; evidence only","Future Phase 1 domain is not implemented. Owning milestone must add stable identity, DTO, participant, migration note and round-trip coverage without fabricating state.","DeferredByStableId","StableIdPreserved","12A","Generated from authoritative parity row; later owner must update this row in the same commit as runtime implementation."
"P1.COMMS.113","communications.state","Persistent","Planned","MSC.Communications.Runtime (planned)","Nothing; evidence only","Future Phase 1 domain is not implemented. Owning milestone must add stable identity, DTO, participant, migration note and round-trip coverage without fabricating state.","DeferredByStableId","StableIdPreserved","12A","Generated from authoritative parity row; later owner must update this row in the same commit as runtime implementation."
"P1.COMMS.114","communications.state","Persistent","Planned","MSC.Communications.Runtime (planned)","Nothing; evidence only","Future Phase 1 domain is not implemented. Owning milestone must add stable identity, DTO, participant, migration note and round-trip coverage without fabricating state.","DeferredByStableId","StableIdPreserved","12A","Generated from authoritative parity row; later owner must update this row in the same commit as runtime implementation."
"P1.COMMS.115","communications.state","Persistent","Planned","MSC.Communications.Runtime (planned)","Nothing; evidence only","Future Phase 1 domain is not implemented. Owning milestone must add stable identity, DTO, participant, migration note and round-trip coverage without fabricating state.","DeferredByStableId","StableIdPreserved","12A","Generated from authoritative parity row; later owner must update this row in the same commit as runtime implementation."
"P1.COMMS.116","communications.state","Persistent","Planned","MSC.Communications.Runtime (planned)","Nothing; evidence only","Future Phase 1 domain is not implemented. Owning milestone must add stable identity, DTO, participant, migration note and round-trip coverage without fabricating state.","DeferredByStableId","StableIdPreserved","12A","Generated from authoritative parity row; later owner must update this row in the same commit as runtime implementation."
"P1.COMMS.117","communications.state","Persistent","Planned","MSC.Communications.Runtime (planned)","Nothing; evidence only","Future Phase 1 domain is not implemented. Owning milestone must add stable identity, DTO, participant, migration note and round-trip coverage without fabricating state.","DeferredByStableId","StableIdPreserved","12A","Generated from authoritative parity row; later owner must update this row in the same commit as runtime implementation."
"P1.COMMS.118","communications.state","Persistent","Uncovered","MSC.Communications.Runtime (planned)","Nothing; evidence only","Donor behavior or persistence semantics remain unknown; owning milestone must resolve evidence before defining a DTO.","DeferredByStableId","StableIdPreserved","12A","Generated from authoritative parity row; later owner must update this row in the same commit as runtime implementation."
"P1.EVENT.101","progression.story","Persistent","Planned","MSC.Progression.Runtime (planned)","Nothing; evidence only","Future Phase 1 domain is not implemented. Owning milestone must add stable identity, DTO, participant, migration note and round-trip coverage without fabricating state.","DeferredByStableId","StableIdPreserved","13A","Generated from authoritative parity row; later owner must update this row in the same commit as runtime implementation."
"P1.EVENT.102","progression.story","Persistent","Planned","MSC.Progression.Runtime (planned)","Nothing; evidence only","Future Phase 1 domain is not implemented. Owning milestone must add stable identity, DTO, participant, migration note and round-trip coverage without fabricating state.","DeferredByStableId","StableIdPreserved","13A","Generated from authoritative parity row; later owner must update this row in the same commit as runtime implementation."
"P1.EVENT.103","progression.story","Persistent","Uncovered","MSC.Progression.Runtime (planned)","Nothing; evidence only","Donor behavior or persistence semantics remain unknown; owning milestone must resolve evidence before defining a DTO.","DeferredByStableId","StableIdPreserved","13A","Generated from authoritative parity row; later owner must update this row in the same commit as runtime implementation."
"P1.EVENT.104","progression.story","Persistent","Uncovered","MSC.Progression.Runtime (planned)","Nothing; evidence only","Donor behavior or persistence semantics remain unknown; owning milestone must resolve evidence before defining a DTO.","DeferredByStableId","StableIdPreserved","13A","Generated from authoritative parity row; later owner must update this row in the same commit as runtime implementation."
"P1.EVENT.105","progression.story","Persistent","Uncovered","MSC.Progression.Runtime (planned)","Nothing; evidence only","Donor behavior or persistence semantics remain unknown; owning milestone must resolve evidence before defining a DTO.","DeferredByStableId","StableIdPreserved","13A","Generated from authoritative parity row; later owner must update this row in the same commit as runtime implementation."
"P1.AUTHORITY.101","authority.state","Persistent","Planned","MSC.Authority.Runtime (planned)","Nothing; evidence only","Future Phase 1 domain is not implemented. Owning milestone must add stable identity, DTO, participant, migration note and round-trip coverage without fabricating state.","DeferredByStableId","StableIdPreserved","13B","Generated from authoritative parity row; later owner must update this row in the same commit as runtime implementation."
"P1.AUTHORITY.102","authority.state","Persistent","Planned","MSC.Authority.Runtime (planned)","Nothing; evidence only","Future Phase 1 domain is not implemented. Owning milestone must add stable identity, DTO, participant, migration note and round-trip coverage without fabricating state.","DeferredByStableId","StableIdPreserved","13B","Generated from authoritative parity row; later owner must update this row in the same commit as runtime implementation."
"P1.AUTHORITY.103","authority.state","Persistent","Planned","MSC.Authority.Runtime (planned)","Nothing; evidence only","Future Phase 1 domain is not implemented. Owning milestone must add stable identity, DTO, participant, migration note and round-trip coverage without fabricating state.","DeferredByStableId","StableIdPreserved","13B","Generated from authoritative parity row; later owner must update this row in the same commit as runtime implementation."
"P1.AUTHORITY.104","authority.state","Persistent","Planned","MSC.Authority.Runtime (planned)","Nothing; evidence only","Future Phase 1 domain is not implemented. Owning milestone must add stable identity, DTO, participant, migration note and round-trip coverage without fabricating state.","DeferredByStableId","StableIdPreserved","13B","Generated from authoritative parity row; later owner must update this row in the same commit as runtime implementation."
"P1.AUTHORITY.105","authority.state","Persistent","Planned","MSC.Authority.Runtime (planned)","Nothing; evidence only","Future Phase 1 domain is not implemented. Owning milestone must add stable identity, DTO, participant, migration note and round-trip coverage without fabricating state.","DeferredByStableId","StableIdPreserved","13B","Generated from authoritative parity row; later owner must update this row in the same commit as runtime implementation."
"P1.AUTHORITY.106","authority.state","Persistent","Planned","MSC.Authority.Runtime (planned)","Nothing; evidence only","Future Phase 1 domain is not implemented. Owning milestone must add stable identity, DTO, participant, migration note and round-trip coverage without fabricating state.","DeferredByStableId","StableIdPreserved","13B","Generated from authoritative parity row; later owner must update this row in the same commit as runtime implementation."
"P1.AUTHORITY.107","authority.state","Persistent","Planned","MSC.Authority.Runtime (planned)","Nothing; evidence only","Future Phase 1 domain is not implemented. Owning milestone must add stable identity, DTO, participant, migration note and round-trip coverage without fabricating state.","DeferredByStableId","StableIdPreserved","13B","Generated from authoritative parity row; later owner must update this row in the same commit as runtime implementation."
"P1.AUTHORITY.108","authority.state","Persistent","Planned","MSC.Authority.Runtime (planned)","Nothing; evidence only","Future Phase 1 domain is not implemented. Owning milestone must add stable identity, DTO, participant, migration note and round-trip coverage without fabricating state.","DeferredByStableId","StableIdPreserved","13B","Generated from authoritative parity row; later owner must update this row in the same commit as runtime implementation."
"P1.AUTHORITY.109","authority.state","Persistent","Planned","MSC.Authority.Runtime (planned)","Nothing; evidence only","Future Phase 1 domain is not implemented. Owning milestone must add stable identity, DTO, participant, migration note and round-trip coverage without fabricating state.","DeferredByStableId","StableIdPreserved","13B","Generated from authoritative parity row; later owner must update this row in the same commit as runtime implementation."
"P1.AUTHORITY.110","authority.state","Persistent","Planned","MSC.Authority.Runtime (planned)","Nothing; evidence only","Future Phase 1 domain is not implemented. Owning milestone must add stable identity, DTO, participant, migration note and round-trip coverage without fabricating state.","DeferredByStableId","StableIdPreserved","13B","Generated from authoritative parity row; later owner must update this row in the same commit as runtime implementation."
"P1.AUTHORITY.111","authority.state","Persistent","Planned","MSC.Authority.Runtime (planned)","Nothing; evidence only","Future Phase 1 domain is not implemented. Owning milestone must add stable identity, DTO, participant, migration note and round-trip coverage without fabricating state.","DeferredByStableId","StableIdPreserved","13B","Generated from authoritative parity row; later owner must update this row in the same commit as runtime implementation."
"P1.AUTHORITY.112","authority.state","Persistent","Planned","MSC.Authority.Runtime (planned)","Nothing; evidence only","Future Phase 1 domain is not implemented. Owning milestone must add stable identity, DTO, participant, migration note and round-trip coverage without fabricating state.","DeferredByStableId","StableIdPreserved","13B","Generated from authoritative parity row; later owner must update this row in the same commit as runtime implementation."
"P1.AUTHORITY.113","authority.state","Persistent","Planned","MSC.Authority.Runtime (planned)","Nothing; evidence only","Future Phase 1 domain is not implemented. Owning milestone must add stable identity, DTO, participant, migration note and round-trip coverage without fabricating state.","DeferredByStableId","StableIdPreserved","13B","Generated from authoritative parity row; later owner must update this row in the same commit as runtime implementation."
"P1.AUTHORITY.114","authority.state","Persistent","Planned","MSC.Authority.Runtime (planned)","Nothing; evidence only","Future Phase 1 domain is not implemented. Owning milestone must add stable identity, DTO, participant, migration note and round-trip coverage without fabricating state.","DeferredByStableId","StableIdPreserved","13B","Generated from authoritative parity row; later owner must update this row in the same commit as runtime implementation."
"P1.MEDIA.101","media.state","Persistent","Planned","MSC.Media.Runtime (planned)","Nothing; evidence only","Future Phase 1 domain is not implemented. Owning milestone must add stable identity, DTO, participant, migration note and round-trip coverage without fabricating state.","DeferredByStableId","StableIdPreserved","13C","Generated from authoritative parity row; later owner must update this row in the same commit as runtime implementation."
"P1.MEDIA.102","media.state","Persistent","Planned","MSC.Media.Runtime (planned)","Nothing; evidence only","Future Phase 1 domain is not implemented. Owning milestone must add stable identity, DTO, participant, migration note and round-trip coverage without fabricating state.","DeferredByStableId","StableIdPreserved","13C","Generated from authoritative parity row; later owner must update this row in the same commit as runtime implementation."
"P1.MEDIA.103","media.state","Persistent","Planned","MSC.Media.Runtime (planned)","Nothing; evidence only","Future Phase 1 domain is not implemented. Owning milestone must add stable identity, DTO, participant, migration note and round-trip coverage without fabricating state.","DeferredByStableId","StableIdPreserved","13C","Generated from authoritative parity row; later owner must update this row in the same commit as runtime implementation."
"P1.MEDIA.104","media.state","Persistent","Planned","MSC.Media.Runtime (planned)","Nothing; evidence only","Future Phase 1 domain is not implemented. Owning milestone must add stable identity, DTO, participant, migration note and round-trip coverage without fabricating state.","DeferredByStableId","StableIdPreserved","13C","Generated from authoritative parity row; later owner must update this row in the same commit as runtime implementation."
"P1.MEDIA.105","media.state","Persistent","Planned","MSC.Media.Runtime (planned)","Nothing; evidence only","Future Phase 1 domain is not implemented. Owning milestone must add stable identity, DTO, participant, migration note and round-trip coverage without fabricating state.","DeferredByStableId","StableIdPreserved","13C","Generated from authoritative parity row; later owner must update this row in the same commit as runtime implementation."
"P1.MEDIA.106","media.state","Persistent","Planned","MSC.Media.Runtime (planned)","Nothing; evidence only","Future Phase 1 domain is not implemented. Owning milestone must add stable identity, DTO, participant, migration note and round-trip coverage without fabricating state.","DeferredByStableId","StableIdPreserved","13C","Generated from authoritative parity row; later owner must update this row in the same commit as runtime implementation."
"P1.MEDIA.107","media.state","Persistent","Planned","MSC.Media.Runtime (planned)","Nothing; evidence only","Future Phase 1 domain is not implemented. Owning milestone must add stable identity, DTO, participant, migration note and round-trip coverage without fabricating state.","DeferredByStableId","StableIdPreserved","13C","Generated from authoritative parity row; later owner must update this row in the same commit as runtime implementation."
"P1.MEDIA.108","media.state","Persistent","Planned","MSC.Media.Runtime (planned)","Nothing; evidence only","Future Phase 1 domain is not implemented. Owning milestone must add stable identity, DTO, participant, migration note and round-trip coverage without fabricating state.","DeferredByStableId","StableIdPreserved","13C","Generated from authoritative parity row; later owner must update this row in the same commit as runtime implementation."
"P1.MEDIA.109","media.state","Persistent","Planned","MSC.Media.Runtime (planned)","Nothing; evidence only","Future Phase 1 domain is not implemented. Owning milestone must add stable identity, DTO, participant, migration note and round-trip coverage without fabricating state.","DeferredByStableId","StableIdPreserved","13C","Generated from authoritative parity row; later owner must update this row in the same commit as runtime implementation."
"P1.MEDIA.110","media.state","Persistent","Planned","MSC.Media.Runtime (planned)","Nothing; evidence only","Future Phase 1 domain is not implemented. Owning milestone must add stable identity, DTO, participant, migration note and round-trip coverage without fabricating state.","DeferredByStableId","StableIdPreserved","13C","Generated from authoritative parity row; later owner must update this row in the same commit as runtime implementation."
"P1.MEDIA.111","media.state","Persistent","Planned","MSC.Media.Runtime (planned)","Nothing; evidence only","Future Phase 1 domain is not implemented. Owning milestone must add stable identity, DTO, participant, migration note and round-trip coverage without fabricating state.","DeferredByStableId","StableIdPreserved","13C","Generated from authoritative parity row; later owner must update this row in the same commit as runtime implementation."
"P1.MEDIA.112","media.state","Persistent","Planned","MSC.Media.Runtime (planned)","Nothing; evidence only","Future Phase 1 domain is not implemented. Owning milestone must add stable identity, DTO, participant, migration note and round-trip coverage without fabricating state.","DeferredByStableId","StableIdPreserved","13C","Generated from authoritative parity row; later owner must update this row in the same commit as runtime implementation."
"P1.MEDIA.113","media.state","Persistent","Planned","MSC.Media.Runtime (planned)","Nothing; evidence only","Future Phase 1 domain is not implemented. Owning milestone must add stable identity, DTO, participant, migration note and round-trip coverage without fabricating state.","DeferredByStableId","StableIdPreserved","13C","Generated from authoritative parity row; later owner must update this row in the same commit as runtime implementation."
"P1.MEDIA.114","media.state","Persistent","Planned","MSC.Media.Runtime (planned)","Nothing; evidence only","Future Phase 1 domain is not implemented. Owning milestone must add stable identity, DTO, participant, migration note and round-trip coverage without fabricating state.","DeferredByStableId","StableIdPreserved","13C","Generated from authoritative parity row; later owner must update this row in the same commit as runtime implementation."
"P1.MEDIA.115","media.state","Persistent","Planned","MSC.Media.Runtime (planned)","Nothing; evidence only","Future Phase 1 domain is not implemented. Owning milestone must add stable identity, DTO, participant, migration note and round-trip coverage without fabricating state.","DeferredByStableId","StableIdPreserved","13C","Generated from authoritative parity row; later owner must update this row in the same commit as runtime implementation."
"P1.MEDIA.116","media.state","Persistent","Planned","MSC.Media.Runtime (planned)","Nothing; evidence only","Future Phase 1 domain is not implemented. Owning milestone must add stable identity, DTO, participant, migration note and round-trip coverage without fabricating state.","DeferredByStableId","StableIdPreserved","13C","Generated from authoritative parity row; later owner must update this row in the same commit as runtime implementation."
"P1.MEDIA.117","media.state","Persistent","Planned","MSC.Media.Runtime (planned)","Nothing; evidence only","Future Phase 1 domain is not implemented. Owning milestone must add stable identity, DTO, participant, migration note and round-trip coverage without fabricating state.","DeferredByStableId","StableIdPreserved","13C","Generated from authoritative parity row; later owner must update this row in the same commit as runtime implementation."
"P1.MEDIA.118","media.state","Persistent","Planned","MSC.Media.Runtime (planned)","Nothing; evidence only","Future Phase 1 domain is not implemented. Owning milestone must add stable identity, DTO, participant, migration note and round-trip coverage without fabricating state.","DeferredByStableId","StableIdPreserved","13C","Generated from authoritative parity row; later owner must update this row in the same commit as runtime implementation."
"P1.MEDIA.119","media.state","Persistent","Planned","MSC.Media.Runtime (planned)","Nothing; evidence only","Future Phase 1 domain is not implemented. Owning milestone must add stable identity, DTO, participant, migration note and round-trip coverage without fabricating state.","DeferredByStableId","StableIdPreserved","13C","Generated from authoritative parity row; later owner must update this row in the same commit as runtime implementation."
"P1.MEDIA.120","media.state","Persistent","Planned","MSC.Media.Runtime (planned)","Nothing; evidence only","Future Phase 1 domain is not implemented. Owning milestone must add stable identity, DTO, participant, migration note and round-trip coverage without fabricating state.","DeferredByStableId","StableIdPreserved","13C","Generated from authoritative parity row; later owner must update this row in the same commit as runtime implementation."
"P1.MEDIA.121","media.state","Persistent","Planned","MSC.Media.Runtime (planned)","Nothing; evidence only","Future Phase 1 domain is not implemented. Owning milestone must add stable identity, DTO, participant, migration note and round-trip coverage without fabricating state.","DeferredByStableId","StableIdPreserved","13C","Generated from authoritative parity row; later owner must update this row in the same commit as runtime implementation."
"P1.MEDIA.122","media.state","Persistent","Planned","MSC.Media.Runtime (planned)","Nothing; evidence only","Future Phase 1 domain is not implemented. Owning milestone must add stable identity, DTO, participant, migration note and round-trip coverage without fabricating state.","DeferredByStableId","StableIdPreserved","13C","Generated from authoritative parity row; later owner must update this row in the same commit as runtime implementation."
"P1.MEDIA.123","media.state","Persistent","Planned","MSC.Media.Runtime (planned)","Nothing; evidence only","Future Phase 1 domain is not implemented. Owning milestone must add stable identity, DTO, participant, migration note and round-trip coverage without fabricating state.","DeferredByStableId","StableIdPreserved","13C","Generated from authoritative parity row; later owner must update this row in the same commit as runtime implementation."
"P1.MEDIA.124","media.state","Persistent","Planned","MSC.Media.Runtime (planned)","Nothing; evidence only","Future Phase 1 domain is not implemented. Owning milestone must add stable identity, DTO, participant, migration note and round-trip coverage without fabricating state.","DeferredByStableId","StableIdPreserved","13C","Generated from authoritative parity row; later owner must update this row in the same commit as runtime implementation."
"P1.MEDIA.125","media.state","Persistent","Planned","MSC.Media.Runtime (planned)","Nothing; evidence only","Future Phase 1 domain is not implemented. Owning milestone must add stable identity, DTO, participant, migration note and round-trip coverage without fabricating state.","DeferredByStableId","StableIdPreserved","13C","Generated from authoritative parity row; later owner must update this row in the same commit as runtime implementation."
"P1.MEDIA.126","media.state","Persistent","Planned","MSC.Media.Runtime (planned)","Nothing; evidence only","Future Phase 1 domain is not implemented. Owning milestone must add stable identity, DTO, participant, migration note and round-trip coverage without fabricating state.","DeferredByStableId","StableIdPreserved","13C","Generated from authoritative parity row; later owner must update this row in the same commit as runtime implementation."
"P1.MEDIA.127","media.state","Persistent","Planned","MSC.Media.Runtime (planned)","Nothing; evidence only","Future Phase 1 domain is not implemented. Owning milestone must add stable identity, DTO, participant, migration note and round-trip coverage without fabricating state.","DeferredByStableId","StableIdPreserved","13C","Generated from authoritative parity row; later owner must update this row in the same commit as runtime implementation."
"P1.MEDIA.128","media.state","Persistent","Planned","MSC.Media.Runtime (planned)","Nothing; evidence only","Future Phase 1 domain is not implemented. Owning milestone must add stable identity, DTO, participant, migration note and round-trip coverage without fabricating state.","DeferredByStableId","StableIdPreserved","13C","Generated from authoritative parity row; later owner must update this row in the same commit as runtime implementation."
"P1.MEDIA.129","media.state","Persistent","Planned","MSC.Media.Runtime (planned)","Nothing; evidence only","Future Phase 1 domain is not implemented. Owning milestone must add stable identity, DTO, participant, migration note and round-trip coverage without fabricating state.","DeferredByStableId","StableIdPreserved","13C","Generated from authoritative parity row; later owner must update this row in the same commit as runtime implementation."
"P1.MEDIA.130","media.state","Persistent","Planned","MSC.Media.Runtime (planned)","Nothing; evidence only","Future Phase 1 domain is not implemented. Owning milestone must add stable identity, DTO, participant, migration note and round-trip coverage without fabricating state.","DeferredByStableId","StableIdPreserved","13C","Generated from authoritative parity row; later owner must update this row in the same commit as runtime implementation."
"P1.MEDIA.131","media.state","Persistent","Planned","MSC.Media.Runtime (planned)","Nothing; evidence only","Future Phase 1 domain is not implemented. Owning milestone must add stable identity, DTO, participant, migration note and round-trip coverage without fabricating state.","DeferredByStableId","StableIdPreserved","13C","Generated from authoritative parity row; later owner must update this row in the same commit as runtime implementation."
"P1.MEDIA.132","media.state","Persistent","Planned","MSC.Media.Runtime (planned)","Nothing; evidence only","Future Phase 1 domain is not implemented. Owning milestone must add stable identity, DTO, participant, migration note and round-trip coverage without fabricating state.","DeferredByStableId","StableIdPreserved","13C","Generated from authoritative parity row; later owner must update this row in the same commit as runtime implementation."
"P1.MEDIA.133","media.state","Persistent","Planned","MSC.Media.Runtime (planned)","Nothing; evidence only","Future Phase 1 domain is not implemented. Owning milestone must add stable identity, DTO, participant, migration note and round-trip coverage without fabricating state.","DeferredByStableId","StableIdPreserved","13C","Generated from authoritative parity row; later owner must update this row in the same commit as runtime implementation."
"P1.MEDIA.134","media.state","Persistent","Planned","MSC.Media.Runtime (planned)","Nothing; evidence only","Future Phase 1 domain is not implemented. Owning milestone must add stable identity, DTO, participant, migration note and round-trip coverage without fabricating state.","DeferredByStableId","StableIdPreserved","13C","Generated from authoritative parity row; later owner must update this row in the same commit as runtime implementation."
"P1.MEDIA.135","media.state","Persistent","Planned","MSC.Media.Runtime (planned)","Nothing; evidence only","Future Phase 1 domain is not implemented. Owning milestone must add stable identity, DTO, participant, migration note and round-trip coverage without fabricating state.","DeferredByStableId","StableIdPreserved","13C","Generated from authoritative parity row; later owner must update this row in the same commit as runtime implementation."
"P1.MEDIA.136","media.state","Persistent","Planned","MSC.Media.Runtime (planned)","Nothing; evidence only","Future Phase 1 domain is not implemented. Owning milestone must add stable identity, DTO, participant, migration note and round-trip coverage without fabricating state.","DeferredByStableId","StableIdPreserved","13C","Generated from authoritative parity row; later owner must update this row in the same commit as runtime implementation."
"P1.MEDIA.137","media.state","Persistent","Planned","MSC.Media.Runtime (planned)","Nothing; evidence only","Future Phase 1 domain is not implemented. Owning milestone must add stable identity, DTO, participant, migration note and round-trip coverage without fabricating state.","DeferredByStableId","StableIdPreserved","13C","Generated from authoritative parity row; later owner must update this row in the same commit as runtime implementation."
"P1.MEDIA.138","media.state","Persistent","Planned","MSC.Media.Runtime (planned)","Nothing; evidence only","Future Phase 1 domain is not implemented. Owning milestone must add stable identity, DTO, participant, migration note and round-trip coverage without fabricating state.","DeferredByStableId","StableIdPreserved","13C","Generated from authoritative parity row; later owner must update this row in the same commit as runtime implementation."
"P1.MEDIA.139","media.state","Persistent","Planned","MSC.Media.Runtime (planned)","Nothing; evidence only","Future Phase 1 domain is not implemented. Owning milestone must add stable identity, DTO, participant, migration note and round-trip coverage without fabricating state.","DeferredByStableId","StableIdPreserved","13C","Generated from authoritative parity row; later owner must update this row in the same commit as runtime implementation."
"P1.MEDIA.140","media.state","Persistent","Planned","MSC.Media.Runtime (planned)","Nothing; evidence only","Future Phase 1 domain is not implemented. Owning milestone must add stable identity, DTO, participant, migration note and round-trip coverage without fabricating state.","DeferredByStableId","StableIdPreserved","13C","Generated from authoritative parity row; later owner must update this row in the same commit as runtime implementation."
"CONTRACT.authority.state","authority.state","Persistent","Planned","MSC.Authority.Runtime (planned)","Domain not implemented yet","Mandatory registration contract: stable state identity; versioned DTO schema; capture and restore order; unloaded-cell and missing-content behavior; migration impact; deterministic round-trip test; corruption and recovery behavior.","DeferredByStableId","StableIdPreserved","13B","Contract row; not a parity FeatureId. Runtime implementation and this coverage record must change together."
"CONTRACT.communications.state","communications.state","Persistent","Planned","MSC.Communications.Runtime (planned)","Domain not implemented yet","Mandatory registration contract: stable state identity; versioned DTO schema; capture and restore order; unloaded-cell and missing-content behavior; migration impact; deterministic round-trip test; corruption and recovery behavior.","DeferredByStableId","StableIdPreserved","12A","Contract row; not a parity FeatureId. Runtime implementation and this coverage record must change together."
"CONTRACT.core.time","core.time","Persistent","Covered","MSC.Core.Runtime + MSC.Save.Integration","Registered native-save domain or save-framework contract with current bounded coverage","Mandatory registration contract: stable state identity; versioned DTO schema; capture and restore order; unloaded-cell and missing-content behavior; migration impact; deterministic round-trip test; corruption and recovery behavior.","Immediate","NotApplicable","09A","Contract row; not a parity FeatureId. Runtime implementation and this coverage record must change together."
"CONTRACT.economy.player","economy.player","Persistent","Partial","MSC.Economy.Runtime + MSC.Save.Integration","Registered native-save domain with bounded runtime coverage; complete Phase 1 state coverage remains incomplete","Mandatory registration contract: stable state identity; versioned DTO schema; capture and restore order; unloaded-cell and missing-content behavior; migration impact; deterministic round-trip test; corruption and recovery behavior.","Immediate","NotApplicable","12A","Contract row; not a parity FeatureId. Runtime implementation and this coverage record must change together."
"CONTRACT.home.state","home.state","Persistent","Partial","MSC.Home.Runtime + MSC.Save.Integration","Registered native-save domain with bounded runtime coverage; complete Phase 1 state coverage remains incomplete","Mandatory registration contract: stable state identity; versioned DTO schema; capture and restore order; unloaded-cell and missing-content behavior; migration impact; deterministic round-trip test; corruption and recovery behavior.","DeferredByStableId","StableIdPreserved","09C","Contract row; not a parity FeatureId. Runtime implementation and this coverage record must change together."
"CONTRACT.interaction.carry","interaction.carry","Persistent","Partial","MSC.Interaction.Runtime + MSC.Save.Integration","Registered native-save domain with bounded runtime coverage; complete Phase 1 state coverage remains incomplete","Mandatory registration contract: stable state identity; versioned DTO schema; capture and restore order; unloaded-cell and missing-content behavior; migration impact; deterministic round-trip test; corruption and recovery behavior.","DeferredByStableId","StableIdPreserved","09A","Contract row; not a parity FeatureId. Runtime implementation and this coverage record must change together."
"CONTRACT.items.instances","items.instances","Persistent","Partial","MSC.Items.Runtime + MSC.Save.Integration","Registered native-save domain with bounded runtime coverage; complete Phase 1 state coverage remains incomplete","Mandatory registration contract: stable state identity; versioned DTO schema; capture and restore order; unloaded-cell and missing-content behavior; migration impact; deterministic round-trip test; corruption and recovery behavior.","DeferredByStableId","StableIdPreserved","09B","Contract row; not a parity FeatureId. Runtime implementation and this coverage record must change together."
"CONTRACT.jobs.state","jobs.state","Persistent","Planned","MSC.Jobs.Runtime (planned)","Domain not implemented yet","Mandatory registration contract: stable state identity; versioned DTO schema; capture and restore order; unloaded-cell and missing-content behavior; migration impact; deterministic round-trip test; corruption and recovery behavior.","DeferredByStableId","StableIdPreserved","12B","Contract row; not a parity FeatureId. Runtime implementation and this coverage record must change together."
"CONTRACT.lighting.electrical-grid","lighting.electrical-grid","Persistent","Partial","MSC.Lighting.Runtime + MSC.Save.Integration","Registered native-save domain with bounded runtime coverage; complete Phase 1 state coverage remains incomplete","Mandatory registration contract: stable state identity; versioned DTO schema; capture and restore order; unloaded-cell and missing-content behavior; migration impact; deterministic round-trip test; corruption and recovery behavior.","Immediate","NotApplicable","07B","Contract row; not a parity FeatureId. Runtime implementation and this coverage record must change together."
"CONTRACT.media.state","media.state","Persistent","Planned","MSC.Media.Runtime (planned)","Domain not implemented yet","Mandatory registration contract: stable state identity; versioned DTO schema; capture and restore order; unloaded-cell and missing-content behavior; migration impact; deterministic round-trip test; corruption and recovery behavior.","DeferredByStableId","StableIdPreserved","13C","Contract row; not a parity FeatureId. Runtime implementation and this coverage record must change together."
"CONTRACT.npc.state","npc.state","Persistent","Partial","MSC.NPC.Runtime + MSC.Save.Integration","Registered native-save domain with bounded runtime coverage; complete Phase 1 state coverage remains incomplete","Mandatory registration contract: stable state identity; versioned DTO schema; capture and restore order; unloaded-cell and missing-content behavior; migration impact; deterministic round-trip test; corruption and recovery behavior.","DeferredByStableId","StableIdPreserved","10B","Contract row; not a parity FeatureId. Runtime implementation and this coverage record must change together."
"CONTRACT.player.needs","player.needs","Persistent","Partial","MSC.Needs.Runtime + MSC.Save.Integration","Registered native-save domain with bounded runtime coverage; complete Phase 1 state coverage remains incomplete","Mandatory registration contract: stable state identity; versioned DTO schema; capture and restore order; unloaded-cell and missing-content behavior; migration impact; deterministic round-trip test; corruption and recovery behavior.","Immediate","NotApplicable","09C","Contract row; not a parity FeatureId. Runtime implementation and this coverage record must change together."
"CONTRACT.player.state","player.state","Persistent","Covered","MSC.Player.Runtime + MSC.Save.Integration","Registered native-save domain or save-framework contract with current bounded coverage","Mandatory registration contract: stable state identity; versioned DTO schema; capture and restore order; unloaded-cell and missing-content behavior; migration impact; deterministic round-trip test; corruption and recovery behavior.","Immediate","NotApplicable","09A","Contract row; not a parity FeatureId. Runtime implementation and this coverage record must change together."
"CONTRACT.presentation.runtime","presentation.runtime","NonPersistent","NotRequired","Presentation owner; no gameplay DTO","08A presentation remains separate from gameplay save authority","Presentation is replaceable and is never gameplay authority; settings remain in the separate UI settings store.","NotApplicable","NotApplicable","08A","Contract row; not a parity FeatureId. Runtime implementation and this coverage record must change together."
"CONTRACT.progression.story","progression.story","Persistent","Planned","MSC.Progression.Runtime (planned)","Domain not implemented yet","Mandatory registration contract: stable state identity; versioned DTO schema; capture and restore order; unloaded-cell and missing-content behavior; migration impact; deterministic round-trip test; corruption and recovery behavior.","DeferredByStableId","StableIdPreserved","13A","Contract row; not a parity FeatureId. Runtime implementation and this coverage record must change together."
"CONTRACT.rally.state","rally.state","Persistent","Planned","MSC.Rally.Runtime (planned)","Domain not implemented yet","Mandatory registration contract: stable state identity; versioned DTO schema; capture and restore order; unloaded-cell and missing-content behavior; migration impact; deterministic round-trip test; corruption and recovery behavior.","DeferredByStableId","StableIdPreserved","13B","Contract row; not a parity FeatureId. Runtime implementation and this coverage record must change together."
"CONTRACT.save.system","save.system","Persistent","Covered","MSC.Save.Runtime","Registered native-save domain or save-framework contract with current bounded coverage","Mandatory registration contract: stable state identity; versioned DTO schema; capture and restore order; unloaded-cell and missing-content behavior; migration impact; deterministic round-trip test; corruption and recovery behavior.","Immediate","NotApplicable","09A","Contract row; not a parity FeatureId. Runtime implementation and this coverage record must change together."
"CONTRACT.services.state","services.state","Persistent","Partial","MSC.Services.Runtime + MSC.Save.Integration","Registered native-save domain with bounded runtime coverage; complete Phase 1 state coverage remains incomplete","Mandatory registration contract: stable state identity; versioned DTO schema; capture and restore order; unloaded-cell and missing-content behavior; migration impact; deterministic round-trip test; corruption and recovery behavior.","DeferredByStableId","StableIdPreserved","12A","Contract row; not a parity FeatureId. Runtime implementation and this coverage record must change together."
"CONTRACT.traffic.state","traffic.state","Persistent","Partial","MSC.Traffic.Runtime + MSC.Save.Integration","Registered native-save domain with bounded runtime coverage; complete Phase 1 state coverage remains incomplete","Mandatory registration contract: stable state identity; versioned DTO schema; capture and restore order; unloaded-cell and missing-content behavior; migration impact; deterministic round-trip test; corruption and recovery behavior.","DeferredByStableId","StableIdPreserved","11B","Contract row; not a parity FeatureId. Runtime implementation and this coverage record must change together."
"CONTRACT.vehicle.satsuma","vehicle.satsuma","Persistent","Partial","MSC.Vehicle.Assembly/Simulation + MSC.Save.Integration","Registered native-save domain with bounded runtime coverage; complete Phase 1 state coverage remains incomplete","Mandatory registration contract: stable state identity; versioned DTO schema; capture and restore order; unloaded-cell and missing-content behavior; migration impact; deterministic round-trip test; corruption and recovery behavior.","Immediate","StableIdPreserved","09A","Contract row; not a parity FeatureId. Runtime implementation and this coverage record must change together."
"CONTRACT.vehicle.satsuma.key-access","vehicle.satsuma.key-access","Persistent","Partial","MSC.Vehicle.Runtime + MSC.Save.Integration","Required schema-1 GlobalState domain persists logical vehicle.satsuma.key access, including false, and injects one shared session capability before vehicle restore","Migration 16->17 adds fresh true without mutating the source; pure preflight, checkpoint/apply and reverse rollback are covered. C2 passed EditMode 518/518, related fixture PlayMode 63/63 and production native save 1/1 with saved false and migrated true before reveal.","Immediate","NotApplicable","11A","Logical key identity is not a physical item or StableEntityId. Manual acceptance remains pending. The v16 build 024640 cannot read v17 and must not write an upgraded slot; no live user save was written."
"CONTRACT.vehicles.instances","vehicles.instances","Persistent","Planned","MSC.Vehicle.Runtime (planned full roster)","Domain not implemented yet","Mandatory registration contract: stable state identity; versioned DTO schema; capture and restore order; unloaded-cell and missing-content behavior; migration impact; deterministic round-trip test; corruption and recovery behavior.","DeferredByStableId","StableIdPreserved","11A","Contract row; not a parity FeatureId. Runtime implementation and this coverage record must change together."
"CONTRACT.weather.environment","weather.environment","Persistent","Covered","MSC.Weather.Runtime + MSC.Save.Integration","Registered native-save domain or save-framework contract with current bounded coverage","Mandatory registration contract: stable state identity; versioned DTO schema; capture and restore order; unloaded-cell and missing-content behavior; migration impact; deterministic round-trip test; corruption and recovery behavior.","Immediate","NotApplicable","09A","Contract row; not a parity FeatureId. Runtime implementation and this coverage record must change together."
"CONTRACT.world.entities","world.entities","Persistent","Partial","MSC.World.Runtime + MSC.Save.Integration","Registered native-save domain with bounded runtime coverage; complete Phase 1 state coverage remains incomplete","Mandatory registration contract: stable state identity; versioned DTO schema; capture and restore order; unloaded-cell and missing-content behavior; migration impact; deterministic round-trip test; corruption and recovery behavior.","DeferredByStableId","StableIdPreserved","09A","Contract row; not a parity FeatureId. Runtime implementation and this coverage record must change together."
