SourceObjectId,StableId,MeshGuid,SubMeshIndices
42,1fb540178fd637dc22336e6ade9621af,a7cb070b49a4b7f41abf584480006353,71
45,d47341220f984499ad82c3735852e763,adda240458961f94fb196c3a1ab84139,12
48,f3c19f44d2c287bd45d6780a7d73eae8,deb86cb7823284643bb94aab291cb5ef,45
110,ada543147bba986b6e15c5c8fa7e3f51,aaed5451b51c5884aae1b7d0b759a718,56
121,ca09fde18977c66000463a59d68e7179,043fd1f61638693418bfd34969693b6d,52
157,e63741cd0cc32cc3b4d3dd3792c1cdad,66d43b09152d4884c853d2a846b27c11,472
185,85afed823d9eed4098136915996b4d80,d20ce86ce58c597468f6618f51f7e1c9,0
198,0e69a9ef669a2da8af16bf5844a7b3a2,66d43b09152d4884c853d2a846b27c11,479
203,ebcef66480fc1df167cbdb9f62ac64ef,66d43b09152d4884c853d2a846b27c11,293
230,7d01c473dc774d3446b5f91555fc3447,adda240458961f94fb196c3a1ab84139,79
248,38d09e73cfa8f13667f6b32ca30cf127,aaed5451b51c5884aae1b7d0b759a718,34
278,be812f66c6aa9389236bbbca4d0ae832,7353eae76a976394685746ea0bf74bcc,27
334,187a906ad1e432185f07d8802a877827,043fd1f61638693418bfd34969693b6d,66
352,9018123a1da63752485cc8771cff5371,a7cb070b49a4b7f41abf584480006353,129
359,e3039973c148854aab0fbd9707f741d5,043fd1f61638693418bfd34969693b6d,62
389,34d6bfd492bcb472730dce66b8d97cb2,ca253820b91d15442b2e5f464a584cfd,79
392,7682a9acdbbd27484cd698d24833cc64,66d43b09152d4884c853d2a846b27c11,365
412,920ef70ad387e0be97c03a50c4b74bac,a7cb070b49a4b7f41abf584480006353,24
441,93944e610ede3389500db992efbe2871,66d43b09152d4884c853d2a846b27c11,90
501,d34af0ca10a56408e81acb009b8567fc,d20ce86ce58c597468f6618f51f7e1c9,23
556,30b29b17b176bfc15d50461317e4d153,66d43b09152d4884c853d2a846b27c11,220
611,b9e1e6ccb04b0a2bc0658094e77bcfea,da5556c75d8da57479bba403afaac84e,100
616,cb64bd11a6bc3b3268129300c65ee72e,66d43b09152d4884c853d2a846b27c11,13
631,7ea414bfc2f7638d251412fbdde6e20b,adda240458961f94fb196c3a1ab84139,145;146;147
635,860e6c7ce2a336e0b0373daf892d4c5e,6cc499f220f49dc44b33548b003b1457,68
649,e8175656968c504ab381ed9edef5045e,043fd1f61638693418bfd34969693b6d,127
663,63a674e972bf205d48a895d31ea17afa,66d43b09152d4884c853d2a846b27c11,29
666,66481b9e0a97c74cd440dc9268ca28fe,95df965a97ac4314c94592df23deea94,3
677,2a2d937e2b55ee8edf6a8791b8bdeb86,95df965a97ac4314c94592df23deea94,190
683,304c1f2c0308b795e18ac09625c6ef11,deb86cb7823284643bb94aab291cb5ef,1
686,fbd6c2d4cfdd29c452d26ee10cfdbaa0,95df965a97ac4314c94592df23deea94,195
700,7850baee6a3c2e6ad89a8bf99ddef9dd,ca253820b91d15442b2e5f464a584cfd,34
742,77d5eb38cf784a4d7c5562c7924d6615,66d43b09152d4884c853d2a846b27c11,175
825,9cf0e161aea50dd26013755cd1b746bc,95df965a97ac4314c94592df23deea94,20
864,e1b8b8c5c78aa10eb1de9decad45099a,66d43b09152d4884c853d2a846b27c11,427
879,35d9852b3d2b6d97da1984e12588c263,a7cb070b49a4b7f41abf584480006353,11
904,b0651cf48bfe7aab01faf087e8addd58,95df965a97ac4314c94592df23deea94,0
905,b049dbfb140a27c250965ecfaf4b5b47,a7cb070b49a4b7f41abf584480006353,39
914,3d6b373b75fdaf5628ffdd9293b44f2d,66d43b09152d4884c853d2a846b27c11,251
951,58b37f0010031aabd45f29033a39b107,ca253820b91d15442b2e5f464a584cfd,107;108
971,7f4da880d27f2ceb081fe1562f22efc7,98bae769cdfd5484f9f976ca5697b099,23
1012,5d6fac10fc55769300e16a021e67ba35,6cc499f220f49dc44b33548b003b1457,28
1049,eb914f8c822b092ae3cac4129e8aede2,adda240458961f94fb196c3a1ab84139,102
1064,fb0f962be1b325cc19296c66751818c0,6cc499f220f49dc44b33548b003b1457,80
1085,146d0813d8788029ce98c61b9f15f7a9,adda240458961f94fb196c3a1ab84139,17
1087,0e7aa3deeea3fdbc862122b751c368e6,95df965a97ac4314c94592df23deea94,116
1098,dc4aae4ae5ce4f211fc74d278d835a2e,95df965a97ac4314c94592df23deea94,225
1102,b67138d705781d2e60eb4e03903f70cc,7353eae76a976394685746ea0bf74bcc,23
1148,d27c4b62fe36d00a9cfd1484b264a06b,043fd1f61638693418bfd34969693b6d,14
1170,fe58204d660f1ee4ea07a8ba3dd26a6a,a7cb070b49a4b7f41abf584480006353,72
1175,887ba8852165ced9965e5d362161e56e,adda240458961f94fb196c3a1ab84139,90
1208,ce1de239ca3e7f980f056f22869f9fd0,95df965a97ac4314c94592df23deea94,254
1224,09048fc248fca7a84319ea3531a34285,da5556c75d8da57479bba403afaac84e,27
1241,65ddfb0f01d5da8ee4ceb661f80f17e3,66d43b09152d4884c853d2a846b27c11,288
1320,9fcb6ad9f3d641e1a5210dcb60720291,95df965a97ac4314c94592df23deea94,164
1324,cb01ace10f605a79de39069b7e159fbf,deb86cb7823284643bb94aab291cb5ef,27;28
1342,035ec05fd2d51de9ed490d6afeaa6ea6,66d43b09152d4884c853d2a846b27c11,444
1349,3ad01ed1afe627f280a14446e6134c9a,d20ce86ce58c597468f6618f51f7e1c9,31
1394,8946ab55e770546f2c76e72945c54f24,deb86cb7823284643bb94aab291cb5ef,7
1411,9cd075933339887a924757b26ef39ee7,aaed5451b51c5884aae1b7d0b759a718,8;9
1425,fa3f82764e1c6530fea47a5970071166,95df965a97ac4314c94592df23deea94,13
1432,7613f7bbfb1071159e1f5ffc3a130f0b,043fd1f61638693418bfd34969693b6d,30
1440,4918567c8a87828c755e3277e5a66d9f,d20ce86ce58c597468f6618f51f7e1c9,41
1454,fd240dca98c3ae1ca2265753532b6515,adda240458961f94fb196c3a1ab84139,126
1502,f260bfb1b6d18179a1773f3eb3ff99b0,ca253820b91d15442b2e5f464a584cfd,95
1591,d09b167d9e4a30ee62e2822f48a4a610,a7cb070b49a4b7f41abf584480006353,49
1616,b3326cd1a123a496fe44b26d64dda2e6,6cc499f220f49dc44b33548b003b1457,70
1619,6298e8d8dda4731abbc922511fdae5a4,ca253820b91d15442b2e5f464a584cfd,55
1633,06e8bd27c88c5d185292f778650d31bd,66d43b09152d4884c853d2a846b27c11,211
1661,b0e9d41b402e86f6d38dd6b213e3630c,66d43b09152d4884c853d2a846b27c11,93
1683,1d629950d5db89ecc444bebde8e08a43,da5556c75d8da57479bba403afaac84e,30
1764,daded72d66865dbe3b9731b98ac3c41d,66d43b09152d4884c853d2a846b27c11,215
1778,780a7fc1a0e5184a5084e454e445d975,ca253820b91d15442b2e5f464a584cfd,60
1794,436f82c2510bdacc36cf8d5775ac0dde,6cc499f220f49dc44b33548b003b1457,27
1796,4ff683647fab1799f2e06422181f8a19,043fd1f61638693418bfd34969693b6d,41
1834,d710f6b6245f0ec0fabc939583d01a02,66d43b09152d4884c853d2a846b27c11,237
1912,a64195a7b2a91c7c1c973f708ac617ac,aaed5451b51c5884aae1b7d0b759a718,36
1920,745101ab731c38172e545e079dedf516,95df965a97ac4314c94592df23deea94,103
1931,2b56b08f11122b11622bcd3ddee11c25,6cc499f220f49dc44b33548b003b1457,14;15
1937,37543899c9eae2a3e63e8abc8a1ef0c1,deb86cb7823284643bb94aab291cb5ef,74
1951,6b5705eaff8aefcf01c49022279f2417,deb86cb7823284643bb94aab291cb5ef,51
1958,06fa085986013e1ece07757e445691fc,66d43b09152d4884c853d2a846b27c11,55
1972,59be8f2e37d6d0e62fbdfec0aec537b9,66d43b09152d4884c853d2a846b27c11,238
1991,db88acab0c6736061d56168d955d41a2,95df965a97ac4314c94592df23deea94,70
2024,f4d5556d51150c55ece0651e1ae103e6,deb86cb7823284643bb94aab291cb5ef,35
2116,c3272981cc791907637026f8e100bebe,a7cb070b49a4b7f41abf584480006353,119
2143,2d9aaa58f124d884277250fb1f146967,95df965a97ac4314c94592df23deea94,74
2174,b97f3ab62fe90ac52acb6e090f1edb12,95df965a97ac4314c94592df23deea94,77
2188,e4b0c0d6f666e57089e70fcad000197d,6cc499f220f49dc44b33548b003b1457,66
2208,1996ea684fa53c270f76a303fb8c8b64,95df965a97ac4314c94592df23deea94,200
2227,2ace701e2dd34c0acde8757f78654845,a7cb070b49a4b7f41abf584480006353,114
2231,395cc513abe50f2d33cb3db87f0d9af2,043fd1f61638693418bfd34969693b6d,73
2234,8bc197e0c80e711f6868da9880339db5,deb86cb7823284643bb94aab291cb5ef,9
2237,436db21fec700190fbfd4af89086d230,66d43b09152d4884c853d2a846b27c11,351
2243,74dbb709e77979a63a1900b17ec15701,922135cc8cab2184d8139d2e28ae5293,54
2266,7204e842682099ff6a1b81082c90b61a,95df965a97ac4314c94592df23deea94,212
2279,2d06a196608445c7e2d07b8449488147,a7cb070b49a4b7f41abf584480006353,56
2282,e08fbc98d52f9db22692e11ead669a0b,66d43b09152d4884c853d2a846b27c11,396;397
2328,f3d124aff4cf5a168233d604efcacee9,95df965a97ac4314c94592df23deea94,250
2332,0793507bde88f344136b4a71ff5b5fc7,66d43b09152d4884c853d2a846b27c11,39
2373,b0b4c21fecc6e38f583075b193c4ece6,da5556c75d8da57479bba403afaac84e,104
2385,44ddc5a23525264e2335275645ab6031,da5556c75d8da57479bba403afaac84e,33
2416,f103d65326e4271dc2b0ad8b80f2c698,95df965a97ac4314c94592df23deea94,48
2434,ef902dda3c2de8e99bc463224d73d5c7,95df965a97ac4314c94592df23deea94,46
2444,96670a6226e53433617ae290ae7975c2,ca253820b91d15442b2e5f464a584cfd,3
2470,dbae0d96cd809c439219c9d93f19e3ec,adda240458961f94fb196c3a1ab84139,174
2496,c4093b8908479fc649f6440cdca389e1,043fd1f61638693418bfd34969693b6d,51
2501,d31386986989a29eba17ec2cfbfa734b,6cc499f220f49dc44b33548b003b1457,0
2513,50c88510787bf323f3ffaa4babde704b,95df965a97ac4314c94592df23deea94,11
2545,908fbb8c4eb6ac9aa6429c47216cd1df,adda240458961f94fb196c3a1ab84139,190
2551,f8ddaedcd18151c4b2a6482efdca09f6,95df965a97ac4314c94592df23deea94,248
2553,ef7741198894f7ed8d40d861f8fd20fe,adda240458961f94fb196c3a1ab84139,34
2578,d08f263dd40fac3adafee29bac111035,adda240458961f94fb196c3a1ab84139,158
2590,f85dad6d3e93a9f424384703ace678d9,66d43b09152d4884c853d2a846b27c11,128
2605,e46aef7fb9d7b727810b8515622974d3,d20ce86ce58c597468f6618f51f7e1c9,77
2617,d0cdd91074628f9fefbfced519cb67be,98bae769cdfd5484f9f976ca5697b099,1;2;3
2631,2c875c89359f711b408df1998884432e,922135cc8cab2184d8139d2e28ae5293,29
2642,309ab8d85d09080fbf0fbd9b68b378e9,adda240458961f94fb196c3a1ab84139,134
2672,62bb5afc22720cbd89b9b3203a87d250,a7cb070b49a4b7f41abf584480006353,40
2677,c6189efd286c923116a9fd48ec1de3a4,95df965a97ac4314c94592df23deea94,231
2742,f36fc128465a1a559ea9cd2545200ac9,66d43b09152d4884c853d2a846b27c11,313
2769,da3e85390d94889709137d34c7e9a572,a7cb070b49a4b7f41abf584480006353,163
2813,ef097bbb73b22f92a2f1f349649505f1,66d43b09152d4884c853d2a846b27c11,163
2821,63820138a3f76f1413526f28ca2a8b40,aaed5451b51c5884aae1b7d0b759a718,57
2830,ecb55a77796f1fd9d045f6a9ad81041a,da5556c75d8da57479bba403afaac84e,72
2864,367815eaa6f21bf32055addc720c0c04,98bae769cdfd5484f9f976ca5697b099,20
2870,113e97d8e2a623862a5981c2289a418c,66d43b09152d4884c853d2a846b27c11,141
2894,030ceb817c0409507bbdfec6160bb4ad,adda240458961f94fb196c3a1ab84139,123
2902,14ff7272bbd849bb22bbd9f2d4f7dcb6,adda240458961f94fb196c3a1ab84139,113
2913,14eeef8fad8d8ccee6fc38410748a7b2,95df965a97ac4314c94592df23deea94,33
2924,faa6fc0b0c2b79b0be896777a14fb086,d20ce86ce58c597468f6618f51f7e1c9,39
2996,a7292934ed70861c018b0e75df0561c2,66d43b09152d4884c853d2a846b27c11,258
3001,db7fa53fd6c151a147e1123ae7ef225b,922135cc8cab2184d8139d2e28ae5293,14
3017,e1e873a2f9eb45a7cef042b86af83461,98bae769cdfd5484f9f976ca5697b099,0
3021,c2a20f2c874463784f039187a72b20ca,a7cb070b49a4b7f41abf584480006353,141
3029,81644b5e9ac079fb17665c0d97a897ea,adda240458961f94fb196c3a1ab84139,69
3035,6984eb52df89054881924dbd342e9cfb,deb86cb7823284643bb94aab291cb5ef,26
3036,5ce3d5eaac2ef08c92a2033c7691107c,deb86cb7823284643bb94aab291cb5ef,8
3068,26515d1fbff4e868f04d75aec3494ee6,922135cc8cab2184d8139d2e28ae5293,38
3078,61e373bdbb2e3edc0cb4ea108df902ff,95df965a97ac4314c94592df23deea94,259
3099,64d5c10d8d67f2d047a49ecd302d7fc7,adda240458961f94fb196c3a1ab84139,124
3104,48449a10308a3cf1b62e92abb3dc47ee,d20ce86ce58c597468f6618f51f7e1c9,32
3176,bb296bb5f81d19bb8a4e24b9fc712d94,95df965a97ac4314c94592df23deea94,29
3191,4e6f3effda338590d2ef82f6b4192348,adda240458961f94fb196c3a1ab84139,122
3197,07f88cbe2e9d9bc14bd37b922627cc9c,d20ce86ce58c597468f6618f51f7e1c9,57
3224,36f07d90bb311a1c704b2ca83323cf7c,95df965a97ac4314c94592df23deea94,57
3226,5d5c60122352e3992d2c91e9774db60f,95df965a97ac4314c94592df23deea94,172
3243,6c77b1a2ca31e79ce767dc04584ec677,922135cc8cab2184d8139d2e28ae5293,90
3273,38f547477bf6c6e69ea47c4ea93a479a,95df965a97ac4314c94592df23deea94,110
3303,5c1523a2296bbd35270250afebd96d6c,adda240458961f94fb196c3a1ab84139,187
3314,0e443691bbdc755becb19a783be02075,ca253820b91d15442b2e5f464a584cfd,0
3345,ce89dd72b0b991d326c2828b98d75030,66d43b09152d4884c853d2a846b27c11,443
3367,458dc5a50e4ab4a9dca3f5445fc1dc80,66d43b09152d4884c853d2a846b27c11,395
3383,8c65bc3a590558f663a35b0de56c25ad,95df965a97ac4314c94592df23deea94,159
3416,a630124257d802555353fe0b93b38a1e,66d43b09152d4884c853d2a846b27c11,306
3425,2ef0227af9cce41ee035f23923fe258d,deb86cb7823284643bb94aab291cb5ef,49
3463,97ccec4aeeb345073626ed27341f7116,95df965a97ac4314c94592df23deea94,9
3478,955c924423eb767f622bd89b84c5c62c,ca253820b91d15442b2e5f464a584cfd,122
3484,bf08d3c1e9d4c1c4dd64162646644057,adda240458961f94fb196c3a1ab84139,75
3513,6187d2d59e0c4c895be73a6beafea92f,66d43b09152d4884c853d2a846b27c11,0
3526,38dea3ee81e1f075fe6b638f83713dd7,95df965a97ac4314c94592df23deea94,56
3545,c5298ae4e084d674280599b11f11dc9f,95df965a97ac4314c94592df23deea94,210
3546,8c792412ebb8059ad23e4ffa06b878ce,d20ce86ce58c597468f6618f51f7e1c9,46
3573,006422df8f701646ab7a38e113a32c16,043fd1f61638693418bfd34969693b6d,116
3581,9cf01d8cdc5ea676aa2ad4ce75d110f7,66d43b09152d4884c853d2a846b27c11,428
3602,06371747042e3e6fb7cf20a6f71022cc,adda240458961f94fb196c3a1ab84139,125
3620,5eb7789491aa3d33cfbaefb8cd6a39f3,66d43b09152d4884c853d2a846b27c11,158
3659,10c1377b0b3d9ebd96acc8d48a766ba9,95df965a97ac4314c94592df23deea94,142
3668,35956d74bbb34a190d7bea49aa335fa6,66d43b09152d4884c853d2a846b27c11,264
3675,057d1ca3dc608287e37d7d425c9db5b3,043fd1f61638693418bfd34969693b6d,24
3699,ef5b2a4173042a62ffe7b9d157075084,66d43b09152d4884c853d2a846b27c11,162
3706,d99a91eee5db3743f0a9e94e20b93cb0,a7cb070b49a4b7f41abf584480006353,106
3715,6cf7fbfc78954b7290ecbf2cc93f7958,66d43b09152d4884c853d2a846b27c11,151
3737,6f2b7851a19666cb5c1ea874d840e76b,aaed5451b51c5884aae1b7d0b759a718,33
3771,9ec83842777419160157482cbe6fe2c0,66d43b09152d4884c853d2a846b27c11,231
3818,03eec525c3a8a652156c73c9f7d23c83,66d43b09152d4884c853d2a846b27c11,343
3840,a759c13e70778f28f96f3d1984197b46,66d43b09152d4884c853d2a846b27c11,340
3843,416f3b572a6bc98743822c4cd8ed702e,66d43b09152d4884c853d2a846b27c11,185
3848,08df1d04e1da098ee182ac1abc8c23b9,66d43b09152d4884c853d2a846b27c11,118
3864,e968c2cf2581845c5c3de910c96a05df,66d43b09152d4884c853d2a846b27c11,192
3875,772e741083cc07fbd63d4e0399785f76,922135cc8cab2184d8139d2e28ae5293,60
3883,34469ecb33e019d9add19d17f81e7d34,d20ce86ce58c597468f6618f51f7e1c9,55
3888,26d33d768633df84d7f46e07a851f804,6cc499f220f49dc44b33548b003b1457,23
3913,c41f0a59eca669d182bb20d2d94f0a6c,d20ce86ce58c597468f6618f51f7e1c9,53
3930,f48337d489bbf0a878c9dceec1a4f779,a7cb070b49a4b7f41abf584480006353,130
3939,771e166d651f0d0acfa0bd41c4f81bda,95df965a97ac4314c94592df23deea94,36
3955,e7c6e9883c5a8792898746477607d10a,adda240458961f94fb196c3a1ab84139,182
3970,9ea7ecf66fe10e4de56bb7181f378689,95df965a97ac4314c94592df23deea94,241
3974,7a4f21a69aad8ab11a160f34398fb980,d20ce86ce58c597468f6618f51f7e1c9,113
4000,caf24a8f32e52737a8817e5d615ec906,66d43b09152d4884c853d2a846b27c11,120
4006,b37a9b71f27bd3680f5044715a5112a9,deb86cb7823284643bb94aab291cb5ef,59
4011,7e357b9c21824a192709c7698f23bb6d,66d43b09152d4884c853d2a846b27c11,236
4060,fa31025922bd1df4d653de50c6c06997,043fd1f61638693418bfd34969693b6d,21
4087,9e8e8b404ed8f71d3b8435df1965955a,043fd1f61638693418bfd34969693b6d,11
4102,48581f1f03055bfb9b4331253d2a5533,95df965a97ac4314c94592df23deea94,173
4110,335ba34b09cf4036ddaf9d1f26315009,ca253820b91d15442b2e5f464a584cfd,39
4123,5c614a0c05d91df4bc610fc65cf79952,aaed5451b51c5884aae1b7d0b759a718,13
4167,a521a3835f239d2afe7e3afb49cace04,922135cc8cab2184d8139d2e28ae5293,12
4169,20b94503abb28f5b1d40f4817cbb5245,a7cb070b49a4b7f41abf584480006353,31
4218,85eb154d657ff37d80c7c14141b51ff2,95df965a97ac4314c94592df23deea94,4
4225,66905c85f0abc4280863a0b75a697409,043fd1f61638693418bfd34969693b6d,85
4242,0cb163a3651b034989adb765a3ec831a,043fd1f61638693418bfd34969693b6d,38
4252,a073adef6cc015e304c55c93f221cc17,66d43b09152d4884c853d2a846b27c11,359
4265,0764a2b332fe55327e85010221bdbb57,ca253820b91d15442b2e5f464a584cfd,29
4272,bfe85452c43c35c61e899f7d4fca7fb5,043fd1f61638693418bfd34969693b6d,33
4297,a9f1d0c724c1a804b9364a613fdfc764,95df965a97ac4314c94592df23deea94,240
4323,6e971474d25efcaac90741632654f866,da5556c75d8da57479bba403afaac84e,73
4328,f0900bb45b87f03cdeaf9037f18bac73,66d43b09152d4884c853d2a846b27c11,449
4359,e03082486dcc0abfb1421d3a613bcfaa,95df965a97ac4314c94592df23deea94,219
4377,199feda0fab15b3df016e4537b72e973,a7cb070b49a4b7f41abf584480006353,117
4419,b357a1b0f70bccf451a8632eab1eb302,66d43b09152d4884c853d2a846b27c11,327
4441,d006f28c75be45b415eaebdcc4c90823,66d43b09152d4884c853d2a846b27c11,229
4465,1eb591fa3a99616689ab32d3d0a1e381,922135cc8cab2184d8139d2e28ae5293,37
4473,11bdedc2424f0be3b5605604f147f975,deb86cb7823284643bb94aab291cb5ef,60
4474,d1690d3f8424bde9f36958055f0da00d,deb86cb7823284643bb94aab291cb5ef,65
4499,076507f98579f454ff4337932ddea0d1,a7cb070b49a4b7f41abf584480006353,155
4509,8048cc276f6d692387a1ff36cf1c4f01,a7cb070b49a4b7f41abf584480006353,47
4521,a80c4ec6b4fb037c6aca479f7c25ec86,66d43b09152d4884c853d2a846b27c11,458
4544,7d5c510780491a56817754d5e0ccfa06,98bae769cdfd5484f9f976ca5697b099,6
4551,a0e3e2b6a8b448bcf7b1576c390e764b,66d43b09152d4884c853d2a846b27c11,173
4568,aeaf2f20387257a418ce754041bd63f6,66d43b09152d4884c853d2a846b27c11,307
4579,0cf8a5d4088e30d66f44066f8caa099d,a7cb070b49a4b7f41abf584480006353,2
4583,34af48b43192cab001dd72a26faf9eea,66d43b09152d4884c853d2a846b27c11,174
4586,20ede77911663bced8b8b9e2f4a32539,66d43b09152d4884c853d2a846b27c11,177
4589,4441972214ce0fd6e38c4e1f41c948a3,66d43b09152d4884c853d2a846b27c11,259
4625,eb698794a6d2d674cbfffb8f7b449da4,66d43b09152d4884c853d2a846b27c11,445
4658,a073f81d9d81f330894351773a2ca0eb,ca253820b91d15442b2e5f464a584cfd,50
4736,f686a80898f455bdfd343584a43bb99f,adda240458961f94fb196c3a1ab84139,165
4773,88ef05343e3cbf26edb609d11a7063a9,aaed5451b51c5884aae1b7d0b759a718,21
4779,ee248c053ecc9d8b7c756876ebbc3b30,aaed5451b51c5884aae1b7d0b759a718,27
4817,ddb3e161ba726e2fd2b5f2c20e1a1e9a,a7cb070b49a4b7f41abf584480006353,64
4841,01f2fa14a51c9ac735f1be19e32b7112,66d43b09152d4884c853d2a846b27c11,246
4888,ea082aaa6b794ee516320d96b71ea56e,95df965a97ac4314c94592df23deea94,143
4893,f92e4f443b72cf7d0a34a28bae3ecb69,da5556c75d8da57479bba403afaac84e,110
4922,e8055707c648a5528d451c4a90279501,95df965a97ac4314c94592df23deea94,8
4943,e3c7a109c8a30cf0fed27567558d8782,a7cb070b49a4b7f41abf584480006353,5
4972,cd60e93e587663eb3ba5c56d43bd0c94,ca253820b91d15442b2e5f464a584cfd,90
4981,9cddeecf05bb1bc5a6544a2f021913ba,66d43b09152d4884c853d2a846b27c11,26
4997,31e95872050208bd5abff6da8e55522e,66d43b09152d4884c853d2a846b27c11,453
5043,134a11c11f002a5d341c69b77fa4dd1a,da5556c75d8da57479bba403afaac84e,14
5047,d462179e8bf2d13df6e2970cfac718be,d20ce86ce58c597468f6618f51f7e1c9,10
5083,a395df7a0051ad0498744486dcb8a04e,a7cb070b49a4b7f41abf584480006353,120
5110,a51705a581bbfae9b295b8c2d4d7a45e,66d43b09152d4884c853d2a846b27c11,344
5153,aab445ab1fa956dc87b7bf351d8cd205,adda240458961f94fb196c3a1ab84139,215
5175,bb880ab5af9b93611b676c19a1519ece,adda240458961f94fb196c3a1ab84139,148
5176,425f0bb6cf71004b649f8f33fc073b92,d20ce86ce58c597468f6618f51f7e1c9,5
5186,44779c4c4e4cb4dabce3dbc5e862e68c,043fd1f61638693418bfd34969693b6d,126
5187,1c8071d38b88a4c51c4210662ff9d748,da5556c75d8da57479bba403afaac84e,83
5200,267e96b48784295c387beab452e248a4,66d43b09152d4884c853d2a846b27c11,190
5282,9294c3d96215542ceec2e3ffb79f020a,66d43b09152d4884c853d2a846b27c11,40
5290,52da5d2e3aab4bd2e809fea7849291c4,a7cb070b49a4b7f41abf584480006353,36
5311,e4223a105bda458cf965e3e6c41a7ac9,95df965a97ac4314c94592df23deea94,145
5331,3ee92c97c7c56f4df12a9d93224206ca,95df965a97ac4314c94592df23deea94,40
5337,851a83397c2c04e850a5d99dab2ad521,ca253820b91d15442b2e5f464a584cfd,109
5356,0febad716220cb1dc91e777f8d7df721,deb86cb7823284643bb94aab291cb5ef,46
5394,fb10dd9bf096dddfca5cad2ed6ace213,a7cb070b49a4b7f41abf584480006353,113
5410,545fb7c59d403ebe110928f3cb1f47f2,95df965a97ac4314c94592df23deea94,155
5418,502c5dd942c7fcaed7877838df68bc87,922135cc8cab2184d8139d2e28ae5293,58
5434,d4448e408f81a05f84210d300939eef9,d20ce86ce58c597468f6618f51f7e1c9,88
5464,34eac393a3900f1da29d5ee209c66941,66d43b09152d4884c853d2a846b27c11,9
5470,708c15dff494ddafa92e7b0e44d9f537,d20ce86ce58c597468f6618f51f7e1c9,87
5488,bfad4f9ae3e5eab3d27aa462dafba1c3,95df965a97ac4314c94592df23deea94,208
5540,1aa391f6ae504b9b7cff57d3b27bbd03,95df965a97ac4314c94592df23deea94,214
5556,f1e27006f20416da7e7bb0e5cf501a25,66d43b09152d4884c853d2a846b27c11,15
5562,ae270fb74498e0ce24d2bf13c376ccbe,66d43b09152d4884c853d2a846b27c11,404
5571,b368d150345d9da49c84f53b62044384,d20ce86ce58c597468f6618f51f7e1c9,84
5579,15d0fbc17cf04626df54c72976c5ddef,adda240458961f94fb196c3a1ab84139,80
5582,125f0d1f1acc0f09286e3f89ab15a2dd,ca253820b91d15442b2e5f464a584cfd,80
5603,bf8b7318a0b59ce44d86aaaaf87734df,922135cc8cab2184d8139d2e28ae5293,56
5609,026e8a71587ed4fa396a6840acdb4eb3,66d43b09152d4884c853d2a846b27c11,302
5620,61c847a3090b460625728e17691ac55f,95df965a97ac4314c94592df23deea94,222
5644,8b9d6187517e7976053089bbe5a0a94b,922135cc8cab2184d8139d2e28ae5293,71
5667,ea6d046fbf56abd80120a480ede030ce,adda240458961f94fb196c3a1ab84139,6
5673,e6670d0b2aed341ef086d3e9097eaf9a,66d43b09152d4884c853d2a846b27c11,91
5718,68a02180cfefcc0ece2fa058bb342402,d20ce86ce58c597468f6618f51f7e1c9,111
5728,9cf2eccabdf2571ea8a7376ac726ffcd,a7cb070b49a4b7f41abf584480006353,17
5747,3bb4ff0a80753e54e684d5d0e9ab6758,66d43b09152d4884c853d2a846b27c11,325
5771,8dbd782d530fa2935cacd7c1b2d1b644,6cc499f220f49dc44b33548b003b1457,63
5784,ad6efe21f5eb0f68287898d10e969dfa,66d43b09152d4884c853d2a846b27c11,5
5803,0c5d200c7e7bdd606de1b7377d26774f,95df965a97ac4314c94592df23deea94,108
5820,ea30a9ad532b3c7a19ed942002f23e33,adda240458961f94fb196c3a1ab84139,25
5855,8d052a4dd4660563145234f28ef22bce,6cc499f220f49dc44b33548b003b1457,44
5870,d7ddd6406cc58a123057294a708ba55f,66d43b09152d4884c853d2a846b27c11,254
5873,6b9c9f0c2908574ee4fb1ddf049fae5d,deb86cb7823284643bb94aab291cb5ef,14
5896,770b22bf8eb3d0bfeacfede083978dca,043fd1f61638693418bfd34969693b6d,125
5948,4ab4e9c3bfd75fb604f9c50bb2159698,66d43b09152d4884c853d2a846b27c11,3
5968,41a092610f29170e5bc361be6e0d1dec,98bae769cdfd5484f9f976ca5697b099,16
5975,50d1042205d6ac39f808b55da06f6a0a,66d43b09152d4884c853d2a846b27c11,103
5981,8ef9adc763030af4c1b7b3bd886c411d,d20ce86ce58c597468f6618f51f7e1c9,15
5997,a77a5a9810e1d77232873e9a1354201e,d20ce86ce58c597468f6618f51f7e1c9,20
6006,ab9791423918c2258c01836a942c0542,ca253820b91d15442b2e5f464a584cfd,75
6009,fa9c7bf5c07423e2c84a749642cdf085,a7cb070b49a4b7f41abf584480006353,142
6023,c288ba9d5b56963f6e9a847af6b33a9e,95df965a97ac4314c94592df23deea94,79
6037,21d25d6271112686e091664ca746ba92,a7cb070b49a4b7f41abf584480006353,27
6039,33d73f9d6be7c4fdab834dd606d58874,66d43b09152d4884c853d2a846b27c11,424
6050,dc6da849e99f17bfeaa9d1ddacfc902f,adda240458961f94fb196c3a1ab84139,62
6084,2aa056f5a18395a374a3daff63c0a51b,66d43b09152d4884c853d2a846b27c11,357
6097,8f23c5945c451a654addecdf05a79dfe,aaed5451b51c5884aae1b7d0b759a718,67
6103,8eb5122d77e12287ba36daef701c884e,adda240458961f94fb196c3a1ab84139,154;155;156
6121,bccdf1a7a2e7334eb171b769aa0d35bf,98bae769cdfd5484f9f976ca5697b099,5
6151,cf9f08a78b1c8c358bd46ddd8e9fe5bc,adda240458961f94fb196c3a1ab84139,21
6153,5321706220112780baeed0bbe56912b3,adda240458961f94fb196c3a1ab84139,216
6180,b65aa3633c2205bed0f875cd73dcba4e,ca253820b91d15442b2e5f464a584cfd,14
6186,83a75ec303d14bad584e99c8a5a586f3,adda240458961f94fb196c3a1ab84139,84
6285,32d73fa37b1d1f9e1869e775bcb26c46,043fd1f61638693418bfd34969693b6d,55
6307,57a061258f52901e29334f3047dac981,adda240458961f94fb196c3a1ab84139,85
6308,0b8f651181993488fe2faf42b5a932fb,66d43b09152d4884c853d2a846b27c11,324
6310,6ccfd48a8989de050ec083cb97470cce,d20ce86ce58c597468f6618f51f7e1c9,79
6349,6a89b3c86002778f6259740eb5a4ae44,adda240458961f94fb196c3a1ab84139,22
6350,ddb80545ab93835c0d3ae6efa5ff8888,adda240458961f94fb196c3a1ab84139,27
6351,21e0e05e8ec0cdb60a440b4f32715fc7,95df965a97ac4314c94592df23deea94,122
6352,2e9afa9d0414798ef0c91cdaa5a95397,da5556c75d8da57479bba403afaac84e,24
6396,876e6f7789f2381600b2ca4c36f08184,66d43b09152d4884c853d2a846b27c11,309
6421,4205f69e2fd0b68194b414ab82c53cfd,95df965a97ac4314c94592df23deea94,89
6436,544629484281dd807323b76f7ff61558,95df965a97ac4314c94592df23deea94,90
6500,2f9a0a5880657c667552f7475efbabe8,66d43b09152d4884c853d2a846b27c11,48
6506,7bc21a9b986133faaff0588d3494be43,da5556c75d8da57479bba403afaac84e,48
6518,fa8336009a93704dd3a961482856a21a,a7cb070b49a4b7f41abf584480006353,93
6537,0dee8ccbbbb3c57c5d8a3dd506db6755,043fd1f61638693418bfd34969693b6d,23
6554,82fb2f4173ef86092ba1e7aa2c496936,d20ce86ce58c597468f6618f51f7e1c9,1
6564,2ba413fd667b5d7d78eb69c64da0e1a2,95df965a97ac4314c94592df23deea94,86
6574,f4ab2e0602b7469e3e391dd4df233ac8,a7cb070b49a4b7f41abf584480006353,60
6594,8e03763234064d2abf874f03c239751d,a7cb070b49a4b7f41abf584480006353,21
6598,1509e9ac5429356c345b80b0f02c585d,adda240458961f94fb196c3a1ab84139,24
6618,0086781702ba5cb80dbf0dbb8f875acb,043fd1f61638693418bfd34969693b6d,28
6639,3a920d9c8c928dbb6164e439687af0cf,95df965a97ac4314c94592df23deea94,215
6640,411bbfeec4a471af4520ea03dd7f7cff,66d43b09152d4884c853d2a846b27c11,265
6682,ed65e0cb7254d736c438c837bbfa97a9,66d43b09152d4884c853d2a846b27c11,415
6694,64de90ba374b15503411f9837b7b48c8,6cc499f220f49dc44b33548b003b1457,40
6695,66dc4e6b803c821e469cb49fbc45ad66,adda240458961f94fb196c3a1ab84139,46
6723,4a790a6835b23aa59b8a25bfd3f02b1d,da5556c75d8da57479bba403afaac84e,42
6808,e16f6e1e77b110ee14c65dde8f1b36dd,043fd1f61638693418bfd34969693b6d,63
6843,7daf267bf36a08f9c4b0df242b2d57ab,95df965a97ac4314c94592df23deea94,63
6882,19ff6f10379df2e3da740b8f34c25f1b,66d43b09152d4884c853d2a846b27c11,68
6890,c9e5cdc910e410b00dbd1a7ee21e0375,95df965a97ac4314c94592df23deea94,82
6938,eaf0362179091c79da9f6728b3c5fdc1,ca253820b91d15442b2e5f464a584cfd,22
6945,78cbbed5197083e7a176cffb4d914a93,66d43b09152d4884c853d2a846b27c11,475
6978,5451dfbf0bf88534a6296f3e64c0f76a,66d43b09152d4884c853d2a846b27c11,342
6991,543725df6b4facfb660d89965e34b470,deb86cb7823284643bb94aab291cb5ef,6
7065,4f6ac2527ef70e970cb89ef70baaefa9,95df965a97ac4314c94592df23deea94,75
7079,cf7d484a33c5011d30dec3731dd0cba4,a7cb070b49a4b7f41abf584480006353,7
7080,fe980212054fd24ac0bf9a9fa7aee8d2,ca253820b91d15442b2e5f464a584cfd,65
7092,dbb2b1a602ed1a95cb4164ea0be51a3d,95df965a97ac4314c94592df23deea94,158
7102,2e92c3fc0d8a68b823020d4b73da72e4,deb86cb7823284643bb94aab291cb5ef,20
7132,580625aaa9c3f6369a3c1988e2824117,95df965a97ac4314c94592df23deea94,153
7159,8bfd98df7667291df3d8aa6cad0089cb,66d43b09152d4884c853d2a846b27c11,431
7163,598b9c85cc6ffe0d816ae5c5aa28f0ec,adda240458961f94fb196c3a1ab84139,199
7208,1b48ad9e725f606b0144e8628afbc8e6,66d43b09152d4884c853d2a846b27c11,249
7225,46289d5d43af3e91c0f55982bbf6e94c,ca253820b91d15442b2e5f464a584cfd,2
7251,f4aee455006e8704c8067e808c6872cf,deb86cb7823284643bb94aab291cb5ef,5
7269,5e24241be55fc8a65159364dd4d4357e,deb86cb7823284643bb94aab291cb5ef,13
7285,78cd4e52ea77a3f108f19a649e5d40b9,66d43b09152d4884c853d2a846b27c11,206
7286,6e8f0860af5ef35daf1839dd4e5584f1,a7cb070b49a4b7f41abf584480006353,107
7291,a3d8087e9bc8482b42e2d2d2501e351f,ca253820b91d15442b2e5f464a584cfd,47
7298,485dcefcab3ca33c4ba15cadbe2a7331,95df965a97ac4314c94592df23deea94,163
7305,52a152f12b22ee84531f070cd53a361c,66d43b09152d4884c853d2a846b27c11,345
7316,568475154506ddfe2e0267bb9be17557,deb86cb7823284643bb94aab291cb5ef,30
7328,6232163dacd5c2260465385c7d213260,adda240458961f94fb196c3a1ab84139,111
7350,73fdc081416b9c4c42c7840056413792,043fd1f61638693418bfd34969693b6d,67
7434,e31609a067027cd6bafdbf4b500e6cd8,adda240458961f94fb196c3a1ab84139,59
7481,05aecc2c0cd47ac8dcfc1e7e4467c689,6cc499f220f49dc44b33548b003b1457,46
7484,ad05e77d06a45bc125a4fc56967a51eb,ca253820b91d15442b2e5f464a584cfd,82
7488,c9e1e7aaee49435390a6d89a79970856,adda240458961f94fb196c3a1ab84139,211
7509,1b439452e1daaf9662395292042d1171,aaed5451b51c5884aae1b7d0b759a718,40
7520,e8c73b7feb3edb58bd6db501f033b25c,aaed5451b51c5884aae1b7d0b759a718,41
7557,7d03df11e04bc4ec0ca99bff0ec372a8,ca253820b91d15442b2e5f464a584cfd,84
7558,c7d62db4ed3fca5126aaad43016658da,deb86cb7823284643bb94aab291cb5ef,0
7568,58809354387a1087b1d3da4e7f1f933c,66d43b09152d4884c853d2a846b27c11,262
7601,db1c0f3e6268add16ff536b38bed297b,adda240458961f94fb196c3a1ab84139,20
7611,b2cc1ba30bb03f1c8c9c23c2e1059bd6,adda240458961f94fb196c3a1ab84139,209
7620,6d7996fc55fe326f227498f9d1293340,66d43b09152d4884c853d2a846b27c11,476
7635,55a7c144adc0447445a9bd46ccc0d69f,aaed5451b51c5884aae1b7d0b759a718,59
7650,997c0dce490a56097f1f67c2d69c3ed5,d20ce86ce58c597468f6618f51f7e1c9,80
7671,f9c2601992b5bffca220a256c6e4540a,922135cc8cab2184d8139d2e28ae5293,39
7675,ee66cc81fdf513b6475691a671b9d31d,66d43b09152d4884c853d2a846b27c11,409
7680,5f63d2b5a8baa1ce35297a81b136dabd,66d43b09152d4884c853d2a846b27c11,333
7723,6acdf74ed7af898b52921f3b97d38bf2,a7cb070b49a4b7f41abf584480006353,20
7725,463012bc3a35fc6801ff7364450d19df,a7cb070b49a4b7f41abf584480006353,85
7726,cd829b0cdc2d3bfcbd1ac55e446501ef,66d43b09152d4884c853d2a846b27c11,417
7741,70da402ecbba106b45053e8ae3620a19,7353eae76a976394685746ea0bf74bcc,25
7769,8a446bcad434a21dbd3378d99977aaeb,adda240458961f94fb196c3a1ab84139,56
7789,2c16ef74054badb38120131f94037d7e,95df965a97ac4314c94592df23deea94,85
7812,7ea43609f3ccd8ae29177bf480f9732d,7353eae76a976394685746ea0bf74bcc,36
7823,5922254ed391973d33d7babd6be0b89f,95df965a97ac4314c94592df23deea94,257
7831,fe83f929c05c0f23afd39a66071cd8d1,95df965a97ac4314c94592df23deea94,235
7846,34546129694981a523c511766ef0cb5c,66d43b09152d4884c853d2a846b27c11,377
7875,da9933f2818c536eee47063b8d85e395,043fd1f61638693418bfd34969693b6d,83
7905,02bf56c97d3623c253de87f2a74402b9,043fd1f61638693418bfd34969693b6d,16
7911,e6a5ecb42b0384c85b8e3c7d4bc7a4b4,66d43b09152d4884c853d2a846b27c11,63
7960,6427513a6c2643e03a87d26467e31d98,ca253820b91d15442b2e5f464a584cfd,59
7976,3d1ec9ef12565953b0a0b298548d417f,66d43b09152d4884c853d2a846b27c11,268
7987,0d9bf096171cce2d8ba444857e3198f9,a7cb070b49a4b7f41abf584480006353,51
7997,0405f90bff841baf40ec5978dea26e04,95df965a97ac4314c94592df23deea94,272
8003,9352cf444b0e70a70ebcf544cd83709b,66d43b09152d4884c853d2a846b27c11,473
8007,b9bd6324514b37d652a1be53f910e28f,95df965a97ac4314c94592df23deea94,102
8020,978458bfcb74545c4857e6f513519e41,66d43b09152d4884c853d2a846b27c11,74
8024,8ed2eed3cbc93c83235d5600a011ef69,95df965a97ac4314c94592df23deea94,224
8026,04b760e2f998548e369eeea1c17cfb80,adda240458961f94fb196c3a1ab84139,76
8048,40e4bba9a87c5b624d30d7e0e9dacb9a,da5556c75d8da57479bba403afaac84e,8
8056,f754f54942f6af894ba653b99832c7e5,66d43b09152d4884c853d2a846b27c11,187
8106,efabee166c28ae59cd9a9d3584eefacf,043fd1f61638693418bfd34969693b6d,92
8113,00dbc1598b7635c6618931b8d5ffe59b,95df965a97ac4314c94592df23deea94,148
8158,8f53d93c800810199465ee6f10f6fac6,a7cb070b49a4b7f41abf584480006353,121
8208,e4137d54b9f0fa63fcfcd316ab72444d,95df965a97ac4314c94592df23deea94,252
8266,aebb345d4a8f8f5c2026ecd214e3d8da,ca253820b91d15442b2e5f464a584cfd,97
8363,e2983bbcc40183842f33b04b6b5e76c2,66d43b09152d4884c853d2a846b27c11,474
8400,f7f4420bc6fc41570a8f315f94d2f87a,043fd1f61638693418bfd34969693b6d,26
8411,88c163215bde807f68a96bfa42e02974,adda240458961f94fb196c3a1ab84139,65
8424,17810ae241e9b01618824043373205cb,043fd1f61638693418bfd34969693b6d,31
8432,a556c8778c35a2fe710f807d6d1cc3c4,66d43b09152d4884c853d2a846b27c11,240
8444,5fe489c7fb9933a7a2bc4847a3eb3c68,043fd1f61638693418bfd34969693b6d,8
8450,ebccd891c95f483a5ec008996f26c97c,7353eae76a976394685746ea0bf74bcc,12
8454,3156a1bff92395ee0fbfe7521b9352e3,66d43b09152d4884c853d2a846b27c11,76
8473,f2a6b8bbbaf0e0c1fcff5a7b0db0113e,922135cc8cab2184d8139d2e28ae5293,13
8483,f7d91167b8f0277acb7af4c45cee4e71,adda240458961f94fb196c3a1ab84139,55
8491,54cbc4eb18dbd59e5e34acb656f1fdf0,043fd1f61638693418bfd34969693b6d,19
8516,b013a0f7e73bde76956a768951f33376,a7cb070b49a4b7f41abf584480006353,112
8520,ab1868519929fba800d4d786cc29618e,95df965a97ac4314c94592df23deea94,189
8521,3e8bed7c72cc181e9967471680b8ecbf,66d43b09152d4884c853d2a846b27c11,361
8585,c9c7f4ae0eac0d0fb3a4c12d4d33236c,66d43b09152d4884c853d2a846b27c11,383
8615,6f8581522aa199f3cb4b69012d4f7f6e,da5556c75d8da57479bba403afaac84e,20
8628,04e8de3e92bc488980238f2ac718d27b,6cc499f220f49dc44b33548b003b1457,34;35
8639,1704d967080fa78707fe486f215b2811,6cc499f220f49dc44b33548b003b1457,39
8697,17bda35f2dde51f8d17892aea51c3079,043fd1f61638693418bfd34969693b6d,36
8704,0026fbbc3095c4d106ff78e04b3ed3da,adda240458961f94fb196c3a1ab84139,180
8732,aa59edbf463128dddbe868aaa57c286d,922135cc8cab2184d8139d2e28ae5293,46
8735,09728e3f7587f4db9a3305fb32769d84,66d43b09152d4884c853d2a846b27c11,71
8781,229355087305e2d515f98b852d65da88,66d43b09152d4884c853d2a846b27c11,354
8788,c7f2e654c88f6272a157290e3bb652ca,7353eae76a976394685746ea0bf74bcc,13
8789,b51994a86756e1950f5db3d940b30376,95df965a97ac4314c94592df23deea94,209
8794,d1f3c18aba455d2d983ca9e293339fbe,95df965a97ac4314c94592df23deea94,95
8796,0ded929b8d7e6bb5847a44e299c07768,a7cb070b49a4b7f41abf584480006353,90
8800,70e3a788603cdce10a4f6f6cc1bebfa2,adda240458961f94fb196c3a1ab84139,172
8813,f4bae54f8daef0bd27967e7c5090a1c0,a7cb070b49a4b7f41abf584480006353,30
8837,0c69ddcf50c259cac019725ca1238dcc,66d43b09152d4884c853d2a846b27c11,412
8865,64394852f0947706e80a2a558069fa53,66d43b09152d4884c853d2a846b27c11,52
8880,5b3e05ba0c1362f86ceb10538db83035,adda240458961f94fb196c3a1ab84139,4
8896,3f39e8b39f53175d8564fde4e63d0919,95df965a97ac4314c94592df23deea94,187
8913,7535e21803f1f528892aee20752f7dbc,d20ce86ce58c597468f6618f51f7e1c9,2
8931,861e691433df2a741855f7546340ec4a,95df965a97ac4314c94592df23deea94,88
8947,c4af9ab626d6fbb107f863b0b535c721,95df965a97ac4314c94592df23deea94,196
8952,070bd5555bb14be7f535fe9755df71af,66d43b09152d4884c853d2a846b27c11,478
8958,35617a145297c4d6cb70a8ab9478bcda,adda240458961f94fb196c3a1ab84139,0
8998,6d4a387bd94c67634227c3563884f648,da5556c75d8da57479bba403afaac84e,60;61
9032,d4b89be52e7ade618aef22ffcaba156d,95df965a97ac4314c94592df23deea94,178
9046,61dace5cdc3bea50a06f34f0fabcd2e9,66d43b09152d4884c853d2a846b27c11,305
9060,5d14830d64c7eb3a225866038f5b201b,6cc499f220f49dc44b33548b003b1457,29
9074,abf1f1041b1a212cf00366d1b2afc6ae,7353eae76a976394685746ea0bf74bcc,6
9077,3f48c3f8da113c762f5ef4d32409e45c,6cc499f220f49dc44b33548b003b1457,87
9103,57c48d5032aa9ddb79c58eb7daab42b2,ca253820b91d15442b2e5f464a584cfd,6
9107,fa3fd2d679852533c027441df509e3ab,6cc499f220f49dc44b33548b003b1457,42
9165,1e048f5e60d62f5a0fc8ad85125c4fdc,043fd1f61638693418bfd34969693b6d,100
9192,b1bbaeca23d53a0db38f07b3a664647d,d20ce86ce58c597468f6618f51f7e1c9,110
9325,f6671f81d00af3249371f5dc5565a0aa,6cc499f220f49dc44b33548b003b1457,52
9337,450510e720a076d53aeb44a05dd6480d,95df965a97ac4314c94592df23deea94,104
9351,15f4d6cfffd0a40b295afc61263b85ee,6cc499f220f49dc44b33548b003b1457,69
9353,c45959bf0463f0ec3431744757f79ccd,66d43b09152d4884c853d2a846b27c11,480
9425,29a30f4762c2e56b22c91263035533f4,95df965a97ac4314c94592df23deea94,105
9441,d62d97ce2bad7df69fa914a3afc6b5bb,adda240458961f94fb196c3a1ab84139,205
9456,68a144e6b5826aa667733b2cabc00c1a,a7cb070b49a4b7f41abf584480006353,77
9510,d5041f76095e151e26bd148967ea16da,da5556c75d8da57479bba403afaac84e,52
9521,e9fd1c1f1ffe9428d0bb2f67285b6c6a,da5556c75d8da57479bba403afaac84e,51
9589,127de4bab09bcff9814e99c7ff16ffcc,66d43b09152d4884c853d2a846b27c11,463
9595,dbaa9a59b3003a40832be5483dd3041d,95df965a97ac4314c94592df23deea94,107
9596,2215d7baab56b105c98e4b0dd70136e7,66d43b09152d4884c853d2a846b27c11,60
9635,d694802c4bba1a25a03615b79ece695e,98bae769cdfd5484f9f976ca5697b099,11
9638,9967a97b1e9220588aa80113d841fc9e,95df965a97ac4314c94592df23deea94,106
9647,e0b27e9a250cc41addec58694b960bf3,043fd1f61638693418bfd34969693b6d,2
9660,aabe46ea2b7c4d171fb9e8dc081f824f,043fd1f61638693418bfd34969693b6d,121
9667,beac8b7c6343d893e73426ec32171eae,7353eae76a976394685746ea0bf74bcc,4
9674,6737e72920f4e1d521c172dfb330840f,adda240458961f94fb196c3a1ab84139,142;143;144
9717,3b2b26cb91aa51c9f2577b0de6e3fe4e,a7cb070b49a4b7f41abf584480006353,157
9751,44a70b682b2d3d9ad259f6f5cd4a54e0,6cc499f220f49dc44b33548b003b1457,74
9758,b6a2b787c11a575101f465aa44a5a619,66d43b09152d4884c853d2a846b27c11,58
9782,44c73de2512df8dcf30d30e89e2b66cc,da5556c75d8da57479bba403afaac84e,92
9783,be9cf9f364a3c3030c5fe01cd093f55e,a7cb070b49a4b7f41abf584480006353,55
9812,26e1d6aafda1da3d16c7236dc94def8f,ca253820b91d15442b2e5f464a584cfd,54
9815,8206bd23279524743caa8e2f593438dc,66d43b09152d4884c853d2a846b27c11,311
9839,21866e2c9603917eb8b20157bd740ab5,deb86cb7823284643bb94aab291cb5ef,68
9928,4537476439961c1de43e42f706698700,deb86cb7823284643bb94aab291cb5ef,61
9931,b1b4fc61eeb2ced6dd35bce14055a082,95df965a97ac4314c94592df23deea94,100
9937,069db5b8ec673ce5bf0a1b46b7e7f3f7,043fd1f61638693418bfd34969693b6d,18
9938,b7832cb8e0c8d4e4a36c0cce7e012e76,043fd1f61638693418bfd34969693b6d,102
9963,8b4070d0272714a790970c7f3fa788f8,66d43b09152d4884c853d2a846b27c11,464
9970,94e743ac56d9dc2205317821648ee677,043fd1f61638693418bfd34969693b6d,76
9982,b651d7328713507a44f6a770d39618b8,66d43b09152d4884c853d2a846b27c11,57
9995,8de136617090f48a8184eaa37a261a02,66d43b09152d4884c853d2a846b27c11,465
10000,314ad75bae2208d574f126ff939b023a,ca253820b91d15442b2e5f464a584cfd,43
10029,9d6643c2d428e995675473101d845f42,d20ce86ce58c597468f6618f51f7e1c9,99
10045,1a46681ec986fa1c8bd69c8f64b68f0a,66d43b09152d4884c853d2a846b27c11,328
10069,29636cf4b93eddb298f4105494cfcd4f,a7cb070b49a4b7f41abf584480006353,26
10092,7d8aaa8579f0b22b6689efbd10325c21,ca253820b91d15442b2e5f464a584cfd,37
10094,9fe25f2e2f99752141c68891eb46aad8,adda240458961f94fb196c3a1ab84139,185
10135,0456122f839ed8be2c81c1c799481159,da5556c75d8da57479bba403afaac84e,112
10148,63647d21fc19c43864a0c000ce2c3404,adda240458961f94fb196c3a1ab84139,129
10179,24717fb58a717fdddb2eb49caa4b9033,7353eae76a976394685746ea0bf74bcc,14
10218,40b875519b941f2cd2500427628c3c4a,66d43b09152d4884c853d2a846b27c11,196
10230,f0743ecfa24ad255650ec00fdfee3d5f,adda240458961f94fb196c3a1ab84139,127
10253,1237aba5b182b4ba215cc5912b1eeeaf,66d43b09152d4884c853d2a846b27c11,460
10259,3c6b6a98e2dbf1820362e2f2d3323ee8,7353eae76a976394685746ea0bf74bcc,22
10282,6d8b9c335f02887f7178c7987783053e,66d43b09152d4884c853d2a846b27c11,461
10314,4ed8ebc3a71d9c895789064ca46e358f,66d43b09152d4884c853d2a846b27c11,401
10420,fa0dc3a07a779ee3e1ba5c35ca0c699f,da5556c75d8da57479bba403afaac84e,101
10428,75cbe5dd7f10c89412f9f0c1d057e645,ca253820b91d15442b2e5f464a584cfd,81
10435,e9badc0917b89cea14c4854f2d820a84,66d43b09152d4884c853d2a846b27c11,98
10450,cf0f7e1402e598f85dd0e438c90ecb93,66d43b09152d4884c853d2a846b27c11,314
10475,1f9b558b6b736aff90218d6f698262fe,a7cb070b49a4b7f41abf584480006353,25
10520,f98ca14ad55fd9048885a3109cd63e9f,043fd1f61638693418bfd34969693b6d,43
10521,0f5f902adb5d642beb813edc0868d38e,66d43b09152d4884c853d2a846b27c11,438;439;440
10525,b8de7336e204fae3ba333227b3e94d19,66d43b09152d4884c853d2a846b27c11,381
10527,6407da435d04a71d0ade09ad629794ac,95df965a97ac4314c94592df23deea94,73
10537,f3ded4477c8935ddb7d66c204aaacbf9,adda240458961f94fb196c3a1ab84139,87
10600,67e25d6bf16885c659d1ed4d6ad4eea8,043fd1f61638693418bfd34969693b6d,45
10610,f110603332c97e19baf46ebb6ff21408,66d43b09152d4884c853d2a846b27c11,469
10618,4f029ec21b11ef29ee69979a2649167a,adda240458961f94fb196c3a1ab84139,202
10655,4877669b0492e46cf709f12feead8d95,a7cb070b49a4b7f41abf584480006353,165
10660,598d32f0a2b76eb89a6ab8cf648745d0,922135cc8cab2184d8139d2e28ae5293,42
10675,89b8928308fbb40fbbd1142e7cd3f200,66d43b09152d4884c853d2a846b27c11,470
10700,0da9d7919fe72405a596b229cca6c44e,adda240458961f94fb196c3a1ab84139,49
10713,09c76748b46bf8391f67908c8bde6288,043fd1f61638693418bfd34969693b6d,129
10721,db0baeb31bf1da9c7af8115cd9b9653e,adda240458961f94fb196c3a1ab84139,196
10730,832031a8a0464fa78cda51887b6d2513,da5556c75d8da57479bba403afaac84e,28
10733,624b7ed6706e1c890f2d837bb816d7b5,95df965a97ac4314c94592df23deea94,68
10738,4cff5bdf7489856f05d1ed5088c51ec6,deb86cb7823284643bb94aab291cb5ef,2
10789,f565b4f3ed4d05599c061a646292ba0b,95df965a97ac4314c94592df23deea94,113
10823,a48f2b10458a470688c2b08ffe1cada1,aaed5451b51c5884aae1b7d0b759a718,61
10840,8eadaabbe47ee340b5c74061d5d83a67,66d43b09152d4884c853d2a846b27c11,471
10841,94020b270381c56888616bc9592afe95,adda240458961f94fb196c3a1ab84139,42
10857,333a34a84c9dce6d1db18a58f5f3ebdd,043fd1f61638693418bfd34969693b6d,108
10921,c6bf9462fb582746c0a21e0f0febd41a,66d43b09152d4884c853d2a846b27c11,362
10924,dbd1914c53f2de83c15f3aa59ffbd0c3,98bae769cdfd5484f9f976ca5697b099,30
10939,5425de8453c2a3886a8944eb63641735,95df965a97ac4314c94592df23deea94,265
10957,4b47a0afcb989325b9d51ee5a5b0f1f7,6cc499f220f49dc44b33548b003b1457,45
11021,2330e1aad13e56cd4b79cd3026cf75db,ca253820b91d15442b2e5f464a584cfd,111;112
11022,73a1107f9db3f06b62eee034c1e4ee3e,95df965a97ac4314c94592df23deea94,197
11053,930adb0f9015fe49054c8f942ffca3ee,a7cb070b49a4b7f41abf584480006353,134
11064,09286ac15d548f6831d3db491abe4946,95df965a97ac4314c94592df23deea94,66
11088,f70837a36d1e3997c52555d5b9ad6ebb,adda240458961f94fb196c3a1ab84139,222
11104,513ca98fcad9d40992276a8fd21d8eca,66d43b09152d4884c853d2a846b27c11,96
11135,30eb5d5ff1481a1c0166fa97c2e832de,043fd1f61638693418bfd34969693b6d,9
11154,aa5ec14b2c38c31f5af1801b004f17d3,95df965a97ac4314c94592df23deea94,180
11179,6975a78826ea05329b58311c5c41a6f6,95df965a97ac4314c94592df23deea94,167
11188,1d35d1ae616e8488b23b6020f3c32085,a7cb070b49a4b7f41abf584480006353,63
11192,ba653c2356f3c338bf05d8fe6a63d4e8,95df965a97ac4314c94592df23deea94,84
11200,252d88278b9f078f232691c06197dee4,6cc499f220f49dc44b33548b003b1457,60
11203,0acd4334255239961df20645f0c75c2b,ca253820b91d15442b2e5f464a584cfd,68;69
11242,df25901e440972c689c58be1e3328d93,aaed5451b51c5884aae1b7d0b759a718,18
11253,adde6e71659b6dde6f86171270d7ffc2,6cc499f220f49dc44b33548b003b1457,59
11266,df9fc02aafdcfb59bf3b29e3337f026a,ca253820b91d15442b2e5f464a584cfd,70
11271,e4b97b7ba355a3009c619f31aa4a3516,66d43b09152d4884c853d2a846b27c11,100
11273,54369765c04baa15a4aa3aff613ae4d9,66d43b09152d4884c853d2a846b27c11,212
11286,bcb7fbe69f32ba1863164b3ba130fb53,deb86cb7823284643bb94aab291cb5ef,29
11309,0fae4450beb24b707a22d560330bec7a,adda240458961f94fb196c3a1ab84139,177
11314,51b437f03de509426b99afaca9fdad71,66d43b09152d4884c853d2a846b27c11,468
11350,c2a9c82c3669f89318e89fe4121a770c,deb86cb7823284643bb94aab291cb5ef,32
11383,5932b55f3271258a8aad2ad0979ffa29,98bae769cdfd5484f9f976ca5697b099,4
11408,3fcee8506d57e11367c4f01c29efe4d1,043fd1f61638693418bfd34969693b6d,106
11447,51d525da4384f5f0f7447650b35b12c2,a7cb070b49a4b7f41abf584480006353,127
11459,de8411e4d6704df9046bfedc3b1ddff2,95df965a97ac4314c94592df23deea94,83
11505,da78a0f14b3baccd994859ffd289eee9,deb86cb7823284643bb94aab291cb5ef,38
11513,cdbdff492dcc56bf758b555b1d0c412c,ca253820b91d15442b2e5f464a584cfd,42
11551,28f58f4e5e9101227e34be38df73521e,922135cc8cab2184d8139d2e28ae5293,20
11561,9ef59b04e3df187e760fa86fa5fdd8d7,d20ce86ce58c597468f6618f51f7e1c9,19
11568,ec1e6b35cfe12a3de622cf023eecd017,deb86cb7823284643bb94aab291cb5ef,44
11582,88a00c5f3c4781f03219c33ebeb2281e,043fd1f61638693418bfd34969693b6d,123
11731,7c8510806f4917e424a9e6f9b9070f08,a7cb070b49a4b7f41abf584480006353,136
11743,8440388b87ecd835cb8669746ac7b3c6,043fd1f61638693418bfd34969693b6d,42
11760,aa85f49cda14bfe89eb4844e0368e66d,adda240458961f94fb196c3a1ab84139,45
11777,7a9101fe7095437edc6457801233c5ab,deb86cb7823284643bb94aab291cb5ef,39
11782,342a5b47a5b92024384023674861d42f,a7cb070b49a4b7f41abf584480006353,135
11818,13c2f186b6412e434d52bd8d090ef4b9,ca253820b91d15442b2e5f464a584cfd,56
11822,44073cdd614ffbad15114ee91b44e633,da5556c75d8da57479bba403afaac84e,57
11876,45b62d8827d613609970051bd66f4de2,922135cc8cab2184d8139d2e28ae5293,7
11879,d5c57b198e72aa4a612559e32eb531ea,922135cc8cab2184d8139d2e28ae5293,18
11920,68292565e47307368f4fbfdc2b57a5ae,95df965a97ac4314c94592df23deea94,211
11931,5f1cdec1251e03aacc6d9fbaaf8bdb2c,ca253820b91d15442b2e5f464a584cfd,35
11952,f6ed981268920a4507c53d4fde7881e5,d20ce86ce58c597468f6618f51f7e1c9,17
11963,ba2c5e7b26e8db440c6e98473f7d3c5b,aaed5451b51c5884aae1b7d0b759a718,7
12003,0bb587694342a29f6c0df74b7ff4f2bd,043fd1f61638693418bfd34969693b6d,84
12098,99f9af2e11ab75bb4eb2badc879d64a1,d20ce86ce58c597468f6618f51f7e1c9,24
12117,e598dca7a81059327448dac468a57a38,adda240458961f94fb196c3a1ab84139,18
12122,688dd5ddf14dca1d8f66154319a935b6,95df965a97ac4314c94592df23deea94,217
12149,ffe20603da65959b5fb2ea6834996f71,95df965a97ac4314c94592df23deea94,118
12151,ac2fb98c4205ee44ed8a0c67abeb5175,95df965a97ac4314c94592df23deea94,203
12200,1d11059ae03bcb0e5d3a62a5449504bc,a7cb070b49a4b7f41abf584480006353,138
12201,8fcbe8a8c7e84ae250f1a907323ebfaa,66d43b09152d4884c853d2a846b27c11,84
12211,ffdae77864d6a2cdb89189845f1c79cc,922135cc8cab2184d8139d2e28ae5293,28
12216,e9ca7d8b41a8fd4d2d838157f90c49a3,a7cb070b49a4b7f41abf584480006353,139
12218,3c25f6b629a695f1d4236c4cb75d492c,98bae769cdfd5484f9f976ca5697b099,32
12235,59ace4aabb8d1d80ded8629b90a2b6ee,a7cb070b49a4b7f41abf584480006353,137
12310,ef00fea952110db35e5027f3a4e66e7d,66d43b09152d4884c853d2a846b27c11,78
12349,3695805bee93eb8c62053cc1033b2251,da5556c75d8da57479bba403afaac84e,87
12350,3c216213a75a47d201ec566a2b16ecbb,a7cb070b49a4b7f41abf584480006353,128
12367,ef3d9063fff145bbe3f2d05ae1034576,66d43b09152d4884c853d2a846b27c11,80
12384,70a7a020cc9e1f97d2d3333b9f830023,ca253820b91d15442b2e5f464a584cfd,85
12409,2c0f41860f8ae78c3b44fce75a42e244,66d43b09152d4884c853d2a846b27c11,402
12417,141ca6c62d6a240aa5b300f0afab5132,95df965a97ac4314c94592df23deea94,109
12429,d653b5066735d09426bfa585f3f35818,aaed5451b51c5884aae1b7d0b759a718,45
12452,58789fe6ab07dc9ce89ec9552bd1f216,adda240458961f94fb196c3a1ab84139,31
12453,c641863541ff48203b1b8cd2bdc9e1f4,da5556c75d8da57479bba403afaac84e,71
12466,f1db4448f635a2f138019c6c81567b06,aaed5451b51c5884aae1b7d0b759a718,11
12478,a73c8eb8fb227eb0b7ddabdad9248d11,043fd1f61638693418bfd34969693b6d,111
12481,418ee4e4c655cf6c8a7c5b6faf66809f,043fd1f61638693418bfd34969693b6d,20
12490,32b2bfc30ea00fb3e0bae4956e2441df,da5556c75d8da57479bba403afaac84e,89
12536,e136792d5e760e07cfaad68ffb31f524,66d43b09152d4884c853d2a846b27c11,85
12571,cbf1b6cb6074e84c3c2cc8042b8d3e44,922135cc8cab2184d8139d2e28ae5293,74
12573,61cfdea366d77247f2b9855bb11c4bcf,aaed5451b51c5884aae1b7d0b759a718,5
12580,bb0d95055ce1f06a1f1ab5375f188874,da5556c75d8da57479bba403afaac84e,43
12590,704d7bf9d63c80de1a17070d3ff2d21e,95df965a97ac4314c94592df23deea94,183
12616,3136d9b65f8bb504b0dd0ca826afc853,6cc499f220f49dc44b33548b003b1457,19
12620,e199479ba08b6008fecd4ded390b3f66,d20ce86ce58c597468f6618f51f7e1c9,26
12622,ed9398ff5625cccc3d9f585a649a8164,6cc499f220f49dc44b33548b003b1457,33
12626,488146da5321592cfd208675967747cf,95df965a97ac4314c94592df23deea94,176
12659,e4fa16816648b78320e7cb6a4e993cba,aaed5451b51c5884aae1b7d0b759a718,30
12664,b1566badbf150826057459804f5a0b22,deb86cb7823284643bb94aab291cb5ef,19
12704,ebb74c0f1ee674d4d00a48f8658c7a7e,922135cc8cab2184d8139d2e28ae5293,73
12717,9e45137e0ab013dd04e8b11d9a5406a9,043fd1f61638693418bfd34969693b6d,81
12737,aad355a1aa3f8daca7a7d6c34163abeb,66d43b09152d4884c853d2a846b27c11,224
12750,be050b86da64021aa0039615f3ff68ff,d20ce86ce58c597468f6618f51f7e1c9,21
12760,ef006342b8a5505191ccd64eed3b1022,95df965a97ac4314c94592df23deea94,233
12764,f3b7d8574aa8768617ed2f460695cd56,043fd1f61638693418bfd34969693b6d,91
12851,55ae5ab908da97e6b23dda87701828b4,043fd1f61638693418bfd34969693b6d,89
12862,6b08f277338fd8ff89cad46d2906e2a4,adda240458961f94fb196c3a1ab84139,101
12877,011f43ca1198cb20a1a74915c9dd80a1,d20ce86ce58c597468f6618f51f7e1c9,109
12878,fac68992abacf5f4a85804cf30010fe5,6cc499f220f49dc44b33548b003b1457,61
12914,ccb481b40181242e7dd72972d8bf74c9,d20ce86ce58c597468f6618f51f7e1c9,22
12924,b4ce1d4f4e7ffd64251554ddfd56d18c,922135cc8cab2184d8139d2e28ae5293,11
12932,b18b3166679e09a753f61e4f3a885572,a7cb070b49a4b7f41abf584480006353,160
12984,e1a98a0ae5bbb27b62ce7e84c759ad6a,da5556c75d8da57479bba403afaac84e,6
12993,2238c9b8ea9d8b15c16afa3827474162,a7cb070b49a4b7f41abf584480006353,37
13005,aa2175bca56aa92830c8adc1472fc1ae,66d43b09152d4884c853d2a846b27c11,301
13023,d991c99e89e3b5d24bbbd18f1e61e58c,66d43b09152d4884c853d2a846b27c11,266
13032,2308e0ff7ec49afb842ad01d6dff1461,66d43b09152d4884c853d2a846b27c11,247
13085,73c1d4a5cf80e34392651c730d7a4d61,d20ce86ce58c597468f6618f51f7e1c9,6
13099,7a0ff65c0c321521643ae2258729e2f8,66d43b09152d4884c853d2a846b27c11,294
13102,f9b98b8ca089eb32ace513f81b460376,66d43b09152d4884c853d2a846b27c11,87
13131,dc5508bbe1cd10bdfd71e3ad5f1e5115,043fd1f61638693418bfd34969693b6d,77
13176,949276de68d9cbea1699c03ba64f7bec,043fd1f61638693418bfd34969693b6d,72
13205,c96e08a42343b5fb420db3563620d21e,66d43b09152d4884c853d2a846b27c11,88
13221,700a9ec1321a553c950bf0cda1bb7c42,da5556c75d8da57479bba403afaac84e,109
13300,ffe0e6c8c59a742436aebaa6a5e26ee7,d20ce86ce58c597468f6618f51f7e1c9,107
13345,785b04f268d5a16676c0de3f8ab2b26f,adda240458961f94fb196c3a1ab84139,183
13372,847114acd945c73a3494ef783953af23,deb86cb7823284643bb94aab291cb5ef,22
13373,9834bee85f0584f1f8b0a951153c997e,adda240458961f94fb196c3a1ab84139,3
13398,4512b706cbdef04c8b12973df9bcae64,aaed5451b51c5884aae1b7d0b759a718,17
13412,500e4a1e8abc8bca08f0a9f0ddb40646,adda240458961f94fb196c3a1ab84139,136
13422,576f4046d922c080979e5b31d925f4a1,ca253820b91d15442b2e5f464a584cfd,115
13439,49a21e61d3278d86056f725085f69b90,95df965a97ac4314c94592df23deea94,202
13495,38212a56c8d94c544da8e6ff11d70d56,d20ce86ce58c597468f6618f51f7e1c9,7
13499,f17d4b8596b4160bdddb0806471399e2,aaed5451b51c5884aae1b7d0b759a718,68
13528,220005a05503fb74b9f2e2e40686f51a,ca253820b91d15442b2e5f464a584cfd,89
13532,e230218195253839de5624749ab1037d,95df965a97ac4314c94592df23deea94,247
13561,feda6645114f8baee79e0dee89bb8c66,95df965a97ac4314c94592df23deea94,221
13569,204a9cb3b589b5578f7339ab01652ca8,66d43b09152d4884c853d2a846b27c11,303
13595,318011fc6568324dcb0fb3964d5e0878,043fd1f61638693418bfd34969693b6d,70
13601,a4e9fbc4ee8c8aa76bcd2f76d8ae238f,a7cb070b49a4b7f41abf584480006353,149
13617,76989e6980cbc32bc797a7213adfe495,66d43b09152d4884c853d2a846b27c11,18
13629,f37a4a3e7a480598469f982808a14d6d,adda240458961f94fb196c3a1ab84139,207
13632,a9293b0012636ee65b2ac9ce54d25ca3,95df965a97ac4314c94592df23deea94,236
13634,1021275542f7a371207f906ab612e0dd,adda240458961f94fb196c3a1ab84139,77
13660,49203521c932f5e704ed7b2cf6d46a61,6cc499f220f49dc44b33548b003b1457,81
13700,190c192be5edc392d05785769a55307a,6cc499f220f49dc44b33548b003b1457,32
13701,8203b506405b58e062bc63b6468ef81c,66d43b09152d4884c853d2a846b27c11,329
13721,a7d817bb1c62a8d9a3dcd74b8d1136b5,95df965a97ac4314c94592df23deea94,201
13731,f6d56ad2fc1f06700009bcbb0d284746,a7cb070b49a4b7f41abf584480006353,78
13775,f496c7650f88c7ac48916aab69b92c02,ca253820b91d15442b2e5f464a584cfd,74
13794,cc1ebee642bc6f1c46285b30093c5a35,66d43b09152d4884c853d2a846b27c11,437
13803,449b18de0c10f87887e3f3304a90366e,66d43b09152d4884c853d2a846b27c11,372
13839,2486c0af46323de87b4819f37961e07f,922135cc8cab2184d8139d2e28ae5293,55
13841,9e2ebca822beef61331312e9e5f847f2,aaed5451b51c5884aae1b7d0b759a718,66
13892,d73442bcf7a484a96ed388f19f4dcea3,922135cc8cab2184d8139d2e28ae5293,88
13987,98f8dfd53a5f08b769e1cd1b5c4dc54b,66d43b09152d4884c853d2a846b27c11,217
14017,eef2580c5030ad92d4b8b39972223a21,66d43b09152d4884c853d2a846b27c11,8
14039,d507a7034df152303c1803371067b86a,66d43b09152d4884c853d2a846b27c11,17
14070,00114f685d2fc0afcb1eaeb04309fc07,deb86cb7823284643bb94aab291cb5ef,12
14090,ea2195ab6b2518e694b8f1c0ee59e08b,66d43b09152d4884c853d2a846b27c11,355
14100,3631137b743fc17262cbf8bdbf9aec03,d20ce86ce58c597468f6618f51f7e1c9,82
14117,66d0599504ce2d9341e82b770c53e829,95df965a97ac4314c94592df23deea94,198
14141,198c6f381b6cdfb9b7d6229971436f6b,66d43b09152d4884c853d2a846b27c11,390
14219,3ba8ada1eb7ecbe281e9d9fed8387f37,66d43b09152d4884c853d2a846b27c11,6
14241,c86398a04b4b9d51735556209503958b,95df965a97ac4314c94592df23deea94,205
14258,a2a4b990cbd5da4c1b9a28e2d2d9be79,922135cc8cab2184d8139d2e28ae5293,83
14263,226e78f2b5484e80b054f2b5c1aeb569,deb86cb7823284643bb94aab291cb5ef,42
14266,a53a37ecb665d43478fe7dcabe772c9d,adda240458961f94fb196c3a1ab84139,71
14271,56425035c7b25f918f9dd3e57857510f,deb86cb7823284643bb94aab291cb5ef,41
14357,f40e639003242d34e03508a00bd91edd,aaed5451b51c5884aae1b7d0b759a718,73
14362,6ff6706b3931eb4db40a862829eec005,922135cc8cab2184d8139d2e28ae5293,36
14371,0c3adf33389aac77263dcdbf1ff1b638,aaed5451b51c5884aae1b7d0b759a718,2
14375,dea26687905aa483a79b10cd7fc5c4d5,deb86cb7823284643bb94aab291cb5ef,40
14376,be3e86c544b1f8930401f53094510f03,95df965a97ac4314c94592df23deea94,114
14381,d63effc48814821c12d691207505e3b8,66d43b09152d4884c853d2a846b27c11,36
14394,195357bbd725573f5bb0e4da199ca31b,66d43b09152d4884c853d2a846b27c11,38
14395,b62720546ff778990d1db285f42931cd,6cc499f220f49dc44b33548b003b1457,25
14404,382867d39c6c81f3decf2e2d1a818100,ca253820b91d15442b2e5f464a584cfd,118;119
14405,bda8a8b3eb0c217ff66c643968c53f5b,66d43b09152d4884c853d2a846b27c11,435
14439,8c244dcba7924e8045f929edf20ae34d,d20ce86ce58c597468f6618f51f7e1c9,8
14447,b95895db4ec57d25350f2b3615fe33e8,922135cc8cab2184d8139d2e28ae5293,65
14488,4a96d5abef8b3ba9fd09198db8a34cc0,043fd1f61638693418bfd34969693b6d,82
14515,99f64bdd019f150cd6e8390175d9dd76,da5556c75d8da57479bba403afaac84e,93
14522,baf40b3e34c5a154cfc7cec05bf2caae,d20ce86ce58c597468f6618f51f7e1c9,81
14524,f399f974c1e11494f4eecf8bf1d2aedb,66d43b09152d4884c853d2a846b27c11,193
14531,3d6174fabd7c784d7d19d7027dc59938,922135cc8cab2184d8139d2e28ae5293,64
14541,ee4800363ba587f6f0647805bb2345e6,66d43b09152d4884c853d2a846b27c11,352
14581,301adaa4a1372b870ff2e07bcf7ba037,a7cb070b49a4b7f41abf584480006353,118
14592,4aed51974c7696dc81a935efdb4e1721,ca253820b91d15442b2e5f464a584cfd,113;114
14647,d538af158d624f6cfba71696aa046280,66d43b09152d4884c853d2a846b27c11,219
14653,1c7045795e8cfb11edd4b7b8c31b36fa,adda240458961f94fb196c3a1ab84139,19
14698,3e452a272424b69527c56039493dae79,922135cc8cab2184d8139d2e28ae5293,61
14715,7ac7cdbe03a3bb74be20db8373b8c0e4,deb86cb7823284643bb94aab291cb5ef,31
14721,501e356e7b562a6d2e32ab24bfee8504,95df965a97ac4314c94592df23deea94,39
14769,9ffd2e52840438d556525f5abbe030d5,95df965a97ac4314c94592df23deea94,146
14772,a391ac3c52fd6b8940ac51c26124a009,aaed5451b51c5884aae1b7d0b759a718,31
14790,db355f41962f3a805f5b179ade3720cb,d20ce86ce58c597468f6618f51f7e1c9,3
14826,7e7d926468fa7d047cb9ecda68e537ca,95df965a97ac4314c94592df23deea94,43
14894,f584f995c09c7d82e5137b89add93b20,95df965a97ac4314c94592df23deea94,44
14935,4930547c5dd6c6634682e9f0efabdeea,ca253820b91d15442b2e5f464a584cfd,41
14942,c06802bb9ac04a375f9008a35e231b7a,66d43b09152d4884c853d2a846b27c11,436
14957,3f89b57f9881198fb8bc26fe9ae6bacf,a7cb070b49a4b7f41abf584480006353,73
14965,fde1116ebb6b02d962f6b0a0ab7eca57,aaed5451b51c5884aae1b7d0b759a718,47
15034,956c5ccdac13534f1a102524eaa2e4f7,adda240458961f94fb196c3a1ab84139,193
15066,9bcd85d98bb2387973433ae61a3b25e9,ca253820b91d15442b2e5f464a584cfd,49
15069,3b97c8c20b20ce3d0985f8d416b75439,d20ce86ce58c597468f6618f51f7e1c9,4
15074,1effd78fe904266c625c7aad8d89bb29,a7cb070b49a4b7f41abf584480006353,65
15081,66df74590e7d6d431abc96dba2e9adb7,da5556c75d8da57479bba403afaac84e,55
15097,208522d78394c887b0ef433c0f9e6957,a7cb070b49a4b7f41abf584480006353,101
15111,7d673f40f1bb9606563b0d03fc008a6d,922135cc8cab2184d8139d2e28ae5293,6
15134,d3a52e4446774376ce9a26830ab77082,95df965a97ac4314c94592df23deea94,30;31
15176,0c557812df0f3d92eafe2b10e03a9722,66d43b09152d4884c853d2a846b27c11,356
15185,e9781230cb8afb3af379db626ff4bc32,95df965a97ac4314c94592df23deea94,27
15194,26a98ee195020a315cfc56692656ee58,aaed5451b51c5884aae1b7d0b759a718,39
15197,dca6c3203306c98adca60ece39b663bc,95df965a97ac4314c94592df23deea94,194
15232,a4e5e29191259eba374b7fedc31c812d,922135cc8cab2184d8139d2e28ae5293,30
15283,bb867fd0910fb3bb2521077bb863abcb,adda240458961f94fb196c3a1ab84139,14
15311,5094d712d3c13577443e7c09da5cd951,66d43b09152d4884c853d2a846b27c11,1
15335,a077df8dc27be217465b223ca6aa0884,da5556c75d8da57479bba403afaac84e,62
15350,0a44a11c2e5fab6b0643f992fdc13bbc,043fd1f61638693418bfd34969693b6d,10
15356,f937e258c1c501905cb0dcc4c4e8e6d4,043fd1f61638693418bfd34969693b6d,59
15365,95dff15806fcddc30e6d1230b81fbdcf,d20ce86ce58c597468f6618f51f7e1c9,12
15391,cbe84019c159b0765f68e28be320d19b,95df965a97ac4314c94592df23deea94,170
15398,99402ac5686a946e0cc6d46b005f8677,66d43b09152d4884c853d2a846b27c11,42
15407,4a6143ee2624d20a4990b06c880b7a18,aaed5451b51c5884aae1b7d0b759a718,14
15410,02ecafe367222e6e62433e98f8282c77,da5556c75d8da57479bba403afaac84e,56
15470,67ae76764701cf2dcd85491710bf925b,66d43b09152d4884c853d2a846b27c11,32
15482,322ae0e08da52f1acc2dbbb4f975c502,66d43b09152d4884c853d2a846b27c11,358
15523,e5ae54a5d99a382eadbfa82655abe9e3,a7cb070b49a4b7f41abf584480006353,54
15526,531989ff34b7650b866ed7ffaf8bb860,ca253820b91d15442b2e5f464a584cfd,71
15535,5deb47ae21bff49cbbcc5f15e38467f4,043fd1f61638693418bfd34969693b6d,60
15537,da99a1007674c188f006d0eeda11399e,adda240458961f94fb196c3a1ab84139,149
15592,56b583fa4c2aba5c39ff2328a019b449,d20ce86ce58c597468f6618f51f7e1c9,13
15617,de2e468d820ec3bfbde17090e567a355,66d43b09152d4884c853d2a846b27c11,197
15636,2106eb35c911fbc8660c7681ca1adcf4,aaed5451b51c5884aae1b7d0b759a718,4
15656,8706f82f7b62d57f1c65f638fc961f80,66d43b09152d4884c853d2a846b27c11,22
15682,7fb10767bd1b1b39aa4a0b009e16316e,a7cb070b49a4b7f41abf584480006353,75
15707,df3541d9770ac7ea458159df4f6d93ca,adda240458961f94fb196c3a1ab84139,214
15728,891c6f6f838734dfd09ea87c50fa392a,95df965a97ac4314c94592df23deea94,177
15734,66ddc9357a79bc68038d98ec38e3c889,aaed5451b51c5884aae1b7d0b759a718,46
15741,b48a05feff8aade0362e133b697138b2,98bae769cdfd5484f9f976ca5697b099,31
15758,568325c98fa17707e67506d21fe13577,a7cb070b49a4b7f41abf584480006353,108
15767,0f14bbbc6bd4cf4d1cdac8a92165db04,d20ce86ce58c597468f6618f51f7e1c9,9
15771,fd4e463798b0f67a57d8929964ec7400,a7cb070b49a4b7f41abf584480006353,35
15775,6bb950d4f4a34843bbb7b46b1815207e,95df965a97ac4314c94592df23deea94,62
15780,ce19db8a67976787a90150981ed4e258,043fd1f61638693418bfd34969693b6d,56
15787,edfebcdf963b6ab7e571274d675376ff,66d43b09152d4884c853d2a846b27c11,336
15806,470eb50a5aa6eebdc359667bd78d48b5,98bae769cdfd5484f9f976ca5697b099,33
15809,749ecdcb07974be2836282b7d2570aa2,95df965a97ac4314c94592df23deea94,264
15811,a6b0a0dcc5c022a386b6562ef6d31575,95df965a97ac4314c94592df23deea94,144
15821,da24e0d5389dbe20f8c6842c0782ad88,95df965a97ac4314c94592df23deea94,268
15824,c11cb5c53c52d2a4b3a2d0c0ebd3ceed,66d43b09152d4884c853d2a846b27c11,368
15832,cf9d85e7205c816cdeb9ef0228dd3d23,da5556c75d8da57479bba403afaac84e,36
15984,e06e6be86a53f1a4beb3a42b9d914c16,043fd1f61638693418bfd34969693b6d,58
16025,28b7ea42e6b8e3ec7bbf33f0d14aad73,a7cb070b49a4b7f41abf584480006353,122
16035,074a7f7b7829abf720aeabaddd75dd8c,66d43b09152d4884c853d2a846b27c11,20
16043,ef7cdd05bfe0812bc677a95617bb5cc1,98bae769cdfd5484f9f976ca5697b099,14
16053,0f7e5f9d9107b3226ff7d1c351f4037d,922135cc8cab2184d8139d2e28ae5293,34
16081,87179d69f5b9cf0a6a2588d3ea4cefaf,adda240458961f94fb196c3a1ab84139,208
16090,bef2055eceed11332419483bd4bd05ba,66d43b09152d4884c853d2a846b27c11,208
16105,a003ede4e56e897d3c5d48e0a94d5a8d,d20ce86ce58c597468f6618f51f7e1c9,11
16121,f4a1a1c8ca621a1360978da9675c45f0,922135cc8cab2184d8139d2e28ae5293,16
16143,b073c6970e407e04f46fc64027ac0afe,adda240458961f94fb196c3a1ab84139,72
16162,ef55ec27e3370276e8960c999374ee01,adda240458961f94fb196c3a1ab84139,58
16184,9c5040c3ee161705947e543afdb73ea0,95df965a97ac4314c94592df23deea94,128
16252,4754fa8b8b8e1ec426f20c321e3cee11,66d43b09152d4884c853d2a846b27c11,441
16268,dfe6429f1ea2b6c67e6bdb0471341ef2,a7cb070b49a4b7f41abf584480006353,87
16283,6a07d52868491a36248ac5e51ecd81d2,95df965a97ac4314c94592df23deea94,47
16292,b328dca6468815b2e61371796c69faca,adda240458961f94fb196c3a1ab84139,28
16502,af04370f15c4a4a8c7fb77c0968819a7,66d43b09152d4884c853d2a846b27c11,27
16513,f8401d3d3a1a46de1551e653cb7184e5,adda240458961f94fb196c3a1ab84139,218
16518,4dff4b65547059592a59db68f66263ce,6cc499f220f49dc44b33548b003b1457,57
16540,c5f038474dec214182ed0f45be60a1ae,66d43b09152d4884c853d2a846b27c11,335
16542,1c9cb0e12a2668615b85f86289f79025,ca253820b91d15442b2e5f464a584cfd,26
16588,81a9bff1b10b3ffbb0d09d11cca9e8aa,66d43b09152d4884c853d2a846b27c11,347
16594,239839ccece6da688f5142ba22094726,043fd1f61638693418bfd34969693b6d,69
16605,f4fa0862592f9c9059b4e9aa2635ea35,95df965a97ac4314c94592df23deea94,2
16647,302d347d2fe7e1f6dc224eb67d46962d,ca253820b91d15442b2e5f464a584cfd,17
16668,42fa3882589e4a4429a0f351686ab20a,da5556c75d8da57479bba403afaac84e,31
16706,7784ae7c9ec1dea8b50be5071f7af0e8,922135cc8cab2184d8139d2e28ae5293,43
16711,31cbf08dfd001c04f5aa535f1e088128,66d43b09152d4884c853d2a846b27c11,261
16724,8a4c046c3b3634377809fc61418395d4,a7cb070b49a4b7f41abf584480006353,38
16725,e7ef91a43b61334a7013f43d2d36af9a,ca253820b91d15442b2e5f464a584cfd,86
16731,8e81d8ab9c097463faddd51965c192b4,95df965a97ac4314c94592df23deea94,269
16732,edb36c1b36e75d3b79b4cd23ffee8e31,66d43b09152d4884c853d2a846b27c11,416
16739,ff945ebf445572470211d29df1f58343,aaed5451b51c5884aae1b7d0b759a718,16
16741,8d008a52ea3ceeca516c20145bcb67b9,a7cb070b49a4b7f41abf584480006353,170
16799,6b02900c4ee1efa155200fc132b3287e,95df965a97ac4314c94592df23deea94,5
16823,3994f6c9e289b9ca32f9a01e577f1ac4,922135cc8cab2184d8139d2e28ae5293,57
16909,460b7d6f88ef054d447e4f1b9c58224d,66d43b09152d4884c853d2a846b27c11,195
16922,81082bc6d0eff3273d246868f2f619a6,66d43b09152d4884c853d2a846b27c11,180
16931,43a51dcd877db4d90edc1b87bb05e089,ca253820b91d15442b2e5f464a584cfd,12
16943,a90610b88552bc415f3f9476642d8a7a,922135cc8cab2184d8139d2e28ae5293,92
16946,b2e64c1188ce2b53b22bd704e03fd80e,d20ce86ce58c597468f6618f51f7e1c9,118;119
16950,70cf4c34fc229d42955c801bbb7ee666,d20ce86ce58c597468f6618f51f7e1c9,120
16998,4175bc2a6dbca3cc53c6527054574f8a,6cc499f220f49dc44b33548b003b1457,47
17001,9208bbbe890e5bfd69597288ac7686c1,66d43b09152d4884c853d2a846b27c11,425
17008,ced36a98b0177d1224276aa58958e96a,adda240458961f94fb196c3a1ab84139,212
17028,543d2c0b3acf4c54fa80cbf4fceda322,66d43b09152d4884c853d2a846b27c11,310
17049,259bbf0e8435229a6c6852e0d439456e,043fd1f61638693418bfd34969693b6d,48
17055,1a024d9b286309e2c8ed06f3a3e84141,98bae769cdfd5484f9f976ca5697b099,22
17090,d660fc8ca7d7a3ef7a8e5c4d31233454,adda240458961f94fb196c3a1ab84139,44
17114,dbc325d5dd2a04f5897ca91112ba20c1,aaed5451b51c5884aae1b7d0b759a718,37
17149,488b61b64ccaa713b7092b2bd4c41404,922135cc8cab2184d8139d2e28ae5293,25
17173,3010846a4b78d6aaec18010e5b8f6430,922135cc8cab2184d8139d2e28ae5293,91
17181,5f0a2e1d55c2294b8ccd25efc92419cf,98bae769cdfd5484f9f976ca5697b099,13
17186,ed6736caae30d7cda40a991a35b7bda9,922135cc8cab2184d8139d2e28ae5293,96
17207,fb9221c70def05fab77cbb20cb20afef,adda240458961f94fb196c3a1ab84139,221
17234,fe2ff1f6a362900c375a7e70a4cf2cc0,d20ce86ce58c597468f6618f51f7e1c9,121
17249,b92f6f83757b920b955e58e33d4c4f87,922135cc8cab2184d8139d2e28ae5293,53
17256,1fd51da36c9b65a1ead428ca6b2074d8,ca253820b91d15442b2e5f464a584cfd,23
17277,5e647e3113ca23cf7eafe979d1055964,922135cc8cab2184d8139d2e28ae5293,22
17300,ae4824df7ad84ff8e4212a57144b2c88,ca253820b91d15442b2e5f464a584cfd,51
17320,29cb987a74665ec1925f2f34ab3384cb,a7cb070b49a4b7f41abf584480006353,132
17349,cbb4cb589d6e1f42d2a0eb9cd467857d,a7cb070b49a4b7f41abf584480006353,123
17359,11d61aedb4dcf8b8854bd9484f944140,66d43b09152d4884c853d2a846b27c11,260
17378,829d4b2a142d5991f5ffe4935d17cf3d,a7cb070b49a4b7f41abf584480006353,140
17407,b0ce62a782bece60d2a9cb228ee5ce9e,a7cb070b49a4b7f41abf584480006353,144
17416,3d94f1618744dee5ab9c8be395654b88,043fd1f61638693418bfd34969693b6d,54
17429,1244e413c3f6e927cd80da3cf9a8c144,7353eae76a976394685746ea0bf74bcc,26
17446,a2cd04ecc1fe5eb6adbd105fbf63fdbe,922135cc8cab2184d8139d2e28ae5293,48
17454,aa508adac913f30d3b5fc3dc3b92c8ae,ca253820b91d15442b2e5f464a584cfd,33
17529,4316357a0b9e6337b9e8c3763c4a5760,95df965a97ac4314c94592df23deea94,206
17531,a8c7bc917abf990cf1c3d853f0751fe6,da5556c75d8da57479bba403afaac84e,74
17544,55bd9681f1aae155dca1d88632a45dcb,66d43b09152d4884c853d2a846b27c11,228
17563,32b2dfeeaa4ff3fad7d26df7d07d5ff3,a7cb070b49a4b7f41abf584480006353,124
17571,d03d2c9f958103694bad1aafdf302504,66d43b09152d4884c853d2a846b27c11,320
17579,33285e00828fa50226a0e292b0659fab,adda240458961f94fb196c3a1ab84139,8
17620,f60f2a16cce7e3370ec4188973da0f51,7353eae76a976394685746ea0bf74bcc,11
17631,f65a92d4f6daf41c7f6aeabfbe2460f7,66d43b09152d4884c853d2a846b27c11,459
17675,0da7beb8182f570fc086634abacd941e,043fd1f61638693418bfd34969693b6d,119
17677,af03a1aaa4bd20b4ddf13db035028686,922135cc8cab2184d8139d2e28ae5293,27
17687,7228d0cdadba1c4f4c5b655f7bacaa18,66d43b09152d4884c853d2a846b27c11,400
17695,c9de305e5deaa8ddf5633da63d994c35,95df965a97ac4314c94592df23deea94,23
17701,e1737238d2d910d4cf3f8121e129d1a1,95df965a97ac4314c94592df23deea94,267
17731,a112bfc60801254358bf631d88b15588,d20ce86ce58c597468f6618f51f7e1c9,117
17748,e8892a3703b50f190365f52e3fa1fbb2,adda240458961f94fb196c3a1ab84139,33
17758,6fa6f1ef3e2fa5f759a6438e58dc4259,66d43b09152d4884c853d2a846b27c11,446
17796,1284ca8b944bd0aabc5da61b523d7d54,7353eae76a976394685746ea0bf74bcc,32
17866,ee99805bdc79c7b6890a4bd12358c455,a7cb070b49a4b7f41abf584480006353,168
17905,06401428bc8da967b7b4686d1fe28901,95df965a97ac4314c94592df23deea94,115
17924,9a9ec16faa0a2845349659c05c684b7d,a7cb070b49a4b7f41abf584480006353,151
17938,11ea95b049aed60c0a1b165def96fdd9,95df965a97ac4314c94592df23deea94,207
17952,b412961b75cb019e74a83b24faac32a4,a7cb070b49a4b7f41abf584480006353,50
17977,034e7bbd2a0952b5839b7cfa63e150e7,ca253820b91d15442b2e5f464a584cfd,30
17986,ababdde8dabff62605640b43b23207d8,66d43b09152d4884c853d2a846b27c11,350
18002,161f1947ab0236ca3cc8f38f5eafd13f,ca253820b91d15442b2e5f464a584cfd,66
18008,e4fc3a22439b2788e280404f1d96e3d6,7353eae76a976394685746ea0bf74bcc,34
18050,16471af3021fdd921f61b8b293d1880f,043fd1f61638693418bfd34969693b6d,78
18075,ab2f680d0da1f8d5064d6c1f34720de6,da5556c75d8da57479bba403afaac84e,85
18134,5181dded1cf1a65bdd21acef2963ef36,6cc499f220f49dc44b33548b003b1457,20
18164,a0d654997069a86fbddb162dca2bfa80,adda240458961f94fb196c3a1ab84139,38
18169,343acdc1730c5596185dccc326053f3f,ca253820b91d15442b2e5f464a584cfd,67
18173,dc7ea80db2095e5106b9436551e68568,adda240458961f94fb196c3a1ab84139,68
18179,ce57ca67d659f00f906628fddf94c8f8,66d43b09152d4884c853d2a846b27c11,457
18191,872d6a6ce8a9796b783d7f2d81dccd29,da5556c75d8da57479bba403afaac84e,39
18194,f3734f5d2f744b20741abd564e1d34db,da5556c75d8da57479bba403afaac84e,98
18202,2f57997ee85e8bf50d8d43a12e01a8c2,043fd1f61638693418bfd34969693b6d,17
18211,aaba2385d08ba651803fc8143510c337,66d43b09152d4884c853d2a846b27c11,252
18224,ed9694a70b3578c8aade3783522b5020,deb86cb7823284643bb94aab291cb5ef,67
18262,66f9ed16c5b28e17eddf2fd6006e288f,95df965a97ac4314c94592df23deea94,141
18334,9a04c71d7055f840f76c2250bafb86ff,66d43b09152d4884c853d2a846b27c11,166
18406,245b261edb5184dbd76cea61dbff54ca,66d43b09152d4884c853d2a846b27c11,379
18419,738d8937f4a2aec0b0bdc6509a5465ac,66d43b09152d4884c853d2a846b27c11,170
18438,fab9740c7f8552d1d2ed2ef88e7cdccb,66d43b09152d4884c853d2a846b27c11,326
18442,91a121851a0a6069b5d8a28f004afab3,66d43b09152d4884c853d2a846b27c11,200
18443,c9c9e3c39edff60b1a45c1cd627f7f9b,95df965a97ac4314c94592df23deea94,237
18451,be0c52559bc5958e39f87a66febe3a68,a7cb070b49a4b7f41abf584480006353,95
18489,49353f4fd4f30f7534ecc05010e32217,deb86cb7823284643bb94aab291cb5ef,54;55
18540,ef9dfbe812ff012742cc341cea6c536a,adda240458961f94fb196c3a1ab84139,100
18559,baabe4f9825de62d90e3654f0e1e66da,ca253820b91d15442b2e5f464a584cfd,64
18575,428707b48d05915059d8416b81659386,da5556c75d8da57479bba403afaac84e,94
18588,52d13d0b543a19ec30dcf1acc654c895,a7cb070b49a4b7f41abf584480006353,34
18603,9b3e889ad9ec93fde8043ea66ada004f,66d43b09152d4884c853d2a846b27c11,454
18666,265b3905694ca5d42110e6e4b26f69a6,a7cb070b49a4b7f41abf584480006353,115
18681,89e4bbae23ed8045509d00370900440f,66d43b09152d4884c853d2a846b27c11,452
18685,9d4b36499d7547b0c1c35a24d9247ac2,66d43b09152d4884c853d2a846b27c11,451
18788,542f3ef31e68fef1605b97d0fde5a0f2,adda240458961f94fb196c3a1ab84139,153
18814,f84f875960fe30666e3af861213f1d47,a7cb070b49a4b7f41abf584480006353,53
18845,4a515d0b86f118428ea59bbcec4c3171,66d43b09152d4884c853d2a846b27c11,450
18920,f1fede037217c0f7225b4d78adfff559,66d43b09152d4884c853d2a846b27c11,385
18948,a6c26686e18eb84cf9f4a5870b1a40ee,adda240458961f94fb196c3a1ab84139,162
18959,76e49813c0e6fa53d54ec231b08f4747,66d43b09152d4884c853d2a846b27c11,184
18968,a3576cbec43818c02f0c1c8a5a55e388,7353eae76a976394685746ea0bf74bcc,7
18976,69b29b08e200d34c0ef9a1f0755ad615,66d43b09152d4884c853d2a846b27c11,182
19015,20ae2555ecc89ed9dcd83e05fc3d4fd6,98bae769cdfd5484f9f976ca5697b099,29
19051,0aadbe111a36faa777b366efb4b2c96f,ca253820b91d15442b2e5f464a584cfd,40
19074,8e0470de2a393dc992cbea9225fcf15c,6cc499f220f49dc44b33548b003b1457,26
19077,881cc8719f492621ef9a95d11b0bf487,da5556c75d8da57479bba403afaac84e,1
19092,a87c47b7e2b1bc8683e8c991cb297aa7,66d43b09152d4884c853d2a846b27c11,127
19094,1477f45c3ac5e5d7676dbeec826707b2,66d43b09152d4884c853d2a846b27c11,422
19121,0bdce24802a30ed969e19b8ab960056f,66d43b09152d4884c853d2a846b27c11,4
19136,00fb407449216f2c2a26fdeb0ba4e986,6cc499f220f49dc44b33548b003b1457,9
19152,9776385728a1bc6ef27cede0cc9c903f,95df965a97ac4314c94592df23deea94,161
19159,a85c7d607269f48bdd82bbc1aab5fac0,adda240458961f94fb196c3a1ab84139,2
19162,db8179d821165501d778b783333b1a2b,66d43b09152d4884c853d2a846b27c11,207
19168,400f84613a0cc31a961b8f240d702b6c,a7cb070b49a4b7f41abf584480006353,61
19172,76017aebfd50d4c972719c98eb13519c,66d43b09152d4884c853d2a846b27c11,126
19179,d9535c87b60ebe7b0722042719a697b3,6cc499f220f49dc44b33548b003b1457,10
19207,8f4bef6768f144c92f154c230a7693c6,aaed5451b51c5884aae1b7d0b759a718,44
19218,1ea0de8bae86d4790a1999b1379934b5,66d43b09152d4884c853d2a846b27c11,380
19233,7428459b1452e51ce00f0e529f4ca725,7353eae76a976394685746ea0bf74bcc,1
19285,b26c7b89d900c18e7a46eb9574051f52,a7cb070b49a4b7f41abf584480006353,41
19302,3a13d37ca6ba02dbda1dafd3632cfc7f,adda240458961f94fb196c3a1ab84139,81
19307,a4d1002a04a13ae8e32aafc292a60b9d,adda240458961f94fb196c3a1ab84139,54
19324,b5d64ba671b060f1f2d5d1988b8d06dc,922135cc8cab2184d8139d2e28ae5293,5
19332,dc11de84020265be1098242193068abe,95df965a97ac4314c94592df23deea94,136
19334,2f48170da879f71b6cc099ca25620484,aaed5451b51c5884aae1b7d0b759a718,15
19338,fb8be35e7160ff9c1f5de5be093105a2,66d43b09152d4884c853d2a846b27c11,124
19347,1e6eec96a474579fe38f6ff5e48e510d,deb86cb7823284643bb94aab291cb5ef,75
19373,09fb903719c8e5af2bc8aee3e96be1ae,6cc499f220f49dc44b33548b003b1457,58
19382,18901f719a85483bef4c84b50c59fd09,7353eae76a976394685746ea0bf74bcc,0
19409,3de0072ba42e394ad45ac9c84758cdbf,a7cb070b49a4b7f41abf584480006353,109
19413,7b70679e4b970e80e2f9520a9b95eaae,95df965a97ac4314c94592df23deea94,123
19418,23d6f8af9ef0dfef6f027211c6f4876b,95df965a97ac4314c94592df23deea94,140
19507,1c107a64eefbfc76dd5cf217f2f358de,95df965a97ac4314c94592df23deea94,188
19513,faf8270bbbf9d68d2e8ed5ac301081dc,adda240458961f94fb196c3a1ab84139,86
19523,0db6527b408ccbfa7a66db41ee7b940c,95df965a97ac4314c94592df23deea94,184
19527,cadfa2a4b28fc8ded5b8039f96a90893,66d43b09152d4884c853d2a846b27c11,376
19528,45f27ecf3b4ffbf5528dcbfe9527f921,043fd1f61638693418bfd34969693b6d,6
19544,de99ce112a46c6b44bc9ea4b0f53beea,d20ce86ce58c597468f6618f51f7e1c9,62
19573,3126994543fb175171b95b18b546d349,aaed5451b51c5884aae1b7d0b759a718,28;29
19599,ac5dc93b5e7769129db02018cc1aadb7,adda240458961f94fb196c3a1ab84139,51
19606,c1a28901fe963bd2d3af4a8727893cbf,66d43b09152d4884c853d2a846b27c11,125
19611,2de97d0f2c4be0bb11ed1802801fb7f6,66d43b09152d4884c853d2a846b27c11,134
19622,6ea9c337d93f3d2d086df7a39dc78dc6,043fd1f61638693418bfd34969693b6d,105
19647,70ae38dea34a23351da4e7f4ef08978d,66d43b09152d4884c853d2a846b27c11,136
19759,af5d5f815dd9c1c99e4e203fe7b1e688,66d43b09152d4884c853d2a846b27c11,130
19779,f62124661290788d1ab2c6853aa75547,66d43b09152d4884c853d2a846b27c11,334
19801,75ab67738b9e5c2ca11a8a0ca2204cdf,deb86cb7823284643bb94aab291cb5ef,70
19835,ee47472ae88826539a05e5820e70b9e8,deb86cb7823284643bb94aab291cb5ef,73
19865,ab7c4adbe5f4a7347bb470aff6046f90,aaed5451b51c5884aae1b7d0b759a718,42;43
19888,1b3293c2d24ce410424294630d985508,d20ce86ce58c597468f6618f51f7e1c9,65
19900,580cd23ab5dab56d3db240e55f4220f1,ca253820b91d15442b2e5f464a584cfd,104
19931,ee065d00567d45c541dbd4040c5ef648,66d43b09152d4884c853d2a846b27c11,353
19974,eda898e8d9674dc9c035d9792dbc8fd9,95df965a97ac4314c94592df23deea94,50
20012,cf0669015f3b1c9e3d9db4d279b84a0e,66d43b09152d4884c853d2a846b27c11,113
20058,996f979deb1fbd74401ed5ad4a2757b7,66d43b09152d4884c853d2a846b27c11,115
20059,d47572b57298d90c2aa5f707fc5519ff,95df965a97ac4314c94592df23deea94,52
20075,fe945acca11edab5d5cbeba324a900e8,a7cb070b49a4b7f41abf584480006353,116
20096,4f882982a7b5f5446f60772eef488d12,d20ce86ce58c597468f6618f51f7e1c9,68
20106,537f7d585c3179c415e8484b031523bc,66d43b09152d4884c853d2a846b27c11,321
20115,e4c7a04a7625b2fd685f37fb5cadb4ff,95df965a97ac4314c94592df23deea94,245
20119,27b0fcde2a9b47bc17a4458c3451ffee,d20ce86ce58c597468f6618f51f7e1c9,122;123
20132,35b2f921c1445ec6923d25148fb72224,adda240458961f94fb196c3a1ab84139,64
20151,f886e748a2d6fefc994d59272ed46fa2,a7cb070b49a4b7f41abf584480006353,33
20196,09bb1f1d6da0f2e695ccd6a6273e038b,adda240458961f94fb196c3a1ab84139,82
20218,7dae125ed133d91cd0648ce5686fb787,d20ce86ce58c597468f6618f51f7e1c9,78
20226,f14f2a621f4ac09daf40f4624c4dd51b,6cc499f220f49dc44b33548b003b1457,49
20276,daa0926d1766b35f989095845c1ccbab,95df965a97ac4314c94592df23deea94,54
20311,c37308bac41a9b7c22a1d392d2611eaf,d20ce86ce58c597468f6618f51f7e1c9,71
20323,adde969f973df6c375fb1c289d8352a5,d20ce86ce58c597468f6618f51f7e1c9,76
20333,14e60a460784b1ed68d3e3c89f13f1f1,66d43b09152d4884c853d2a846b27c11,331
20358,b5e7b987d5aac9da197a6ce662beb64c,66d43b09152d4884c853d2a846b27c11,406
20360,fc5d18300e0afdf093777b3e3554a35a,adda240458961f94fb196c3a1ab84139,89
20436,bf2cafca31fe7dd10aa8f5d67965ea62,95df965a97ac4314c94592df23deea94,191
20460,5811fac3ec61e9c44a772b8dd51f4256,66d43b09152d4884c853d2a846b27c11,109
20463,0f9564a745ca964c426d87d5bdc333d2,95df965a97ac4314c94592df23deea94,58
20470,4f9fc010f2942e99e19abf3235b02a7c,95df965a97ac4314c94592df23deea94,45
20534,463ec1371082fb872ac2880ef654afd9,ca253820b91d15442b2e5f464a584cfd,27
20551,89e225c7184e9321aa8503792779f544,a7cb070b49a4b7f41abf584480006353,171
20561,dc1aa4ab6d25d106b3ffe4f791dc2928,043fd1f61638693418bfd34969693b6d,25
20563,feffb4def5c9ad5fbd14a287e5a9faaa,d20ce86ce58c597468f6618f51f7e1c9,116
20619,ca68238e8d9bd3df25d7da7471de7c4d,66d43b09152d4884c853d2a846b27c11,111
20657,86a34aef965908881434c2ab1181b4b2,deb86cb7823284643bb94aab291cb5ef,50
20674,1fba52574d9bf3b724b6a8a915c9b6e4,66d43b09152d4884c853d2a846b27c11,364
20791,cb0feb8b17a79394c294bb4da2848072,deb86cb7823284643bb94aab291cb5ef,52;53
20802,f700b12cf5c75a3906dd079acea3f274,95df965a97ac4314c94592df23deea94,255
20803,ccde60f217041c95bee78f676be4eaa6,deb86cb7823284643bb94aab291cb5ef,66
20814,2c66703bdb8988c6c1121821c246c8c9,95df965a97ac4314c94592df23deea94,253
20815,b3eca11c8e37cc9f9e62f2702083e686,da5556c75d8da57479bba403afaac84e,69
20833,ce713e92281d82c9b26c4f98f2cb6291,aaed5451b51c5884aae1b7d0b759a718,38
20851,9512798e655210d78a04f09de6b96d6f,adda240458961f94fb196c3a1ab84139,200
20861,ddaa9444f6c32d0e5fd57e21ed40d27a,adda240458961f94fb196c3a1ab84139,53
20894,9a7c45852887e6bc45ba98b72f574f96,66d43b09152d4884c853d2a846b27c11,316
20931,10fa042f18232fa254e2f7b22decc456,a7cb070b49a4b7f41abf584480006353,147
20957,26628e6f498368842693ee9bcadf8629,043fd1f61638693418bfd34969693b6d,39
20959,26cb61d6f60f33775f8d45bf812adbb1,66d43b09152d4884c853d2a846b27c11,318
20968,31c9d94a36cdd6a91e09475d3cdedbfe,6cc499f220f49dc44b33548b003b1457,37
20997,369c84bb96c5798e9d6d676efeb0e1a1,95df965a97ac4314c94592df23deea94,151
21000,84d81be2f18d58e404d3b4eff3148c8a,a7cb070b49a4b7f41abf584480006353,145
21006,866be3a6a800dce5610b4a410041577a,95df965a97ac4314c94592df23deea94,152
21040,c856b75997c1ab1fd2fd2799bd6bdf18,d20ce86ce58c597468f6618f51f7e1c9,30
21044,5ad3574e899dcedc34c17e3fd2da9b16,7353eae76a976394685746ea0bf74bcc,37
21060,d71d768218e3e3b392f6747b94d90701,adda240458961f94fb196c3a1ab84139,15
21073,e1638b074be991f14aad878a54693aa9,d20ce86ce58c597468f6618f51f7e1c9,42
21086,56a7aa7c66146248d6c820c31a6b99fd,95df965a97ac4314c94592df23deea94,41
21158,4ea6251e46ccee4501ff13ab78a8a121,043fd1f61638693418bfd34969693b6d,40
21167,08e473f0df5d74f9279d7e3daa1a52af,a7cb070b49a4b7f41abf584480006353,167
21179,d5562b7c22d7d8b39c7ae64d0b4dd369,95df965a97ac4314c94592df23deea94,38
21180,b152679fe00953f85340b2faf0f12792,95df965a97ac4314c94592df23deea94,223
21217,f7ed3de60a3af46cd48551fa8eb177be,6cc499f220f49dc44b33548b003b1457,64
21238,c8ab3a6be963fe64af420dd93e78007b,adda240458961f94fb196c3a1ab84139,173
21284,6a4bde48bdd09f54ccc736356bd73fe0,95df965a97ac4314c94592df23deea94,37
21306,0723a966fbd21d7741e17c3517b19bdc,95df965a97ac4314c94592df23deea94,220
21317,8112b7e282dd358704ddcab0cf5e5610,66d43b09152d4884c853d2a846b27c11,116
21330,97d182bd8412fad5221f98a1998633ff,aaed5451b51c5884aae1b7d0b759a718,12
21344,3d723f0edfad5b10af107ef24845322d,adda240458961f94fb196c3a1ab84139,9
21362,8e79cc461cac04010b48752cdde47c23,922135cc8cab2184d8139d2e28ae5293,35
21376,ccb52ea305ebeab49957aa78de40a393,043fd1f61638693418bfd34969693b6d,34
21381,bbb8fa0a98568f23837b7368b2278c27,a7cb070b49a4b7f41abf584480006353,153
21399,f71caa0966c0005fbf972b9f8ecbd8e1,a7cb070b49a4b7f41abf584480006353,150
21401,d76c0bb63327c058f2b82bc57a699d02,922135cc8cab2184d8139d2e28ae5293,66
21406,52b7aa78ea4d4a4e9b9c76008d3e768c,adda240458961f94fb196c3a1ab84139,204
21422,33313265e066daa961f3962626f7444c,66d43b09152d4884c853d2a846b27c11,230
21460,01969161150a23108b8877c8f1ab6b9a,66d43b09152d4884c853d2a846b27c11,117
21483,58736a3fca3e73b32165126281ee2c87,ca253820b91d15442b2e5f464a584cfd,20
21505,88757067c1721abb98fd3b802e1e2591,922135cc8cab2184d8139d2e28ae5293,23
21528,ef52998b63765ce08efa1c2b674d680a,ca253820b91d15442b2e5f464a584cfd,94
21540,2e493473857d2df95c2eba6ef51d69e1,922135cc8cab2184d8139d2e28ae5293,31
21567,491def5ceca1c01a6656354df7d89118,66d43b09152d4884c853d2a846b27c11,341
21579,1e5ad27c24261d8b31f5dc99b2e38ee9,da5556c75d8da57479bba403afaac84e,58
21580,1a3465504f9134aba6267332e92a24bc,a7cb070b49a4b7f41abf584480006353,92
21623,871c28a27237f96e012f05a10ad8c01f,adda240458961f94fb196c3a1ab84139,50
21653,62fc30f4a697cecd6ebd9695c6c259c7,7353eae76a976394685746ea0bf74bcc,15
21660,701113002070daf81ab2bef4fd74a0ce,d20ce86ce58c597468f6618f51f7e1c9,43
21672,c84500f0ef53396b726bd610b68426da,66d43b09152d4884c853d2a846b27c11,339
21694,ca4ff0a8b9352bfdf7a1a0df8c23e349,6cc499f220f49dc44b33548b003b1457,85
21737,4e8a20df6061e9beaa7a172f09a64acd,7353eae76a976394685746ea0bf74bcc,30;31
21808,0d6c6234793028737348e38e57773dee,ca253820b91d15442b2e5f464a584cfd,25
21817,55227cefea26646b923bc1bed9a8ccd3,adda240458961f94fb196c3a1ab84139,186
21896,d7ed2ebbbd8edcce3b4331240941aea6,66d43b09152d4884c853d2a846b27c11,442
21912,754339353e4a8f8aa0283ec96b1a585a,66d43b09152d4884c853d2a846b27c11,338
21944,0689fc7453bcc8a4217567da74475186,a7cb070b49a4b7f41abf584480006353,48
21965,1de7c84b960b3ecdd7189b7a5c86202c,98bae769cdfd5484f9f976ca5697b099,7;8;9;10
21981,55892703b1efca54dd9ab7c2d9973931,aaed5451b51c5884aae1b7d0b759a718,70
21992,56287e5591c9bb514738764b430d2860,66d43b09152d4884c853d2a846b27c11,198
22040,7970ff1bf3bc6eb8293c395ae47a0fe5,66d43b09152d4884c853d2a846b27c11,213
22064,97876a767b702dc42be206f5509a2f6d,922135cc8cab2184d8139d2e28ae5293,85
22101,0bf0e4bd31c654458e890bbfb3dc827f,a7cb070b49a4b7f41abf584480006353,111
22112,078fb3d2bb43b51e063828d350c17fff,66d43b09152d4884c853d2a846b27c11,337
22113,6901b94db614674a772fe9253d25266e,95df965a97ac4314c94592df23deea94,199
22117,7d39848f91ff6b7b08130c55efba0ca3,da5556c75d8da57479bba403afaac84e,11
22131,3133a99f91c5b4739128c90b32289df9,95df965a97ac4314c94592df23deea94,230
22186,1d12eb4825d8822c159c175735f38c8f,d20ce86ce58c597468f6618f51f7e1c9,47
22188,10b47f307b42c60df543197f4b1fcc09,d20ce86ce58c597468f6618f51f7e1c9,89;90
22218,65284ada6659d5c7b17db9c6721bc67c,ca253820b91d15442b2e5f464a584cfd,96
22219,9296e0a64005875386b018a441316f58,deb86cb7823284643bb94aab291cb5ef,64
22278,b189c69977e7ef794ed398086ff622a0,66d43b09152d4884c853d2a846b27c11,394
22284,eefda84f967e029bd380b5d0d412efda,d20ce86ce58c597468f6618f51f7e1c9,49
22290,a2af802c522b7849413a053e6b127af7,66d43b09152d4884c853d2a846b27c11,153
22308,a06184f8d78f1c050d26f20acee67d93,043fd1f61638693418bfd34969693b6d,97
22320,3d99951b95827ea9fecf09534d603ff7,98bae769cdfd5484f9f976ca5697b099,27
22351,8a3d5c3c4c6912b88c045ab8df4996e2,95df965a97ac4314c94592df23deea94,147
22390,1230c896411017f855673db3b74e213a,95df965a97ac4314c94592df23deea94,256
22400,f42e3c4443a927b422b4b7b4ddd39376,adda240458961f94fb196c3a1ab84139,104
22402,572c3ad37e38adc411a69ee68ed626ca,deb86cb7823284643bb94aab291cb5ef,69
22405,82a6ebb901ef15b218519d4d155d13c6,66d43b09152d4884c853d2a846b27c11,164
22411,2c818828221ff36c7478854ee56a84e4,a7cb070b49a4b7f41abf584480006353,28
22429,bfb6d165505ccf188a7039bb95c2940e,66d43b09152d4884c853d2a846b27c11,161
22432,f818a8da820952a72d428d74815488b4,da5556c75d8da57479bba403afaac84e,77
22455,e57ccdf09a86ef1e0ef2a65685ba979c,922135cc8cab2184d8139d2e28ae5293,51
22483,ddfa21c048d280ec6f12c2eae2e0a910,922135cc8cab2184d8139d2e28ae5293,68
22500,79454ac17de8f027df32d03d328a9236,043fd1f61638693418bfd34969693b6d,80
22502,1ad485b42da1ead27c128bfa796d835d,043fd1f61638693418bfd34969693b6d,29
22509,86b621b89aea7064fd7e13a28843e9f4,95df965a97ac4314c94592df23deea94,182
22516,2277f58500025a6260b73f7f5fd6d9d6,66d43b09152d4884c853d2a846b27c11,366
22634,89571229780a2063db4d19e71bfa8f0b,922135cc8cab2184d8139d2e28ae5293,78
22664,c4b96b61cf108d519a6a6643bf853b79,66d43b09152d4884c853d2a846b27c11,160
22722,8dd5dc97f8dc0017bbd599d49e7527bc,922135cc8cab2184d8139d2e28ae5293,81
22731,870bbd6942d1287c2abe951bdafe1c6e,95df965a97ac4314c94592df23deea94,129
22737,8970b2dd06ff6375bf6924d07bac8e65,7353eae76a976394685746ea0bf74bcc,2
22744,c14a25a1f1c239501a1e638ae3d2eaf2,a7cb070b49a4b7f41abf584480006353,103
22779,38cbc9eb6cc7050190d6b8e472864dec,adda240458961f94fb196c3a1ab84139,121
22803,28ba99a9f61a2442f6c4894fccc73e2c,a7cb070b49a4b7f41abf584480006353,19
22900,19178ee415fb7aa76aee2f802da42bcf,da5556c75d8da57479bba403afaac84e,84
22906,f4f628b056914618be44950b0f43be82,aaed5451b51c5884aae1b7d0b759a718,74
22968,c47a331b6baaa785164c325b3835709b,7353eae76a976394685746ea0bf74bcc,3
22995,d713f4cb095dee70b91b68b2f0a31fa9,66d43b09152d4884c853d2a846b27c11,349
23004,2e5bc73989f76260b29dec81321ab1dc,043fd1f61638693418bfd34969693b6d,120
23021,872e0e44dc30ebaa988ec7115218b709,ca253820b91d15442b2e5f464a584cfd,100
23048,6cfce61af20b7f24bb5913e44d9a07bc,95df965a97ac4314c94592df23deea94,49
23057,b9ee59eabf6ba4c52ba40485332d4b1d,66d43b09152d4884c853d2a846b27c11,348
23080,8a7a97f664d2f6abcca9d814c4fc4d72,a7cb070b49a4b7f41abf584480006353,79
23099,5c5fa25cda56a327ef002462323e5c0d,043fd1f61638693418bfd34969693b6d,4
23121,7b0f0edc7884077050fa406aa530e869,da5556c75d8da57479bba403afaac84e,38
23136,5d523310c2f072df0293092ed627570f,95df965a97ac4314c94592df23deea94,242
23145,543e77a041ace96a58f1d9cfefdee78a,043fd1f61638693418bfd34969693b6d,3
23154,43721ad86e996c43d67ca4a97892f017,ca253820b91d15442b2e5f464a584cfd,36
23167,8a67a14eca78e3ae6012428e005160fc,a7cb070b49a4b7f41abf584480006353,88
23168,d062ab7433d62dc07e997cfa78dd4d45,043fd1f61638693418bfd34969693b6d,98
23169,43083d217bf14dfa207b9a2e947d71b8,deb86cb7823284643bb94aab291cb5ef,63
23180,b12b9232d5105457677ae489ac906a96,98bae769cdfd5484f9f976ca5697b099,25
23200,462251203eb09eb469c82a02b9119663,da5556c75d8da57479bba403afaac84e,3
23227,35b9fca27018ba772b7d9f005ededdb5,66d43b09152d4884c853d2a846b27c11,222
23235,a112613b434928dc86be1068c6092119,adda240458961f94fb196c3a1ab84139,117
23247,9095d6001d6347992533a71332b56fdb,a7cb070b49a4b7f41abf584480006353,29
23250,6584740c7fc2d7dcf0b33a54c5c33ea1,922135cc8cab2184d8139d2e28ae5293,94
23293,4aee7f145deacb11f9259f77237d5131,95df965a97ac4314c94592df23deea94,22
23330,80ff80390da23cfb43b700a085ae1aa8,7353eae76a976394685746ea0bf74bcc,38
23335,2b72cbdb8d614914cbc6880b317c07b7,aaed5451b51c5884aae1b7d0b759a718,71
23352,8d1c1f6f2e77d1091b0855aa96c7429c,922135cc8cab2184d8139d2e28ae5293,9
23369,e2827adf69a84fee8a8033c3e4540481,adda240458961f94fb196c3a1ab84139,114;115;116
23392,1a7330d7844578e0b6d2facd1d13417f,a7cb070b49a4b7f41abf584480006353,12
23431,98347d8e88294d3ffb80a19da3877ce6,66d43b09152d4884c853d2a846b27c11,194
23456,6585e077796d9e050ae5f3aabc676e17,ca253820b91d15442b2e5f464a584cfd,1
23460,651529d61ee428e23dcab9693ddd14aa,043fd1f61638693418bfd34969693b6d,118
23478,674681b73ae9d9ea1030a148f70648e4,adda240458961f94fb196c3a1ab84139,103
23480,7afe0523f4ad120e771f7802005d7ece,a7cb070b49a4b7f41abf584480006353,94
23495,4c181aa0445fa1bb8ac45b0a189108d7,6cc499f220f49dc44b33548b003b1457,16
23500,9dd5fc8bb3034ceddef0e87db175b53a,d20ce86ce58c597468f6618f51f7e1c9,44
23517,c97a37bbe3b59223069fdb72bd5279d7,95df965a97ac4314c94592df23deea94,266
23520,403af8663fb1e90d8a7904ac18b894be,98bae769cdfd5484f9f976ca5697b099,35
23590,d399bb450813827d6da499dd56e66f13,95df965a97ac4314c94592df23deea94,228
23593,84b815434e3690f63d88424dc58c1ab5,95df965a97ac4314c94592df23deea94,154
23669,9b9814ac30a3106373d348066f50c5b6,d20ce86ce58c597468f6618f51f7e1c9,45
23695,7b35e8ebe598157731f709aa01d27558,66d43b09152d4884c853d2a846b27c11,423
23741,3658a84dcc0fb5a1cc2f9209f928d8ec,ca253820b91d15442b2e5f464a584cfd,31
23760,36b7e2d8c74d80ca3ab16f2c158c7e1f,043fd1f61638693418bfd34969693b6d,47
23778,14a0cf93b5dfa25731d5c55af7ebc9e1,adda240458961f94fb196c3a1ab84139,119
23782,b16c0500182f069a2433298e7a38d462,adda240458961f94fb196c3a1ab84139,10
23791,93779654496f5a1e2754ddfd9e23ed1c,d20ce86ce58c597468f6618f51f7e1c9,50
23807,6a5c37cb61597633bbd9c3bc4223b959,adda240458961f94fb196c3a1ab84139,213
23821,e8633ff966c9ef458899bb18f50d6fd5,adda240458961f94fb196c3a1ab84139,66
23831,9e3cd7ed9a2661975f0465b388ef5379,66d43b09152d4884c853d2a846b27c11,405
23857,8c3b14e172f8536bb0ce822cb8f847d4,922135cc8cab2184d8139d2e28ae5293,21
23883,1aa52ce2928673c5eaca3cae935ad244,95df965a97ac4314c94592df23deea94,14
23903,78d77617cda36294732252bd45f041d1,66d43b09152d4884c853d2a846b27c11,373
23931,64dea6be4e8e0b96eafb26d377bd1441,043fd1f61638693418bfd34969693b6d,68
23962,4b838825763b9266233ff52963a2d792,95df965a97ac4314c94592df23deea94,10
23978,899d17fbb1f8726314b9d242ec8ae429,aaed5451b51c5884aae1b7d0b759a718,10
24053,c3a9cdbdf00e121d5a052ef5ee78f197,66d43b09152d4884c853d2a846b27c11,139
24189,07ebeedb1f1c9759baa3bb8dd4b09ad6,043fd1f61638693418bfd34969693b6d,99
24211,80947eb28751eb21fcd0527a89d20a43,d20ce86ce58c597468f6618f51f7e1c9,56
24218,5a622bdd1b5bce4ab5e162544a86cdcf,66d43b09152d4884c853d2a846b27c11,308
24224,ecdef8667684fbd196e65f72bb2a70ed,ca253820b91d15442b2e5f464a584cfd,28
24255,86ff62c45ab0232f533deec9e67b4a60,aaed5451b51c5884aae1b7d0b759a718,32
24260,062318398be5fe55f4def14e65820ad1,922135cc8cab2184d8139d2e28ae5293,49
24266,6d5d7bc19e06ff48ab718d57df685051,adda240458961f94fb196c3a1ab84139,189
24273,b9f8dbb71eb31af9e2a76825fd25c60f,922135cc8cab2184d8139d2e28ae5293,97
24282,22f60d72e262663bec7d8371a7b8314b,deb86cb7823284643bb94aab291cb5ef,4
24294,f7f5381e1e99a73ec53e01cfc34110aa,043fd1f61638693418bfd34969693b6d,1
24300,443347345ecfcb9529d0844594f833d8,a7cb070b49a4b7f41abf584480006353,44;45
24304,3f1994109af8928b2075b1102109d396,922135cc8cab2184d8139d2e28ae5293,45
24319,f137bb633f2784d42c21b5a8dd66fce9,95df965a97ac4314c94592df23deea94,6
24387,a97f423db11dc2814177eb81055fa885,043fd1f61638693418bfd34969693b6d,103
24388,09a33cdbab58cf12f8574fb0909bf64c,6cc499f220f49dc44b33548b003b1457,62
24389,11ab70be63ec3f0a99a5c8f91a4753b9,922135cc8cab2184d8139d2e28ae5293,4
24390,23d7258d4b307f67dd5a96f1086361aa,ca253820b91d15442b2e5f464a584cfd,24
24394,097504382e0434ba0893ab77b20bf1a4,66d43b09152d4884c853d2a846b27c11,297
24415,989eb8fa313ac6d4e4520f888dc79f46,95df965a97ac4314c94592df23deea94,185
24422,29dee7b5da258981aad68d0611e7d0e5,adda240458961f94fb196c3a1ab84139,5
24425,621d05dd34857c10ab4e01b884dddae0,95df965a97ac4314c94592df23deea94,186
24437,b9ba084b1ddcbf08581de9e4fac7926e,95df965a97ac4314c94592df23deea94,249
24489,d51dd683dd610ffeeb8155a738eb1f32,da5556c75d8da57479bba403afaac84e,82
24509,5ae197d28ffd2c9b70d6e38a04af62cb,6cc499f220f49dc44b33548b003b1457,7
24519,f40e89d2a27068b51b71a9282e720c8a,66d43b09152d4884c853d2a846b27c11,253
24520,c49e33017c4cbe743ed47cd4287b68f0,95df965a97ac4314c94592df23deea94,32
24541,e64ac2743ebc2baa11afcddb990616b4,adda240458961f94fb196c3a1ab84139,48
24586,47c04f728e69d39510ce7becefe37e8f,66d43b09152d4884c853d2a846b27c11,295
24608,e52ca3dc021bf8fdc0205f37c81491b0,d20ce86ce58c597468f6618f51f7e1c9,51
24613,7bc9ca7321fb1c9a837e74ac3d695325,66d43b09152d4884c853d2a846b27c11,239
24628,33eb7732a144c9a946eeab6d78b5f417,adda240458961f94fb196c3a1ab84139,184
24633,00bcb1255be04f12e36692c5780b39c9,a7cb070b49a4b7f41abf584480006353,162
24639,6dd394a9261a1de4cc9e5c617740da19,922135cc8cab2184d8139d2e28ae5293,52
24659,92d60c1e16ca013b6f903c1b1cfc1fc5,a7cb070b49a4b7f41abf584480006353,161
24669,3822fc380056f2a5f0dcaaf7901e31d6,66d43b09152d4884c853d2a846b27c11,298
24671,f4c453997ba28dfebfcbdb5727bffc95,adda240458961f94fb196c3a1ab84139,179
24678,5d5d84e5a59e196239c7071768786fca,66d43b09152d4884c853d2a846b27c11,299
24681,455bf227209e1ed183b9295353ed8b04,deb86cb7823284643bb94aab291cb5ef,47
24699,ec52d81c030f45b30dad7141d2a13a88,66d43b09152d4884c853d2a846b27c11,323
24706,741a1cd80e1e113621fb084f0cdc61bd,043fd1f61638693418bfd34969693b6d,12
24711,3b6198c924c9bbc1ef310a717e7c76c3,d20ce86ce58c597468f6618f51f7e1c9,52
24727,95c29be42ab509a2b5521bb076f520a8,6cc499f220f49dc44b33548b003b1457,3
24737,f14bf7407bd6d965c11af1b0650823e3,95df965a97ac4314c94592df23deea94,234
24746,a63bb0d20ac58fc8547ecd4615afc012,deb86cb7823284643bb94aab291cb5ef,11
24752,10541ead61a05de2e3fc901f78e41967,66d43b09152d4884c853d2a846b27c11,214
24780,c578f914304beb0ed461b440d81961de,043fd1f61638693418bfd34969693b6d,124
24791,29e40e12d8e15bc62b6340dc7c5a5498,043fd1f61638693418bfd34969693b6d,115
24811,4b679e88a993d1dc03f8afefbd315eef,95df965a97ac4314c94592df23deea94,213
24840,d2bdc4e4f696fbd86e2e26708179165a,66d43b09152d4884c853d2a846b27c11,315
24849,11fb892462d6ccdd30e0559b344a4831,ca253820b91d15442b2e5f464a584cfd,76
24897,7ab7c730329cf423e6b7d86a11e61d0f,d20ce86ce58c597468f6618f51f7e1c9,27
24970,febfbff6dd98d71821381d22b6e33657,922135cc8cab2184d8139d2e28ae5293,41
24981,1ffcb2976d00a99b4a3afeede03566b9,66d43b09152d4884c853d2a846b27c11,319
25005,7077a8d51709a4564eb89afaef9982f0,ca253820b91d15442b2e5f464a584cfd,110
25040,154b329dc4f181501e05bf7dcfbeba50,adda240458961f94fb196c3a1ab84139,52
25045,facd50feaaf2c52793db5b37c58a2ca7,deb86cb7823284643bb94aab291cb5ef,15
25060,30f4958b94358925c357d2cd55279f47,043fd1f61638693418bfd34969693b6d,74
25081,fd4962c75b51abb07fd17fbba26e5a5c,66d43b09152d4884c853d2a846b27c11,147
25089,4d17afe753f9980f943a00f5e3d045fe,95df965a97ac4314c94592df23deea94,134
25127,93e323b15acee6e1f7ba92327f8c151f,66d43b09152d4884c853d2a846b27c11,317
25142,44a85460f3360e54e3043bb530fce6d7,d20ce86ce58c597468f6618f51f7e1c9,29
25146,64c42c86b0c93f60921c8c11cf1eb59f,ca253820b91d15442b2e5f464a584cfd,91
25176,419f49d30da6bff0fcfa679c84d652ce,043fd1f61638693418bfd34969693b6d,7
25182,91b0d095689cf2be904dde3248aee137,adda240458961f94fb196c3a1ab84139,107
25185,b23a56a88a0cc902f159a90ef859b092,66d43b09152d4884c853d2a846b27c11,144
25196,62c39c7ab3382e7d226c9ec8dd981216,a7cb070b49a4b7f41abf584480006353,81
25207,905206965c6c03c48258d471736b3969,66d43b09152d4884c853d2a846b27c11,414
25210,a33365155c1473a10b602a3b63135c2f,da5556c75d8da57479bba403afaac84e,65
25235,786791a24b501eecd9de6676378af139,66d43b09152d4884c853d2a846b27c11,145
25298,2e3755bc8bbf393b07e21b6f57976fbd,da5556c75d8da57479bba403afaac84e,44
25300,f44b1dc1fab1663c705425ecfde25a97,66d43b09152d4884c853d2a846b27c11,304
25313,dd6b45500eebec48d56dd8199b41b842,95df965a97ac4314c94592df23deea94,243
25401,e06be6e8fdc8bf99b695bed10cdf4d92,a7cb070b49a4b7f41abf584480006353,143
25448,2fbe2072ba819f303327c3d2e35b2669,66d43b09152d4884c853d2a846b27c11,227
25459,31703cf445a515e81272a8fe7d96f0b5,adda240458961f94fb196c3a1ab84139,198
25518,403062c712ee772eb7e6625d4970856d,95df965a97ac4314c94592df23deea94,218
25521,c399b0bc46034ce2eda3bd559f115a02,ca253820b91d15442b2e5f464a584cfd,57
25528,172496f65a9151c9ebf5404e15f233d3,043fd1f61638693418bfd34969693b6d,113
25557,5602274ca0e6e760c54713ff8b8ae530,adda240458961f94fb196c3a1ab84139,181
25571,3a967aa37378c3da2bb987896c42e5e4,a7cb070b49a4b7f41abf584480006353,126
25600,666b3a55fad458420971ae9d341ece1f,043fd1f61638693418bfd34969693b6d,109
25609,4e7c28373d033685d809da4c39a89ff9,a7cb070b49a4b7f41abf584480006353,125
25624,1841cd244401adcd528eabc7076b1002,da5556c75d8da57479bba403afaac84e,76
25629,edcae50a9724481aad6362289a3a66ce,a7cb070b49a4b7f41abf584480006353,133
25653,62baf5836244e43fde82119cde1bb400,66d43b09152d4884c853d2a846b27c11,392
25660,21d692c33c876982914714734b5b1972,aaed5451b51c5884aae1b7d0b759a718,26
25696,d64a6b20fdf49cf65b8ac4c4d958354d,043fd1f61638693418bfd34969693b6d,46
25742,da82b4088b74c2b75a1f8f39bcb7000a,d20ce86ce58c597468f6618f51f7e1c9,40
25764,20a31d10452b8e8b9017b25747e2f2b7,ca253820b91d15442b2e5f464a584cfd,7
25803,bf5a2369d9d1dd4875a35bba7b4984d9,66d43b09152d4884c853d2a846b27c11,142
25826,f4763f205c8475241be031afaab556ef,6cc499f220f49dc44b33548b003b1457,6
25873,292b8f71e3537ee3fd3a8c06e7a496b7,922135cc8cab2184d8139d2e28ae5293,50
25895,fe34a96c86c94854d71bed5661f1ee4b,95df965a97ac4314c94592df23deea94,137
25902,c4122cf4c3f774964b6c83b0d93d0685,922135cc8cab2184d8139d2e28ae5293,47
25910,296795538e6549efe20949fb7045dedf,95df965a97ac4314c94592df23deea94,192
25926,6c804dd0514114e4aca94232669ac9e1,a7cb070b49a4b7f41abf584480006353,131
25940,c72a32fd19487593b4042d11cf7c384b,922135cc8cab2184d8139d2e28ae5293,69
25950,1022bca3952979048714c8bd14d84293,98bae769cdfd5484f9f976ca5697b099,24
25979,a6cda6ec7549e860cb97684ddfedcf28,66d43b09152d4884c853d2a846b27c11,257
26001,0d1525b6bd39bfd6133991361f4704dc,deb86cb7823284643bb94aab291cb5ef,62
26039,06b847ce448e9cfc2054903f08ffe1ef,7353eae76a976394685746ea0bf74bcc,17
26126,b7c922bb232e8f8e8e2c8ca3236508f9,66d43b09152d4884c853d2a846b27c11,312
26180,72b1cb3e4e1e87f67fc664a72ecf00bf,66d43b09152d4884c853d2a846b27c11,155
26231,bf766fd3556f24514adb76a9db30b470,a7cb070b49a4b7f41abf584480006353,169
26240,4bb072bb095570d5315c475342279879,aaed5451b51c5884aae1b7d0b759a718,48
26245,7a276a4dcc841719f617d23a7e0aee42,7353eae76a976394685746ea0bf74bcc,21
26278,babe31b77f1e3a06de0caa90083cec81,922135cc8cab2184d8139d2e28ae5293,82
26305,94477fffc958902d6e74ff80f116738a,adda240458961f94fb196c3a1ab84139,175
26346,ae593b2ddb95c13ca17f260f8ef23a77,922135cc8cab2184d8139d2e28ae5293,44
26394,b6e27d622c3cf1783eb38a2c448c9d26,ca253820b91d15442b2e5f464a584cfd,19
26410,5cd9fe580bfff364809354d1e17a45bd,da5556c75d8da57479bba403afaac84e,18
26423,ac5034ba0c6da7f769fc1e01f7c7a036,6cc499f220f49dc44b33548b003b1457,43
26424,284e78b0405341ce873a45496ce16634,043fd1f61638693418bfd34969693b6d,88
26428,af84f12a8ef6685a1dc382011c75dc65,95df965a97ac4314c94592df23deea94,34
26463,47ef3eda37c9cedef90873f489a77961,98bae769cdfd5484f9f976ca5697b099,15
26471,058a9c4d4630f8ca6ab7f4fcd39abac1,66d43b09152d4884c853d2a846b27c11,201
26497,2f3c00d8946a5ec10e8f988bd2c2e0e9,d20ce86ce58c597468f6618f51f7e1c9,58
26506,cb87a63c31a9de84e5ed4112134f3209,adda240458961f94fb196c3a1ab84139,57
26518,a9f2025c3365d7b979a86601ae93184a,95df965a97ac4314c94592df23deea94,53
26534,5900edc8699e3f6e239def5a855ddf2c,da5556c75d8da57479bba403afaac84e,113
26569,930d025eb1ef2f767ea17501c13ae743,922135cc8cab2184d8139d2e28ae5293,93
26585,941598478873f80ae29eadb7598fd7f8,043fd1f61638693418bfd34969693b6d,22
26595,efe62233ce25aaeb3744c3702dc33a64,6cc499f220f49dc44b33548b003b1457,71
26660,c138e0d84ae52847d195d379fedcf8d8,66d43b09152d4884c853d2a846b27c11,322
26667,ba264c7abaff055cec71eef70d8d9876,aaed5451b51c5884aae1b7d0b759a718,19
26684,9e0369436738bbc3e711f0b3ffc6a880,adda240458961f94fb196c3a1ab84139,195
26693,c14c712b030a3e8f16c5a99c47ce829b,043fd1f61638693418bfd34969693b6d,37
26701,3551552ce645575d010ecf720d78a06f,66d43b09152d4884c853d2a846b27c11,218
26703,f3ce15cb28cf26dfb58cc49f4b5ad195,a7cb070b49a4b7f41abf584480006353,152
26706,3aaed3d0c9a99639980eb7a01de97672,d20ce86ce58c597468f6618f51f7e1c9,74
26804,d32573790b274a5b0b40193857381840,ca253820b91d15442b2e5f464a584cfd,13
26827,22799f44e78f2308d1f4a573a8fc3ae7,adda240458961f94fb196c3a1ab84139,192
26862,fd63df2a1a2ba1d63672987707ec2909,da5556c75d8da57479bba403afaac84e,15
26895,b582ff1e9200074bfda06cb013a345fe,922135cc8cab2184d8139d2e28ae5293,19
26902,e939b9de0ad25369c024e0d3a84168f3,95df965a97ac4314c94592df23deea94,17
26911,a888465956207aa4b0cd80250fa4edc4,a7cb070b49a4b7f41abf584480006353,158
26924,138aae8db35a519dcc6fd43f3bff64e2,66d43b09152d4884c853d2a846b27c11,391
26944,8f33b7445ed3ff789a9ac98109e41d15,66d43b09152d4884c853d2a846b27c11,171
26965,1f1a81b3c4e1d7b2df9fa8a5d3d940e2,95df965a97ac4314c94592df23deea94,149
26985,95babdb6c39b9f886b03d9b501b3b3ee,ca253820b91d15442b2e5f464a584cfd,48
26996,a8feef242b33428de78d5f2294d8f231,66d43b09152d4884c853d2a846b27c11,387
27037,e00e6e2e630ac7cae906d03ab353a818,66d43b09152d4884c853d2a846b27c11,300
27039,7620cd70ce5f07942a2cc1080b44919b,adda240458961f94fb196c3a1ab84139,178
27061,075824cc1a9c7d1f30427f33727ca4dd,7353eae76a976394685746ea0bf74bcc,28;29
27135,ffc6956273f75465647dc25e098d5d3b,adda240458961f94fb196c3a1ab84139,139;140;141
27149,4c5b08771efd2a177c04909b6bff0c7b,6cc499f220f49dc44b33548b003b1457,67
27164,5ad7fbae1938ce92446d387f8d2102f0,da5556c75d8da57479bba403afaac84e,67
27183,5539f1bb54f7e87cf8dc5edb028e2c22,adda240458961f94fb196c3a1ab84139,167
27190,4782f2417f43b8797d02f883c1e73b25,66d43b09152d4884c853d2a846b27c11,199
27203,af2cc3059280e39a6b2bc1f2c294f5fa,66d43b09152d4884c853d2a846b27c11,407
27212,dfc514dbd16fbb02d7a7de4290fefc1f,a7cb070b49a4b7f41abf584480006353,154
27226,80d521c9a860caafa8d56b1487363b12,6cc499f220f49dc44b33548b003b1457,4
27239,eff6bcd07c93b5fb752e317347195459,6cc499f220f49dc44b33548b003b1457,76
27247,04f26cd65b8afc6ffe2b11b5624527c4,6cc499f220f49dc44b33548b003b1457,22
27254,3bc09602a5a1c7b68c265e7d0442593c,66d43b09152d4884c853d2a846b27c11,189
27273,f2ae790d8e597b2832cec711499bc819,95df965a97ac4314c94592df23deea94,171
27309,3bdc001ecb4442d347f2376b636e2718,adda240458961f94fb196c3a1ab84139,217
27328,3d95ec989d034e0ac21176c27c18230e,66d43b09152d4884c853d2a846b27c11,216
27365,00eb804a9bc92f7c8e340600e42c38b7,66d43b09152d4884c853d2a846b27c11,188
27385,5163272ad9f7da9464fe2a81da4b2767,922135cc8cab2184d8139d2e28ae5293,26
27465,984660f6372d94d3d5658154ac49d6bb,66d43b09152d4884c853d2a846b27c11,267
27513,7921c864b47ebce8e840565b9748c39a,deb86cb7823284643bb94aab291cb5ef,3
27524,03f8bd3fdbf6d7deea293d048d10793e,66d43b09152d4884c853d2a846b27c11,393
27527,b19350283c2a8d6e56e7fee69bc6833c,98bae769cdfd5484f9f976ca5697b099,26
27543,29c594a91c18a2581e72cc5480ac3e19,ca253820b91d15442b2e5f464a584cfd,117
27569,c5b036c87e641aefb183561184140cef,66d43b09152d4884c853d2a846b27c11,23
27581,4117e2912d9194a198ee944d212bd606,deb86cb7823284643bb94aab291cb5ef,34
27592,405a65d93c32921d2ef4a4cee24b5495,da5556c75d8da57479bba403afaac84e,79
27596,a196608fe2f44372394f8a311709dbe0,aaed5451b51c5884aae1b7d0b759a718,60
27600,9659a0eeb884fbf328a9867de711bb99,ca253820b91d15442b2e5f464a584cfd,32
27615,33658e21a2b069a67c26dde585ac948c,66d43b09152d4884c853d2a846b27c11,433
27625,241fa69a9588c15e8c24a55eccdab3db,d20ce86ce58c597468f6618f51f7e1c9,63
27657,c4342ec9ef0e0c05bf1eae4c1ec28976,d20ce86ce58c597468f6618f51f7e1c9,102
27661,cc3efffd8e3dc83717ab8ff03d54c4b2,66d43b09152d4884c853d2a846b27c11,250
27662,b041d98b994092bc52e8f6957bfd99f0,66d43b09152d4884c853d2a846b27c11,210
27678,fe7968e4db5709506831b8749660a968,66d43b09152d4884c853d2a846b27c11,225
27724,c3fb06759d1594f0115cd927f24cadaf,d20ce86ce58c597468f6618f51f7e1c9,59
27729,1a158e651e71976ef539e08f3d5c2cab,da5556c75d8da57479bba403afaac84e,26
27757,b4d839a846e3c6263751e87272b15c5e,95df965a97ac4314c94592df23deea94,138
27786,6b12edf4e9cba642d68f5a42974bfc98,aaed5451b51c5884aae1b7d0b759a718,23
27795,094570b038e326be4058e3136f0fcd92,043fd1f61638693418bfd34969693b6d,79
27823,2cdc4c027ad820a3cc6ddd4a28339424,66d43b09152d4884c853d2a846b27c11,234
27829,3c0bcebe75e67544c9e9e51cfb730e74,922135cc8cab2184d8139d2e28ae5293,59
27834,1d8a9a8a038179195704ec18950f58f1,a7cb070b49a4b7f41abf584480006353,99
27859,597ed63dadb2ce9df8399aa909bf5893,d20ce86ce58c597468f6618f51f7e1c9,60
27879,d22518d03f3bc3369e14a83f5c482f7c,da5556c75d8da57479bba403afaac84e,78
27906,f12a2fa0d0ef3715d758fd4cb99c3081,d20ce86ce58c597468f6618f51f7e1c9,61
27907,4ac9c113173810b7f714ba59e0f694aa,ca253820b91d15442b2e5f464a584cfd,106
27940,f80584d250a145d699bed49390ec3655,043fd1f61638693418bfd34969693b6d,44
28004,7bae03c41317e2a3c14ea8c3fe2781ed,a7cb070b49a4b7f41abf584480006353,98
28053,7ff722e556c109ef5a820b22d42b6a83,a7cb070b49a4b7f41abf584480006353,91
28055,ea70967cad99ca6855d92e710f9a406e,922135cc8cab2184d8139d2e28ae5293,80
28087,4ffd59096b553e219984478d72089562,922135cc8cab2184d8139d2e28ae5293,84
28094,5246ed7d494c5d672aab0c149bc96fe5,aaed5451b51c5884aae1b7d0b759a718,6
28113,42bbfd955f440d29187e05bf8ef96a8f,ca253820b91d15442b2e5f464a584cfd,78
28142,25057fd6fde8cf4fc464fe909c9e4632,66d43b09152d4884c853d2a846b27c11,245
28159,806d45959031283dbc0520173b1c7af6,6cc499f220f49dc44b33548b003b1457,1
28174,0e212e0bf9abf3ed63d55111b04609ee,da5556c75d8da57479bba403afaac84e,54
28227,1220f942df3af21d7aec45153bdf470f,98bae769cdfd5484f9f976ca5697b099,12
28243,0ec7cbdb145a711a3d717183bf5c93bb,66d43b09152d4884c853d2a846b27c11,421
28258,a999c1e1069b474ca5b7b580a86ef701,adda240458961f94fb196c3a1ab84139,168
28262,dea3a5ef453b0270988be250a793789d,deb86cb7823284643bb94aab291cb5ef,25
28325,29981694c5246a364aea4c7b9bbdffec,66d43b09152d4884c853d2a846b27c11,89
28333,6a4a470c062a0c6e7cbb1fc67447bbec,deb86cb7823284643bb94aab291cb5ef,17
28385,42d462aaf6d102667e75d302b495c10e,deb86cb7823284643bb94aab291cb5ef,16
28397,2480f55e3f2ac101cbc7555777ba5024,adda240458961f94fb196c3a1ab84139,83
28416,133988705c29460e6b983ef3cdeb1b74,66d43b09152d4884c853d2a846b27c11,360
28426,b1f9bca697fb6f476b1652111ad3472c,d20ce86ce58c597468f6618f51f7e1c9,66
28542,635e536aaeedaeca74f108ebda6b393b,6cc499f220f49dc44b33548b003b1457,13
28569,8548b81b22185dc36ca0b53c5fc6694c,66d43b09152d4884c853d2a846b27c11,384
28614,f14bdf2e62a2982d83246301dbf0be39,adda240458961f94fb196c3a1ab84139,169
28616,1ec706fba35b60b2af5de7aceab43a38,deb86cb7823284643bb94aab291cb5ef,21
28665,1db32e7210dd207069a716348c032366,adda240458961f94fb196c3a1ab84139,135
28680,f916a38445ab1e8aa3585478cef1aa80,adda240458961f94fb196c3a1ab84139,128
28703,bc23d8f1e928d8b54b940a30d3dcfbb5,922135cc8cab2184d8139d2e28ae5293,32
28754,fc86df12ec2df995463ee422ae0a98ab,adda240458961f94fb196c3a1ab84139,1
28772,d25b547e512d96c99e0d9ab5003319f1,95df965a97ac4314c94592df23deea94,156
28816,52bac036d57bbbe266438e14dd099788,da5556c75d8da57479bba403afaac84e,81
28831,404fd403b4ea384292f2a318c07f8ae5,a7cb070b49a4b7f41abf584480006353,16
28867,62a8f99310ad4525b50543cedb8a0615,66d43b09152d4884c853d2a846b27c11,430
28882,bbb212fdbde7ddde5d48259c61177257,a7cb070b49a4b7f41abf584480006353,105
28897,e4d7570c69452dcf28c5067b96da4b12,ca253820b91d15442b2e5f464a584cfd,116
28909,5377337beba2ec3c732ddcedb6d377aa,043fd1f61638693418bfd34969693b6d,128
28957,694bb0c27bf34a5297f1499dd9834b3e,66d43b09152d4884c853d2a846b27c11,186
29032,632bde395200666cc05d44f027c550ca,ca253820b91d15442b2e5f464a584cfd,8
29044,69f9fd7a825ac890e414897c8d9fd670,a7cb070b49a4b7f41abf584480006353,80
29053,f2d49bc03dc695f01ac39a6986373ac4,95df965a97ac4314c94592df23deea94,81
29054,7725436ecc2dd72417916bed0755e910,95df965a97ac4314c94592df23deea94,174
29093,9dd261ae5ba5cf346a5bd213f0c6fdad,a7cb070b49a4b7f41abf584480006353,6
29095,b241795ce918a15090ed9b9c56aa8d3f,66d43b09152d4884c853d2a846b27c11,99
29108,d5ed1adeb2a4f69aad44f6986b0fcb56,95df965a97ac4314c94592df23deea94,69
29114,66624d49ffd794c86a95cfa6a06a2373,adda240458961f94fb196c3a1ab84139,163
29123,b5a8ca5af45e6143776202b23194e838,95df965a97ac4314c94592df23deea94,121
29190,847f56ce8c1be238f4bcae514bb55fdf,66d43b09152d4884c853d2a846b27c11,378
29243,c97e60477f681411df35c4f40aa0493c,d20ce86ce58c597468f6618f51f7e1c9,67
29270,d141eae20f4d87ea275a19a3debc5560,95df965a97ac4314c94592df23deea94,97
29283,a71d9deddebb37f4a37bd02b13cef9f9,922135cc8cab2184d8139d2e28ae5293,10
29306,c0a5ded25fa865f257613b9ae16f48e3,66d43b09152d4884c853d2a846b27c11,330
29311,96e440d4d9e3c7e6796a8289554ffd90,66d43b09152d4884c853d2a846b27c11,332
29506,b0ceb04c8cc227dcc78d6e1c62f33368,da5556c75d8da57479bba403afaac84e,103
29555,467565e00a765310831573c8059f5168,922135cc8cab2184d8139d2e28ae5293,17
29562,41462e19567b7865a6c93377c67dd971,aaed5451b51c5884aae1b7d0b759a718,25
29570,0aa80e22251628eed018772bfc253707,adda240458961f94fb196c3a1ab84139,138
29594,398982a67ce09421b37997936ad99eba,d20ce86ce58c597468f6618f51f7e1c9,69
29599,27e42f32e4b75860521ebe15e27416e1,da5556c75d8da57479bba403afaac84e,0
29621,389ea6199dadb08394f177bbb33cb419,043fd1f61638693418bfd34969693b6d,32
29668,60654d92e833305f8b15f99107c812b5,d20ce86ce58c597468f6618f51f7e1c9,73
29674,4bf0b2baa2e89b72324053781b54617f,a7cb070b49a4b7f41abf584480006353,110
29709,1b886d4487b8df08fecb574919d77e78,ca253820b91d15442b2e5f464a584cfd,93
29719,f5e45eadcff5dbd50f1eece241d33f46,da5556c75d8da57479bba403afaac84e,5
29722,79acd8ba7eaefb30dd415bbed58ff1e8,66d43b09152d4884c853d2a846b27c11,346
29730,cac42bdbb048995378e6793ce4834934,66d43b09152d4884c853d2a846b27c11,69
29737,8b2ab3a6a4046ebde44f6bd337349a67,adda240458961f94fb196c3a1ab84139,106
29738,e0e0a1c40726ced15f4e8bd92c0ff510,95df965a97ac4314c94592df23deea94,98
29741,2b29c5c11dedb9260c528933216290e6,043fd1f61638693418bfd34969693b6d,117
29753,38b6be64501f1cd5c844ebeb99be9f7b,66d43b09152d4884c853d2a846b27c11,62
29757,4a061dd1d10a50b74ab8a018c0e23c96,ca253820b91d15442b2e5f464a584cfd,5
29794,455260bbbfb18f313a75fb7bcd5fdbe7,922135cc8cab2184d8139d2e28ae5293,3
29795,7949523d35f7916cce66a7b92c2a4bf3,da5556c75d8da57479bba403afaac84e,13
29840,84a273e6b451860751e84691539e2e95,d20ce86ce58c597468f6618f51f7e1c9,72
29855,833b0b12c18a03d7e467dbbbddc6129a,d20ce86ce58c597468f6618f51f7e1c9,75
29912,14afd9f6078a855d80a257690ec38785,043fd1f61638693418bfd34969693b6d,57
29940,5661828a6bacdb8a399cc9f2179b716e,66d43b09152d4884c853d2a846b27c11,388
29942,a845dcb855eb83a060900eb80c0d7578,66d43b09152d4884c853d2a846b27c11,272
29988,de37c3e8ff6caf2702405f0dbfb1e6d9,95df965a97ac4314c94592df23deea94,165
29991,c7ebb009cb56307fbe39627cd2fbe4da,98bae769cdfd5484f9f976ca5697b099,34
30002,dcc57e8c5dbd2db329935552c0996aeb,95df965a97ac4314c94592df23deea94,126
30003,6eb26d011271c69336158ff3a22c45de,d20ce86ce58c597468f6618f51f7e1c9,86
30028,45d1a94826a8f9cdf3a3058a901f5978,aaed5451b51c5884aae1b7d0b759a718,53
30045,2b9502961fafbd90f5b3b7dc3c586146,043fd1f61638693418bfd34969693b6d,75
30166,b59cb5005fe2fa331a114a98f74f5032,ca253820b91d15442b2e5f464a584cfd,77
30202,6bdc09d0e2dfb5812a773cfbf8ba568d,6cc499f220f49dc44b33548b003b1457,30
30226,b2df080f57cfab2acf0e8c055014215c,d20ce86ce58c597468f6618f51f7e1c9,103
30255,918feb5c6fc339a304c385687d095542,66d43b09152d4884c853d2a846b27c11,278
30279,7940073aed8c092797c9f8e8570f5d00,adda240458961f94fb196c3a1ab84139,164
30312,2c9a823f7163f036ece2262e749a5532,66d43b09152d4884c853d2a846b27c11,223
30337,a660bc18f1eae90384ae52d62079a9cd,d20ce86ce58c597468f6618f51f7e1c9,70
30364,14f637d34ffcbead18b518d4490f9b9d,da5556c75d8da57479bba403afaac84e,16
30400,8e87e254a87eb46510b66b12d7e84dcd,66d43b09152d4884c853d2a846b27c11,10
30426,2a617b0f4b1e5e28eed2e359b5a26c14,66d43b09152d4884c853d2a846b27c11,263
30441,15107cb928f76c9af1c0c94c3194a9a0,043fd1f61638693418bfd34969693b6d,5
30546,a6e43b6fb1fdc7172a8d7cf64217343c,a7cb070b49a4b7f41abf584480006353,70
30598,6e51f5d15f700c6448cb7564ebe5c1e3,66d43b09152d4884c853d2a846b27c11,191
30610,b1380299ba96cd550e47d0e17f77dffa,66d43b09152d4884c853d2a846b27c11,290
30612,39a0c910eb7470a3b736b9c524c68f85,66d43b09152d4884c853d2a846b27c11,276
30657,05e980be0b3df2c933e12d58de5c97b8,ca253820b91d15442b2e5f464a584cfd,21
30666,b728be394f9fd8070569654875ce2426,ca253820b91d15442b2e5f464a584cfd,88
30681,35af389bf4186abd1d335d9cd2c72483,6cc499f220f49dc44b33548b003b1457,8
30687,5d354efe3fd0545c5690301ac3b7889c,ca253820b91d15442b2e5f464a584cfd,4
30701,23f3d97dab87db208e6371325c56b5d4,6cc499f220f49dc44b33548b003b1457,21
30708,845f246ec6a2a1787b59d17538158b6b,95df965a97ac4314c94592df23deea94,261
30727,fbda06ec5deed342217fd78d7f386fa7,66d43b09152d4884c853d2a846b27c11,129
30777,c158aa03ff35941f7fb5835b44f9145a,da5556c75d8da57479bba403afaac84e,80
30810,61446aa68da366c25e5332c6a0ab7c64,d20ce86ce58c597468f6618f51f7e1c9,37
30835,c509bacfc8b89891a1985429247f31fb,d20ce86ce58c597468f6618f51f7e1c9,36
30843,5d7cffe4d45799f263fe4b9da284bd9c,95df965a97ac4314c94592df23deea94,232
30844,8b9245c869e35dad8304c71f6824597f,d20ce86ce58c597468f6618f51f7e1c9,35
30866,f280ebf773ed5855d70074b92d6791be,922135cc8cab2184d8139d2e28ae5293,89
30877,85dd827a1024043e6af526ffd2fd9a6d,66d43b09152d4884c853d2a846b27c11,154
30889,5860fbb985ea690fbdf089517a6ef507,adda240458961f94fb196c3a1ab84139,118
30898,073a885715b059da76931c23b3449d77,d20ce86ce58c597468f6618f51f7e1c9,38
30933,a89f647f1c8b0cf692019a586ff90b69,a7cb070b49a4b7f41abf584480006353,164
31017,b93267395a5e9546617a6189a35c0106,adda240458961f94fb196c3a1ab84139,26
31032,dc51f21165f0d60f08c5dc0cd9c14260,66d43b09152d4884c853d2a846b27c11,138
31052,efa020650d14be3f081c7f9104951d80,aaed5451b51c5884aae1b7d0b759a718,24
31058,e925bd118119b0ff36baae913757f5dc,6cc499f220f49dc44b33548b003b1457,51
31090,8650fba219acdbd5ffcc4cd3741fd989,da5556c75d8da57479bba403afaac84e,68
31105,c5e5bcbfad9023c9b535586d81774e13,95df965a97ac4314c94592df23deea94,169
31106,c1627620dce84fb9e0b38ae2deb968c1,d20ce86ce58c597468f6618f51f7e1c9,34
31131,f0db0c522d1e1aea39db8d24cf56bbc1,d20ce86ce58c597468f6618f51f7e1c9,96
31159,e6800cf4b02bdb6df40d8e9c9e6a9266,922135cc8cab2184d8139d2e28ae5293,70
31160,24f78a711492d262caad50cbc507d527,043fd1f61638693418bfd34969693b6d,71
31177,3b1152116fd5358295fc0426eb8d1fa3,66d43b09152d4884c853d2a846b27c11,269
31230,600393b2d4995d317f5a9a1e8f707907,a7cb070b49a4b7f41abf584480006353,86
31235,180d61bfd57fd0cb441655e87d07c7f7,d20ce86ce58c597468f6618f51f7e1c9,28
31261,5d6789e70181b70117c09249b456b1b5,d20ce86ce58c597468f6618f51f7e1c9,33
31263,c099d7eb70abe0668976a22899dc0ab9,adda240458961f94fb196c3a1ab84139,43
31295,b794def0d85bddda2a0d24026b7bb0d1,adda240458961f94fb196c3a1ab84139,70
31348,51ea42e391d43e5a3da80290eb872322,66d43b09152d4884c853d2a846b27c11,150
31368,2e83efa8b79159d9b730806a169ef485,adda240458961f94fb196c3a1ab84139,47
31375,de0d0fc0ab8959c992b5e0fffe8340b6,95df965a97ac4314c94592df23deea94,157
31389,78aeb3c71258a73257d315d8e8eeb0ed,95df965a97ac4314c94592df23deea94,28
31390,aaafad5c327bc9949581957bfd76df7a,95df965a97ac4314c94592df23deea94,139
31432,a2f0dc4ecc65235298a3726293401d72,95df965a97ac4314c94592df23deea94,59
31449,c5a83cc2525c48b5e7231ff5f294cfce,adda240458961f94fb196c3a1ab84139,220
31482,b7c301c2ff07fb58fadb85630884d9b2,da5556c75d8da57479bba403afaac84e,105
31486,f1bf1ca9d103b6248a4d1f339955940d,95df965a97ac4314c94592df23deea94,166
31504,313ec1c3b95bb8fb215e299a70f46171,66d43b09152d4884c853d2a846b27c11,286
31513,5dbd3c52d999b30d6ea9cc5bd48cbae9,adda240458961f94fb196c3a1ab84139,29
31517,9e9b883a3eaca012748bc44ee4aee8c5,d20ce86ce58c597468f6618f51f7e1c9,85
31540,e0fecd30be1d4dcc512c02f06886cddf,6cc499f220f49dc44b33548b003b1457,11
31556,595302408796b62663dce1d3cfd4fa66,043fd1f61638693418bfd34969693b6d,50
31568,ad9ce8af7c69b24169f11b08a5e5bc96,ca253820b91d15442b2e5f464a584cfd,98
31579,8e800b36bb753dc77869334b43587b7c,66d43b09152d4884c853d2a846b27c11,289
31595,91da57039a579d5012156a5ddd657360,adda240458961f94fb196c3a1ab84139,67
31610,f311bde087125bf08ed85bdc656a2810,043fd1f61638693418bfd34969693b6d,15
31623,3a0fb9be9976eb81e316616a726f0856,a7cb070b49a4b7f41abf584480006353,76
31645,f1f672115bc7fa1ba7112da7165577c6,da5556c75d8da57479bba403afaac84e,59
31657,77512adcc79cd4466d2c3a9c29136bd8,66d43b09152d4884c853d2a846b27c11,244
31670,f84fa47092477214324913d2cef393ff,adda240458961f94fb196c3a1ab84139,73
31684,843b58f1c7d5891e2734d0f1ff6af69a,66d43b09152d4884c853d2a846b27c11,274
31688,3647c7df729f2cddfe1d156d8aec5b2c,66d43b09152d4884c853d2a846b27c11,282
31742,bdf2a8638a232e0f14c3ae771ffe06b4,adda240458961f94fb196c3a1ab84139,11
31758,52538a72c3a954fc21455c17b2306151,d20ce86ce58c597468f6618f51f7e1c9,83
31778,8511de5f73d31b7362ef5a3731cba784,da5556c75d8da57479bba403afaac84e,95
31814,fcd95c7ce4134b58754320e8fedcf243,95df965a97ac4314c94592df23deea94,270;271
31829,7ca6db6bcdf3b3cdab63b51ef8517cc4,d20ce86ce58c597468f6618f51f7e1c9,48
31832,a0caf9bfd63b9b671f350fbfbeeff5c1,95df965a97ac4314c94592df23deea94,226
31862,d40241ea47e8c277e8a0ecbe94d1a1f5,043fd1f61638693418bfd34969693b6d,95
31901,665154169083472dbb8cd6d0b7bf70c5,ca253820b91d15442b2e5f464a584cfd,103
31937,e1d84d4cac6905793957513fc5ccd416,66d43b09152d4884c853d2a846b27c11,398
31958,6f8a1d24b66d566a0b1f8d89ea63a787,66d43b09152d4884c853d2a846b27c11,419
31967,4aaaa7d32d151df9c4f3ffd8b487381d,da5556c75d8da57479bba403afaac84e,116
31976,58f3c191feee9a0c91c4ecd4cbed7c46,d20ce86ce58c597468f6618f51f7e1c9,124;125;126
31988,9a031e60d5f5d2a09c14120fe927e425,da5556c75d8da57479bba403afaac84e,75
32004,5b908e981076033d443db835dc924449,922135cc8cab2184d8139d2e28ae5293,62
32018,0d702ba7bf60435734f019cf21ff0459,da5556c75d8da57479bba403afaac84e,63;64
32064,266a54005cc6544aaa3d37ebe550b4da,d20ce86ce58c597468f6618f51f7e1c9,54
32081,30306d5dff6eb8091888fce2e44dd63d,d20ce86ce58c597468f6618f51f7e1c9,114
32088,d213e00073c4b831f12d90b40dfe4b5e,043fd1f61638693418bfd34969693b6d,122
32112,6ca2daf1c11d7df9612b8a996f222ec5,66d43b09152d4884c853d2a846b27c11,413
32167,4df29f2d3392a766b52b91f79de0959b,aaed5451b51c5884aae1b7d0b759a718,55
32258,8248c519bf76a6172685fd7d28b34cf7,ca253820b91d15442b2e5f464a584cfd,18
32311,7452134425eb6fe3dd5c799a20bf5f0b,95df965a97ac4314c94592df23deea94,168
32338,001bcfd02b50f06ac1421fe68bf9ec7d,a7cb070b49a4b7f41abf584480006353,4
32354,72e165eed0e02bf4da00e107713cff92,a7cb070b49a4b7f41abf584480006353,148
32429,345dc7662dae9f1f01d77b15f74e5f8f,6cc499f220f49dc44b33548b003b1457,18
32442,91f9dfa7147462491eb912175b7dfdca,922135cc8cab2184d8139d2e28ae5293,40
32448,d9f3316cccd717bce4adb7ea75770025,d20ce86ce58c597468f6618f51f7e1c9,64
32457,42aa8c997b8afde59d68e3ee7f9f73b7,95df965a97ac4314c94592df23deea94,111;112
32493,0c46b7733bbb3ae38815fde33e588a52,adda240458961f94fb196c3a1ab84139,35
32497,4ed7aff7d89d9dfbad18f063a57adea6,7353eae76a976394685746ea0bf74bcc,10
32519,9a77c091b549b92de5b6f86d5d99506b,66d43b09152d4884c853d2a846b27c11,112
32564,66921657e37f2b5d962a0a295dc493f7,922135cc8cab2184d8139d2e28ae5293,15
32598,67d15005bc0e928f59ad1a6549dd2c21,95df965a97ac4314c94592df23deea94,162
32674,150dfe053cdf3909f35ed07b1a78202c,95df965a97ac4314c94592df23deea94,179
32729,4c017c67309867161799c5213659d11b,66d43b09152d4884c853d2a846b27c11,123
32738,83dad6d62d0d642333cf48968d97b2e4,95df965a97ac4314c94592df23deea94,21
32763,85063115fa7c0643cdccba59af595007,adda240458961f94fb196c3a1ab84139,40
32807,97deee249bee5f1e4e465b96643d5cd9,7353eae76a976394685746ea0bf74bcc,9
32818,caa410f191caa0a9d20f1bb3a915406f,95df965a97ac4314c94592df23deea94,239
32843,cc424f9958a7bd9a45517e9bf9b7784a,66d43b09152d4884c853d2a846b27c11,243
32850,c1183515b1dae9633aeabb0f4afec540,deb86cb7823284643bb94aab291cb5ef,57
32860,a28bf2ee461644e769169365bb1fe997,deb86cb7823284643bb94aab291cb5ef,56
32863,2897296672579a9ff6a17395437dd276,da5556c75d8da57479bba403afaac84e,53
32870,b45668c51a545acd2b1384e739aca77c,adda240458961f94fb196c3a1ab84139,63
32877,45b1475f49371b6c54de6832e8984a0b,a7cb070b49a4b7f41abf584480006353,97
32907,c982ec200f9bd597c0599c3a71fb1c9c,043fd1f61638693418bfd34969693b6d,35
32925,936b77eb886f44ff1af799fd964c218f,da5556c75d8da57479bba403afaac84e,96
32929,456f0b2ee403f3210934075133778766,66d43b09152d4884c853d2a846b27c11,165
32934,d553e5810e3ddf69b7727aef93115b80,66d43b09152d4884c853d2a846b27c11,281
32959,9105820832b0e5d3609ed71a6143144f,043fd1f61638693418bfd34969693b6d,87
32974,493689afb356a981571272a2d2c0adad,adda240458961f94fb196c3a1ab84139,32
32997,3bf794909dc9c5fa7a26abaf5458104d,043fd1f61638693418bfd34969693b6d,13
33044,88151bf40a95c67d2ca6a92be945c89b,ca253820b91d15442b2e5f464a584cfd,92
33063,77b6a3ececf5a13395f6565b1e174b3d,95df965a97ac4314c94592df23deea94,263
33074,0c05275e93b8412b11cc38c37bd6bae4,adda240458961f94fb196c3a1ab84139,41
33075,1f7ea77fb5fb5f52559494b7ad941ada,95df965a97ac4314c94592df23deea94,238
33078,28e005995a95d41581442ce9c3cccff5,66d43b09152d4884c853d2a846b27c11,176
33091,c5dddbf36de597a5a93b245478ed2e42,66d43b09152d4884c853d2a846b27c11,283
33099,f987f53ee858bb43af19051bfb46d538,6cc499f220f49dc44b33548b003b1457,83
33109,62b527fcb5c1114948736e87eb4ed9e5,66d43b09152d4884c853d2a846b27c11,280
33112,5bc1a8ab98ca3a861b885daa15db9862,66d43b09152d4884c853d2a846b27c11,447
33123,d40470ccc1aacaa214d62b8cb08f26fe,adda240458961f94fb196c3a1ab84139,206
33124,46d02dbc71d1779794402285ac34faed,da5556c75d8da57479bba403afaac84e,115
33156,87fae96ce94102dcf2110edc85b887de,66d43b09152d4884c853d2a846b27c11,248
33177,f65ec078d8b3251191ea5cc1814c76a0,7353eae76a976394685746ea0bf74bcc,18
33205,1da93cf86869328f74419fee7e58c915,043fd1f61638693418bfd34969693b6d,49
33212,faf2cee75a333f4316a9b55a258d9063,a7cb070b49a4b7f41abf584480006353,58
33214,1b5add97c4ea67894ab2cc26e58f12eb,66d43b09152d4884c853d2a846b27c11,455
33242,ca87a21d067635b90e3c23a0e106d250,043fd1f61638693418bfd34969693b6d,53
33257,1e5232a88acee3293605afdaa1e73a5e,922135cc8cab2184d8139d2e28ae5293,24
33312,f4530cc1d9d9da1ba8ac68bd7034f788,66d43b09152d4884c853d2a846b27c11,456
33316,f8689cd29f7b84e94c2fade83eb5bcf3,95df965a97ac4314c94592df23deea94,150
33341,f13f20042f3ca99d746015a55651aea2,66d43b09152d4884c853d2a846b27c11,221
33352,fac1996d96636fdc289c84e7b08656bf,66d43b09152d4884c853d2a846b27c11,169
33372,3d720fae958bb4e19a210fcf30001fe1,6cc499f220f49dc44b33548b003b1457,17
33413,69024208921a33f1d5850bf6ab0033d0,043fd1f61638693418bfd34969693b6d,65
33440,d54effda63833a1a03ee6bcb7d60d69d,a7cb070b49a4b7f41abf584480006353,84
33455,dc8032043f003232a28608e76a86133c,adda240458961f94fb196c3a1ab84139,197
33477,e911405807e637166c7c6dd3e653888f,da5556c75d8da57479bba403afaac84e,97
33482,cda8c8cbd2913a9f16e802515f9b230d,95df965a97ac4314c94592df23deea94,1
33535,f3d31ba4d34e7f4d95bb6daeeae6976c,95df965a97ac4314c94592df23deea94,175
33554,bb1dbe5bb3233ec6a17f7363ca003348,66d43b09152d4884c853d2a846b27c11,448
33558,42848aa6bf6f4411a304a0d7eebe3f8a,043fd1f61638693418bfd34969693b6d,107
33565,b76ee9e8a0b2d599dd87b6e55c872e6c,66d43b09152d4884c853d2a846b27c11,277
33607,2b391ab6d5dd0500a5a06391e45b7150,ca253820b91d15442b2e5f464a584cfd,38
33704,a41e67259ab69b463b4c70bb09177773,922135cc8cab2184d8139d2e28ae5293,8
33710,8dc915d9e8000c58f32ccf6f77deb3ca,a7cb070b49a4b7f41abf584480006353,102
33712,3c80b77ec2575e523bbeca8c2ad97b3f,66d43b09152d4884c853d2a846b27c11,232;233
33720,a926a9271465284ab44dbf504050b4c9,ca253820b91d15442b2e5f464a584cfd,120;121
33751,30d90a113cb32ae4219c6a55b0a7f2eb,95df965a97ac4314c94592df23deea94,61
33753,fc38ab7820277ae3c2ff9895ed2a7186,66d43b09152d4884c853d2a846b27c11,24
33754,d21fd196c40d7dae7d55766893f0938b,a7cb070b49a4b7f41abf584480006353,68
33772,138bfb0a2df7daef4d5ce40330dfef76,da5556c75d8da57479bba403afaac84e,90
33780,41d15788789b1d12d6804d62434f86ff,d20ce86ce58c597468f6618f51f7e1c9,14
33781,b30928b15510a795b51609001e7afd26,043fd1f61638693418bfd34969693b6d,61
33799,451d7c14b99f911b8ece7cdfe0726836,95df965a97ac4314c94592df23deea94,181
33800,d191ceeab74e4110b6afea33331f74ed,66d43b09152d4884c853d2a846b27c11,41
33801,e4e5f7f17772fc9e4d2cd45db7e55359,a7cb070b49a4b7f41abf584480006353,23
33804,6f5e6fc94ac19d7da6dca5fd91eb2eca,d20ce86ce58c597468f6618f51f7e1c9,92
33812,7fa4d56f093693c77968d6e717381593,043fd1f61638693418bfd34969693b6d,90
33820,3dd902f7bb19f9b9ba812aa7d67189e8,adda240458961f94fb196c3a1ab84139,78
33827,53118e49ac1bdc1df963a2f08285ccba,043fd1f61638693418bfd34969693b6d,104
33866,ad2b764a488d5556951997967a492c59,66d43b09152d4884c853d2a846b27c11,273
33880,aeda8813f2909dd9edf38a7a2cd4c173,da5556c75d8da57479bba403afaac84e,102
33881,a2ef65cd361ad860488d2fd5e5edf559,95df965a97ac4314c94592df23deea94,160
33935,1dcc00d528008783cf723c8f787073b0,deb86cb7823284643bb94aab291cb5ef,48
33954,ffffebd7462420a7f59c2f0ef788b7bd,98bae769cdfd5484f9f976ca5697b099,36
33957,45cf861ce69b3ee16150347545d36ab9,66d43b09152d4884c853d2a846b27c11,2
33960,ab69bee604d85bc7642693afc8508323,a7cb070b49a4b7f41abf584480006353,89
33963,6ff396633059a7580f4f4721bbb58f11,6cc499f220f49dc44b33548b003b1457,24
33967,32db607b713d1927bafabe7eee2f3937,a7cb070b49a4b7f41abf584480006353,100
34004,a3949be0784437007be8b20c3b6f629e,95df965a97ac4314c94592df23deea94,260
34012,af998375d82942e7afe5e0374b5f0b92,deb86cb7823284643bb94aab291cb5ef,10
34013,ba2985469abb963fa60bc8dd179560f3,95df965a97ac4314c94592df23deea94,246
34058,72a64ff093e78f5a625e0c8ab3d0179e,da5556c75d8da57479bba403afaac84e,22
34059,6d08de1b807e0758dcfbabd838c6bef5,a7cb070b49a4b7f41abf584480006353,96
34062,4bf8143951a87466a34582fc2996a226,922135cc8cab2184d8139d2e28ae5293,87
34071,7113105e4cf09e458712de773dde31af,66d43b09152d4884c853d2a846b27c11,285
34100,cd48d3958b74756dc0dda34f2d57ef9e,a7cb070b49a4b7f41abf584480006353,156
34129,1becae7c6e67a53b7049fa7a27204578,66d43b09152d4884c853d2a846b27c11,411
34137,e276c7baf746c433ded5f2a971b500e8,aaed5451b51c5884aae1b7d0b759a718,22
34165,e7ef95b24e6188fd811ab58bacc2ab5a,66d43b09152d4884c853d2a846b27c11,370
34184,d2559a92674b38bc6adfd209f03d7748,95df965a97ac4314c94592df23deea94,229
34185,d92ba218f0bf8508fae6747865b82f94,deb86cb7823284643bb94aab291cb5ef,23;24
34200,6c3ac602d3f586908513e92d53feac33,66d43b09152d4884c853d2a846b27c11,426
34205,5890dd8244e636e315b5ac68f4a1fc01,a7cb070b49a4b7f41abf584480006353,166
34207,3fe9487b09cad7e3b850b08d76f7a7a1,d20ce86ce58c597468f6618f51f7e1c9,104
34210,a67251ca7cee5482f7e0d895c141f6b0,66d43b09152d4884c853d2a846b27c11,92
34212,d2b7d6ad5e781407ebac36acdde8ca67,66d43b09152d4884c853d2a846b27c11,279
34224,604e49e55d9153ab1886eb4d7695fad3,deb86cb7823284643bb94aab291cb5ef,18
34236,303735559f6c07ec8c5a536d6060ac38,adda240458961f94fb196c3a1ab84139,88
34248,811e4c0460f35931bbab77463306ed30,adda240458961f94fb196c3a1ab84139,7
34284,43aa01463ea393263b1b460d2dc2e4b2,95df965a97ac4314c94592df23deea94,193
34300,0030ee0efaf184403885605c2c2ed9b6,6cc499f220f49dc44b33548b003b1457,12
34338,5ec196b49cf4333ac9d9e76dafded610,6cc499f220f49dc44b33548b003b1457,48
34378,72da127d7506182a9bc6f04649b945c5,d20ce86ce58c597468f6618f51f7e1c9,25
34414,66015e15eb1e44824235da8a57f1423d,95df965a97ac4314c94592df23deea94,204
34456,a0db7750fa3f2d068efa8630a9af2f07,95df965a97ac4314c94592df23deea94,227
34469,85c4742d66e3d2737e25288e8d978722,66d43b09152d4884c853d2a846b27c11,83
34480,7a631a9b0fbe96223000b7919a756381,da5556c75d8da57479bba403afaac84e,21
34495,39ae4885c99c5d615e3abe4d21b078a3,66d43b09152d4884c853d2a846b27c11,235
34514,c4213188e46b827a30b12d2365b95afc,d20ce86ce58c597468f6618f51f7e1c9,16
34571,1f17975efc2cb4a9fe3ccda9ba9d050d,66d43b09152d4884c853d2a846b27c11,82
34611,cf16156f7d5409693c61548b63445ee2,66d43b09152d4884c853d2a846b27c11,101
34616,2274dbdb6527d7fa6f7a3d0e477880ae,95df965a97ac4314c94592df23deea94,251
34624,460aed87adac604cac5a1dec88a1745f,a7cb070b49a4b7f41abf584480006353,146
34649,b6c8c91f05ce8461544e30f9e66ff137,95df965a97ac4314c94592df23deea94,135
34688,df128c90ba22eb06d9adecf353ea6862,d20ce86ce58c597468f6618f51f7e1c9,18
34708,39ed217c173b0bd732a89a3fc7718b22,043fd1f61638693418bfd34969693b6d,64
34726,f69a34375541cea63069d256271d168f,d20ce86ce58c597468f6618f51f7e1c9,94
34757,5058652ffe9d6f003d80e44fe75daac3,66d43b09152d4884c853d2a846b27c11,95
34814,0713710277b50a83b6c0dcc64cf8975f,95df965a97ac4314c94592df23deea94,244
34818,d6631ac2837070ab346c1c2b1a1c9150,66d43b09152d4884c853d2a846b27c11,255
34838,79be57a5d6177c8a167edbb55f49baf7,66d43b09152d4884c853d2a846b27c11,467
34850,fe3e5cc8d6e5bdd7ac081f380f8057a8,da5556c75d8da57479bba403afaac84e,29
34866,173d74aec58a88484b27aaf294f4aee9,66d43b09152d4884c853d2a846b27c11,466
34875,86c25bb5c3d64ce8afcea09eb8064b7b,66d43b09152d4884c853d2a846b27c11,275
34914,59a6e3cec8c7b7604fc9b220c4f9d73a,adda240458961f94fb196c3a1ab84139,39
34922,7f25746b7582e96fcd4457c688dcb519,adda240458961f94fb196c3a1ab84139,37
34930,9b88ef8a705566d43c1cf4c2598f325b,95df965a97ac4314c94592df23deea94,71
35006,945d233b81b11386e9dcb6707acbd8bf,66d43b09152d4884c853d2a846b27c11,462
35013,6a54da2979a8d9e6770191def25f7589,ca253820b91d15442b2e5f464a584cfd,83
35025,edb658191565cba6245cbef4df2af874,7353eae76a976394685746ea0bf74bcc,19;20
35054,a0407593db013e6bc5be12969b97c576,a7cb070b49a4b7f41abf584480006353,74
35120,fcc839300761dd2d868116cac0152aad,adda240458961f94fb196c3a1ab84139,74
35151,1c620afe8d1b7e32249c86d64095c2b4,7353eae76a976394685746ea0bf74bcc,35
35156,f17e09245b4a3e2d252991815d62a8ef,da5556c75d8da57479bba403afaac84e,66
35256,bf1db30c66d7b9a0aa084f6fe76cc88e,95df965a97ac4314c94592df23deea94,99
35309,d4746c799c6bdec5c933b0628a22fc1a,95df965a97ac4314c94592df23deea94,216
35318,2e573ce5bdae0db0c4da97d92b3ef66a,66d43b09152d4884c853d2a846b27c11,432
35359,692ee394d672ea9ce178e868c0ce7ecb,deb86cb7823284643bb94aab291cb5ef,71
35374,dc0bd66ea2ca568f082332aec0011dec,66d43b09152d4884c853d2a846b27c11,429
35407,d7b3bcf393d565ec140dddb3104f8b4c,66d43b09152d4884c853d2a846b27c11,418
35422,bdee0605f3a8d3319e40e2e1caf73d2b,66d43b09152d4884c853d2a846b27c11,54
35483,d3ee968357fbe7e57edf503e600ca563,66d43b09152d4884c853d2a846b27c11,292
35498,31cdabdbad11b49e170bdfe1603c063e,deb86cb7823284643bb94aab291cb5ef,72
35525,51cbfdd84c9e501732c6cd84b34729ee,043fd1f61638693418bfd34969693b6d,27
35527,90ab27d85bc3ebc5deed89c1738359e7,043fd1f61638693418bfd34969693b6d,86
35544,f70cf00f4bc66fab7b318988679303c9,66d43b09152d4884c853d2a846b27c11,434
35563,eb8f6ab24d120ae170072b735a1b9509,66d43b09152d4884c853d2a846b27c11,284
35564,232748bde599539010a8b778b95275ab,6cc499f220f49dc44b33548b003b1457,5
35586,df68cc77cb438e60ea7f8a4833b5d4e9,66d43b09152d4884c853d2a846b27c11,51
35607,5385a406cf203659a073bfa1d02d61f9,66d43b09152d4884c853d2a846b27c11,256
35617,3738bff969c4462062119cb37b79c88c,95df965a97ac4314c94592df23deea94,91
35635,bcf23d8c04ac6c97d58a0f561c3c6ea8,95df965a97ac4314c94592df23deea94,94
35637,65a231e2f3c08bc40bf743746b722ac4,95df965a97ac4314c94592df23deea94,92
35656,aea400fa9953e8d3996ab1d1b4ef73b0,66d43b09152d4884c853d2a846b27c11,403
35684,21143e8a0c590ecb2ce2432a6b638fb7,95df965a97ac4314c94592df23deea94,93
35685,b96efaa9560f2ce7a24e1c92e255ebc9,66d43b09152d4884c853d2a846b27c11,73
35689,b3d63c2efad59d55f131f79e6ecd73e6,adda240458961f94fb196c3a1ab84139,105
35708,f16fb07954f0a6626c590304f66e7054,66d43b09152d4884c853d2a846b27c11,287
35725,bad12d187c5c5b94288c36e6c063f717,66d43b09152d4884c853d2a846b27c11,64
35760,4216ba35d5237e07c56388a9dd749e21,ca253820b91d15442b2e5f464a584cfd,15
35764,99da4e51cb1e0ff19f1942a77281f946,a7cb070b49a4b7f41abf584480006353,104
35828,837867aaa605a2196fb8afa8f53f2c11,66d43b09152d4884c853d2a846b27c11,399
35845,c9cdacd6d3d09fb43d68d841576c36ed,66d43b09152d4884c853d2a846b27c11,477
35856,370725b2f8b813be443525030e91fa79,da5556c75d8da57479bba403afaac84e,7
35901,a01ba209ddcc023c02b55466542133ce,6cc499f220f49dc44b33548b003b1457,31
35916,162dfeccd9bec755848f2fd9756e20f5,a7cb070b49a4b7f41abf584480006353,52
35929,d0a567077433efed6460cce0441debbd,ca253820b91d15442b2e5f464a584cfd,44;45;46
35964,ddf26f3e0405a4f78fbf88fe0ab45b03,6cc499f220f49dc44b33548b003b1457,84
36021,89912bcee006371d2641f9faa328e371,a7cb070b49a4b7f41abf584480006353,32
36059,560ee112efe655b9ca7cd9f5fe883ac0,da5556c75d8da57479bba403afaac84e,70
