ComponentId,HierarchyPath,FsmName,StateName,Transitions,ActionSequence,GameObjectReferences,NamedValues,StringParameters,ParameterNames,ByteDataAscii
107955,"SATSUMA(557kg, 248)/Wiring","Status","Alternator","FINISHED->Plugwires","GetFsmBool;ActivateGameObject","db_Alternator=17553[Database/DatabaseMotor/Alternator];tAlternatorRegulator=8271[SATSUMA(557kg, 248)/Wiring/Triggers/AlternatorRegulator/AlternatorRegulator]","","Data;Installed","fsmName;variableName;storeValue;everyFrame;gameObject;activate;recursive;resetOnExit;everyFrame","Installed1|Installed1"
107955,"SATSUMA(557kg, 248)/Wiring","Status","Plugwires","FINISHED->Starter","GetFsmBool;ActivateGameObject","db_Plugwires=31811[Database/DatabaseMechanics/Electrics];tCoilHarness=16562[SATSUMA(557kg, 248)/Wiring/Triggers/CoilHarness/CoilHarness]","","Data;Installed","fsmName;variableName;storeValue;everyFrame;gameObject;activate;recursive;resetOnExit;everyFrame","Installed1|Installed1"
107955,"SATSUMA(557kg, 248)/Wiring","Status","Starter","FINISHED->Starter 3","GetFsmBool;ActivateGameObject;ActivateGameObject","db_Starter=1999[Database/DatabaseMotor/Starter];tStarterBatteryPlus=25097[SATSUMA(557kg, 248)/Wiring/Triggers/StarterBattery/StarterBatteryPlus];tStarterBatteryMinus=32759[SATSUMA(557kg, 248)/Wiring/Triggers/GroundBattery/StarterBatteryMinus]","","Data;Installed","fsmName;variableName;storeValue;everyFrame;gameObject;activate;recursive;resetOnExit;everyFrame;gameObject;activate;recursive;resetOnExit;everyFrame","Installed1|Installed1|Installed1"
107955,"SATSUMA(557kg, 248)/Wiring","Status","State 1","NOMOTOR->Disable triggers;CHECK->Alternator","GetFsmBool;BoolTest","db_Block=35519[Database/DatabaseMotor/Block]","","Data;Installed","fsmName;variableName;storeValue;everyFrame;boolVariable;isTrue;isFalse;everyFrame","Installed1|Installed1CHECKNOMOTOR"
107955,"SATSUMA(557kg, 248)/Wiring","Status","Battery","FINISHED->Steering","GetFsmBool;ActivateGameObject;ActivateGameObject;ActivateGameObject","db_Battery=26601[Database/PartsStatus/Battery];tBatteryPlusStarter=26327[SATSUMA(557kg, 248)/Wiring/Triggers/StarterBattery/BatteryPlusStarter];tBatteryPlusHarness=5498[SATSUMA(557kg, 248)/Wiring/Triggers/BatteryHarness/BatteryPlusHarness];tBatteryMinusStarter=12298[SATSUMA(557kg, 248)/Wiring/Triggers/GroundBattery/BatteryMinusStarter]","","Data;Installed","fsmName;variableName;storeValue;everyFrame;gameObject;activate;recursive;resetOnExit;everyFrame;gameObject;activate;recursive;resetOnExit;everyFrame;gameObject;activate;recursive;resetOnExit;everyFrame","Installed1|Installed1|Installed1|Installed1"
107955,"SATSUMA(557kg, 248)/Wiring","Status","Wait 2","FINISHED->State 1","Wait","","","","finishEvent;realTime","??|FINISHED"
107955,"SATSUMA(557kg, 248)/Wiring","Status","Steering","FINISHED->Dash","GetFsmBool;ActivateGameObject","db_SteeringColumn=238[Database/DatabaseMechanics/SteeringColumn];tIgnitionFusebox=27694[SATSUMA(557kg, 248)/Wiring/Triggers/IgnitionFusebox/IgnitionFusebox]","","Data;Installed","fsmName;variableName;storeValue;everyFrame;gameObject;activate;recursive;resetOnExit;everyFrame","Installed1|Installed1"
107955,"SATSUMA(557kg, 248)/Wiring","Status","Dash","FINISHED->Headlights","GetFsmBool;GetFsmBool;BoolAllTrue;ActivateGameObject;ActivateGameObject;ActivateGameObject","db_DashMeters=16587[Database/DatabaseMechanics/DashboardMeters];db_Dash=24983[Database/DatabaseMechanics/Dashboard];tLightsSwitchHarness=7278[SATSUMA(557kg, 248)/Wiring/Triggers/SwitchLights/SwitchHarness];tDashFusebox1=34727[SATSUMA(557kg, 248)/Wiring/Triggers/Dash1/DashFusebox];tDashFusebox2=24446[SATSUMA(557kg, 248)/Wiring/Triggers/Dash2/DashFusebox]","","Data;Installed;Data;Installed","fsmName;variableName;storeValue;everyFrame;gameObject;fsmName;variableName;storeValue;everyFrame;boolVariables;-;sendEvent;storeResult;everyFrame;gameObject;activate;recursive;resetOnExit;everyFrame;gameObject;activate;recursive;resetOnExit;everyFrame;gameObject;activate;recursive;resetOnExit;everyFrame","Installed1|Installed2|Installed1|Installed2|BoolState1|BoolState1|BoolState1|BoolState1"
107955,"SATSUMA(557kg, 248)/Wiring","Status","Headlights","FINISHED->Rear lights","GetFsmBool;GetFsmBool;BoolNoneTrue;BoolNoneTrue;ActivateGameObject;ActivateGameObject","db_HeadlightLeft=557[Database/DatabaseMechanics/HeadlightLeft1];db_HeadlightRight=5205[Database/DatabaseMechanics/HeadlightRight1];tHeadLightLeftConnector=34366[SATSUMA(557kg, 248)/Wiring/Triggers/HeadlightLeft/LightConnector];tHeadLightRightConnector=7793[SATSUMA(557kg, 248)/Wiring/Triggers/HeadlightRight/LightConnector]","","Data;Installed;Data;Installed","fsmName;variableName;storeValue;everyFrame;gameObject;fsmName;variableName;storeValue;everyFrame;boolVariables;- sendEvent;storeResult;everyFrame;boolVariables;- sendEvent;storeResult;everyFrame;gameObject;activate;recursive;resetOnExit;everyFrame;gameObject;activate;recursive;resetOnExit;everyFrame","Installed1|Installed2|Installed1|BoolState1|Installed2|BoolState2|BoolState1|BoolState2"
107955,"SATSUMA(557kg, 248)/Wiring","Status","Ground","FINISHED->Fire off;FIRE->Plus?","GetFsmBool;GetFsmBool;BoolAllTrue","db_BatteryTerMinus=3446[Database/DatabaseWiring/WiringBatteryMinus];db_BatteryGround=7904[Database/DatabaseWiring/WiringGround1]","","Data;Bolted;Data;Installed","fsmName;variableName;storeValue;everyFrame;gameObject;fsmName;variableName;storeValue;everyFrame;boolVariables;-;sendEvent;storeResult;everyFrame","Installed1|Installed2|Installed1|Installed2FIRE"
107955,"SATSUMA(557kg, 248)/Wiring","Status","Battery charge?","OFF->Fire off;FINISHED->Ground","GetFsmBool;BoolTest;GetFsmBool;BoolTest;GetFsmFloat;FloatCompare","db_Battery=26601[Database/PartsStatus/Battery];db_BatteryTerPlus=21525[Database/DatabaseWiring/WiringBatteryPlus]","","Data;Installed;Data;Bolted;Data;Charge","fsmName;variableName;storeValue;everyFrame;boolVariable;isTrue;isFalse;everyFrame;gameObject;fsmName;variableName;storeValue;everyFrame;boolVariable;isTrue;isFalse;everyFrame;gameObject;fsmName;variableName;storeValue;everyFrame;float1;float2;tolerance;equal;lessThan;greaterThan;everyFrame","Installed1|Installed1OFF|Installed2|Installed2OFF|Charge|Charge|?B|OFFOFFFINISHED"
107955,"SATSUMA(557kg, 248)/Wiring","Status","Plus?","FINISHED->Wait 2","GetFsmBool;ActivateGameObject","db_BatteryHarness=30568[Database/DatabaseWiring/WiringBatteryHarness]","","Data;Installed","fsmName;variableName;storeValue;everyFrame;gameObject;activate;recursive;resetOnExit;everyFrame","Installed1|Installed1"
107955,"SATSUMA(557kg, 248)/Wiring","Status","Fire off","FINISHED->Wait 2","SetFsmBool","","","Init;Off","fsmName;variableName;setValue;everyFrame",""
107955,"SATSUMA(557kg, 248)/Wiring","Status","Rear lights","FINISHED->Markers","GetFsmBool;GetFsmBool;BoolAllTrue;BoolAllTrue;ActivateGameObject;ActivateGameObject","db_RearlightLeft=15725[Database/DatabaseMechanics/RearLightLeft];db_RearlightRight=4683[Database/DatabaseMechanics/RearLightRight];tRearLightLeftConnector=28537[SATSUMA(557kg, 248)/Wiring/Triggers/RearlightLeft/LightConnector];tRearLightRightConnector=31436[SATSUMA(557kg, 248)/Wiring/Triggers/RearlightRight/LightConnector]","","Data;Installed;Data;Installed","fsmName;variableName;storeValue;everyFrame;gameObject;fsmName;variableName;storeValue;everyFrame;boolVariables;- sendEvent;storeResult;everyFrame;boolVariables;- sendEvent;storeResult;everyFrame;gameObject;activate;recursive;resetOnExit;everyFrame;gameObject;activate;recursive;resetOnExit;everyFrame","Installed1|Installed2|Installed1|BoolState1|Installed2|BoolState2|BoolState1|BoolState2"
107955,"SATSUMA(557kg, 248)/Wiring","Status","Fueltank","FINISHED->Amp power","GetFsmBool;ActivateGameObject","db_Fueltank=12246[Database/DatabaseMechanics/FuelTank];tFueltankConnector=9923[SATSUMA(557kg, 248)/Wiring/Triggers/Fueltank/TankConnector]","","Data;Installed","fsmName;variableName;storeValue;everyFrame;gameObject;activate;recursive;resetOnExit;everyFrame","Installed1|Installed1"
107955,"SATSUMA(557kg, 248)/Wiring","Status","Amp power","FINISHED->Amp audio","GetFsmBool;ActivateGameObject;ActivateGameObject","db_Amplifier=11599[Database/DatabaseOrders/Amplifier];tAmpPower=21309[SATSUMA(557kg, 248)/Wiring/Triggers/AmplifierPower/AmplifierHarness];tAmpRadio=35781[SATSUMA(557kg, 248)/Wiring/Triggers/AmplifierAudio/AmplifierRadio]","","Data;Installed","fsmName;variableName;storeValue;everyFrame;gameObject;activate;recursive;resetOnExit;everyFrame;gameObject;activate;recursive;resetOnExit;everyFrame","Installed1|Installed1|Installed1"
107955,"SATSUMA(557kg, 248)/Wiring","Status","Amp audio","FINISHED->Sub left","GetFsmBool;GetFsmBool;BoolAllTrue;ActivateGameObject","db_Dash=24983[Database/DatabaseMechanics/Dashboard];db_CDplayer=14325[Database/DatabaseOrders/CD_player];tRadioAmplifier=35735[SATSUMA(557kg, 248)/Wiring/Triggers/AmplifierAudio/RadioAmplifier]","","Data;Installed;Data;Installed","fsmName;variableName;storeValue;everyFrame;gameObject;fsmName;variableName;storeValue;everyFrame;boolVariables;-;sendEvent;storeResult;everyFrame;gameObject;activate;recursive;resetOnExit;everyFrame","Installed1|Installed2|Installed1|Installed2|BoolState1|BoolState1"
107955,"SATSUMA(557kg, 248)/Wiring","Status","Sub left","FINISHED->Sub right","GetFsmBool;GetFsmBool;GetFsmBool;BoolAllTrue;ActivateGameObject;ActivateGameObject","db_SubLeft=32048[Database/DatabaseOrders/Subwoofer_Left];db_SubPanel=18166[Database/DatabaseBody/Subwoofer_panel];db_Amplifier=11599[Database/DatabaseOrders/Amplifier];tSubLeftAmp=24272[SATSUMA(557kg, 248)/Wiring/Triggers/SubwooferLeft/SubwooferAmplifier];tAmpSubLeft=28632[SATSUMA(557kg, 248)/Wiring/Triggers/SubwooferLeft/AmplifierSubwoofer]","","Data;Installed;Data;Installed;Data;Installed","fsmName;variableName;storeValue;everyFrame;gameObject;fsmName;variableName;storeValue;everyFrame;gameObject;fsmName;variableName;storeValue;everyFrame;boolVariables;-;- sendEvent;storeResult;everyFrame;gameObject;activate;recursive;resetOnExit;everyFrame;gameObject;activate;recursive;resetOnExit;everyFrame","Installed1|Installed2|Installed3|Installed1|Installed2|Installed3|BoolState1|BoolState1|BoolState1"
107955,"SATSUMA(557kg, 248)/Wiring","Status","Sub right","FINISHED->Gauges","GetFsmBool;GetFsmBool;GetFsmBool;BoolAllTrue;ActivateGameObject;ActivateGameObject","db_SubRight=29458[Database/DatabaseOrders/Subwoofer_Right];db_SubPanel=18166[Database/DatabaseBody/Subwoofer_panel];db_Amplifier=11599[Database/DatabaseOrders/Amplifier];tSubRightAmp=14161[SATSUMA(557kg, 248)/Wiring/Triggers/SubwooferRight/SubwooferAmplifier];tAmpSubRight=19119[SATSUMA(557kg, 248)/Wiring/Triggers/SubwooferRight/AmplifierSubwoofer]","","Data;Installed;Data;Installed;Data;Installed","fsmName;variableName;storeValue;everyFrame;gameObject;fsmName;variableName;storeValue;everyFrame;gameObject;fsmName;variableName;storeValue;everyFrame;boolVariables;-;- sendEvent;storeResult;everyFrame;gameObject;activate;recursive;resetOnExit;everyFrame;gameObject;activate;recursive;resetOnExit;everyFrame","Installed1|Installed2|Installed3|Installed1|Installed2|Installed3|BoolState1|BoolState1|BoolState1"
107955,"SATSUMA(557kg, 248)/Wiring","Status","Gauges","FINISHED->Radiatorfan","GetFsmBool;GetFsmBool;ActivateGameObject;ActivateGameObject","db_GaugeAFR=3164[Database/DatabaseOrders/Fuel Mixture Gauge];db_GaugeExtra=3050[Database/DatabaseOrders/ExtraGauges];tGaugeAFR=33202[SATSUMA(557kg, 248)/Wiring/Triggers/GaugeAFR/GaugeHarness];tGaugeExtra=1758[SATSUMA(557kg, 248)/Wiring/Triggers/GaugeExtra/GaugeHarness]","","Data;Installed;Data;Installed","fsmName;variableName;storeValue;everyFrame;gameObject;fsmName;variableName;storeValue;everyFrame;gameObject;activate;recursive;resetOnExit;everyFrame;gameObject;activate;recursive;resetOnExit;everyFrame","Installed1|Installed2|Installed1|Installed2"
107955,"SATSUMA(557kg, 248)/Wiring","Status","Starter 3","NOMOTOR->Disable battery wires;FINISHED->Ground wire","GetFsmBool;GetFsmBool;GetFsmBool;BoolNoneTrue;BoolNoneTrue","db_Block=35519[Database/DatabaseMotor/Block];db_Battery=26601[Database/PartsStatus/Battery];db_Starter=1999[Database/DatabaseMotor/Starter]","","Data;Installed;Data;Installed;Data;Installed","fsmName;variableName;storeValue;everyFrame;gameObject;fsmName;variableName;storeValue;everyFrame;gameObject;fsmName;variableName;storeValue;everyFrame;boolVariables;-;sendEvent;storeResult;everyFrame;boolVariables;-;sendEvent;storeResult;everyFrame","Installed1|Installed2|Installed3|Installed1|Installed2NOMOTOR|Installed2|Installed3NOMOTOR"
107955,"SATSUMA(557kg, 248)/Wiring","Status","Disable battery wires","FINISHED->Battery","ActivateGameObject;ActivateGameObject;ActivateGameObject;ActivateGameObject;ActivateGameObject;ActivateGameObject;SetFsmBool;SetFsmBool;SetFsmBool;SetFsmBool","tStarterBatteryMinus=32759[SATSUMA(557kg, 248)/Wiring/Triggers/GroundBattery/StarterBatteryMinus];tStarterBatteryPlus=25097[SATSUMA(557kg, 248)/Wiring/Triggers/StarterBattery/StarterBatteryPlus];db_BatteryTerMinus=3446[Database/DatabaseWiring/WiringBatteryMinus];db_BatteryGround=7904[Database/DatabaseWiring/WiringGround1]","","Data;Bolted;Data;Installed;Data;Bolted;Data;Installed","activate;recursive;resetOnExit;everyFrame;gameObject;activate;recursive;resetOnExit;everyFrame;gameObject;activate;recursive;resetOnExit;everyFrame;gameObject;activate;recursive;resetOnExit;everyFrame;gameObject;activate;recursive;resetOnExit;everyFrame;gameObject;activate;recursive;resetOnExit;everyFrame;gameObject;fsmName;variableName;setValue;everyFrame;gameObject;fsmName;variableName;setValue;everyFrame;gameObject;fsmName;variableName;setValue;everyFrame;gameObject;fsmName;variableName;setValue;everyFrame",""
107955,"SATSUMA(557kg, 248)/Wiring","Status","State 2","FINISHED->State 1","Wait","","","","finishEvent;realTime","?@|FINISHED"
107955,"SATSUMA(557kg, 248)/Wiring","Status","Radiatorfan","FINISHED->Battery charge?","GetFsmBool;GetFsmBool;BoolAnyTrue;ActivateGameObject","db_Radiator=34917[Database/DatabaseMechanics/Radiator];db_RadiatorRacing=11989[Database/DatabaseOrders/Racing Radiator];tRadiatorfanHarness=22632[SATSUMA(557kg, 248)/Wiring/Triggers/RadiatorfanHarness/RadiatorfanHarness]","","Data;Installed;Data;Installed","fsmName;variableName;storeValue;everyFrame;gameObject;fsmName;variableName;storeValue;everyFrame;boolVariables;-;sendEvent;storeResult;everyFrame;gameObject;activate;recursive;resetOnExit;everyFrame","Installed1|Installed2|Installed1|Installed2|BoolState1|BoolState1"
107955,"SATSUMA(557kg, 248)/Wiring","Status","Disable triggers","FINISHED->Starter 3","ActivateGameObject;ActivateGameObject;ActivateGameObject;ActivateGameObject","tStarterBatteryPlus=25097[SATSUMA(557kg, 248)/Wiring/Triggers/StarterBattery/StarterBatteryPlus];tStarterBatteryMinus=32759[SATSUMA(557kg, 248)/Wiring/Triggers/GroundBattery/StarterBatteryMinus];tCoilHarness=16562[SATSUMA(557kg, 248)/Wiring/Triggers/CoilHarness/CoilHarness];tAlternatorRegulator=8271[SATSUMA(557kg, 248)/Wiring/Triggers/AlternatorRegulator/AlternatorRegulator]","","","activate;recursive;resetOnExit;everyFrame;gameObject;activate;recursive;resetOnExit;everyFrame;gameObject;activate;recursive;resetOnExit;everyFrame;gameObject;activate;recursive;resetOnExit;everyFrame",""
107955,"SATSUMA(557kg, 248)/Wiring","Status","Ground wire","FINISHED->Battery","GetFsmBool;ActivateGameObject;ActivateGameObject","db_BatteryGround=7904[Database/DatabaseWiring/WiringGround1]","","Data;Installed","fsmName;variableName;storeValue;everyFrame;gameObject;activate;recursive;resetOnExit;everyFrame;gameObject;activate;recursive;resetOnExit;everyFrame","Installed1|Installed1|Installed1"
107955,"SATSUMA(557kg, 248)/Wiring","Status","Markers","FINISHED->Fueltank","GetFsmBool;GetFsmBool;ActivateGameObject;ActivateGameObject","db_MarkerLeft=21418[Database/DatabaseOrders/Marker Light Left];db_MarkerRight=8361[Database/DatabaseOrders/Marker Light Right];tMarkerLeftConnector=19143[SATSUMA(557kg, 248)/Wiring/Triggers/MarkerLeft/LightConnector];tMarkerRightConnector=10037[SATSUMA(557kg, 248)/Wiring/Triggers/MarkerRight/LightConnector]","","Data;Installed;Data;Installed","fsmName;variableName;storeValue;everyFrame;gameObject;fsmName;variableName;storeValue;everyFrame;gameObject;activate;recursive;resetOnExit;everyFrame;gameObject;activate;recursive;resetOnExit;everyFrame","Installed1|Installed2|Installed1|Installed2"
107955,"SATSUMA(557kg, 248)/Wiring","Status","FINISHED","","","","","","",""
107955,"SATSUMA(557kg, 248)/Wiring","Status","CHECK","","","","","","",""
107955,"SATSUMA(557kg, 248)/Wiring","Status","FIRE","","","","","","",""
107955,"SATSUMA(557kg, 248)/Wiring","Status","NOMOTOR","","","","","","",""
107956,"SATSUMA(557kg, 248)/Wiring","Shock","Shock","","","","","","",""
107956,"SATSUMA(557kg, 248)/Wiring","Shock","Battery charge?","OFF->State 2;FINISHED->Plus?","SetBoolValue;SetStringValue;GetFsmBool;BoolTest;GetFsmBool;BoolTest;GetFsmFloat;FloatCompare","db_Battery=26601[Database/PartsStatus/Battery];db_BatteryPlusShoe=21525[Database/DatabaseWiring/WiringBatteryPlus]","","- useVariable: 0;- useVariable: 0;Data;Installed;Data;Bolted;Data;Charge","boolValue;everyFrame;stringVariable;stringValue;everyFrame;gameObject;fsmName;variableName;storeValue;everyFrame;boolVariable;isTrue;isFalse;everyFrame;gameObject;fsmName;variableName;storeValue;everyFrame;boolVariable;isTrue;isFalse;everyFrame;gameObject;fsmName;variableName;storeValue;everyFrame;float1;float2;tolerance;equal;lessThan;greaterThan;everyFrame","GUIassemble|Installed1|Installed1OFF|Installed2|Installed2OFF|Charge|Charge|?B|OFFOFFFINISHED"
107956,"SATSUMA(557kg, 248)/Wiring","Shock","Plus?","OFF->State 2;FINISHED->Spark","GetFsmBool;BoolTest","db_BatteryHarness=30568[Database/DatabaseWiring/WiringBatteryHarness]","","Data;Installed","fsmName;variableName;storeValue;everyFrame;boolVariable;isTrue;isFalse;everyFrame","Installed1|Installed1FINISHEDOFF"
107956,"SATSUMA(557kg, 248)/Wiring","Shock","State 2","","","","","","",""
107956,"SATSUMA(557kg, 248)/Wiring","Shock","Spark","FINISHED->Random","SetParent;GetPosition;SetPosition;SetParent;Wait","Spark=31196[SATSUMA(557kg, 248)/Wiring/FireElectric/Sparks];WiringTool=0[]","","","parent;resetLocalPosition;resetLocalRotation;gameObject;vector;x;y;z;space;everyFrame;gameObject;vector;x;y;z;space;everyFrame;lateUpdate;gameObject;parent;resetLocalPosition;resetLocalRotation;time;finishEvent;realTime","Pos|Pos|?|FINISHED"
107956,"SATSUMA(557kg, 248)/Wiring","Shock","Random","OFF->Reset;DIE->Death","SendRandomEvent","","","","-;weights;-;delay","DIEOFF|??;|R?~?"
107956,"SATSUMA(557kg, 248)/Wiring","Shock","Reset","FINISHED->Shock","SetParent","Spark=31196[SATSUMA(557kg, 248)/Wiring/FireElectric/Sparks]","","","parent;resetLocalPosition;resetLocalRotation",""
107956,"SATSUMA(557kg, 248)/Wiring","Shock","Death","","SetFsmBool;ActivateGameObject","Death=12495[Systems/Death]","","Activate Dead Body;Electrocute","fsmName;variableName;setValue;everyFrame;gameObject;activate;recursive;resetOnExit;everyFrame",""
107956,"SATSUMA(557kg, 248)/Wiring","Shock","Battery charge? 2","OFF->State 2;FINISHED->Plus? 2","SetBoolValue;SetStringValue;GetFsmBool;BoolTest;GetFsmBool;BoolTest;GetFsmBool;BoolTest;GetFsmFloat;FloatCompare","db_Block=35519[Database/DatabaseMotor/Block];db_Battery=26601[Database/PartsStatus/Battery];db_BatteryPlusShoe=21525[Database/DatabaseWiring/WiringBatteryPlus]","","- useVariable: 0;- useVariable: 0;Data;Installed;Data;Installed;Data;Bolted;Data;Charge","boolValue;everyFrame;stringVariable;stringValue;everyFrame;gameObject;fsmName;variableName;storeValue;everyFrame;boolVariable;isTrue;isFalse;everyFrame;gameObject;fsmName;variableName;storeValue;everyFrame;boolVariable;isTrue;isFalse;everyFrame;gameObject;fsmName;variableName;storeValue;everyFrame;boolVariable;isTrue;isFalse;everyFrame;gameObject;fsmName;variableName;storeValue;everyFrame;float1;float2;tolerance;equal;lessThan;greaterThan;everyFrame","GUIassemble|Installed1|Installed1OFF|Installed2|Installed2OFF|Installed3|Installed3OFF|Charge|Charge|?B|OFFOFFFINISHED"
107956,"SATSUMA(557kg, 248)/Wiring","Shock","Plus? 2","OFF->State 2;FINISHED->Spark 2","GetFsmBool;BoolTest","db_BatteryHarness=30568[Database/DatabaseWiring/WiringBatteryHarness]","","Data;Installed","fsmName;variableName;storeValue;everyFrame;boolVariable;isTrue;isFalse;everyFrame","Installed1|Installed1FINISHEDOFF"
107956,"SATSUMA(557kg, 248)/Wiring","Shock","Spark 2","FINISHED->Random","SetParent;GetPosition;SetPosition;SetParent;Wait","Spark=31196[SATSUMA(557kg, 248)/Wiring/FireElectric/Sparks];SparkPoint=0[]","","","parent;resetLocalPosition;resetLocalRotation;gameObject;vector;x;y;z;space;everyFrame;gameObject;vector;x;y;z;space;everyFrame;lateUpdate;gameObject;parent;resetLocalPosition;resetLocalRotation;time;finishEvent;realTime","Pos|Pos|?|FINISHED"
107956,"SATSUMA(557kg, 248)/Wiring","Shock","FINISHED","","","","","","",""
107956,"SATSUMA(557kg, 248)/Wiring","Shock","DIE","","","","","","",""
107956,"SATSUMA(557kg, 248)/Wiring","Shock","HOTINSTALL","","","","","","",""
107956,"SATSUMA(557kg, 248)/Wiring","Shock","OFF","","","","","","",""
107956,"SATSUMA(557kg, 248)/Wiring","Shock","RESETWIRING","","","Death=12495[Systems/Death];Spark=31196[SATSUMA(557kg, 248)/Wiring/FireElectric/Sparks];SparkPoint=0[];db_Battery=26601[Database/PartsStatus/Battery];db_BatteryHarness=30568[Database/DatabaseWiring/WiringBatteryHarness];db_BatteryPlusShoe=21525[Database/DatabaseWiring/WiringBatteryPlus];db_Block=35519[Database/DatabaseMotor/Block]","Charge=0;Installed1=0;Installed2=0;Installed3=0;Pos={x: 0, y: 0, z: 0}","","",""
113854,"SATSUMA(557kg, 248)/Wiring/FireElectric","Init","Sparks","FINISHED->Fire;OFF->Off","ActivateGameObject;ActivateGameObject;ActivateGameObject;SubtractFsmFloat;RandomFloat;BoolTest;Wait","db_Battery=26601[Database/PartsStatus/Battery]","","Data;Charge","activate;recursive;resetOnExit;everyFrame;gameObject;activate;recursive;resetOnExit;everyFrame;gameObject;activate;recursive;resetOnExit;everyFrame;gameObject;fsmName;variableName;subtractValue;everyFrame;perSecond;min;max;storeResult;boolVariable;isTrue;isFalse;everyFrame;time;finishEvent;realTime","??|A|pA|Time|OffOFF|TimeFINISHED"
113854,"SATSUMA(557kg, 248)/Wiring/FireElectric","Init","Spread","FINISHED->Off","ActivateGameObject;RandomFloat;Wait","","","","activate;recursive;resetOnExit;everyFrame;min;max;storeResult;time;finishEvent;realTime","A|pA|Time|TimeFINISHED"
113854,"SATSUMA(557kg, 248)/Wiring/FireElectric","Init","Fire","FINISHED->Spread","GetFsmGameObject;SendEventByName;ActivateGameObject;RandomFloat;Wait","DestroyedPart=0[];Point=0[]","","Assemble;db_ThisPart;DESTROY","fsmName;variableName;storeValue;everyFrame;eventTarget;sendEvent;delay;everyFrame;gameObject;activate;recursive;resetOnExit;everyFrame;min;max;storeResult;time;finishEvent;realTime","A|pA|Time|TimeFINISHED"
113854,"SATSUMA(557kg, 248)/Wiring/FireElectric","Init","Randomize pos","LOOP->State 1;FINISHED->Position","ArrayListGetRandom;IsActive","Point=0[]","","","reference;randomItem;randomIndex;failureEvent;gameObject;isActive;isActiveEvent;isNotActiveEvent;everyFrame","LOOPFINISHED"
113854,"SATSUMA(557kg, 248)/Wiring/FireElectric","Init","Position","FINISHED->Sparks","GetPosition;SetPosition","Point=0[]","","","vector;x;y;z;space;everyFrame;gameObject;vector;x;y;z;space;everyFrame;lateUpdate","Pos|Pos"
113854,"SATSUMA(557kg, 248)/Wiring/FireElectric","Init","State 1","FINISHED->Randomize pos","Wait","","","","finishEvent;realTime","?#<|FINISHED"
113854,"SATSUMA(557kg, 248)/Wiring/FireElectric","Init","Reset","FINISHED->Randomize pos","SetBoolValue","","","","boolValue;everyFrame","Off"
113854,"SATSUMA(557kg, 248)/Wiring/FireElectric","Init","Off","","ActivateGameObject","","","","activate;recursive;resetOnExit;everyFrame",""
113854,"SATSUMA(557kg, 248)/Wiring/FireElectric","Init","FINISHED","","","","","","",""
113854,"SATSUMA(557kg, 248)/Wiring/FireElectric","Init","LOOP","","","","","","",""
109981,"SATSUMA(557kg, 248)/Wiring/FireElectric/FireTrigger","PutOut","Wait","FINISHED->Fight fire;PUTOUT->Fire off","GetFsmBool;BoolTest;BoolTest","","","Electrics;InWater","fsmName;variableName;storeValue;everyFrame;boolVariable;isTrue;isFalse;everyFrame;boolVariable;isTrue;isFalse;everyFrame","InWater|InWaterPUTOUT|HitFINISHED"
109981,"SATSUMA(557kg, 248)/Wiring/FireElectric/FireTrigger","PutOut","Fight fire","FINISHED->Wait;PUTOUT->Fire off","SetBoolValue;FloatSubtract;FloatCompare;Wait","","","","boolValue;everyFrame;floatVariable;subtract;everyFrame;perSecond;float1;float2;tolerance;equal;lessThan;greaterThan;everyFrame;time;finishEvent;realTime","Hit|?B|Fire|pA|?B|Fire|PUTOUTPUTOUT|??L?|FINISHED"
109981,"SATSUMA(557kg, 248)/Wiring/FireElectric/FireTrigger","PutOut","Fire off","FINISHED->Reset","ActivateGameObject;Wait","","","","activate;recursive;resetOnExit;everyFrame;time;finishEvent;realTime","??|FINISHED"
109981,"SATSUMA(557kg, 248)/Wiring/FireElectric/FireTrigger","PutOut","Reset","","ActivateGameObject;ActivateGameObject;SetFloatValue;SetBoolValue;ActivateGameObject","","","","activate;recursive;resetOnExit;everyFrame;gameObject;activate;recursive;resetOnExit;everyFrame;floatVariable;floatValue;everyFrame;boolVariable;boolValue;everyFrame;gameObject;activate;recursive;resetOnExit;everyFrame","?B|Fire|?B|Hit"
109981,"SATSUMA(557kg, 248)/Wiring/FireElectric/FireTrigger","PutOut","FINISHED","","","","","","",""
109981,"SATSUMA(557kg, 248)/Wiring/FireElectric/FireTrigger","PutOut","GLOBALEVENT","","","","","","",""
110857,"SATSUMA(557kg, 248)/Wiring/Parts/battery_terminal_plus(xxxxx)","BoltCheck","Bolts OFF","FINISHED->Bolts ON","FloatClamp;SetFsmBool;FloatCompare","db_ThisPart=21525[Database/DatabaseWiring/WiringBatteryPlus]","","Data;Bolted","minValue;maxValue;everyFrame;gameObject;fsmName;variableName;setValue;everyFrame;float1;float2;tolerance;equal;lessThan;greaterThan;everyFrame","Tightness|A|TightnessMax|Tightness|??|BoltedYES|FINISHEDFINISHED"
110857,"SATSUMA(557kg, 248)/Wiring/Parts/battery_terminal_plus(xxxxx)","BoltCheck","Bolts ON","FINISHED->Bolts OFF","FloatClamp;SetFsmBool;SetFsmBool;FloatCompare","db_ThisPart=21525[Database/DatabaseWiring/WiringBatteryPlus]","","Data;Bolted;Data;Installed","minValue;maxValue;everyFrame;gameObject;fsmName;variableName;setValue;everyFrame;gameObject;fsmName;variableName;setValue;everyFrame;float1;float2;tolerance;equal;lessThan;greaterThan;everyFrame","Tightness|A|TightnessMax|Tightness|@|BoltedNO|FINISHED"
110857,"SATSUMA(557kg, 248)/Wiring/Parts/battery_terminal_plus(xxxxx)","BoltCheck","Check float","DOESNOTEXIST->Save float;EXISTS->Load float","GetName;BuildString;Exists","db_ThisPart=557[Database/DatabaseMechanics/HeadlightLeft1]","","- useVariable: 1;- useVariable: 0;Tightness;- useVariable: 1;- useVariable: 1;- useVariable: 0;defaultES2File.txt","storeName;everyFrame;stringParts;-;separator;storeResult;everyFrame;ifExists;ifDoesNotExist;uniqueTag;saveFile","EXISTSDOESNOTEXIST"
110857,"SATSUMA(557kg, 248)/Wiring/Parts/battery_terminal_plus(xxxxx)","BoltCheck","Load float","FINISHED->Check array","LoadFloat","","","- useVariable: 0;defaultES2File.txt","uniqueTag;saveFile;loadFromResources","Tightness"
110857,"SATSUMA(557kg, 248)/Wiring/Parts/battery_terminal_plus(xxxxx)","BoltCheck","Save float","FINISHED->Load float","SaveFloat","","","- useVariable: 0;defaultES2File.txt","uniqueTag;saveFile","Tightness"
110857,"SATSUMA(557kg, 248)/Wiring/Parts/battery_terminal_plus(xxxxx)","BoltCheck","Check array","DOESNOTEXIST->Save array;EXISTS->Load array","GetName;BuildString;Exists","db_ThisPart=557[Database/DatabaseMechanics/HeadlightLeft1]","","- useVariable: 1;- useVariable: 0;Bolts;- useVariable: 1;- useVariable: 1;- useVariable: 0;defaultES2File.txt","storeName;everyFrame;stringParts;-;separator;storeResult;everyFrame;ifExists;ifDoesNotExist;uniqueTag;saveFile","EXISTSDOESNOTEXIST"
110857,"SATSUMA(557kg, 248)/Wiring/Parts/battery_terminal_plus(xxxxx)","BoltCheck","Save array","FINISHED->Load array","ArrayListEasySave","","","- useVariable: 1;- useVariable: 0;defaultES2File.txt","reference;uniqueTag;saveFile",""
110857,"SATSUMA(557kg, 248)/Wiring/Parts/battery_terminal_plus(xxxxx)","BoltCheck","Load array","FINISHED->Bolts OFF","ArrayListEasyLoad;SetBoolValue","","","- useVariable: 1;- useVariable: 0;defaultES2File.txt","reference;uniqueTag;saveFile;loadFromResources;boolVariable;boolValue;everyFrame","SameLoad"
110857,"SATSUMA(557kg, 248)/Wiring/Parts/battery_terminal_plus(xxxxx)","BoltCheck","Save","","ArrayListEasySave;SaveFloat","","","- useVariable: 1;- useVariable: 0;defaultES2File.txt;- useVariable: 0;defaultES2File.txt","reference;uniqueTag;saveFile;saveValue;uniqueTag;saveFile","Tightness"
110857,"SATSUMA(557kg, 248)/Wiring/Parts/battery_terminal_plus(xxxxx)","BoltCheck","Check load","EXISTS->Bolts OFF;DOESNOTEXIST->Check float","BoolTest","","","","isTrue;isFalse;everyFrame","SameLoadEXISTSDOESNOTEXIST"
110857,"SATSUMA(557kg, 248)/Wiring/Parts/battery_terminal_plus(xxxxx)","BoltCheck","FINISHED","","","","","","",""
110857,"SATSUMA(557kg, 248)/Wiring/Parts/battery_terminal_plus(xxxxx)","BoltCheck","DOESNOTEXIST","","","","","","",""
110857,"SATSUMA(557kg, 248)/Wiring/Parts/battery_terminal_plus(xxxxx)","BoltCheck","EXISTS","","","","","","",""
110857,"SATSUMA(557kg, 248)/Wiring/Parts/battery_terminal_plus(xxxxx)","BoltCheck","SAVEGAME","","","","","","",""
112469,"SATSUMA(557kg, 248)/Wiring/Parts/battery_terminal_minus(xxxxx)","BoltCheck","Bolts OFF","FINISHED->Bolts ON","FloatClamp;SetFsmBool;FloatCompare","db_ThisPart=3446[Database/DatabaseWiring/WiringBatteryMinus]","","Data;Bolted","minValue;maxValue;everyFrame;gameObject;fsmName;variableName;setValue;everyFrame;float1;float2;tolerance;equal;lessThan;greaterThan;everyFrame","Tightness|A|TightnessMax|Tightness|@|BoltedYES|FINISHEDFINISHED"
112469,"SATSUMA(557kg, 248)/Wiring/Parts/battery_terminal_minus(xxxxx)","BoltCheck","Bolts ON","FINISHED->Bolts OFF","FloatClamp;SetFsmBool;SetFsmBool;FloatCompare","db_ThisPart=3446[Database/DatabaseWiring/WiringBatteryMinus]","","Data;Bolted;Data;Installed","minValue;maxValue;everyFrame;gameObject;fsmName;variableName;setValue;everyFrame;gameObject;fsmName;variableName;setValue;everyFrame;float1;float2;tolerance;equal;lessThan;greaterThan;everyFrame","Tightness|A|TightnessMax|Tightness|@|BoltedNO|FINISHED"
112469,"SATSUMA(557kg, 248)/Wiring/Parts/battery_terminal_minus(xxxxx)","BoltCheck","Check float","DOESNOTEXIST->Save float;EXISTS->Load float","GetName;BuildString;Exists","db_ThisPart=557[Database/DatabaseMechanics/HeadlightLeft1]","","- useVariable: 1;- useVariable: 0;Tightness;- useVariable: 1;- useVariable: 1;- useVariable: 0;defaultES2File.txt","storeName;everyFrame;stringParts;-;separator;storeResult;everyFrame;ifExists;ifDoesNotExist;uniqueTag;saveFile","EXISTSDOESNOTEXIST"
112469,"SATSUMA(557kg, 248)/Wiring/Parts/battery_terminal_minus(xxxxx)","BoltCheck","Load float","FINISHED->Check array","LoadFloat","","","- useVariable: 0;defaultES2File.txt","uniqueTag;saveFile;loadFromResources","Tightness"
112469,"SATSUMA(557kg, 248)/Wiring/Parts/battery_terminal_minus(xxxxx)","BoltCheck","Save float","FINISHED->Load float","SaveFloat","","","- useVariable: 0;defaultES2File.txt","uniqueTag;saveFile","Tightness"
112469,"SATSUMA(557kg, 248)/Wiring/Parts/battery_terminal_minus(xxxxx)","BoltCheck","Check array","DOESNOTEXIST->Save array;EXISTS->Load array","GetName;BuildString;Exists","db_ThisPart=557[Database/DatabaseMechanics/HeadlightLeft1]","","- useVariable: 1;- useVariable: 0;Bolts;- useVariable: 1;- useVariable: 1;- useVariable: 0;defaultES2File.txt","storeName;everyFrame;stringParts;-;separator;storeResult;everyFrame;ifExists;ifDoesNotExist;uniqueTag;saveFile","EXISTSDOESNOTEXIST"
112469,"SATSUMA(557kg, 248)/Wiring/Parts/battery_terminal_minus(xxxxx)","BoltCheck","Save array","FINISHED->Load array","ArrayListEasySave","","","- useVariable: 1;- useVariable: 0;defaultES2File.txt","reference;uniqueTag;saveFile",""
112469,"SATSUMA(557kg, 248)/Wiring/Parts/battery_terminal_minus(xxxxx)","BoltCheck","Load array","FINISHED->Bolts OFF","ArrayListEasyLoad;SetBoolValue","","","- useVariable: 1;- useVariable: 0;defaultES2File.txt","reference;uniqueTag;saveFile;loadFromResources;boolVariable;boolValue;everyFrame","SameLoad"
112469,"SATSUMA(557kg, 248)/Wiring/Parts/battery_terminal_minus(xxxxx)","BoltCheck","Save","","ArrayListEasySave;SaveFloat","","","- useVariable: 1;- useVariable: 0;defaultES2File.txt;- useVariable: 0;defaultES2File.txt","reference;uniqueTag;saveFile;saveValue;uniqueTag;saveFile","Tightness"
112469,"SATSUMA(557kg, 248)/Wiring/Parts/battery_terminal_minus(xxxxx)","BoltCheck","Check load","EXISTS->Bolts OFF;DOESNOTEXIST->Check float","BoolTest","","","","isTrue;isFalse;everyFrame","SameLoadEXISTSDOESNOTEXIST"
112469,"SATSUMA(557kg, 248)/Wiring/Parts/battery_terminal_minus(xxxxx)","BoltCheck","FINISHED","","","","","","",""
112469,"SATSUMA(557kg, 248)/Wiring/Parts/battery_terminal_minus(xxxxx)","BoltCheck","DOESNOTEXIST","","","","","","",""
112469,"SATSUMA(557kg, 248)/Wiring/Parts/battery_terminal_minus(xxxxx)","BoltCheck","EXISTS","","","","","","",""
112469,"SATSUMA(557kg, 248)/Wiring/Parts/battery_terminal_minus(xxxxx)","BoltCheck","SAVEGAME","","","","","","",""
113207,"SATSUMA(557kg, 248)/Wiring/Parts/wiring_starter(xxxxx)","BoltCheck","Bolts OFF","FINISHED->Bolts ON","FloatClamp;SetFsmBool;FloatCompare","db_ThisPart=15250[Database/DatabaseWiring/WiringStarter]","","Data;Bolted","minValue;maxValue;everyFrame;gameObject;fsmName;variableName;setValue;everyFrame;float1;float2;tolerance;equal;lessThan;greaterThan;everyFrame","Tightness|A|TightnessMax|Tightness|??|BoltedYES|FINISHEDFINISHED"
113207,"SATSUMA(557kg, 248)/Wiring/Parts/wiring_starter(xxxxx)","BoltCheck","Bolts ON","FINISHED->Bolts OFF","FloatClamp;SetFsmBool;FloatCompare","db_ThisPart=15250[Database/DatabaseWiring/WiringStarter]","","Data;Bolted","minValue;maxValue;everyFrame;gameObject;fsmName;variableName;setValue;everyFrame;float1;float2;tolerance;equal;lessThan;greaterThan;everyFrame","Tightness|A|TightnessMax|Tightness|BoltedNO|FINISHEDFINISHED"
113207,"SATSUMA(557kg, 248)/Wiring/Parts/wiring_starter(xxxxx)","BoltCheck","Check float","DOESNOTEXIST->Save float;EXISTS->Load float","GetName;BuildString;Exists","db_ThisPart=557[Database/DatabaseMechanics/HeadlightLeft1]","","- useVariable: 1;- useVariable: 0;Tightness;- useVariable: 1;- useVariable: 1;- useVariable: 0;defaultES2File.txt","storeName;everyFrame;stringParts;-;separator;storeResult;everyFrame;ifExists;ifDoesNotExist;uniqueTag;saveFile","EXISTSDOESNOTEXIST"
113207,"SATSUMA(557kg, 248)/Wiring/Parts/wiring_starter(xxxxx)","BoltCheck","Load float","FINISHED->Check array","LoadFloat","","","- useVariable: 0;defaultES2File.txt","uniqueTag;saveFile;loadFromResources","Tightness"
113207,"SATSUMA(557kg, 248)/Wiring/Parts/wiring_starter(xxxxx)","BoltCheck","Save float","FINISHED->Load float","SaveFloat","","","- useVariable: 0;defaultES2File.txt","uniqueTag;saveFile","Tightness"
113207,"SATSUMA(557kg, 248)/Wiring/Parts/wiring_starter(xxxxx)","BoltCheck","Check array","DOESNOTEXIST->Save array;EXISTS->Load array","GetName;BuildString;Exists","db_ThisPart=557[Database/DatabaseMechanics/HeadlightLeft1]","","- useVariable: 1;- useVariable: 0;Bolts;- useVariable: 1;- useVariable: 1;- useVariable: 0;defaultES2File.txt","storeName;everyFrame;stringParts;-;separator;storeResult;everyFrame;ifExists;ifDoesNotExist;uniqueTag;saveFile","EXISTSDOESNOTEXIST"
113207,"SATSUMA(557kg, 248)/Wiring/Parts/wiring_starter(xxxxx)","BoltCheck","Save array","FINISHED->Load array","ArrayListEasySave","","","- useVariable: 1;- useVariable: 0;defaultES2File.txt","reference;uniqueTag;saveFile",""
113207,"SATSUMA(557kg, 248)/Wiring/Parts/wiring_starter(xxxxx)","BoltCheck","Load array","FINISHED->Bolts OFF","ArrayListEasyLoad","","","- useVariable: 1;- useVariable: 0;defaultES2File.txt","reference;uniqueTag;saveFile;loadFromResources",""
113207,"SATSUMA(557kg, 248)/Wiring/Parts/wiring_starter(xxxxx)","BoltCheck","Save","","ArrayListEasySave;SaveFloat","","","- useVariable: 1;- useVariable: 0;defaultES2File.txt;- useVariable: 0;defaultES2File.txt","reference;uniqueTag;saveFile;saveValue;uniqueTag;saveFile","Tightness"
113207,"SATSUMA(557kg, 248)/Wiring/Parts/wiring_starter(xxxxx)","BoltCheck","FINISHED","","","","","","",""
113207,"SATSUMA(557kg, 248)/Wiring/Parts/wiring_starter(xxxxx)","BoltCheck","DOESNOTEXIST","","","","","","",""
113207,"SATSUMA(557kg, 248)/Wiring/Parts/wiring_starter(xxxxx)","BoltCheck","EXISTS","","","","","","",""
113207,"SATSUMA(557kg, 248)/Wiring/Parts/wiring_starter(xxxxx)","BoltCheck","SAVEGAME","","","","","","",""
104461,"SATSUMA(557kg, 248)/Wiring/Triggers/GaugeExtra/HarnessGauge","Assemble","State 1","ASSEMBLE->Assemble","SetBoolValue;SetStringValue;GetDistance;FloatCompare","WiringTool=0[]","","- useVariable: 0;","boolValue;everyFrame;stringVariable;stringValue;everyFrame;gameObject;target;storeResult;everyFrame;float1;float2;tolerance;equal;lessThan;greaterThan;everyFrame","GUIassemble|Distance|Distance???=|Tolerance|ASSEMBLE"
104461,"SATSUMA(557kg, 248)/Wiring/Triggers/GaugeExtra/HarnessGauge","Assemble","Assemble","LOOP->State 1;ASSEMBLE->Sound","SetBoolValue;SetStringValue;GetDistance;FloatCompare;GetButtonDown","WiringTool=0[]","","- useVariable: 0;DASH HARNESS CONNECTOR;Use","boolValue;everyFrame;stringVariable;stringValue;everyFrame;gameObject;target;storeResult;everyFrame;float1;float2;tolerance;equal;lessThan;greaterThan;everyFrame;buttonName;sendEvent;storeResult","GUIassemble|Distance|Distance???=|Tolerance|LOOP|ASSEMBLE"
104461,"SATSUMA(557kg, 248)/Wiring/Triggers/GaugeExtra/HarnessGauge","Assemble","Sound","CLOSELOOP->Finish assembly","SetBoolValue;SetStringValue;SendEventByName","_OtherEnd=1758[SATSUMA(557kg, 248)/Wiring/Triggers/GaugeExtra/GaugeHarness]","","- useVariable: 0;- useVariable: 0;CLOSELOOP","boolValue;everyFrame;stringVariable;stringValue;everyFrame;eventTarget;sendEvent;delay;everyFrame","GUIassemble"
104461,"SATSUMA(557kg, 248)/Wiring/Triggers/GaugeExtra/HarnessGauge","Assemble","Finish assembly","","SetFsmBool;ActivateGameObject;SendEvent;ActivateGameObject","db_ThisPart=17947[Database/DatabaseWiring/WiringGaugeExtra];ThisWire1=4354[SATSUMA(557kg, 248)/Wiring/Parts/wiring_gauge_extra(xxxxx)];Owner=0[]","","CarBuilding;wiring;Data;Installed","soundGroupName;variationName;volume;delaySound;useThisLocation;attachToGameObject;useFixedPitch;fixedPitch;gameObject;fsmName;variableName;setValue;everyFrame;gameObject;activate;recursive;resetOnExit;everyFrame;eventTarget;sendEvent;delay;everyFrame;gameObject;activate;recursive;resetOnExit;everyFrame","??|??|RESETWIRING"
104461,"SATSUMA(557kg, 248)/Wiring/Triggers/GaugeExtra/HarnessGauge","Assemble","Init","FINISHED->State 1","GetParent","Owner=0[]","","","storeResult",""
104461,"SATSUMA(557kg, 248)/Wiring/Triggers/GaugeExtra/HarnessGauge","Assemble","FINISHED","","","","","","",""
104461,"SATSUMA(557kg, 248)/Wiring/Triggers/GaugeExtra/HarnessGauge","Assemble","ASSEMBLE","","","","","","",""
104461,"SATSUMA(557kg, 248)/Wiring/Triggers/GaugeExtra/HarnessGauge","Assemble","CLOSELOOP","","","","","","",""
104461,"SATSUMA(557kg, 248)/Wiring/Triggers/GaugeExtra/HarnessGauge","Assemble","INSTALLED","","","","","","",""
104461,"SATSUMA(557kg, 248)/Wiring/Triggers/GaugeExtra/HarnessGauge","Assemble","LOOP","","","","","","",""
104461,"SATSUMA(557kg, 248)/Wiring/Triggers/GaugeExtra/HarnessGauge","Assemble","NOTINSTALLED","","","","","","",""
104480,"SATSUMA(557kg, 248)/Wiring/Triggers/HeadlightLeft/ConnectorLight","Assemble","State 1","ASSEMBLE->Assemble","SetBoolValue;SetStringValue;GetDistance;FloatCompare","WiringTool=0[]","","- useVariable: 0;","boolValue;everyFrame;stringVariable;stringValue;everyFrame;gameObject;target;storeResult;everyFrame;float1;float2;tolerance;equal;lessThan;greaterThan;everyFrame","GUIassemble|Distance|Distance???=|Tolerance|ASSEMBLE"
104480,"SATSUMA(557kg, 248)/Wiring/Triggers/HeadlightLeft/ConnectorLight","Assemble","Assemble","LOOP->State 1;ASSEMBLE->Sound","SetBoolValue;SetStringValue;GetDistance;FloatCompare;GetButtonDown","WiringTool=0[]","","- useVariable: 0;FRONT LIGHTS CONNECTOR;Use","boolValue;everyFrame;stringVariable;stringValue;everyFrame;gameObject;target;storeResult;everyFrame;float1;float2;tolerance;equal;lessThan;greaterThan;everyFrame;buttonName;sendEvent;storeResult","GUIassemble|Distance|Distance???=|Tolerance|LOOP|ASSEMBLE"
104480,"SATSUMA(557kg, 248)/Wiring/Triggers/HeadlightLeft/ConnectorLight","Assemble","Sound","CLOSELOOP->Finish assembly","SetBoolValue;SetStringValue;SendEventByName","_OtherEnd=34366[SATSUMA(557kg, 248)/Wiring/Triggers/HeadlightLeft/LightConnector]","","- useVariable: 0;- useVariable: 0;CLOSELOOP","boolValue;everyFrame;stringVariable;stringValue;everyFrame;eventTarget;sendEvent;delay;everyFrame","GUIassemble"
104480,"SATSUMA(557kg, 248)/Wiring/Triggers/HeadlightLeft/ConnectorLight","Assemble","Finish assembly","","SetFsmBool;ActivateGameObject;SendEvent;ActivateGameObject","db_ThisPart=4336[Database/DatabaseWiring/WiringHeadlightLeft];ThisWire1=8405[SATSUMA(557kg, 248)/Wiring/Parts/wiring_headlights_left(xxxxx)];Owner=0[]","","CarBuilding;wiring;Data;Installed","soundGroupName;variationName;volume;delaySound;useThisLocation;attachToGameObject;useFixedPitch;fixedPitch;gameObject;fsmName;variableName;setValue;everyFrame;gameObject;activate;recursive;resetOnExit;everyFrame;eventTarget;sendEvent;delay;everyFrame;gameObject;activate;recursive;resetOnExit;everyFrame","??|??|RESETWIRING"
104480,"SATSUMA(557kg, 248)/Wiring/Triggers/HeadlightLeft/ConnectorLight","Assemble","Init","FINISHED->State 1","GetParent","Owner=0[]","","","storeResult",""
104480,"SATSUMA(557kg, 248)/Wiring/Triggers/HeadlightLeft/ConnectorLight","Assemble","FINISHED","","","","","","",""
104480,"SATSUMA(557kg, 248)/Wiring/Triggers/HeadlightLeft/ConnectorLight","Assemble","ASSEMBLE","","","","","","",""
104480,"SATSUMA(557kg, 248)/Wiring/Triggers/HeadlightLeft/ConnectorLight","Assemble","CLOSELOOP","","","","","","",""
104480,"SATSUMA(557kg, 248)/Wiring/Triggers/HeadlightLeft/ConnectorLight","Assemble","INSTALLED","","","","","","",""
104480,"SATSUMA(557kg, 248)/Wiring/Triggers/HeadlightLeft/ConnectorLight","Assemble","LOOP","","","","","","",""
104480,"SATSUMA(557kg, 248)/Wiring/Triggers/HeadlightLeft/ConnectorLight","Assemble","NOTINSTALLED","","","","","","",""
104610,"SATSUMA(557kg, 248)/Wiring/Triggers/GaugeExtra/GaugeHarness","Assemble","State 1","ASSEMBLE->Assemble","SetBoolValue;SetStringValue;GetDistance;FloatCompare","WiringTool=0[]","","- useVariable: 0;","boolValue;everyFrame;stringVariable;stringValue;everyFrame;gameObject;target;storeResult;everyFrame;float1;float2;tolerance;equal;lessThan;greaterThan;everyFrame","GUIassemble|Distance|Distance???=|Tolerance|ASSEMBLE"
104610,"SATSUMA(557kg, 248)/Wiring/Triggers/GaugeExtra/GaugeHarness","Assemble","Assemble","LOOP->State 1;ASSEMBLE->Sound","SetBoolValue;SetStringValue;GetDistance;FloatCompare;GetButtonDown","WiringTool=0[]","","- useVariable: 0;EXTRA GAUGES;Use","boolValue;everyFrame;stringVariable;stringValue;everyFrame;gameObject;target;storeResult;everyFrame;float1;float2;tolerance;equal;lessThan;greaterThan;everyFrame;buttonName;sendEvent;storeResult","GUIassemble|Distance|Distance???=|Tolerance|LOOP|ASSEMBLE"
104610,"SATSUMA(557kg, 248)/Wiring/Triggers/GaugeExtra/GaugeHarness","Assemble","Sound","CLOSELOOP->Finish assembly","SetBoolValue;SetStringValue;SendEventByName","_OtherEnd=1271[SATSUMA(557kg, 248)/Wiring/Triggers/GaugeExtra/HarnessGauge]","","- useVariable: 0;- useVariable: 0;CLOSELOOP","boolValue;everyFrame;stringVariable;stringValue;everyFrame;eventTarget;sendEvent;delay;everyFrame","GUIassemble"
104610,"SATSUMA(557kg, 248)/Wiring/Triggers/GaugeExtra/GaugeHarness","Assemble","Finish assembly","","SetFsmBool;ActivateGameObject;SendEvent;ActivateGameObject","db_ThisPart=17947[Database/DatabaseWiring/WiringGaugeExtra];ThisWire1=4354[SATSUMA(557kg, 248)/Wiring/Parts/wiring_gauge_extra(xxxxx)];Owner=0[]","","CarBuilding;wiring;Data;Installed","soundGroupName;variationName;volume;delaySound;useThisLocation;attachToGameObject;useFixedPitch;fixedPitch;gameObject;fsmName;variableName;setValue;everyFrame;gameObject;activate;recursive;resetOnExit;everyFrame;eventTarget;sendEvent;delay;everyFrame;gameObject;activate;recursive;resetOnExit;everyFrame","??|??|RESETWIRING"
104610,"SATSUMA(557kg, 248)/Wiring/Triggers/GaugeExtra/GaugeHarness","Assemble","Init","FINISHED->State 1","GetParent","Owner=0[]","","","storeResult",""
104610,"SATSUMA(557kg, 248)/Wiring/Triggers/GaugeExtra/GaugeHarness","Assemble","FINISHED","","","","","","",""
104610,"SATSUMA(557kg, 248)/Wiring/Triggers/GaugeExtra/GaugeHarness","Assemble","ASSEMBLE","","","","","","",""
104610,"SATSUMA(557kg, 248)/Wiring/Triggers/GaugeExtra/GaugeHarness","Assemble","CLOSELOOP","","","","","","",""
104610,"SATSUMA(557kg, 248)/Wiring/Triggers/GaugeExtra/GaugeHarness","Assemble","INSTALLED","","","","","","",""
104610,"SATSUMA(557kg, 248)/Wiring/Triggers/GaugeExtra/GaugeHarness","Assemble","LOOP","","","","","","",""
104610,"SATSUMA(557kg, 248)/Wiring/Triggers/GaugeExtra/GaugeHarness","Assemble","NOTINSTALLED","","","","","","",""
104848,"SATSUMA(557kg, 248)/Wiring/Triggers/Radio/HarnessRadio","Assemble","State 1","ASSEMBLE->Assemble","SetBoolValue;SetStringValue;GetDistance;FloatCompare","WiringTool=0[]","","- useVariable: 0;","boolValue;everyFrame;stringVariable;stringValue;everyFrame;gameObject;target;storeResult;everyFrame;float1;float2;tolerance;equal;lessThan;greaterThan;everyFrame","GUIassemble|Distance|Distance???=|Tolerance|ASSEMBLE"
104848,"SATSUMA(557kg, 248)/Wiring/Triggers/Radio/HarnessRadio","Assemble","Assemble","LOOP->State 1;ASSEMBLE->Sound","SetBoolValue;SetStringValue;GetDistance;FloatCompare;GetButtonDown","WiringTool=0[]","","- useVariable: 0;RADIO HARNESS;Use","boolValue;everyFrame;stringVariable;stringValue;everyFrame;gameObject;target;storeResult;everyFrame;float1;float2;tolerance;equal;lessThan;greaterThan;everyFrame;buttonName;sendEvent;storeResult","GUIassemble|Distance|Distance???=|Tolerance|LOOP|ASSEMBLE"
104848,"SATSUMA(557kg, 248)/Wiring/Triggers/Radio/HarnessRadio","Assemble","Sound","CLOSELOOP->Finish assembly","SetBoolValue;SetStringValue;SendEventByName","_OtherEnd=17138[SATSUMA(557kg, 248)/Wiring/Triggers/Radio/RadioHarness]","","- useVariable: 0;- useVariable: 0;CLOSELOOP","boolValue;everyFrame;stringVariable;stringValue;everyFrame;eventTarget;sendEvent;delay;everyFrame","GUIassemble"
104848,"SATSUMA(557kg, 248)/Wiring/Triggers/Radio/HarnessRadio","Assemble","Finish assembly","","SetFsmBool;ActivateGameObject;SendEvent;ActivateGameObject","db_ThisPart=31304[Database/DatabaseWiring/WiringRadio];ThisWire1=511[SATSUMA(557kg, 248)/Wiring/Parts/wiring_radio(xxxxx)];Owner=0[]","","CarBuilding;wiring;Data;Installed","soundGroupName;variationName;volume;delaySound;useThisLocation;attachToGameObject;useFixedPitch;fixedPitch;gameObject;fsmName;variableName;setValue;everyFrame;gameObject;activate;recursive;resetOnExit;everyFrame;eventTarget;sendEvent;delay;everyFrame;gameObject;activate;recursive;resetOnExit;everyFrame","??|??|RESETWIRING"
104848,"SATSUMA(557kg, 248)/Wiring/Triggers/Radio/HarnessRadio","Assemble","Init","FINISHED->State 1","GetParent","Owner=0[]","","","storeResult",""
104848,"SATSUMA(557kg, 248)/Wiring/Triggers/Radio/HarnessRadio","Assemble","FINISHED","","","","","","",""
104848,"SATSUMA(557kg, 248)/Wiring/Triggers/Radio/HarnessRadio","Assemble","ASSEMBLE","","","","","","",""
104848,"SATSUMA(557kg, 248)/Wiring/Triggers/Radio/HarnessRadio","Assemble","CLOSELOOP","","","","","","",""
104848,"SATSUMA(557kg, 248)/Wiring/Triggers/Radio/HarnessRadio","Assemble","INSTALLED","","","","","","",""
104848,"SATSUMA(557kg, 248)/Wiring/Triggers/Radio/HarnessRadio","Assemble","LOOP","","","","","","",""
104848,"SATSUMA(557kg, 248)/Wiring/Triggers/Radio/HarnessRadio","Assemble","NOTINSTALLED","","","","","","",""
105089,"SATSUMA(557kg, 248)/Wiring/Triggers/RegulatorHarness/HarnessRegulator","Assemble","State 1","ASSEMBLE->Assemble","SetBoolValue;SetStringValue;GetDistance;FloatCompare","WiringTool=0[]","","- useVariable: 0;","boolValue;everyFrame;stringVariable;stringValue;everyFrame;gameObject;target;storeResult;everyFrame;float1;float2;tolerance;equal;lessThan;greaterThan;everyFrame","GUIassemble|Distance|Distance???=|Tolerance|ASSEMBLE"
105089,"SATSUMA(557kg, 248)/Wiring/Triggers/RegulatorHarness/HarnessRegulator","Assemble","Assemble","LOOP->State 1;ASSEMBLE->Sound","SetBoolValue;SetStringValue;GetDistance;FloatCompare;GetButtonDown","WiringTool=0[]","","- useVariable: 0;MAIN HARNESS CONNECTOR;Use","boolValue;everyFrame;stringVariable;stringValue;everyFrame;gameObject;target;storeResult;everyFrame;float1;float2;tolerance;equal;lessThan;greaterThan;everyFrame;buttonName;sendEvent;storeResult","GUIassemble|Distance|Distance???=|Tolerance|LOOP|ASSEMBLE"
105089,"SATSUMA(557kg, 248)/Wiring/Triggers/RegulatorHarness/HarnessRegulator","Assemble","Sound","CLOSELOOP->Finish assembly","SetBoolValue;SetStringValue;SendEventByName","_OtherEnd=32300[SATSUMA(557kg, 248)/Wiring/Triggers/RegulatorHarness/RegulatorHarness]","","- useVariable: 0;- useVariable: 0;CLOSELOOP","boolValue;everyFrame;stringVariable;stringValue;everyFrame;eventTarget;sendEvent;delay;everyFrame","GUIassemble"
105089,"SATSUMA(557kg, 248)/Wiring/Triggers/RegulatorHarness/HarnessRegulator","Assemble","Finish assembly","","SetFsmBool;ActivateGameObject;SendEvent;ActivateGameObject","db_ThisPart=25716[Database/DatabaseWiring/WiringRegulator];ThisWire1=27671[SATSUMA(557kg, 248)/Wiring/Parts/wiring_regulator(xxxxx)];Owner=0[]","","CarBuilding;wiring;Data;Installed","soundGroupName;variationName;volume;delaySound;useThisLocation;attachToGameObject;useFixedPitch;fixedPitch;gameObject;fsmName;variableName;setValue;everyFrame;gameObject;activate;recursive;resetOnExit;everyFrame;eventTarget;sendEvent;delay;everyFrame;gameObject;activate;recursive;resetOnExit;everyFrame","??|??|RESETWIRING"
105089,"SATSUMA(557kg, 248)/Wiring/Triggers/RegulatorHarness/HarnessRegulator","Assemble","Init","FINISHED->State 1","GetParent","Owner=0[]","","","storeResult",""
105089,"SATSUMA(557kg, 248)/Wiring/Triggers/RegulatorHarness/HarnessRegulator","Assemble","FINISHED","","","","","","",""
105089,"SATSUMA(557kg, 248)/Wiring/Triggers/RegulatorHarness/HarnessRegulator","Assemble","ASSEMBLE","","","","","","",""
105089,"SATSUMA(557kg, 248)/Wiring/Triggers/RegulatorHarness/HarnessRegulator","Assemble","CLOSELOOP","","","","","","",""
105089,"SATSUMA(557kg, 248)/Wiring/Triggers/RegulatorHarness/HarnessRegulator","Assemble","INSTALLED","","","","","","",""
105089,"SATSUMA(557kg, 248)/Wiring/Triggers/RegulatorHarness/HarnessRegulator","Assemble","LOOP","","","","","","",""
105089,"SATSUMA(557kg, 248)/Wiring/Triggers/RegulatorHarness/HarnessRegulator","Assemble","NOTINSTALLED","","","","","","",""
105652,"SATSUMA(557kg, 248)/Wiring/Triggers/BatteryHarness/BatteryPlusHarness","Assemble","State 1","ASSEMBLE->Assemble","SetBoolValue;SetStringValue;GetDistance;FloatCompare","WiringTool=0[]","","- useVariable: 0;","boolValue;everyFrame;stringVariable;stringValue;everyFrame;gameObject;target;storeResult;everyFrame;float1;float2;tolerance;equal;lessThan;greaterThan;everyFrame","GUIassemble|Distance|Distance???=|Tolerance|ASSEMBLE"
105652,"SATSUMA(557kg, 248)/Wiring/Triggers/BatteryHarness/BatteryPlusHarness","Assemble","Assemble","LOOP->State 1;ASSEMBLE->Sound","SetBoolValue;SetStringValue;GetDistance;FloatCompare;GetButtonDown","WiringTool=0[]","","- useVariable: 0;POSITIVE TERMINAL;Use","boolValue;everyFrame;stringVariable;stringValue;everyFrame;gameObject;target;storeResult;everyFrame;float1;float2;tolerance;equal;lessThan;greaterThan;everyFrame;buttonName;sendEvent;storeResult","GUIassemble|Distance|Distance???=|Tolerance|LOOP|ASSEMBLE"
105652,"SATSUMA(557kg, 248)/Wiring/Triggers/BatteryHarness/BatteryPlusHarness","Assemble","Sound","CLOSELOOP->Finish assembly","SetBoolValue;SetStringValue;SendEventByName","_OtherEnd=21426[SATSUMA(557kg, 248)/Wiring/Triggers/BatteryHarness/HarnessBatteryPlus]","","- useVariable: 0;- useVariable: 0;CLOSELOOP","boolValue;everyFrame;stringVariable;stringValue;everyFrame;eventTarget;sendEvent;delay;everyFrame","GUIassemble"
105652,"SATSUMA(557kg, 248)/Wiring/Triggers/BatteryHarness/BatteryPlusHarness","Assemble","Finish assembly","","SetFsmBool;SetFsmBool;ActivateGameObject;ActivateGameObject;SendEvent;ActivateGameObject","db_ThisPart=30568[Database/DatabaseWiring/WiringBatteryHarness];db_ThisPart2=21525[Database/DatabaseWiring/WiringBatteryPlus];ThisWire1=6818[SATSUMA(557kg, 248)/Wiring/Parts/wiring_battery_harness(xxxxx)];ThisWire2=23982[SATSUMA(557kg, 248)/Wiring/Parts/battery_terminal_plus(xxxxx)];Owner=0[]","","CarBuilding;wiring;Data;Installed;Data;Installed","soundGroupName;variationName;volume;delaySound;useThisLocation;attachToGameObject;useFixedPitch;fixedPitch;gameObject;fsmName;variableName;setValue;everyFrame;gameObject;fsmName;variableName;setValue;everyFrame;gameObject;activate;recursive;resetOnExit;everyFrame;gameObject;activate;recursive;resetOnExit;everyFrame;eventTarget;sendEvent;delay;everyFrame;gameObject;activate;recursive;resetOnExit;everyFrame","??|??|RESETWIRING"
105652,"SATSUMA(557kg, 248)/Wiring/Triggers/BatteryHarness/BatteryPlusHarness","Assemble","Init","FINISHED->State 1","GetParent","Owner=0[]","","","storeResult",""
105652,"SATSUMA(557kg, 248)/Wiring/Triggers/BatteryHarness/BatteryPlusHarness","Assemble","FINISHED","","","","","","",""
105652,"SATSUMA(557kg, 248)/Wiring/Triggers/BatteryHarness/BatteryPlusHarness","Assemble","ASSEMBLE","","","","","","",""
105652,"SATSUMA(557kg, 248)/Wiring/Triggers/BatteryHarness/BatteryPlusHarness","Assemble","CLOSELOOP","","","","","","",""
105652,"SATSUMA(557kg, 248)/Wiring/Triggers/BatteryHarness/BatteryPlusHarness","Assemble","INSTALLED","","","","","","",""
105652,"SATSUMA(557kg, 248)/Wiring/Triggers/BatteryHarness/BatteryPlusHarness","Assemble","LOOP","","","","","","",""
105652,"SATSUMA(557kg, 248)/Wiring/Triggers/BatteryHarness/BatteryPlusHarness","Assemble","NOTINSTALLED","","","","","","",""
105688,"SATSUMA(557kg, 248)/Wiring/Triggers/IgnitionFusebox/FuseboxIgnition","Assemble","State 1","ASSEMBLE->Assemble","SetBoolValue;SetStringValue;GetDistance;FloatCompare","WiringTool=0[]","","- useVariable: 0;","boolValue;everyFrame;stringVariable;stringValue;everyFrame;gameObject;target;storeResult;everyFrame;float1;float2;tolerance;equal;lessThan;greaterThan;everyFrame","GUIassemble|Distance|Distance???=|Tolerance|ASSEMBLE"
105688,"SATSUMA(557kg, 248)/Wiring/Triggers/IgnitionFusebox/FuseboxIgnition","Assemble","Assemble","LOOP->State 1;ASSEMBLE->Sound","SetBoolValue;SetStringValue;GetDistance;FloatCompare;GetButtonDown","WiringTool=0[]","","- useVariable: 0;FUSEBOX;Use","boolValue;everyFrame;stringVariable;stringValue;everyFrame;gameObject;target;storeResult;everyFrame;float1;float2;tolerance;equal;lessThan;greaterThan;everyFrame;buttonName;sendEvent;storeResult","GUIassemble|Distance|Distance???=|Tolerance|LOOP|ASSEMBLE"
105688,"SATSUMA(557kg, 248)/Wiring/Triggers/IgnitionFusebox/FuseboxIgnition","Assemble","Sound","CLOSELOOP->Finish assembly","SetBoolValue;SetStringValue;SendEventByName","_OtherEnd=27694[SATSUMA(557kg, 248)/Wiring/Triggers/IgnitionFusebox/IgnitionFusebox]","","- useVariable: 0;- useVariable: 0;CLOSELOOP","boolValue;everyFrame;stringVariable;stringValue;everyFrame;eventTarget;sendEvent;delay;everyFrame","GUIassemble"
105688,"SATSUMA(557kg, 248)/Wiring/Triggers/IgnitionFusebox/FuseboxIgnition","Assemble","Finish assembly","","SetFsmBool;ActivateGameObject;SendEvent;ActivateGameObject","db_ThisPart=23629[Database/DatabaseWiring/WiringIgnition];ThisWire1=23105[SATSUMA(557kg, 248)/Wiring/Parts/wiring_ignition(xxxxx)];Owner=0[]","","CarBuilding;wiring;Data;Installed","soundGroupName;variationName;volume;delaySound;useThisLocation;attachToGameObject;useFixedPitch;fixedPitch;gameObject;fsmName;variableName;setValue;everyFrame;gameObject;activate;recursive;resetOnExit;everyFrame;eventTarget;sendEvent;delay;everyFrame;gameObject;activate;recursive;resetOnExit;everyFrame","??|??|RESETWIRING"
105688,"SATSUMA(557kg, 248)/Wiring/Triggers/IgnitionFusebox/FuseboxIgnition","Assemble","Init","FINISHED->State 1","GetParent","Owner=0[]","","","storeResult",""
105688,"SATSUMA(557kg, 248)/Wiring/Triggers/IgnitionFusebox/FuseboxIgnition","Assemble","FINISHED","","","","","","",""
105688,"SATSUMA(557kg, 248)/Wiring/Triggers/IgnitionFusebox/FuseboxIgnition","Assemble","ASSEMBLE","","","","","","",""
105688,"SATSUMA(557kg, 248)/Wiring/Triggers/IgnitionFusebox/FuseboxIgnition","Assemble","CLOSELOOP","","","","","","",""
105688,"SATSUMA(557kg, 248)/Wiring/Triggers/IgnitionFusebox/FuseboxIgnition","Assemble","INSTALLED","","","","","","",""
105688,"SATSUMA(557kg, 248)/Wiring/Triggers/IgnitionFusebox/FuseboxIgnition","Assemble","LOOP","","","","","","",""
105688,"SATSUMA(557kg, 248)/Wiring/Triggers/IgnitionFusebox/FuseboxIgnition","Assemble","NOTINSTALLED","","","","","","",""
105732,"SATSUMA(557kg, 248)/Wiring/Triggers/AlternatorRegulator/RegulatorAlternator","Assemble","State 1","ASSEMBLE->Assemble","SetBoolValue;SetStringValue;GetDistance;FloatCompare","WiringTool=0[]","","- useVariable: 0;","boolValue;everyFrame;stringVariable;stringValue;everyFrame;gameObject;target;storeResult;everyFrame;float1;float2;tolerance;equal;lessThan;greaterThan;everyFrame","GUIassemble|Distance|Distance???=|Tolerance|ASSEMBLE"
105732,"SATSUMA(557kg, 248)/Wiring/Triggers/AlternatorRegulator/RegulatorAlternator","Assemble","Assemble","LOOP->State 1;ASSEMBLE->Sound","SetBoolValue;SetStringValue;GetDistance;FloatCompare;GetButtonDown","WiringTool=0[]","","- useVariable: 0;REGULATOR;Use","boolValue;everyFrame;stringVariable;stringValue;everyFrame;gameObject;target;storeResult;everyFrame;float1;float2;tolerance;equal;lessThan;greaterThan;everyFrame;buttonName;sendEvent;storeResult","GUIassemble|Distance|Distance???=|Tolerance|LOOP|ASSEMBLE"
105732,"SATSUMA(557kg, 248)/Wiring/Triggers/AlternatorRegulator/RegulatorAlternator","Assemble","Sound","CLOSELOOP->Finish assembly","SetBoolValue;SetStringValue;SendEventByName","_OtherEnd=8271[SATSUMA(557kg, 248)/Wiring/Triggers/AlternatorRegulator/AlternatorRegulator]","","- useVariable: 0;- useVariable: 0;CLOSELOOP","boolValue;everyFrame;stringVariable;stringValue;everyFrame;eventTarget;sendEvent;delay;everyFrame","GUIassemble"
105732,"SATSUMA(557kg, 248)/Wiring/Triggers/AlternatorRegulator/RegulatorAlternator","Assemble","Finish assembly","","SetFsmBool;ActivateGameObject;SendEvent;ActivateGameObject","db_ThisPart=34806[Database/DatabaseWiring/WiringAlternator];ThisWire1=30586[SATSUMA(557kg, 248)/Wiring/Parts/wiring_alternator(xxxxx)];Owner=0[]","","CarBuilding;wiring;Data;Installed","soundGroupName;variationName;volume;delaySound;useThisLocation;attachToGameObject;useFixedPitch;fixedPitch;gameObject;fsmName;variableName;setValue;everyFrame;gameObject;activate;recursive;resetOnExit;everyFrame;eventTarget;sendEvent;delay;everyFrame;gameObject;activate;recursive;resetOnExit;everyFrame","??|??|RESETWIRING"
105732,"SATSUMA(557kg, 248)/Wiring/Triggers/AlternatorRegulator/RegulatorAlternator","Assemble","Init","FINISHED->State 1","GetParent","Owner=0[]","","","storeResult",""
105732,"SATSUMA(557kg, 248)/Wiring/Triggers/AlternatorRegulator/RegulatorAlternator","Assemble","FINISHED","","","","","","",""
105732,"SATSUMA(557kg, 248)/Wiring/Triggers/AlternatorRegulator/RegulatorAlternator","Assemble","ASSEMBLE","","","","","","",""
105732,"SATSUMA(557kg, 248)/Wiring/Triggers/AlternatorRegulator/RegulatorAlternator","Assemble","CLOSELOOP","","","","","","",""
105732,"SATSUMA(557kg, 248)/Wiring/Triggers/AlternatorRegulator/RegulatorAlternator","Assemble","INSTALLED","","","","","","",""
105732,"SATSUMA(557kg, 248)/Wiring/Triggers/AlternatorRegulator/RegulatorAlternator","Assemble","LOOP","","","","","","",""
105732,"SATSUMA(557kg, 248)/Wiring/Triggers/AlternatorRegulator/RegulatorAlternator","Assemble","NOTINSTALLED","","","","","","",""
105758,"SATSUMA(557kg, 248)/Wiring/Triggers/RearlightLeft/ConnectorLight","Assemble","State 1","ASSEMBLE->Assemble","SetBoolValue;SetStringValue;GetDistance;FloatCompare","WiringTool=0[]","","- useVariable: 0;","boolValue;everyFrame;stringVariable;stringValue;everyFrame;gameObject;target;storeResult;everyFrame;float1;float2;tolerance;equal;lessThan;greaterThan;everyFrame","GUIassemble|Distance|Distance???=|Tolerance|ASSEMBLE"
105758,"SATSUMA(557kg, 248)/Wiring/Triggers/RearlightLeft/ConnectorLight","Assemble","Assemble","LOOP->State 1;ASSEMBLE->Sound","SetBoolValue;SetStringValue;GetDistance;FloatCompare;GetButtonDown","WiringTool=0[]","","- useVariable: 0;REAR HARNESS CONNECTOR;Use","boolValue;everyFrame;stringVariable;stringValue;everyFrame;gameObject;target;storeResult;everyFrame;float1;float2;tolerance;equal;lessThan;greaterThan;everyFrame;buttonName;sendEvent;storeResult","GUIassemble|Distance|Distance???=|Tolerance|LOOP|ASSEMBLE"
105758,"SATSUMA(557kg, 248)/Wiring/Triggers/RearlightLeft/ConnectorLight","Assemble","Sound","CLOSELOOP->Finish assembly","SetBoolValue;SetStringValue;SendEventByName","_OtherEnd=28537[SATSUMA(557kg, 248)/Wiring/Triggers/RearlightLeft/LightConnector]","","- useVariable: 0;- useVariable: 0;CLOSELOOP","boolValue;everyFrame;stringVariable;stringValue;everyFrame;eventTarget;sendEvent;delay;everyFrame","GUIassemble"
105758,"SATSUMA(557kg, 248)/Wiring/Triggers/RearlightLeft/ConnectorLight","Assemble","Finish assembly","","SetFsmBool;ActivateGameObject;SendEvent;ActivateGameObject","db_ThisPart=8793[Database/DatabaseWiring/WiringRearlightLeft];ThisWire1=21419[SATSUMA(557kg, 248)/Wiring/Parts/wiring_rearlights_left(xxxxx)];Owner=0[]","","CarBuilding;wiring;Data;Installed","soundGroupName;variationName;volume;delaySound;useThisLocation;attachToGameObject;useFixedPitch;fixedPitch;gameObject;fsmName;variableName;setValue;everyFrame;gameObject;activate;recursive;resetOnExit;everyFrame;eventTarget;sendEvent;delay;everyFrame;gameObject;activate;recursive;resetOnExit;everyFrame","??|??|RESETWIRING"
105758,"SATSUMA(557kg, 248)/Wiring/Triggers/RearlightLeft/ConnectorLight","Assemble","Init","FINISHED->State 1","GetParent","Owner=0[]","","","storeResult",""
105758,"SATSUMA(557kg, 248)/Wiring/Triggers/RearlightLeft/ConnectorLight","Assemble","FINISHED","","","","","","",""
105758,"SATSUMA(557kg, 248)/Wiring/Triggers/RearlightLeft/ConnectorLight","Assemble","ASSEMBLE","","","","","","",""
105758,"SATSUMA(557kg, 248)/Wiring/Triggers/RearlightLeft/ConnectorLight","Assemble","CLOSELOOP","","","","","","",""
105758,"SATSUMA(557kg, 248)/Wiring/Triggers/RearlightLeft/ConnectorLight","Assemble","INSTALLED","","","","","","",""
105758,"SATSUMA(557kg, 248)/Wiring/Triggers/RearlightLeft/ConnectorLight","Assemble","LOOP","","","","","","",""
105758,"SATSUMA(557kg, 248)/Wiring/Triggers/RearlightLeft/ConnectorLight","Assemble","NOTINSTALLED","","","","","","",""
106152,"SATSUMA(557kg, 248)/Wiring/Triggers/SwitchLights/SwitchHarness","Assemble","State 1","ASSEMBLE->Assemble","SetBoolValue;SetStringValue;GetDistance;FloatCompare","WiringTool=0[]","","- useVariable: 0;","boolValue;everyFrame;stringVariable;stringValue;everyFrame;gameObject;target;storeResult;everyFrame;float1;float2;tolerance;equal;lessThan;greaterThan;everyFrame","GUIassemble|Distance|Distance???=|Tolerance|ASSEMBLE"
106152,"SATSUMA(557kg, 248)/Wiring/Triggers/SwitchLights/SwitchHarness","Assemble","Assemble","LOOP->State 1;ASSEMBLE->Sound","SetBoolValue;SetStringValue;GetDistance;FloatCompare;GetButtonDown","WiringTool=0[]","","- useVariable: 0;LIGHT SWITCH;Use","boolValue;everyFrame;stringVariable;stringValue;everyFrame;gameObject;target;storeResult;everyFrame;float1;float2;tolerance;equal;lessThan;greaterThan;everyFrame;buttonName;sendEvent;storeResult","GUIassemble|Distance|Distance???=|Tolerance|LOOP|ASSEMBLE"
106152,"SATSUMA(557kg, 248)/Wiring/Triggers/SwitchLights/SwitchHarness","Assemble","Sound","CLOSELOOP->Finish assembly","SetBoolValue;SetStringValue;SendEventByName","_OtherEnd=32943[SATSUMA(557kg, 248)/Wiring/Triggers/SwitchLights/HarnessSwitch]","","- useVariable: 0;- useVariable: 0;CLOSELOOP","boolValue;everyFrame;stringVariable;stringValue;everyFrame;eventTarget;sendEvent;delay;everyFrame","GUIassemble"
106152,"SATSUMA(557kg, 248)/Wiring/Triggers/SwitchLights/SwitchHarness","Assemble","Finish assembly","","SetFsmBool;ActivateGameObject;SendEvent;ActivateGameObject","db_ThisPart=33410[Database/DatabaseWiring/WiringSwitchLights];ThisWire1=3190[SATSUMA(557kg, 248)/Wiring/Parts/wiring_switch_light(xxxxx)];Owner=0[]","","CarBuilding;wiring;Data;Installed","soundGroupName;variationName;volume;delaySound;useThisLocation;attachToGameObject;useFixedPitch;fixedPitch;gameObject;fsmName;variableName;setValue;everyFrame;gameObject;activate;recursive;resetOnExit;everyFrame;eventTarget;sendEvent;delay;everyFrame;gameObject;activate;recursive;resetOnExit;everyFrame","??|??|RESETWIRING"
106152,"SATSUMA(557kg, 248)/Wiring/Triggers/SwitchLights/SwitchHarness","Assemble","Init","FINISHED->State 1","GetParent","Owner=0[]","","","storeResult",""
106152,"SATSUMA(557kg, 248)/Wiring/Triggers/SwitchLights/SwitchHarness","Assemble","FINISHED","","","","","","",""
106152,"SATSUMA(557kg, 248)/Wiring/Triggers/SwitchLights/SwitchHarness","Assemble","ASSEMBLE","","","","","","",""
106152,"SATSUMA(557kg, 248)/Wiring/Triggers/SwitchLights/SwitchHarness","Assemble","CLOSELOOP","","","","","","",""
106152,"SATSUMA(557kg, 248)/Wiring/Triggers/SwitchLights/SwitchHarness","Assemble","INSTALLED","","","","","","",""
106152,"SATSUMA(557kg, 248)/Wiring/Triggers/SwitchLights/SwitchHarness","Assemble","LOOP","","","","","","",""
106152,"SATSUMA(557kg, 248)/Wiring/Triggers/SwitchLights/SwitchHarness","Assemble","NOTINSTALLED","","","","","","",""
106282,"SATSUMA(557kg, 248)/Wiring/Triggers/HeadlightRight/LightConnector","Assemble","State 1","ASSEMBLE->Assemble","SetBoolValue;SetStringValue;GetDistance;FloatCompare","WiringTool=0[]","","- useVariable: 0;","boolValue;everyFrame;stringVariable;stringValue;everyFrame;gameObject;target;storeResult;everyFrame;float1;float2;tolerance;equal;lessThan;greaterThan;everyFrame","GUIassemble|Distance|Distance???=|Tolerance|ASSEMBLE"
106282,"SATSUMA(557kg, 248)/Wiring/Triggers/HeadlightRight/LightConnector","Assemble","Assemble","LOOP->State 1;ASSEMBLE->Sound","SetBoolValue;SetStringValue;GetDistance;FloatCompare;GetButtonDown","WiringTool=0[]","","- useVariable: 0;HEADLIGHT RIGHT;Use","boolValue;everyFrame;stringVariable;stringValue;everyFrame;gameObject;target;storeResult;everyFrame;float1;float2;tolerance;equal;lessThan;greaterThan;everyFrame;buttonName;sendEvent;storeResult","GUIassemble|Distance|Distance???=|Tolerance|LOOP|ASSEMBLE"
106282,"SATSUMA(557kg, 248)/Wiring/Triggers/HeadlightRight/LightConnector","Assemble","Sound","CLOSELOOP->Finish assembly","SetBoolValue;SetStringValue;SendEventByName","_OtherEnd=33405[SATSUMA(557kg, 248)/Wiring/Triggers/HeadlightRight/ConnectorLight]","","- useVariable: 0;- useVariable: 0;CLOSELOOP","boolValue;everyFrame;stringVariable;stringValue;everyFrame;eventTarget;sendEvent;delay;everyFrame","GUIassemble"
106282,"SATSUMA(557kg, 248)/Wiring/Triggers/HeadlightRight/LightConnector","Assemble","Finish assembly","","SetFsmBool;ActivateGameObject;SendEvent;ActivateGameObject","db_ThisPart=5837[Database/DatabaseWiring/WiringHeadlightRight];ThisWire1=11736[SATSUMA(557kg, 248)/Wiring/Parts/wiring_headlights_right(xxxxx)];Owner=0[]","","CarBuilding;wiring;Data;Installed","soundGroupName;variationName;volume;delaySound;useThisLocation;attachToGameObject;useFixedPitch;fixedPitch;gameObject;fsmName;variableName;setValue;everyFrame;gameObject;activate;recursive;resetOnExit;everyFrame;eventTarget;sendEvent;delay;everyFrame;gameObject;activate;recursive;resetOnExit;everyFrame","??|??|RESETWIRING"
106282,"SATSUMA(557kg, 248)/Wiring/Triggers/HeadlightRight/LightConnector","Assemble","Init","FINISHED->State 1","GetParent","Owner=0[]","","","storeResult",""
106282,"SATSUMA(557kg, 248)/Wiring/Triggers/HeadlightRight/LightConnector","Assemble","FINISHED","","","","","","",""
106282,"SATSUMA(557kg, 248)/Wiring/Triggers/HeadlightRight/LightConnector","Assemble","ASSEMBLE","","","","","","",""
106282,"SATSUMA(557kg, 248)/Wiring/Triggers/HeadlightRight/LightConnector","Assemble","CLOSELOOP","","","","","","",""
106282,"SATSUMA(557kg, 248)/Wiring/Triggers/HeadlightRight/LightConnector","Assemble","INSTALLED","","","","","","",""
106282,"SATSUMA(557kg, 248)/Wiring/Triggers/HeadlightRight/LightConnector","Assemble","LOOP","","","","","","",""
106282,"SATSUMA(557kg, 248)/Wiring/Triggers/HeadlightRight/LightConnector","Assemble","NOTINSTALLED","","","","","","",""
106413,"SATSUMA(557kg, 248)/Wiring/Triggers/AlternatorRegulator/AlternatorRegulator","Assemble","State 1","ASSEMBLE->Assemble","SetBoolValue;SetStringValue;GetDistance;FloatCompare","WiringTool=0[]","","- useVariable: 0;","boolValue;everyFrame;stringVariable;stringValue;everyFrame;gameObject;target;storeResult;everyFrame;float1;float2;tolerance;equal;lessThan;greaterThan;everyFrame","GUIassemble|Distance|Distance???=|Tolerance|ASSEMBLE"
106413,"SATSUMA(557kg, 248)/Wiring/Triggers/AlternatorRegulator/AlternatorRegulator","Assemble","Assemble","LOOP->State 1;ASSEMBLE->Sound","SetBoolValue;SetStringValue;GetDistance;FloatCompare;GetButtonDown","WiringTool=0[]","","- useVariable: 0;ALTERNATOR;Use","boolValue;everyFrame;stringVariable;stringValue;everyFrame;gameObject;target;storeResult;everyFrame;float1;float2;tolerance;equal;lessThan;greaterThan;everyFrame;buttonName;sendEvent;storeResult","GUIassemble|Distance|Distance???=|Tolerance|LOOP|ASSEMBLE"
106413,"SATSUMA(557kg, 248)/Wiring/Triggers/AlternatorRegulator/AlternatorRegulator","Assemble","Sound","CLOSELOOP->Finish assembly","SetBoolValue;SetStringValue;SendEventByName","_OtherEnd=5788[SATSUMA(557kg, 248)/Wiring/Triggers/AlternatorRegulator/RegulatorAlternator]","","- useVariable: 0;- useVariable: 0;CLOSELOOP","boolValue;everyFrame;stringVariable;stringValue;everyFrame;eventTarget;sendEvent;delay;everyFrame","GUIassemble"
106413,"SATSUMA(557kg, 248)/Wiring/Triggers/AlternatorRegulator/AlternatorRegulator","Assemble","Finish assembly","","SetFsmBool;ActivateGameObject;SendEvent;ActivateGameObject","db_ThisPart=34806[Database/DatabaseWiring/WiringAlternator];ThisWire1=30586[SATSUMA(557kg, 248)/Wiring/Parts/wiring_alternator(xxxxx)];Owner=0[]","","CarBuilding;wiring;Data;Installed","soundGroupName;variationName;volume;delaySound;useThisLocation;attachToGameObject;useFixedPitch;fixedPitch;gameObject;fsmName;variableName;setValue;everyFrame;gameObject;activate;recursive;resetOnExit;everyFrame;eventTarget;sendEvent;delay;everyFrame;gameObject;activate;recursive;resetOnExit;everyFrame","??|??|RESETWIRING"
106413,"SATSUMA(557kg, 248)/Wiring/Triggers/AlternatorRegulator/AlternatorRegulator","Assemble","Init","FINISHED->State 1","GetParent","Owner=0[]","","","storeResult",""
106413,"SATSUMA(557kg, 248)/Wiring/Triggers/AlternatorRegulator/AlternatorRegulator","Assemble","FINISHED","","","","","","",""
106413,"SATSUMA(557kg, 248)/Wiring/Triggers/AlternatorRegulator/AlternatorRegulator","Assemble","ASSEMBLE","","","","","","",""
106413,"SATSUMA(557kg, 248)/Wiring/Triggers/AlternatorRegulator/AlternatorRegulator","Assemble","CLOSELOOP","","","","","","",""
106413,"SATSUMA(557kg, 248)/Wiring/Triggers/AlternatorRegulator/AlternatorRegulator","Assemble","INSTALLED","","","","","","",""
106413,"SATSUMA(557kg, 248)/Wiring/Triggers/AlternatorRegulator/AlternatorRegulator","Assemble","LOOP","","","","","","",""
106413,"SATSUMA(557kg, 248)/Wiring/Triggers/AlternatorRegulator/AlternatorRegulator","Assemble","NOTINSTALLED","","","","","","",""
106951,"SATSUMA(557kg, 248)/Wiring/Triggers/Fueltank/TankConnector","Assemble","State 1","ASSEMBLE->Assemble","SetBoolValue;SetStringValue;GetDistance;FloatCompare","WiringTool=0[]","","- useVariable: 0;","boolValue;everyFrame;stringVariable;stringValue;everyFrame;gameObject;target;storeResult;everyFrame;float1;float2;tolerance;equal;lessThan;greaterThan;everyFrame","GUIassemble|Distance|Distance???=|Tolerance|ASSEMBLE"
106951,"SATSUMA(557kg, 248)/Wiring/Triggers/Fueltank/TankConnector","Assemble","Assemble","LOOP->State 1;ASSEMBLE->Sound","SetBoolValue;SetStringValue;GetDistance;FloatCompare;GetButtonDown","WiringTool=0[]","","- useVariable: 0;FUEL TANK;Use","boolValue;everyFrame;stringVariable;stringValue;everyFrame;gameObject;target;storeResult;everyFrame;float1;float2;tolerance;equal;lessThan;greaterThan;everyFrame;buttonName;sendEvent;storeResult","GUIassemble|Distance|Distance???=|Tolerance|LOOP|ASSEMBLE"
106951,"SATSUMA(557kg, 248)/Wiring/Triggers/Fueltank/TankConnector","Assemble","Sound","CLOSELOOP->Finish assembly","SetBoolValue;SetStringValue;SendEventByName","_OtherEnd=15668[SATSUMA(557kg, 248)/Wiring/Triggers/Fueltank/ConnectorTank]","","- useVariable: 0;- useVariable: 0;CLOSELOOP","boolValue;everyFrame;stringVariable;stringValue;everyFrame;eventTarget;sendEvent;delay;everyFrame","GUIassemble"
106951,"SATSUMA(557kg, 248)/Wiring/Triggers/Fueltank/TankConnector","Assemble","Finish assembly","","SetFsmBool;ActivateGameObject;SendEvent;ActivateGameObject","db_ThisPart=27107[Database/DatabaseWiring/WiringFueltank];ThisWire1=20456[SATSUMA(557kg, 248)/Wiring/Parts/wiring_fueltank(xxxxx)];Owner=0[]","","CarBuilding;wiring;Data;Installed","soundGroupName;variationName;volume;delaySound;useThisLocation;attachToGameObject;useFixedPitch;fixedPitch;gameObject;fsmName;variableName;setValue;everyFrame;gameObject;activate;recursive;resetOnExit;everyFrame;eventTarget;sendEvent;delay;everyFrame;gameObject;activate;recursive;resetOnExit;everyFrame","??|??|RESETWIRING"
106951,"SATSUMA(557kg, 248)/Wiring/Triggers/Fueltank/TankConnector","Assemble","Init","FINISHED->State 1","GetParent","Owner=0[]","","","storeResult",""
106951,"SATSUMA(557kg, 248)/Wiring/Triggers/Fueltank/TankConnector","Assemble","FINISHED","","","","","","",""
106951,"SATSUMA(557kg, 248)/Wiring/Triggers/Fueltank/TankConnector","Assemble","ASSEMBLE","","","","","","",""
106951,"SATSUMA(557kg, 248)/Wiring/Triggers/Fueltank/TankConnector","Assemble","CLOSELOOP","","","","","","",""
106951,"SATSUMA(557kg, 248)/Wiring/Triggers/Fueltank/TankConnector","Assemble","INSTALLED","","","","","","",""
106951,"SATSUMA(557kg, 248)/Wiring/Triggers/Fueltank/TankConnector","Assemble","LOOP","","","","","","",""
106951,"SATSUMA(557kg, 248)/Wiring/Triggers/Fueltank/TankConnector","Assemble","NOTINSTALLED","","","","","","",""
106971,"SATSUMA(557kg, 248)/Wiring/Triggers/MarkerRight/LightConnector","Assemble","State 1","ASSEMBLE->Assemble","SetBoolValue;SetStringValue;GetDistance;FloatCompare","WiringTool=0[]","","- useVariable: 0;","boolValue;everyFrame;stringVariable;stringValue;everyFrame;gameObject;target;storeResult;everyFrame;float1;float2;tolerance;equal;lessThan;greaterThan;everyFrame","GUIassemble|Distance|Distance???=|Tolerance|ASSEMBLE"
106971,"SATSUMA(557kg, 248)/Wiring/Triggers/MarkerRight/LightConnector","Assemble","Assemble","LOOP->State 1;ASSEMBLE->Sound","SetBoolValue;SetStringValue;GetDistance;FloatCompare;GetButtonDown","WiringTool=0[]","","- useVariable: 0;MARKER LIGHT RIGHT;Use","boolValue;everyFrame;stringVariable;stringValue;everyFrame;gameObject;target;storeResult;everyFrame;float1;float2;tolerance;equal;lessThan;greaterThan;everyFrame;buttonName;sendEvent;storeResult","GUIassemble|Distance|Distance???=|Tolerance|LOOP|ASSEMBLE"
106971,"SATSUMA(557kg, 248)/Wiring/Triggers/MarkerRight/LightConnector","Assemble","Sound","CLOSELOOP->Finish assembly","SetBoolValue;SetStringValue;SendEventByName","_OtherEnd=19286[SATSUMA(557kg, 248)/Wiring/Triggers/MarkerRight/ConnectorLight]","","- useVariable: 0;- useVariable: 0;CLOSELOOP","boolValue;everyFrame;stringVariable;stringValue;everyFrame;eventTarget;sendEvent;delay;everyFrame","GUIassemble"
106971,"SATSUMA(557kg, 248)/Wiring/Triggers/MarkerRight/LightConnector","Assemble","Finish assembly","","SetFsmBool;ActivateGameObject;SendEvent;ActivateGameObject","db_ThisPart=18122[Database/DatabaseWiring/WiringMarkerRight];ThisWire1=21458[SATSUMA(557kg, 248)/Wiring/Parts/wiring_marker_right(xxxxx)];Owner=0[]","","CarBuilding;wiring;Data;Installed","soundGroupName;variationName;volume;delaySound;useThisLocation;attachToGameObject;useFixedPitch;fixedPitch;gameObject;fsmName;variableName;setValue;everyFrame;gameObject;activate;recursive;resetOnExit;everyFrame;eventTarget;sendEvent;delay;everyFrame;gameObject;activate;recursive;resetOnExit;everyFrame","??|??|RESETWIRING"
106971,"SATSUMA(557kg, 248)/Wiring/Triggers/MarkerRight/LightConnector","Assemble","Init","FINISHED->State 1","GetParent","Owner=0[]","","","storeResult",""
106971,"SATSUMA(557kg, 248)/Wiring/Triggers/MarkerRight/LightConnector","Assemble","FINISHED","","","","","","",""
106971,"SATSUMA(557kg, 248)/Wiring/Triggers/MarkerRight/LightConnector","Assemble","ASSEMBLE","","","","","","",""
106971,"SATSUMA(557kg, 248)/Wiring/Triggers/MarkerRight/LightConnector","Assemble","CLOSELOOP","","","","","","",""
106971,"SATSUMA(557kg, 248)/Wiring/Triggers/MarkerRight/LightConnector","Assemble","INSTALLED","","","","","","",""
106971,"SATSUMA(557kg, 248)/Wiring/Triggers/MarkerRight/LightConnector","Assemble","LOOP","","","","","","",""
106971,"SATSUMA(557kg, 248)/Wiring/Triggers/MarkerRight/LightConnector","Assemble","NOTINSTALLED","","","","","","",""
107628,"SATSUMA(557kg, 248)/Wiring/Triggers/GroundBattery/BatteryMinusStarter","Assemble","State 1","ASSEMBLE->Assemble","SetBoolValue;SetStringValue;GetDistance;FloatCompare","WiringTool=0[]","","- useVariable: 0;","boolValue;everyFrame;stringVariable;stringValue;everyFrame;gameObject;target;storeResult;everyFrame;float1;float2;tolerance;equal;lessThan;greaterThan;everyFrame","GUIassemble|Distance|Distance???=|Tolerance|ASSEMBLE"
107628,"SATSUMA(557kg, 248)/Wiring/Triggers/GroundBattery/BatteryMinusStarter","Assemble","Assemble","LOOP->State 1;ASSEMBLE->Sound","SetBoolValue;SetStringValue;GetDistance;FloatCompare;GetButtonDown","WiringTool=0[]","","- useVariable: 0;NEGATIVE TERMINAL;Use","boolValue;everyFrame;stringVariable;stringValue;everyFrame;gameObject;target;storeResult;everyFrame;float1;float2;tolerance;equal;lessThan;greaterThan;everyFrame;buttonName;sendEvent;storeResult","GUIassemble|Distance|Distance???=|Tolerance|LOOP|ASSEMBLE"
107628,"SATSUMA(557kg, 248)/Wiring/Triggers/GroundBattery/BatteryMinusStarter","Assemble","Sound","CLOSELOOP->Finish assembly","SetBoolValue;SetStringValue;SendEventByName","_OtherEnd=32759[SATSUMA(557kg, 248)/Wiring/Triggers/GroundBattery/StarterBatteryMinus]","","- useVariable: 0;- useVariable: 0;CLOSELOOP","boolValue;everyFrame;stringVariable;stringValue;everyFrame;eventTarget;sendEvent;delay;everyFrame","GUIassemble"
107628,"SATSUMA(557kg, 248)/Wiring/Triggers/GroundBattery/BatteryMinusStarter","Assemble","Finish assembly","","SetFsmBool;SetFsmBool;ActivateGameObject;ArrayListResetValues;SetFsmFloat;SetFsmBool;ActivateGameObject;SendEvent;ActivateGameObject","db_ThisPart=7904[Database/DatabaseWiring/WiringGround1];db_ThisPart2=3446[Database/DatabaseWiring/WiringBatteryMinus];ThisWire1=28418[SATSUMA(557kg, 248)/Wiring/Parts/wiring_ground(xxxxx)];ThisWire2=29245[SATSUMA(557kg, 248)/Wiring/Parts/battery_terminal_minus(xxxxx)];Owner=0[]","","CarBuilding;wiring;Data;Installed;Data;Installed;- useVariable: 0;BoltCheck;Tightness;BoltCheck;SameLoad","soundGroupName;variationName;volume;delaySound;useThisLocation;attachToGameObject;useFixedPitch;fixedPitch;gameObject;fsmName;variableName;setValue;everyFrame;gameObject;fsmName;variableName;setValue;everyFrame;gameObject;activate;recursive;resetOnExit;everyFrame;gameObject;reference;resetValue;gameObject;fsmName;variableName;setValue;everyFrame;gameObject;fsmName;variableName;setValue;everyFrame;gameObject;activate;recursive;resetOnExit;everyFrame;eventTarget;sendEvent;delay;everyFrame;gameObject;activate;recursive;resetOnExit;everyFrame","??|??|RESETWIRING"
107628,"SATSUMA(557kg, 248)/Wiring/Triggers/GroundBattery/BatteryMinusStarter","Assemble","Init","FINISHED->State 1","GetParent","Owner=0[]","","","storeResult",""
107628,"SATSUMA(557kg, 248)/Wiring/Triggers/GroundBattery/BatteryMinusStarter","Assemble","FINISHED","","","","","","",""
107628,"SATSUMA(557kg, 248)/Wiring/Triggers/GroundBattery/BatteryMinusStarter","Assemble","ASSEMBLE","","","","","","",""
107628,"SATSUMA(557kg, 248)/Wiring/Triggers/GroundBattery/BatteryMinusStarter","Assemble","CLOSELOOP","","","","","","",""
107628,"SATSUMA(557kg, 248)/Wiring/Triggers/GroundBattery/BatteryMinusStarter","Assemble","INSTALLED","","","","","","",""
107628,"SATSUMA(557kg, 248)/Wiring/Triggers/GroundBattery/BatteryMinusStarter","Assemble","LOOP","","","","","","",""
107628,"SATSUMA(557kg, 248)/Wiring/Triggers/GroundBattery/BatteryMinusStarter","Assemble","NOTINSTALLED","","","","","","",""
108109,"SATSUMA(557kg, 248)/Wiring/Triggers/RadiatorfanHarness/HarnessRadiatorfan","Assemble","State 1","ASSEMBLE->Assemble","SetBoolValue;SetStringValue;GetDistance;FloatCompare","WiringTool=0[]","","- useVariable: 0;","boolValue;everyFrame;stringVariable;stringValue;everyFrame;gameObject;target;storeResult;everyFrame;float1;float2;tolerance;equal;lessThan;greaterThan;everyFrame","GUIassemble|Distance|Distance???=|Tolerance|ASSEMBLE"
108109,"SATSUMA(557kg, 248)/Wiring/Triggers/RadiatorfanHarness/HarnessRadiatorfan","Assemble","Assemble","LOOP->State 1;ASSEMBLE->Sound","SetBoolValue;SetStringValue;GetDistance;FloatCompare;GetButtonDown","WiringTool=0[]","","- useVariable: 0;MAIN HARNESS CONNECTOR;Use","boolValue;everyFrame;stringVariable;stringValue;everyFrame;gameObject;target;storeResult;everyFrame;float1;float2;tolerance;equal;lessThan;greaterThan;everyFrame;buttonName;sendEvent;storeResult","GUIassemble|Distance|Distance???=|Tolerance|LOOP|ASSEMBLE"
108109,"SATSUMA(557kg, 248)/Wiring/Triggers/RadiatorfanHarness/HarnessRadiatorfan","Assemble","Sound","CLOSELOOP->Finish assembly","SetBoolValue;SetStringValue;SendEventByName","_OtherEnd=22632[SATSUMA(557kg, 248)/Wiring/Triggers/RadiatorfanHarness/RadiatorfanHarness]","","- useVariable: 0;- useVariable: 0;CLOSELOOP","boolValue;everyFrame;stringVariable;stringValue;everyFrame;eventTarget;sendEvent;delay;everyFrame","GUIassemble"
108109,"SATSUMA(557kg, 248)/Wiring/Triggers/RadiatorfanHarness/HarnessRadiatorfan","Assemble","Finish assembly","","SetFsmBool;ActivateGameObject;SendEvent;ActivateGameObject","db_ThisPart=28845[Database/DatabaseWiring/WiringRadiatorfan];ThisWire1=5504[SATSUMA(557kg, 248)/Wiring/Parts/wiring_radiatorfan(xxxxx)];Owner=0[]","","CarBuilding;wiring;Data;Installed","soundGroupName;variationName;volume;delaySound;useThisLocation;attachToGameObject;useFixedPitch;fixedPitch;gameObject;fsmName;variableName;setValue;everyFrame;gameObject;activate;recursive;resetOnExit;everyFrame;eventTarget;sendEvent;delay;everyFrame;gameObject;activate;recursive;resetOnExit;everyFrame","??|??|RESETWIRING"
108109,"SATSUMA(557kg, 248)/Wiring/Triggers/RadiatorfanHarness/HarnessRadiatorfan","Assemble","Init","FINISHED->State 1","GetParent","Owner=0[]","","","storeResult",""
108109,"SATSUMA(557kg, 248)/Wiring/Triggers/RadiatorfanHarness/HarnessRadiatorfan","Assemble","FINISHED","","","","","","",""
108109,"SATSUMA(557kg, 248)/Wiring/Triggers/RadiatorfanHarness/HarnessRadiatorfan","Assemble","ASSEMBLE","","","","","","",""
108109,"SATSUMA(557kg, 248)/Wiring/Triggers/RadiatorfanHarness/HarnessRadiatorfan","Assemble","CLOSELOOP","","","","","","",""
108109,"SATSUMA(557kg, 248)/Wiring/Triggers/RadiatorfanHarness/HarnessRadiatorfan","Assemble","INSTALLED","","","","","","",""
108109,"SATSUMA(557kg, 248)/Wiring/Triggers/RadiatorfanHarness/HarnessRadiatorfan","Assemble","LOOP","","","","","","",""
108109,"SATSUMA(557kg, 248)/Wiring/Triggers/RadiatorfanHarness/HarnessRadiatorfan","Assemble","NOTINSTALLED","","","","","","",""
108172,"SATSUMA(557kg, 248)/Wiring/Triggers/SubwooferRight/SubwooferAmplifier","Assemble","State 1","ASSEMBLE->Assemble","SetBoolValue;SetStringValue;GetDistance;FloatCompare","WiringTool=0[]","","- useVariable: 0;","boolValue;everyFrame;stringVariable;stringValue;everyFrame;gameObject;target;storeResult;everyFrame;float1;float2;tolerance;equal;lessThan;greaterThan;everyFrame","GUIassemble|Distance|Distance???=|Tolerance|ASSEMBLE"
108172,"SATSUMA(557kg, 248)/Wiring/Triggers/SubwooferRight/SubwooferAmplifier","Assemble","Assemble","LOOP->State 1;ASSEMBLE->Sound","SetBoolValue;SetStringValue;GetDistance;FloatCompare;GetButtonDown","WiringTool=0[]","","- useVariable: 0;SUBWOOFER RIGHT;Use","boolValue;everyFrame;stringVariable;stringValue;everyFrame;gameObject;target;storeResult;everyFrame;float1;float2;tolerance;equal;lessThan;greaterThan;everyFrame;buttonName;sendEvent;storeResult","GUIassemble|Distance|Distance???=|Tolerance|LOOP|ASSEMBLE"
108172,"SATSUMA(557kg, 248)/Wiring/Triggers/SubwooferRight/SubwooferAmplifier","Assemble","Sound","CLOSELOOP->Finish assembly","SetBoolValue;SetStringValue;SendEventByName","_OtherEnd=19119[SATSUMA(557kg, 248)/Wiring/Triggers/SubwooferRight/AmplifierSubwoofer]","","- useVariable: 0;- useVariable: 0;CLOSELOOP","boolValue;everyFrame;stringVariable;stringValue;everyFrame;eventTarget;sendEvent;delay;everyFrame","GUIassemble"
108172,"SATSUMA(557kg, 248)/Wiring/Triggers/SubwooferRight/SubwooferAmplifier","Assemble","Finish assembly","","SetFsmBool;ActivateGameObject;SendEvent;ActivateGameObject","db_ThisPart=17754[Database/DatabaseWiring/WiringSubwooferRight];ThisWire1=27123[SATSUMA(557kg, 248)/Wiring/Parts/wiring_subwoofer_right(xxxxx)];Owner=0[]","","CarBuilding;wiring;Data;Installed","soundGroupName;variationName;volume;delaySound;useThisLocation;attachToGameObject;useFixedPitch;fixedPitch;gameObject;fsmName;variableName;setValue;everyFrame;gameObject;activate;recursive;resetOnExit;everyFrame;eventTarget;sendEvent;delay;everyFrame;gameObject;activate;recursive;resetOnExit;everyFrame","??|??|RESETWIRING"
108172,"SATSUMA(557kg, 248)/Wiring/Triggers/SubwooferRight/SubwooferAmplifier","Assemble","Init","FINISHED->State 1","GetParent","Owner=0[]","","","storeResult",""
108172,"SATSUMA(557kg, 248)/Wiring/Triggers/SubwooferRight/SubwooferAmplifier","Assemble","FINISHED","","","","","","",""
108172,"SATSUMA(557kg, 248)/Wiring/Triggers/SubwooferRight/SubwooferAmplifier","Assemble","ASSEMBLE","","","","","","",""
108172,"SATSUMA(557kg, 248)/Wiring/Triggers/SubwooferRight/SubwooferAmplifier","Assemble","CLOSELOOP","","","","","","",""
108172,"SATSUMA(557kg, 248)/Wiring/Triggers/SubwooferRight/SubwooferAmplifier","Assemble","INSTALLED","","","","","","",""
108172,"SATSUMA(557kg, 248)/Wiring/Triggers/SubwooferRight/SubwooferAmplifier","Assemble","LOOP","","","","","","",""
108172,"SATSUMA(557kg, 248)/Wiring/Triggers/SubwooferRight/SubwooferAmplifier","Assemble","NOTINSTALLED","","","","","","",""
108559,"SATSUMA(557kg, 248)/Wiring/Triggers/Fueltank/ConnectorTank","Assemble","State 1","ASSEMBLE->Assemble","SetBoolValue;SetStringValue;GetDistance;FloatCompare","WiringTool=0[]","","- useVariable: 0;","boolValue;everyFrame;stringVariable;stringValue;everyFrame;gameObject;target;storeResult;everyFrame;float1;float2;tolerance;equal;lessThan;greaterThan;everyFrame","GUIassemble|Distance|Distance???=|Tolerance|ASSEMBLE"
108559,"SATSUMA(557kg, 248)/Wiring/Triggers/Fueltank/ConnectorTank","Assemble","Assemble","LOOP->State 1;ASSEMBLE->Sound","SetBoolValue;SetStringValue;GetDistance;FloatCompare;GetButtonDown","WiringTool=0[]","","- useVariable: 0;REAR HARNESS CONNECTOR;Use","boolValue;everyFrame;stringVariable;stringValue;everyFrame;gameObject;target;storeResult;everyFrame;float1;float2;tolerance;equal;lessThan;greaterThan;everyFrame;buttonName;sendEvent;storeResult","GUIassemble|Distance|Distance???=|Tolerance|LOOP|ASSEMBLE"
108559,"SATSUMA(557kg, 248)/Wiring/Triggers/Fueltank/ConnectorTank","Assemble","Sound","CLOSELOOP->Finish assembly","SetBoolValue;SetStringValue;SendEventByName","_OtherEnd=9923[SATSUMA(557kg, 248)/Wiring/Triggers/Fueltank/TankConnector]","","- useVariable: 0;- useVariable: 0;CLOSELOOP","boolValue;everyFrame;stringVariable;stringValue;everyFrame;eventTarget;sendEvent;delay;everyFrame","GUIassemble"
108559,"SATSUMA(557kg, 248)/Wiring/Triggers/Fueltank/ConnectorTank","Assemble","Finish assembly","","SetFsmBool;ActivateGameObject;SendEvent;ActivateGameObject","db_ThisPart=27107[Database/DatabaseWiring/WiringFueltank];ThisWire1=20456[SATSUMA(557kg, 248)/Wiring/Parts/wiring_fueltank(xxxxx)];Owner=0[]","","CarBuilding;wiring;Data;Installed","soundGroupName;variationName;volume;delaySound;useThisLocation;attachToGameObject;useFixedPitch;fixedPitch;gameObject;fsmName;variableName;setValue;everyFrame;gameObject;activate;recursive;resetOnExit;everyFrame;eventTarget;sendEvent;delay;everyFrame;gameObject;activate;recursive;resetOnExit;everyFrame","??|??|RESETWIRING"
108559,"SATSUMA(557kg, 248)/Wiring/Triggers/Fueltank/ConnectorTank","Assemble","Init","FINISHED->State 1","GetParent","Owner=0[]","","","storeResult",""
108559,"SATSUMA(557kg, 248)/Wiring/Triggers/Fueltank/ConnectorTank","Assemble","FINISHED","","","","","","",""
108559,"SATSUMA(557kg, 248)/Wiring/Triggers/Fueltank/ConnectorTank","Assemble","ASSEMBLE","","","","","","",""
108559,"SATSUMA(557kg, 248)/Wiring/Triggers/Fueltank/ConnectorTank","Assemble","CLOSELOOP","","","","","","",""
108559,"SATSUMA(557kg, 248)/Wiring/Triggers/Fueltank/ConnectorTank","Assemble","INSTALLED","","","","","","",""
108559,"SATSUMA(557kg, 248)/Wiring/Triggers/Fueltank/ConnectorTank","Assemble","LOOP","","","","","","",""
108559,"SATSUMA(557kg, 248)/Wiring/Triggers/Fueltank/ConnectorTank","Assemble","NOTINSTALLED","","","","","","",""
108802,"SATSUMA(557kg, 248)/Wiring/Triggers/CoilHarness/CoilHarness","Assemble","State 1","ASSEMBLE->Assemble","SetBoolValue;SetStringValue;GetDistance;FloatCompare","WiringTool=0[]","","- useVariable: 0;","boolValue;everyFrame;stringVariable;stringValue;everyFrame;gameObject;target;storeResult;everyFrame;float1;float2;tolerance;equal;lessThan;greaterThan;everyFrame","GUIassemble|Distance|Distance???=|Tolerance|ASSEMBLE"
108802,"SATSUMA(557kg, 248)/Wiring/Triggers/CoilHarness/CoilHarness","Assemble","Assemble","LOOP->State 1;ASSEMBLE->Sound","SetBoolValue;SetStringValue;GetDistance;FloatCompare;GetButtonDown","WiringTool=0[]","","- useVariable: 0;IGNITION COIL;Use","boolValue;everyFrame;stringVariable;stringValue;everyFrame;gameObject;target;storeResult;everyFrame;float1;float2;tolerance;equal;lessThan;greaterThan;everyFrame;buttonName;sendEvent;storeResult","GUIassemble|Distance|Distance???=|Tolerance|LOOP|ASSEMBLE"
108802,"SATSUMA(557kg, 248)/Wiring/Triggers/CoilHarness/CoilHarness","Assemble","Sound","CLOSELOOP->Finish assembly","SetBoolValue;SetStringValue;SendEventByName","_OtherEnd=21942[SATSUMA(557kg, 248)/Wiring/Triggers/CoilHarness/HarnessCoil]","","- useVariable: 0;- useVariable: 0;CLOSELOOP","boolValue;everyFrame;stringVariable;stringValue;everyFrame;eventTarget;sendEvent;delay;everyFrame","GUIassemble"
108802,"SATSUMA(557kg, 248)/Wiring/Triggers/CoilHarness/CoilHarness","Assemble","Finish assembly","","SetFsmBool;ActivateGameObject;SendEvent;ActivateGameObject","db_ThisPart=24055[Database/DatabaseWiring/WiringCoil];ThisWire1=17873[SATSUMA(557kg, 248)/Wiring/Parts/wiring_coil(xxxxx)];Owner=0[]","","CarBuilding;wiring;Data;Installed","soundGroupName;variationName;volume;delaySound;useThisLocation;attachToGameObject;useFixedPitch;fixedPitch;gameObject;fsmName;variableName;setValue;everyFrame;gameObject;activate;recursive;resetOnExit;everyFrame;eventTarget;sendEvent;delay;everyFrame;gameObject;activate;recursive;resetOnExit;everyFrame","??|??|RESETWIRING"
108802,"SATSUMA(557kg, 248)/Wiring/Triggers/CoilHarness/CoilHarness","Assemble","Init","FINISHED->State 1","GetParent","Owner=0[]","","","storeResult",""
108802,"SATSUMA(557kg, 248)/Wiring/Triggers/CoilHarness/CoilHarness","Assemble","FINISHED","","","","","","",""
108802,"SATSUMA(557kg, 248)/Wiring/Triggers/CoilHarness/CoilHarness","Assemble","ASSEMBLE","","","","","","",""
108802,"SATSUMA(557kg, 248)/Wiring/Triggers/CoilHarness/CoilHarness","Assemble","CLOSELOOP","","","","","","",""
108802,"SATSUMA(557kg, 248)/Wiring/Triggers/CoilHarness/CoilHarness","Assemble","INSTALLED","","","","","","",""
108802,"SATSUMA(557kg, 248)/Wiring/Triggers/CoilHarness/CoilHarness","Assemble","LOOP","","","","","","",""
108802,"SATSUMA(557kg, 248)/Wiring/Triggers/CoilHarness/CoilHarness","Assemble","NOTINSTALLED","","","","","","",""
108982,"SATSUMA(557kg, 248)/Wiring/Triggers/Radio/RadioHarness","Assemble","State 1","ASSEMBLE->Assemble","SetBoolValue;SetStringValue;GetDistance;FloatCompare","WiringTool=0[]","","- useVariable: 0;","boolValue;everyFrame;stringVariable;stringValue;everyFrame;gameObject;target;storeResult;everyFrame;float1;float2;tolerance;equal;lessThan;greaterThan;everyFrame","GUIassemble|Distance|Distance???=|Tolerance|ASSEMBLE"
108982,"SATSUMA(557kg, 248)/Wiring/Triggers/Radio/RadioHarness","Assemble","Assemble","LOOP->State 1;ASSEMBLE->Sound","SetBoolValue;SetStringValue;GetDistance;FloatCompare;GetButtonDown","WiringTool=0[]","","- useVariable: 0;RADIO;Use","boolValue;everyFrame;stringVariable;stringValue;everyFrame;gameObject;target;storeResult;everyFrame;float1;float2;tolerance;equal;lessThan;greaterThan;everyFrame;buttonName;sendEvent;storeResult","GUIassemble|Distance|Distance???=|Tolerance|LOOP|ASSEMBLE"
108982,"SATSUMA(557kg, 248)/Wiring/Triggers/Radio/RadioHarness","Assemble","Sound","CLOSELOOP->Finish assembly","SetBoolValue;SetStringValue;SendEventByName","_OtherEnd=2536[SATSUMA(557kg, 248)/Wiring/Triggers/Radio/HarnessRadio]","","- useVariable: 0;- useVariable: 0;CLOSELOOP","boolValue;everyFrame;stringVariable;stringValue;everyFrame;eventTarget;sendEvent;delay;everyFrame","GUIassemble"
108982,"SATSUMA(557kg, 248)/Wiring/Triggers/Radio/RadioHarness","Assemble","Finish assembly","","SetFsmBool;ActivateGameObject;SendEvent;ActivateGameObject","db_ThisPart=31304[Database/DatabaseWiring/WiringRadio];ThisWire1=511[SATSUMA(557kg, 248)/Wiring/Parts/wiring_radio(xxxxx)];Owner=0[]","","CarBuilding;wiring;Data;Installed","soundGroupName;variationName;volume;delaySound;useThisLocation;attachToGameObject;useFixedPitch;fixedPitch;gameObject;fsmName;variableName;setValue;everyFrame;gameObject;activate;recursive;resetOnExit;everyFrame;eventTarget;sendEvent;delay;everyFrame;gameObject;activate;recursive;resetOnExit;everyFrame","??|??|RESETWIRING"
108982,"SATSUMA(557kg, 248)/Wiring/Triggers/Radio/RadioHarness","Assemble","Init","FINISHED->State 1","GetParent","Owner=0[]","","","storeResult",""
108982,"SATSUMA(557kg, 248)/Wiring/Triggers/Radio/RadioHarness","Assemble","FINISHED","","","","","","",""
108982,"SATSUMA(557kg, 248)/Wiring/Triggers/Radio/RadioHarness","Assemble","ASSEMBLE","","","","","","",""
108982,"SATSUMA(557kg, 248)/Wiring/Triggers/Radio/RadioHarness","Assemble","CLOSELOOP","","","","","","",""
108982,"SATSUMA(557kg, 248)/Wiring/Triggers/Radio/RadioHarness","Assemble","INSTALLED","","","","","","",""
108982,"SATSUMA(557kg, 248)/Wiring/Triggers/Radio/RadioHarness","Assemble","LOOP","","","","","","",""
108982,"SATSUMA(557kg, 248)/Wiring/Triggers/Radio/RadioHarness","Assemble","NOTINSTALLED","","","","","","",""
109475,"SATSUMA(557kg, 248)/Wiring/Triggers/SubwooferRight/AmplifierSubwoofer","Assemble","State 1","ASSEMBLE->Assemble","SetBoolValue;SetStringValue;GetDistance;FloatCompare","WiringTool=0[]","","- useVariable: 0;","boolValue;everyFrame;stringVariable;stringValue;everyFrame;gameObject;target;storeResult;everyFrame;float1;float2;tolerance;equal;lessThan;greaterThan;everyFrame","GUIassemble|Distance|Distance???=|Tolerance|ASSEMBLE"
109475,"SATSUMA(557kg, 248)/Wiring/Triggers/SubwooferRight/AmplifierSubwoofer","Assemble","Assemble","LOOP->State 1;ASSEMBLE->Sound","SetBoolValue;SetStringValue;GetDistance;FloatCompare;GetButtonDown","WiringTool=0[]","","- useVariable: 0;AUDIO OUT RIGHT;Use","boolValue;everyFrame;stringVariable;stringValue;everyFrame;gameObject;target;storeResult;everyFrame;float1;float2;tolerance;equal;lessThan;greaterThan;everyFrame;buttonName;sendEvent;storeResult","GUIassemble|Distance|Distance???=|Tolerance|LOOP|ASSEMBLE"
109475,"SATSUMA(557kg, 248)/Wiring/Triggers/SubwooferRight/AmplifierSubwoofer","Assemble","Sound","CLOSELOOP->Finish assembly","SetBoolValue;SetStringValue;SendEventByName","_OtherEnd=14161[SATSUMA(557kg, 248)/Wiring/Triggers/SubwooferRight/SubwooferAmplifier]","","- useVariable: 0;- useVariable: 0;CLOSELOOP","boolValue;everyFrame;stringVariable;stringValue;everyFrame;eventTarget;sendEvent;delay;everyFrame","GUIassemble"
109475,"SATSUMA(557kg, 248)/Wiring/Triggers/SubwooferRight/AmplifierSubwoofer","Assemble","Finish assembly","","SetFsmBool;ActivateGameObject;SendEvent;ActivateGameObject","db_ThisPart=17754[Database/DatabaseWiring/WiringSubwooferRight];ThisWire1=27123[SATSUMA(557kg, 248)/Wiring/Parts/wiring_subwoofer_right(xxxxx)];Owner=0[]","","CarBuilding;wiring;Data;Installed","soundGroupName;variationName;volume;delaySound;useThisLocation;attachToGameObject;useFixedPitch;fixedPitch;gameObject;fsmName;variableName;setValue;everyFrame;gameObject;activate;recursive;resetOnExit;everyFrame;eventTarget;sendEvent;delay;everyFrame;gameObject;activate;recursive;resetOnExit;everyFrame","??|??|RESETWIRING"
109475,"SATSUMA(557kg, 248)/Wiring/Triggers/SubwooferRight/AmplifierSubwoofer","Assemble","Init","FINISHED->State 1","GetParent","Owner=0[]","","","storeResult",""
109475,"SATSUMA(557kg, 248)/Wiring/Triggers/SubwooferRight/AmplifierSubwoofer","Assemble","FINISHED","","","","","","",""
109475,"SATSUMA(557kg, 248)/Wiring/Triggers/SubwooferRight/AmplifierSubwoofer","Assemble","ASSEMBLE","","","","","","",""
109475,"SATSUMA(557kg, 248)/Wiring/Triggers/SubwooferRight/AmplifierSubwoofer","Assemble","CLOSELOOP","","","","","","",""
109475,"SATSUMA(557kg, 248)/Wiring/Triggers/SubwooferRight/AmplifierSubwoofer","Assemble","INSTALLED","","","","","","",""
109475,"SATSUMA(557kg, 248)/Wiring/Triggers/SubwooferRight/AmplifierSubwoofer","Assemble","LOOP","","","","","","",""
109475,"SATSUMA(557kg, 248)/Wiring/Triggers/SubwooferRight/AmplifierSubwoofer","Assemble","NOTINSTALLED","","","","","","",""
109482,"SATSUMA(557kg, 248)/Wiring/Triggers/MarkerLeft/LightConnector","Assemble","State 1","ASSEMBLE->Assemble","SetBoolValue;SetStringValue;GetDistance;FloatCompare","WiringTool=0[]","","- useVariable: 0;","boolValue;everyFrame;stringVariable;stringValue;everyFrame;gameObject;target;storeResult;everyFrame;float1;float2;tolerance;equal;lessThan;greaterThan;everyFrame","GUIassemble|Distance|Distance???=|Tolerance|ASSEMBLE"
109482,"SATSUMA(557kg, 248)/Wiring/Triggers/MarkerLeft/LightConnector","Assemble","Assemble","LOOP->State 1;ASSEMBLE->Sound","SetBoolValue;SetStringValue;GetDistance;FloatCompare;GetButtonDown","WiringTool=0[]","","- useVariable: 0;MARKER LIGHT LEFT;Use","boolValue;everyFrame;stringVariable;stringValue;everyFrame;gameObject;target;storeResult;everyFrame;float1;float2;tolerance;equal;lessThan;greaterThan;everyFrame;buttonName;sendEvent;storeResult","GUIassemble|Distance|Distance???=|Tolerance|LOOP|ASSEMBLE"
109482,"SATSUMA(557kg, 248)/Wiring/Triggers/MarkerLeft/LightConnector","Assemble","Sound","CLOSELOOP->Finish assembly","SetBoolValue;SetStringValue;SendEventByName","_OtherEnd=22205[SATSUMA(557kg, 248)/Wiring/Triggers/MarkerLeft/ConnectorLight]","","- useVariable: 0;- useVariable: 0;CLOSELOOP","boolValue;everyFrame;stringVariable;stringValue;everyFrame;eventTarget;sendEvent;delay;everyFrame","GUIassemble"
109482,"SATSUMA(557kg, 248)/Wiring/Triggers/MarkerLeft/LightConnector","Assemble","Finish assembly","","SetFsmBool;ActivateGameObject;SendEvent;ActivateGameObject","db_ThisPart=8611[Database/DatabaseWiring/WiringMarkerLeft];ThisWire1=10649[SATSUMA(557kg, 248)/Wiring/Parts/wiring_marker_left(xxxxx)];Owner=0[]","","CarBuilding;wiring;Data;Installed","soundGroupName;variationName;volume;delaySound;useThisLocation;attachToGameObject;useFixedPitch;fixedPitch;gameObject;fsmName;variableName;setValue;everyFrame;gameObject;activate;recursive;resetOnExit;everyFrame;eventTarget;sendEvent;delay;everyFrame;gameObject;activate;recursive;resetOnExit;everyFrame","??|??|RESETWIRING"
109482,"SATSUMA(557kg, 248)/Wiring/Triggers/MarkerLeft/LightConnector","Assemble","Init","FINISHED->State 1","GetParent","Owner=0[]","","","storeResult",""
109482,"SATSUMA(557kg, 248)/Wiring/Triggers/MarkerLeft/LightConnector","Assemble","FINISHED","","","","","","",""
109482,"SATSUMA(557kg, 248)/Wiring/Triggers/MarkerLeft/LightConnector","Assemble","ASSEMBLE","","","","","","",""
109482,"SATSUMA(557kg, 248)/Wiring/Triggers/MarkerLeft/LightConnector","Assemble","CLOSELOOP","","","","","","",""
109482,"SATSUMA(557kg, 248)/Wiring/Triggers/MarkerLeft/LightConnector","Assemble","INSTALLED","","","","","","",""
109482,"SATSUMA(557kg, 248)/Wiring/Triggers/MarkerLeft/LightConnector","Assemble","LOOP","","","","","","",""
109482,"SATSUMA(557kg, 248)/Wiring/Triggers/MarkerLeft/LightConnector","Assemble","NOTINSTALLED","","","","","","",""
109521,"SATSUMA(557kg, 248)/Wiring/Triggers/MarkerRight/ConnectorLight","Assemble","State 1","ASSEMBLE->Assemble","SetBoolValue;SetStringValue;GetDistance;FloatCompare","WiringTool=0[]","","- useVariable: 0;","boolValue;everyFrame;stringVariable;stringValue;everyFrame;gameObject;target;storeResult;everyFrame;float1;float2;tolerance;equal;lessThan;greaterThan;everyFrame","GUIassemble|Distance|Distance???=|Tolerance|ASSEMBLE"
109521,"SATSUMA(557kg, 248)/Wiring/Triggers/MarkerRight/ConnectorLight","Assemble","Assemble","LOOP->State 1;ASSEMBLE->Sound","SetBoolValue;SetStringValue;GetDistance;FloatCompare;GetButtonDown","WiringTool=0[]","","- useVariable: 0;FRONT LIGHTS CONNECTOR;Use","boolValue;everyFrame;stringVariable;stringValue;everyFrame;gameObject;target;storeResult;everyFrame;float1;float2;tolerance;equal;lessThan;greaterThan;everyFrame;buttonName;sendEvent;storeResult","GUIassemble|Distance|Distance???=|Tolerance|LOOP|ASSEMBLE"
109521,"SATSUMA(557kg, 248)/Wiring/Triggers/MarkerRight/ConnectorLight","Assemble","Sound","CLOSELOOP->Finish assembly","SetBoolValue;SetStringValue;SendEventByName","_OtherEnd=10037[SATSUMA(557kg, 248)/Wiring/Triggers/MarkerRight/LightConnector]","","- useVariable: 0;- useVariable: 0;CLOSELOOP","boolValue;everyFrame;stringVariable;stringValue;everyFrame;eventTarget;sendEvent;delay;everyFrame","GUIassemble"
109521,"SATSUMA(557kg, 248)/Wiring/Triggers/MarkerRight/ConnectorLight","Assemble","Finish assembly","","SetFsmBool;ActivateGameObject;SendEvent;ActivateGameObject","db_ThisPart=18122[Database/DatabaseWiring/WiringMarkerRight];ThisWire1=21458[SATSUMA(557kg, 248)/Wiring/Parts/wiring_marker_right(xxxxx)];Owner=0[]","","CarBuilding;wiring;Data;Installed","soundGroupName;variationName;volume;delaySound;useThisLocation;attachToGameObject;useFixedPitch;fixedPitch;gameObject;fsmName;variableName;setValue;everyFrame;gameObject;activate;recursive;resetOnExit;everyFrame;eventTarget;sendEvent;delay;everyFrame;gameObject;activate;recursive;resetOnExit;everyFrame","??|??|RESETWIRING"
109521,"SATSUMA(557kg, 248)/Wiring/Triggers/MarkerRight/ConnectorLight","Assemble","Init","FINISHED->State 1","GetParent","Owner=0[]","","","storeResult",""
109521,"SATSUMA(557kg, 248)/Wiring/Triggers/MarkerRight/ConnectorLight","Assemble","FINISHED","","","","","","",""
109521,"SATSUMA(557kg, 248)/Wiring/Triggers/MarkerRight/ConnectorLight","Assemble","ASSEMBLE","","","","","","",""
109521,"SATSUMA(557kg, 248)/Wiring/Triggers/MarkerRight/ConnectorLight","Assemble","CLOSELOOP","","","","","","",""
109521,"SATSUMA(557kg, 248)/Wiring/Triggers/MarkerRight/ConnectorLight","Assemble","INSTALLED","","","","","","",""
109521,"SATSUMA(557kg, 248)/Wiring/Triggers/MarkerRight/ConnectorLight","Assemble","LOOP","","","","","","",""
109521,"SATSUMA(557kg, 248)/Wiring/Triggers/MarkerRight/ConnectorLight","Assemble","NOTINSTALLED","","","","","","",""
109887,"SATSUMA(557kg, 248)/Wiring/Triggers/Dash1/FuseboxDash","Assemble","State 1","ASSEMBLE->Assemble","SetBoolValue;SetStringValue;GetDistance;FloatCompare","WiringTool=0[]","","- useVariable: 0;","boolValue;everyFrame;stringVariable;stringValue;everyFrame;gameObject;target;storeResult;everyFrame;float1;float2;tolerance;equal;lessThan;greaterThan;everyFrame","GUIassemble|Distance|Distance???=|Tolerance|ASSEMBLE"
109887,"SATSUMA(557kg, 248)/Wiring/Triggers/Dash1/FuseboxDash","Assemble","Assemble","LOOP->State 1;ASSEMBLE->Sound","SetBoolValue;SetStringValue;GetDistance;FloatCompare;GetButtonDown","WiringTool=0[]","","- useVariable: 0;FUSEBOX;Use","boolValue;everyFrame;stringVariable;stringValue;everyFrame;gameObject;target;storeResult;everyFrame;float1;float2;tolerance;equal;lessThan;greaterThan;everyFrame;buttonName;sendEvent;storeResult","GUIassemble|Distance|Distance???=|Tolerance|LOOP|ASSEMBLE"
109887,"SATSUMA(557kg, 248)/Wiring/Triggers/Dash1/FuseboxDash","Assemble","Sound","CLOSELOOP->Finish assembly","SetBoolValue;SetStringValue;SendEventByName","_OtherEnd=34727[SATSUMA(557kg, 248)/Wiring/Triggers/Dash1/DashFusebox]","","- useVariable: 0;- useVariable: 0;CLOSELOOP","boolValue;everyFrame;stringVariable;stringValue;everyFrame;eventTarget;sendEvent;delay;everyFrame","GUIassemble"
109887,"SATSUMA(557kg, 248)/Wiring/Triggers/Dash1/FuseboxDash","Assemble","Finish assembly","","SetFsmBool;ActivateGameObject;SendEvent;ActivateGameObject","db_ThisPart=26759[Database/DatabaseWiring/WiringDash1];ThisWire1=11807[SATSUMA(557kg, 248)/Wiring/Parts/wiring_dash1(xxxxx)];Owner=0[]","","CarBuilding;wiring;Data;Installed","soundGroupName;variationName;volume;delaySound;useThisLocation;attachToGameObject;useFixedPitch;fixedPitch;gameObject;fsmName;variableName;setValue;everyFrame;gameObject;activate;recursive;resetOnExit;everyFrame;eventTarget;sendEvent;delay;everyFrame;gameObject;activate;recursive;resetOnExit;everyFrame","??|??|RESETWIRING"
109887,"SATSUMA(557kg, 248)/Wiring/Triggers/Dash1/FuseboxDash","Assemble","Init","FINISHED->State 1","GetParent","Owner=0[]","","","storeResult",""
109887,"SATSUMA(557kg, 248)/Wiring/Triggers/Dash1/FuseboxDash","Assemble","FINISHED","","","","","","",""
109887,"SATSUMA(557kg, 248)/Wiring/Triggers/Dash1/FuseboxDash","Assemble","ASSEMBLE","","","","","","",""
109887,"SATSUMA(557kg, 248)/Wiring/Triggers/Dash1/FuseboxDash","Assemble","CLOSELOOP","","","","","","",""
109887,"SATSUMA(557kg, 248)/Wiring/Triggers/Dash1/FuseboxDash","Assemble","INSTALLED","","","","","","",""
109887,"SATSUMA(557kg, 248)/Wiring/Triggers/Dash1/FuseboxDash","Assemble","LOOP","","","","","","",""
109887,"SATSUMA(557kg, 248)/Wiring/Triggers/Dash1/FuseboxDash","Assemble","NOTINSTALLED","","","","","","",""
110104,"SATSUMA(557kg, 248)/Wiring/Triggers/AmplifierPower/AmplifierHarness","Assemble","State 1","ASSEMBLE->Assemble","SetBoolValue;SetStringValue;GetDistance;FloatCompare","WiringTool=0[]","","- useVariable: 0;","boolValue;everyFrame;stringVariable;stringValue;everyFrame;gameObject;target;storeResult;everyFrame;float1;float2;tolerance;equal;lessThan;greaterThan;everyFrame","GUIassemble|Distance|Distance???=|Tolerance|ASSEMBLE"
110104,"SATSUMA(557kg, 248)/Wiring/Triggers/AmplifierPower/AmplifierHarness","Assemble","Assemble","LOOP->State 1;ASSEMBLE->Sound","SetBoolValue;SetStringValue;GetDistance;FloatCompare;GetButtonDown","WiringTool=0[]","","- useVariable: 0;AMPLIFIER POWER;Use","boolValue;everyFrame;stringVariable;stringValue;everyFrame;gameObject;target;storeResult;everyFrame;float1;float2;tolerance;equal;lessThan;greaterThan;everyFrame;buttonName;sendEvent;storeResult","GUIassemble|Distance|Distance???=|Tolerance|LOOP|ASSEMBLE"
110104,"SATSUMA(557kg, 248)/Wiring/Triggers/AmplifierPower/AmplifierHarness","Assemble","Sound","CLOSELOOP->Finish assembly","SetBoolValue;SetStringValue;SendEventByName","_OtherEnd=21830[SATSUMA(557kg, 248)/Wiring/Triggers/AmplifierPower/HarnessAmplifier]","","- useVariable: 0;- useVariable: 0;CLOSELOOP","boolValue;everyFrame;stringVariable;stringValue;everyFrame;eventTarget;sendEvent;delay;everyFrame","GUIassemble"
110104,"SATSUMA(557kg, 248)/Wiring/Triggers/AmplifierPower/AmplifierHarness","Assemble","Finish assembly","","SetFsmBool;ActivateGameObject;SendEvent;ActivateGameObject","db_ThisPart=13215[Database/DatabaseWiring/WiringAmplifierPower];ThisWire1=32266[SATSUMA(557kg, 248)/Wiring/Parts/wiring_amp_power(xxxxx)];Owner=0[]","","CarBuilding;wiring;Data;Installed","soundGroupName;variationName;volume;delaySound;useThisLocation;attachToGameObject;useFixedPitch;fixedPitch;gameObject;fsmName;variableName;setValue;everyFrame;gameObject;activate;recursive;resetOnExit;everyFrame;eventTarget;sendEvent;delay;everyFrame;gameObject;activate;recursive;resetOnExit;everyFrame","??|??|RESETWIRING"
110104,"SATSUMA(557kg, 248)/Wiring/Triggers/AmplifierPower/AmplifierHarness","Assemble","Init","FINISHED->State 1","GetParent","Owner=0[]","","","storeResult",""
110104,"SATSUMA(557kg, 248)/Wiring/Triggers/AmplifierPower/AmplifierHarness","Assemble","FINISHED","","","","","","",""
110104,"SATSUMA(557kg, 248)/Wiring/Triggers/AmplifierPower/AmplifierHarness","Assemble","ASSEMBLE","","","","","","",""
110104,"SATSUMA(557kg, 248)/Wiring/Triggers/AmplifierPower/AmplifierHarness","Assemble","CLOSELOOP","","","","","","",""
110104,"SATSUMA(557kg, 248)/Wiring/Triggers/AmplifierPower/AmplifierHarness","Assemble","INSTALLED","","","","","","",""
110104,"SATSUMA(557kg, 248)/Wiring/Triggers/AmplifierPower/AmplifierHarness","Assemble","LOOP","","","","","","",""
110104,"SATSUMA(557kg, 248)/Wiring/Triggers/AmplifierPower/AmplifierHarness","Assemble","NOTINSTALLED","","","","","","",""
110128,"SATSUMA(557kg, 248)/Wiring/Triggers/BatteryHarness/HarnessBatteryPlus","Assemble","State 1","ASSEMBLE->Assemble","SetBoolValue;SetStringValue;GetDistance;FloatCompare","WiringTool=0[]","","- useVariable: 0;","boolValue;everyFrame;stringVariable;stringValue;everyFrame;gameObject;target;storeResult;everyFrame;float1;float2;tolerance;equal;lessThan;greaterThan;everyFrame","GUIassemble|Distance|Distance???=|Tolerance|ASSEMBLE"
110128,"SATSUMA(557kg, 248)/Wiring/Triggers/BatteryHarness/HarnessBatteryPlus","Assemble","Assemble","LOOP->State 1;ASSEMBLE->Sound","SetBoolValue;SetStringValue;GetDistance;FloatCompare;GetButtonDown","WiringTool=0[]","","- useVariable: 0;MAIN HARNESS CONNECTOR;Use","boolValue;everyFrame;stringVariable;stringValue;everyFrame;gameObject;target;storeResult;everyFrame;float1;float2;tolerance;equal;lessThan;greaterThan;everyFrame;buttonName;sendEvent;storeResult","GUIassemble|Distance|Distance???=|Tolerance|LOOP|ASSEMBLE"
110128,"SATSUMA(557kg, 248)/Wiring/Triggers/BatteryHarness/HarnessBatteryPlus","Assemble","Sound","CLOSELOOP->Finish assembly","SetBoolValue;SetStringValue;SendEventByName","_OtherEnd=5498[SATSUMA(557kg, 248)/Wiring/Triggers/BatteryHarness/BatteryPlusHarness]","","- useVariable: 0;- useVariable: 0;CLOSELOOP","boolValue;everyFrame;stringVariable;stringValue;everyFrame;eventTarget;sendEvent;delay;everyFrame","GUIassemble"
110128,"SATSUMA(557kg, 248)/Wiring/Triggers/BatteryHarness/HarnessBatteryPlus","Assemble","Finish assembly","","SetFsmBool;SetFsmBool;ActivateGameObject;ActivateGameObject;SendEvent;ActivateGameObject","db_ThisPart=30568[Database/DatabaseWiring/WiringBatteryHarness];db_ThisPart2=21525[Database/DatabaseWiring/WiringBatteryPlus];ThisWire1=6818[SATSUMA(557kg, 248)/Wiring/Parts/wiring_battery_harness(xxxxx)];ThisWire2=23982[SATSUMA(557kg, 248)/Wiring/Parts/battery_terminal_plus(xxxxx)];Owner=0[]","","CarBuilding;wiring;Data;Installed;Data;Installed","soundGroupName;variationName;volume;delaySound;useThisLocation;attachToGameObject;useFixedPitch;fixedPitch;gameObject;fsmName;variableName;setValue;everyFrame;gameObject;fsmName;variableName;setValue;everyFrame;gameObject;activate;recursive;resetOnExit;everyFrame;gameObject;activate;recursive;resetOnExit;everyFrame;eventTarget;sendEvent;delay;everyFrame;gameObject;activate;recursive;resetOnExit;everyFrame","??|??|RESETWIRING"
110128,"SATSUMA(557kg, 248)/Wiring/Triggers/BatteryHarness/HarnessBatteryPlus","Assemble","Init","FINISHED->State 1","GetParent","Owner=0[]","","","storeResult",""
110128,"SATSUMA(557kg, 248)/Wiring/Triggers/BatteryHarness/HarnessBatteryPlus","Assemble","FINISHED","","","","","","",""
110128,"SATSUMA(557kg, 248)/Wiring/Triggers/BatteryHarness/HarnessBatteryPlus","Assemble","ASSEMBLE","","","","","","",""
110128,"SATSUMA(557kg, 248)/Wiring/Triggers/BatteryHarness/HarnessBatteryPlus","Assemble","CLOSELOOP","","","","","","",""
110128,"SATSUMA(557kg, 248)/Wiring/Triggers/BatteryHarness/HarnessBatteryPlus","Assemble","INSTALLED","","","","","","",""
110128,"SATSUMA(557kg, 248)/Wiring/Triggers/BatteryHarness/HarnessBatteryPlus","Assemble","LOOP","","","","","","",""
110128,"SATSUMA(557kg, 248)/Wiring/Triggers/BatteryHarness/HarnessBatteryPlus","Assemble","NOTINSTALLED","","","","","","",""
110263,"SATSUMA(557kg, 248)/Wiring/Triggers/AmplifierPower/HarnessAmplifier","Assemble","State 1","ASSEMBLE->Assemble","SetBoolValue;SetStringValue;GetDistance;FloatCompare","WiringTool=0[]","","- useVariable: 0;","boolValue;everyFrame;stringVariable;stringValue;everyFrame;gameObject;target;storeResult;everyFrame;float1;float2;tolerance;equal;lessThan;greaterThan;everyFrame","GUIassemble|Distance|Distance???=|Tolerance|ASSEMBLE"
110263,"SATSUMA(557kg, 248)/Wiring/Triggers/AmplifierPower/HarnessAmplifier","Assemble","Assemble","LOOP->State 1;ASSEMBLE->Sound","SetBoolValue;SetStringValue;GetDistance;FloatCompare;GetButtonDown","WiringTool=0[]","","- useVariable: 0;RADIO HARNESS;Use","boolValue;everyFrame;stringVariable;stringValue;everyFrame;gameObject;target;storeResult;everyFrame;float1;float2;tolerance;equal;lessThan;greaterThan;everyFrame;buttonName;sendEvent;storeResult","GUIassemble|Distance|Distance???=|Tolerance|LOOP|ASSEMBLE"
110263,"SATSUMA(557kg, 248)/Wiring/Triggers/AmplifierPower/HarnessAmplifier","Assemble","Sound","CLOSELOOP->Finish assembly","SetBoolValue;SetStringValue;SendEventByName","_OtherEnd=21309[SATSUMA(557kg, 248)/Wiring/Triggers/AmplifierPower/AmplifierHarness]","","- useVariable: 0;- useVariable: 0;CLOSELOOP","boolValue;everyFrame;stringVariable;stringValue;everyFrame;eventTarget;sendEvent;delay;everyFrame","GUIassemble"
110263,"SATSUMA(557kg, 248)/Wiring/Triggers/AmplifierPower/HarnessAmplifier","Assemble","Finish assembly","","SetFsmBool;ActivateGameObject;SendEvent;ActivateGameObject","db_ThisPart=13215[Database/DatabaseWiring/WiringAmplifierPower];ThisWire1=32266[SATSUMA(557kg, 248)/Wiring/Parts/wiring_amp_power(xxxxx)];Owner=0[]","","CarBuilding;wiring;Data;Installed","soundGroupName;variationName;volume;delaySound;useThisLocation;attachToGameObject;useFixedPitch;fixedPitch;gameObject;fsmName;variableName;setValue;everyFrame;gameObject;activate;recursive;resetOnExit;everyFrame;eventTarget;sendEvent;delay;everyFrame;gameObject;activate;recursive;resetOnExit;everyFrame","??|??|RESETWIRING"
110263,"SATSUMA(557kg, 248)/Wiring/Triggers/AmplifierPower/HarnessAmplifier","Assemble","Init","FINISHED->State 1","GetParent","Owner=0[]","","","storeResult",""
110263,"SATSUMA(557kg, 248)/Wiring/Triggers/AmplifierPower/HarnessAmplifier","Assemble","FINISHED","","","","","","",""
110263,"SATSUMA(557kg, 248)/Wiring/Triggers/AmplifierPower/HarnessAmplifier","Assemble","ASSEMBLE","","","","","","",""
110263,"SATSUMA(557kg, 248)/Wiring/Triggers/AmplifierPower/HarnessAmplifier","Assemble","CLOSELOOP","","","","","","",""
110263,"SATSUMA(557kg, 248)/Wiring/Triggers/AmplifierPower/HarnessAmplifier","Assemble","INSTALLED","","","","","","",""
110263,"SATSUMA(557kg, 248)/Wiring/Triggers/AmplifierPower/HarnessAmplifier","Assemble","LOOP","","","","","","",""
110263,"SATSUMA(557kg, 248)/Wiring/Triggers/AmplifierPower/HarnessAmplifier","Assemble","NOTINSTALLED","","","","","","",""
110293,"SATSUMA(557kg, 248)/Wiring/Triggers/CoilHarness/HarnessCoil","Assemble","State 1","ASSEMBLE->Assemble","SetBoolValue;SetStringValue;GetDistance;FloatCompare","WiringTool=0[]","","- useVariable: 0;","boolValue;everyFrame;stringVariable;stringValue;everyFrame;gameObject;target;storeResult;everyFrame;float1;float2;tolerance;equal;lessThan;greaterThan;everyFrame","GUIassemble|Distance|Distance???=|Tolerance|ASSEMBLE"
110293,"SATSUMA(557kg, 248)/Wiring/Triggers/CoilHarness/HarnessCoil","Assemble","Assemble","LOOP->State 1;ASSEMBLE->Sound","SetBoolValue;SetStringValue;GetDistance;FloatCompare;GetButtonDown","WiringTool=0[]","","- useVariable: 0;MAIN HARNESS CONNECTOR;Use","boolValue;everyFrame;stringVariable;stringValue;everyFrame;gameObject;target;storeResult;everyFrame;float1;float2;tolerance;equal;lessThan;greaterThan;everyFrame;buttonName;sendEvent;storeResult","GUIassemble|Distance|Distance???=|Tolerance|LOOP|ASSEMBLE"
110293,"SATSUMA(557kg, 248)/Wiring/Triggers/CoilHarness/HarnessCoil","Assemble","Sound","CLOSELOOP->Finish assembly","SetBoolValue;SetStringValue;SendEventByName","_OtherEnd=16562[SATSUMA(557kg, 248)/Wiring/Triggers/CoilHarness/CoilHarness]","","- useVariable: 0;- useVariable: 0;CLOSELOOP","boolValue;everyFrame;stringVariable;stringValue;everyFrame;eventTarget;sendEvent;delay;everyFrame","GUIassemble"
110293,"SATSUMA(557kg, 248)/Wiring/Triggers/CoilHarness/HarnessCoil","Assemble","Finish assembly","","SetFsmBool;ActivateGameObject;SendEvent;ActivateGameObject","db_ThisPart=24055[Database/DatabaseWiring/WiringCoil];ThisWire1=17873[SATSUMA(557kg, 248)/Wiring/Parts/wiring_coil(xxxxx)];Owner=0[]","","CarBuilding;wiring;Data;Installed","soundGroupName;variationName;volume;delaySound;useThisLocation;attachToGameObject;useFixedPitch;fixedPitch;gameObject;fsmName;variableName;setValue;everyFrame;gameObject;activate;recursive;resetOnExit;everyFrame;eventTarget;sendEvent;delay;everyFrame;gameObject;activate;recursive;resetOnExit;everyFrame","??|??|RESETWIRING"
110293,"SATSUMA(557kg, 248)/Wiring/Triggers/CoilHarness/HarnessCoil","Assemble","Init","FINISHED->State 1","GetParent","Owner=0[]","","","storeResult",""
110293,"SATSUMA(557kg, 248)/Wiring/Triggers/CoilHarness/HarnessCoil","Assemble","FINISHED","","","","","","",""
110293,"SATSUMA(557kg, 248)/Wiring/Triggers/CoilHarness/HarnessCoil","Assemble","ASSEMBLE","","","","","","",""
110293,"SATSUMA(557kg, 248)/Wiring/Triggers/CoilHarness/HarnessCoil","Assemble","CLOSELOOP","","","","","","",""
110293,"SATSUMA(557kg, 248)/Wiring/Triggers/CoilHarness/HarnessCoil","Assemble","INSTALLED","","","","","","",""
110293,"SATSUMA(557kg, 248)/Wiring/Triggers/CoilHarness/HarnessCoil","Assemble","LOOP","","","","","","",""
110293,"SATSUMA(557kg, 248)/Wiring/Triggers/CoilHarness/HarnessCoil","Assemble","NOTINSTALLED","","","","","","",""
110294,"SATSUMA(557kg, 248)/Wiring/Triggers/RearlightRight/ConnectorLight","Assemble","State 1","ASSEMBLE->Assemble","SetBoolValue;SetStringValue;GetDistance;FloatCompare","WiringTool=0[]","","- useVariable: 0;","boolValue;everyFrame;stringVariable;stringValue;everyFrame;gameObject;target;storeResult;everyFrame;float1;float2;tolerance;equal;lessThan;greaterThan;everyFrame","GUIassemble|Distance|Distance???=|Tolerance|ASSEMBLE"
110294,"SATSUMA(557kg, 248)/Wiring/Triggers/RearlightRight/ConnectorLight","Assemble","Assemble","LOOP->State 1;ASSEMBLE->Sound","SetBoolValue;SetStringValue;GetDistance;FloatCompare;GetButtonDown","WiringTool=0[]","","- useVariable: 0;REAR HARNESS CONNECTOR;Use","boolValue;everyFrame;stringVariable;stringValue;everyFrame;gameObject;target;storeResult;everyFrame;float1;float2;tolerance;equal;lessThan;greaterThan;everyFrame;buttonName;sendEvent;storeResult","GUIassemble|Distance|Distance???=|Tolerance|LOOP|ASSEMBLE"
110294,"SATSUMA(557kg, 248)/Wiring/Triggers/RearlightRight/ConnectorLight","Assemble","Sound","CLOSELOOP->Finish assembly","SetBoolValue;SetStringValue;SendEventByName","_OtherEnd=31436[SATSUMA(557kg, 248)/Wiring/Triggers/RearlightRight/LightConnector]","","- useVariable: 0;- useVariable: 0;CLOSELOOP","boolValue;everyFrame;stringVariable;stringValue;everyFrame;eventTarget;sendEvent;delay;everyFrame","GUIassemble"
110294,"SATSUMA(557kg, 248)/Wiring/Triggers/RearlightRight/ConnectorLight","Assemble","Finish assembly","","SetFsmBool;ActivateGameObject;SendEvent;ActivateGameObject","db_ThisPart=15221[Database/DatabaseWiring/WiringRearlightRight];ThisWire1=6091[SATSUMA(557kg, 248)/Wiring/Parts/wiring_rearlights_right(xxxxx)];Owner=0[]","","CarBuilding;wiring;Data;Installed","soundGroupName;variationName;volume;delaySound;useThisLocation;attachToGameObject;useFixedPitch;fixedPitch;gameObject;fsmName;variableName;setValue;everyFrame;gameObject;activate;recursive;resetOnExit;everyFrame;eventTarget;sendEvent;delay;everyFrame;gameObject;activate;recursive;resetOnExit;everyFrame","??|??|RESETWIRING"
110294,"SATSUMA(557kg, 248)/Wiring/Triggers/RearlightRight/ConnectorLight","Assemble","Init","FINISHED->State 1","GetParent","Owner=0[]","","","storeResult",""
110294,"SATSUMA(557kg, 248)/Wiring/Triggers/RearlightRight/ConnectorLight","Assemble","FINISHED","","","","","","",""
110294,"SATSUMA(557kg, 248)/Wiring/Triggers/RearlightRight/ConnectorLight","Assemble","ASSEMBLE","","","","","","",""
110294,"SATSUMA(557kg, 248)/Wiring/Triggers/RearlightRight/ConnectorLight","Assemble","CLOSELOOP","","","","","","",""
110294,"SATSUMA(557kg, 248)/Wiring/Triggers/RearlightRight/ConnectorLight","Assemble","INSTALLED","","","","","","",""
110294,"SATSUMA(557kg, 248)/Wiring/Triggers/RearlightRight/ConnectorLight","Assemble","LOOP","","","","","","",""
110294,"SATSUMA(557kg, 248)/Wiring/Triggers/RearlightRight/ConnectorLight","Assemble","NOTINSTALLED","","","","","","",""
110381,"SATSUMA(557kg, 248)/Wiring/Triggers/MarkerLeft/ConnectorLight","Assemble","State 1","ASSEMBLE->Assemble","SetBoolValue;SetStringValue;GetDistance;FloatCompare","WiringTool=0[]","","- useVariable: 0;","boolValue;everyFrame;stringVariable;stringValue;everyFrame;gameObject;target;storeResult;everyFrame;float1;float2;tolerance;equal;lessThan;greaterThan;everyFrame","GUIassemble|Distance|Distance???=|Tolerance|ASSEMBLE"
110381,"SATSUMA(557kg, 248)/Wiring/Triggers/MarkerLeft/ConnectorLight","Assemble","Assemble","LOOP->State 1;ASSEMBLE->Sound","SetBoolValue;SetStringValue;GetDistance;FloatCompare;GetButtonDown","WiringTool=0[]","","- useVariable: 0;FRONT LIGHTS CONNECTOR;Use","boolValue;everyFrame;stringVariable;stringValue;everyFrame;gameObject;target;storeResult;everyFrame;float1;float2;tolerance;equal;lessThan;greaterThan;everyFrame;buttonName;sendEvent;storeResult","GUIassemble|Distance|Distance???=|Tolerance|LOOP|ASSEMBLE"
110381,"SATSUMA(557kg, 248)/Wiring/Triggers/MarkerLeft/ConnectorLight","Assemble","Sound","CLOSELOOP->Finish assembly","SetBoolValue;SetStringValue;SendEventByName","_OtherEnd=19143[SATSUMA(557kg, 248)/Wiring/Triggers/MarkerLeft/LightConnector]","","- useVariable: 0;- useVariable: 0;CLOSELOOP","boolValue;everyFrame;stringVariable;stringValue;everyFrame;eventTarget;sendEvent;delay;everyFrame","GUIassemble"
110381,"SATSUMA(557kg, 248)/Wiring/Triggers/MarkerLeft/ConnectorLight","Assemble","Finish assembly","","SetFsmBool;ActivateGameObject;SendEvent;ActivateGameObject","db_ThisPart=8611[Database/DatabaseWiring/WiringMarkerLeft];ThisWire1=10649[SATSUMA(557kg, 248)/Wiring/Parts/wiring_marker_left(xxxxx)];Owner=0[]","","CarBuilding;wiring;Data;Installed","soundGroupName;variationName;volume;delaySound;useThisLocation;attachToGameObject;useFixedPitch;fixedPitch;gameObject;fsmName;variableName;setValue;everyFrame;gameObject;activate;recursive;resetOnExit;everyFrame;eventTarget;sendEvent;delay;everyFrame;gameObject;activate;recursive;resetOnExit;everyFrame","??|??|RESETWIRING"
110381,"SATSUMA(557kg, 248)/Wiring/Triggers/MarkerLeft/ConnectorLight","Assemble","Init","FINISHED->State 1","GetParent","Owner=0[]","","","storeResult",""
110381,"SATSUMA(557kg, 248)/Wiring/Triggers/MarkerLeft/ConnectorLight","Assemble","FINISHED","","","","","","",""
110381,"SATSUMA(557kg, 248)/Wiring/Triggers/MarkerLeft/ConnectorLight","Assemble","ASSEMBLE","","","","","","",""
110381,"SATSUMA(557kg, 248)/Wiring/Triggers/MarkerLeft/ConnectorLight","Assemble","CLOSELOOP","","","","","","",""
110381,"SATSUMA(557kg, 248)/Wiring/Triggers/MarkerLeft/ConnectorLight","Assemble","INSTALLED","","","","","","",""
110381,"SATSUMA(557kg, 248)/Wiring/Triggers/MarkerLeft/ConnectorLight","Assemble","LOOP","","","","","","",""
110381,"SATSUMA(557kg, 248)/Wiring/Triggers/MarkerLeft/ConnectorLight","Assemble","NOTINSTALLED","","","","","","",""
110505,"SATSUMA(557kg, 248)/Wiring/Triggers/RadiatorfanHarness/RadiatorfanHarness","Assemble","State 1","ASSEMBLE->Assemble","SetBoolValue;SetStringValue;GetDistance;FloatCompare","WiringTool=0[]","","- useVariable: 0;","boolValue;everyFrame;stringVariable;stringValue;everyFrame;gameObject;target;storeResult;everyFrame;float1;float2;tolerance;equal;lessThan;greaterThan;everyFrame","GUIassemble|Distance|Distance???=|Tolerance|ASSEMBLE"
110505,"SATSUMA(557kg, 248)/Wiring/Triggers/RadiatorfanHarness/RadiatorfanHarness","Assemble","Assemble","LOOP->State 1;ASSEMBLE->Sound","SetBoolValue;SetStringValue;GetDistance;FloatCompare;GetButtonDown","WiringTool=0[]","","- useVariable: 0;RADIATOR FAN CONNECTOR;Use","boolValue;everyFrame;stringVariable;stringValue;everyFrame;gameObject;target;storeResult;everyFrame;float1;float2;tolerance;equal;lessThan;greaterThan;everyFrame;buttonName;sendEvent;storeResult","GUIassemble|Distance|Distance???=|Tolerance|LOOP|ASSEMBLE"
110505,"SATSUMA(557kg, 248)/Wiring/Triggers/RadiatorfanHarness/RadiatorfanHarness","Assemble","Sound","CLOSELOOP->Finish assembly","SetBoolValue;SetStringValue;SendEventByName","_OtherEnd=13871[SATSUMA(557kg, 248)/Wiring/Triggers/RadiatorfanHarness/HarnessRadiatorfan]","","- useVariable: 0;- useVariable: 0;CLOSELOOP","boolValue;everyFrame;stringVariable;stringValue;everyFrame;eventTarget;sendEvent;delay;everyFrame","GUIassemble"
110505,"SATSUMA(557kg, 248)/Wiring/Triggers/RadiatorfanHarness/RadiatorfanHarness","Assemble","Finish assembly","","SetFsmBool;ActivateGameObject;SendEvent;ActivateGameObject","db_ThisPart=28845[Database/DatabaseWiring/WiringRadiatorfan];ThisWire1=5504[SATSUMA(557kg, 248)/Wiring/Parts/wiring_radiatorfan(xxxxx)];Owner=0[]","","CarBuilding;wiring;Data;Installed","soundGroupName;variationName;volume;delaySound;useThisLocation;attachToGameObject;useFixedPitch;fixedPitch;gameObject;fsmName;variableName;setValue;everyFrame;gameObject;activate;recursive;resetOnExit;everyFrame;eventTarget;sendEvent;delay;everyFrame;gameObject;activate;recursive;resetOnExit;everyFrame","??|??|RESETWIRING"
110505,"SATSUMA(557kg, 248)/Wiring/Triggers/RadiatorfanHarness/RadiatorfanHarness","Assemble","Init","FINISHED->State 1","GetParent","Owner=0[]","","","storeResult",""
110505,"SATSUMA(557kg, 248)/Wiring/Triggers/RadiatorfanHarness/RadiatorfanHarness","Assemble","FINISHED","","","","","","",""
110505,"SATSUMA(557kg, 248)/Wiring/Triggers/RadiatorfanHarness/RadiatorfanHarness","Assemble","ASSEMBLE","","","","","","",""
110505,"SATSUMA(557kg, 248)/Wiring/Triggers/RadiatorfanHarness/RadiatorfanHarness","Assemble","CLOSELOOP","","","","","","",""
110505,"SATSUMA(557kg, 248)/Wiring/Triggers/RadiatorfanHarness/RadiatorfanHarness","Assemble","INSTALLED","","","","","","",""
110505,"SATSUMA(557kg, 248)/Wiring/Triggers/RadiatorfanHarness/RadiatorfanHarness","Assemble","LOOP","","","","","","",""
110505,"SATSUMA(557kg, 248)/Wiring/Triggers/RadiatorfanHarness/RadiatorfanHarness","Assemble","NOTINSTALLED","","","","","","",""
110950,"SATSUMA(557kg, 248)/Wiring/Triggers/SubwooferLeft/SubwooferAmplifier","Assemble","State 1","ASSEMBLE->Assemble","SetBoolValue;SetStringValue;GetDistance;FloatCompare","WiringTool=0[]","","- useVariable: 0;","boolValue;everyFrame;stringVariable;stringValue;everyFrame;gameObject;target;storeResult;everyFrame;float1;float2;tolerance;equal;lessThan;greaterThan;everyFrame","GUIassemble|Distance|Distance???=|Tolerance|ASSEMBLE"
110950,"SATSUMA(557kg, 248)/Wiring/Triggers/SubwooferLeft/SubwooferAmplifier","Assemble","Assemble","LOOP->State 1;ASSEMBLE->Sound","SetBoolValue;SetStringValue;GetDistance;FloatCompare;GetButtonDown","WiringTool=0[]","","- useVariable: 0;SUBWOOFER LEFT;Use","boolValue;everyFrame;stringVariable;stringValue;everyFrame;gameObject;target;storeResult;everyFrame;float1;float2;tolerance;equal;lessThan;greaterThan;everyFrame;buttonName;sendEvent;storeResult","GUIassemble|Distance|Distance???=|Tolerance|LOOP|ASSEMBLE"
110950,"SATSUMA(557kg, 248)/Wiring/Triggers/SubwooferLeft/SubwooferAmplifier","Assemble","Sound","CLOSELOOP->Finish assembly","SetBoolValue;SetStringValue;SendEventByName","_OtherEnd=28632[SATSUMA(557kg, 248)/Wiring/Triggers/SubwooferLeft/AmplifierSubwoofer]","","- useVariable: 0;- useVariable: 0;CLOSELOOP","boolValue;everyFrame;stringVariable;stringValue;everyFrame;eventTarget;sendEvent;delay;everyFrame","GUIassemble"
110950,"SATSUMA(557kg, 248)/Wiring/Triggers/SubwooferLeft/SubwooferAmplifier","Assemble","Finish assembly","","SetFsmBool;ActivateGameObject;SendEvent;ActivateGameObject","db_ThisPart=2004[Database/DatabaseWiring/WiringSubwooferLeft];ThisWire1=22917[SATSUMA(557kg, 248)/Wiring/Parts/wiring_subwoofer_left(xxxxx)];Owner=0[]","","CarBuilding;wiring;Data;Installed","soundGroupName;variationName;volume;delaySound;useThisLocation;attachToGameObject;useFixedPitch;fixedPitch;gameObject;fsmName;variableName;setValue;everyFrame;gameObject;activate;recursive;resetOnExit;everyFrame;eventTarget;sendEvent;delay;everyFrame;gameObject;activate;recursive;resetOnExit;everyFrame","??|??|RESETWIRING"
110950,"SATSUMA(557kg, 248)/Wiring/Triggers/SubwooferLeft/SubwooferAmplifier","Assemble","Init","FINISHED->State 1","GetParent","Owner=0[]","","","storeResult",""
110950,"SATSUMA(557kg, 248)/Wiring/Triggers/SubwooferLeft/SubwooferAmplifier","Assemble","FINISHED","","","","","","",""
110950,"SATSUMA(557kg, 248)/Wiring/Triggers/SubwooferLeft/SubwooferAmplifier","Assemble","ASSEMBLE","","","","","","",""
110950,"SATSUMA(557kg, 248)/Wiring/Triggers/SubwooferLeft/SubwooferAmplifier","Assemble","CLOSELOOP","","","","","","",""
110950,"SATSUMA(557kg, 248)/Wiring/Triggers/SubwooferLeft/SubwooferAmplifier","Assemble","INSTALLED","","","","","","",""
110950,"SATSUMA(557kg, 248)/Wiring/Triggers/SubwooferLeft/SubwooferAmplifier","Assemble","LOOP","","","","","","",""
110950,"SATSUMA(557kg, 248)/Wiring/Triggers/SubwooferLeft/SubwooferAmplifier","Assemble","NOTINSTALLED","","","","","","",""
111008,"SATSUMA(557kg, 248)/Wiring/Triggers/Dash2/DashFusebox","Assemble","State 1","ASSEMBLE->Assemble","SetBoolValue;SetStringValue;GetDistance;FloatCompare","WiringTool=0[]","","- useVariable: 0;","boolValue;everyFrame;stringVariable;stringValue;everyFrame;gameObject;target;storeResult;everyFrame;float1;float2;tolerance;equal;lessThan;greaterThan;everyFrame","GUIassemble|Distance|Distance???=|Tolerance|ASSEMBLE"
111008,"SATSUMA(557kg, 248)/Wiring/Triggers/Dash2/DashFusebox","Assemble","Assemble","LOOP->State 1;ASSEMBLE->Sound","SetBoolValue;SetStringValue;GetDistance;FloatCompare;GetButtonDown","WiringTool=0[]","","- useVariable: 0;INSTRUMENT PANEL 2;Use","boolValue;everyFrame;stringVariable;stringValue;everyFrame;gameObject;target;storeResult;everyFrame;float1;float2;tolerance;equal;lessThan;greaterThan;everyFrame;buttonName;sendEvent;storeResult","GUIassemble|Distance|Distance???=|Tolerance|LOOP|ASSEMBLE"
111008,"SATSUMA(557kg, 248)/Wiring/Triggers/Dash2/DashFusebox","Assemble","Sound","CLOSELOOP->Finish assembly","SetBoolValue;SetStringValue;SendEventByName","_OtherEnd=32725[SATSUMA(557kg, 248)/Wiring/Triggers/Dash2/FuseboxDash]","","- useVariable: 0;- useVariable: 0;CLOSELOOP","boolValue;everyFrame;stringVariable;stringValue;everyFrame;eventTarget;sendEvent;delay;everyFrame","GUIassemble"
111008,"SATSUMA(557kg, 248)/Wiring/Triggers/Dash2/DashFusebox","Assemble","Finish assembly","","SetFsmBool;ActivateGameObject;SendEvent;ActivateGameObject","db_ThisPart=29411[Database/DatabaseWiring/WiringDash2];ThisWire1=14987[SATSUMA(557kg, 248)/Wiring/Parts/wiring_dash2(xxxxx)];Owner=0[]","","CarBuilding;wiring;Data;Installed","soundGroupName;variationName;volume;delaySound;useThisLocation;attachToGameObject;useFixedPitch;fixedPitch;gameObject;fsmName;variableName;setValue;everyFrame;gameObject;activate;recursive;resetOnExit;everyFrame;eventTarget;sendEvent;delay;everyFrame;gameObject;activate;recursive;resetOnExit;everyFrame","??|??|RESETWIRING"
111008,"SATSUMA(557kg, 248)/Wiring/Triggers/Dash2/DashFusebox","Assemble","Init","FINISHED->State 1","GetParent","Owner=0[]","","","storeResult",""
111008,"SATSUMA(557kg, 248)/Wiring/Triggers/Dash2/DashFusebox","Assemble","FINISHED","","","","","","",""
111008,"SATSUMA(557kg, 248)/Wiring/Triggers/Dash2/DashFusebox","Assemble","ASSEMBLE","","","","","","",""
111008,"SATSUMA(557kg, 248)/Wiring/Triggers/Dash2/DashFusebox","Assemble","CLOSELOOP","","","","","","",""
111008,"SATSUMA(557kg, 248)/Wiring/Triggers/Dash2/DashFusebox","Assemble","INSTALLED","","","","","","",""
111008,"SATSUMA(557kg, 248)/Wiring/Triggers/Dash2/DashFusebox","Assemble","LOOP","","","","","","",""
111008,"SATSUMA(557kg, 248)/Wiring/Triggers/Dash2/DashFusebox","Assemble","NOTINSTALLED","","","","","","",""
111183,"SATSUMA(557kg, 248)/Wiring/Triggers/StarterBattery/StarterBatteryPlus","Assemble","State 1","ASSEMBLE->Assemble","SetBoolValue;SetStringValue;GetDistance;FloatCompare","WiringTool=0[]","","- useVariable: 0;","boolValue;everyFrame;stringVariable;stringValue;everyFrame;gameObject;target;storeResult;everyFrame;float1;float2;tolerance;equal;lessThan;greaterThan;everyFrame","GUIassemble|Distance|Distance???=|Tolerance|ASSEMBLE"
111183,"SATSUMA(557kg, 248)/Wiring/Triggers/StarterBattery/StarterBatteryPlus","Assemble","Assemble","LOOP->State 1;ASSEMBLE->Sound","SetBoolValue;SetStringValue;GetDistance;FloatCompare;GetButtonDown","WiringTool=0[]","","- useVariable: 0;STARTER;Use","boolValue;everyFrame;stringVariable;stringValue;everyFrame;gameObject;target;storeResult;everyFrame;float1;float2;tolerance;equal;lessThan;greaterThan;everyFrame;buttonName;sendEvent;storeResult","GUIassemble|Distance|Distance???=|Tolerance|LOOP|ASSEMBLE"
111183,"SATSUMA(557kg, 248)/Wiring/Triggers/StarterBattery/StarterBatteryPlus","Assemble","Sound","CLOSELOOP->Finish assembly","SetBoolValue;SetStringValue;SendEventByName","_OtherEnd=26327[SATSUMA(557kg, 248)/Wiring/Triggers/StarterBattery/BatteryPlusStarter]","","- useVariable: 0;- useVariable: 0;CLOSELOOP","boolValue;everyFrame;stringVariable;stringValue;everyFrame;eventTarget;sendEvent;delay;everyFrame","GUIassemble"
111183,"SATSUMA(557kg, 248)/Wiring/Triggers/StarterBattery/StarterBatteryPlus","Assemble","Finish assembly","","SetFsmBool;SetFsmBool;ActivateGameObject;ActivateGameObject;SendEvent;ActivateGameObject","db_ThisPart=15250[Database/DatabaseWiring/WiringStarter];db_ThisPart2=21525[Database/DatabaseWiring/WiringBatteryPlus];ThisWire1=31786[SATSUMA(557kg, 248)/Wiring/Parts/wiring_starter(xxxxx)];ThisWire2=23982[SATSUMA(557kg, 248)/Wiring/Parts/battery_terminal_plus(xxxxx)];Owner=0[]","","CarBuilding;wiring;Data;Installed;Data;Installed","soundGroupName;variationName;volume;delaySound;useThisLocation;attachToGameObject;useFixedPitch;fixedPitch;gameObject;fsmName;variableName;setValue;everyFrame;gameObject;fsmName;variableName;setValue;everyFrame;gameObject;activate;recursive;resetOnExit;everyFrame;gameObject;activate;recursive;resetOnExit;everyFrame;eventTarget;sendEvent;delay;everyFrame;gameObject;activate;recursive;resetOnExit;everyFrame","??|??|RESETWIRING"
111183,"SATSUMA(557kg, 248)/Wiring/Triggers/StarterBattery/StarterBatteryPlus","Assemble","Init","FINISHED->State 1","GetParent","Owner=0[]","","","storeResult",""
111183,"SATSUMA(557kg, 248)/Wiring/Triggers/StarterBattery/StarterBatteryPlus","Assemble","FINISHED","","","","","","",""
111183,"SATSUMA(557kg, 248)/Wiring/Triggers/StarterBattery/StarterBatteryPlus","Assemble","ASSEMBLE","","","","","","",""
111183,"SATSUMA(557kg, 248)/Wiring/Triggers/StarterBattery/StarterBatteryPlus","Assemble","CLOSELOOP","","","","","","",""
111183,"SATSUMA(557kg, 248)/Wiring/Triggers/StarterBattery/StarterBatteryPlus","Assemble","INSTALLED","","","","","","",""
111183,"SATSUMA(557kg, 248)/Wiring/Triggers/StarterBattery/StarterBatteryPlus","Assemble","LOOP","","","","","","",""
111183,"SATSUMA(557kg, 248)/Wiring/Triggers/StarterBattery/StarterBatteryPlus","Assemble","NOTINSTALLED","","","","","","",""
111511,"SATSUMA(557kg, 248)/Wiring/Triggers/StarterBattery/BatteryPlusStarter","Assemble","State 1","ASSEMBLE->Assemble","SetBoolValue;SetStringValue;GetDistance;FloatCompare","WiringTool=0[]","","- useVariable: 0;","boolValue;everyFrame;stringVariable;stringValue;everyFrame;gameObject;target;storeResult;everyFrame;float1;float2;tolerance;equal;lessThan;greaterThan;everyFrame","GUIassemble|Distance|Distance???=|Tolerance|ASSEMBLE"
111511,"SATSUMA(557kg, 248)/Wiring/Triggers/StarterBattery/BatteryPlusStarter","Assemble","Assemble","LOOP->State 1;ASSEMBLE->Sound","SetBoolValue;SetStringValue;GetDistance;FloatCompare;GetButtonDown","WiringTool=0[]","","- useVariable: 0;POSITIVE TERMINAL;Use","boolValue;everyFrame;stringVariable;stringValue;everyFrame;gameObject;target;storeResult;everyFrame;float1;float2;tolerance;equal;lessThan;greaterThan;everyFrame;buttonName;sendEvent;storeResult","GUIassemble|Distance|Distance???=|Tolerance|LOOP|ASSEMBLE"
111511,"SATSUMA(557kg, 248)/Wiring/Triggers/StarterBattery/BatteryPlusStarter","Assemble","Sound","CLOSELOOP->Finish assembly","SetBoolValue;SetStringValue;SendEventByName","_OtherEnd=25097[SATSUMA(557kg, 248)/Wiring/Triggers/StarterBattery/StarterBatteryPlus]","","- useVariable: 0;- useVariable: 0;CLOSELOOP","boolValue;everyFrame;stringVariable;stringValue;everyFrame;eventTarget;sendEvent;delay;everyFrame","GUIassemble"
111511,"SATSUMA(557kg, 248)/Wiring/Triggers/StarterBattery/BatteryPlusStarter","Assemble","Finish assembly","","SetFsmBool;SetFsmBool;ActivateGameObject;ActivateGameObject;SendEvent;ActivateGameObject","db_ThisPart=15250[Database/DatabaseWiring/WiringStarter];db_ThisPart2=21525[Database/DatabaseWiring/WiringBatteryPlus];ThisWire1=31786[SATSUMA(557kg, 248)/Wiring/Parts/wiring_starter(xxxxx)];ThisWire2=23982[SATSUMA(557kg, 248)/Wiring/Parts/battery_terminal_plus(xxxxx)];Owner=0[]","","CarBuilding;wiring;Data;Installed;Data;Installed","soundGroupName;variationName;volume;delaySound;useThisLocation;attachToGameObject;useFixedPitch;fixedPitch;gameObject;fsmName;variableName;setValue;everyFrame;gameObject;fsmName;variableName;setValue;everyFrame;gameObject;activate;recursive;resetOnExit;everyFrame;gameObject;activate;recursive;resetOnExit;everyFrame;eventTarget;sendEvent;delay;everyFrame;gameObject;activate;recursive;resetOnExit;everyFrame","??|??|RESETWIRING"
111511,"SATSUMA(557kg, 248)/Wiring/Triggers/StarterBattery/BatteryPlusStarter","Assemble","Init","FINISHED->State 1","GetParent","Owner=0[]","","","storeResult",""
111511,"SATSUMA(557kg, 248)/Wiring/Triggers/StarterBattery/BatteryPlusStarter","Assemble","FINISHED","","","","","","",""
111511,"SATSUMA(557kg, 248)/Wiring/Triggers/StarterBattery/BatteryPlusStarter","Assemble","ASSEMBLE","","","","","","",""
111511,"SATSUMA(557kg, 248)/Wiring/Triggers/StarterBattery/BatteryPlusStarter","Assemble","CLOSELOOP","","","","","","",""
111511,"SATSUMA(557kg, 248)/Wiring/Triggers/StarterBattery/BatteryPlusStarter","Assemble","INSTALLED","","","","","","",""
111511,"SATSUMA(557kg, 248)/Wiring/Triggers/StarterBattery/BatteryPlusStarter","Assemble","LOOP","","","","","","",""
111511,"SATSUMA(557kg, 248)/Wiring/Triggers/StarterBattery/BatteryPlusStarter","Assemble","NOTINSTALLED","","","","","","",""
111940,"SATSUMA(557kg, 248)/Wiring/Triggers/IgnitionFusebox/IgnitionFusebox","Assemble","State 1","ASSEMBLE->Assemble","SetBoolValue;SetStringValue;GetDistance;FloatCompare","WiringTool=0[]","","- useVariable: 0;","boolValue;everyFrame;stringVariable;stringValue;everyFrame;gameObject;target;storeResult;everyFrame;float1;float2;tolerance;equal;lessThan;greaterThan;everyFrame","GUIassemble|Distance|Distance???=|Tolerance|ASSEMBLE"
111940,"SATSUMA(557kg, 248)/Wiring/Triggers/IgnitionFusebox/IgnitionFusebox","Assemble","Assemble","LOOP->State 1;ASSEMBLE->Sound","SetBoolValue;SetStringValue;GetDistance;FloatCompare;GetButtonDown","WiringTool=0[]","","- useVariable: 0;IGNITION SWITCH;Use","boolValue;everyFrame;stringVariable;stringValue;everyFrame;gameObject;target;storeResult;everyFrame;float1;float2;tolerance;equal;lessThan;greaterThan;everyFrame;buttonName;sendEvent;storeResult","GUIassemble|Distance|Distance???=|Tolerance|LOOP|ASSEMBLE"
111940,"SATSUMA(557kg, 248)/Wiring/Triggers/IgnitionFusebox/IgnitionFusebox","Assemble","Sound","CLOSELOOP->Finish assembly","SetBoolValue;SetStringValue;SendEventByName","_OtherEnd=5625[SATSUMA(557kg, 248)/Wiring/Triggers/IgnitionFusebox/FuseboxIgnition]","","- useVariable: 0;- useVariable: 0;CLOSELOOP","boolValue;everyFrame;stringVariable;stringValue;everyFrame;eventTarget;sendEvent;delay;everyFrame","GUIassemble"
111940,"SATSUMA(557kg, 248)/Wiring/Triggers/IgnitionFusebox/IgnitionFusebox","Assemble","Finish assembly","","SetFsmBool;ActivateGameObject;SendEvent;ActivateGameObject","db_ThisPart=23629[Database/DatabaseWiring/WiringIgnition];ThisWire1=23105[SATSUMA(557kg, 248)/Wiring/Parts/wiring_ignition(xxxxx)];Owner=0[]","","CarBuilding;wiring;Data;Installed","soundGroupName;variationName;volume;delaySound;useThisLocation;attachToGameObject;useFixedPitch;fixedPitch;gameObject;fsmName;variableName;setValue;everyFrame;gameObject;activate;recursive;resetOnExit;everyFrame;eventTarget;sendEvent;delay;everyFrame;gameObject;activate;recursive;resetOnExit;everyFrame","??|??|RESETWIRING"
111940,"SATSUMA(557kg, 248)/Wiring/Triggers/IgnitionFusebox/IgnitionFusebox","Assemble","Init","FINISHED->State 1","GetParent","Owner=0[]","","","storeResult",""
111940,"SATSUMA(557kg, 248)/Wiring/Triggers/IgnitionFusebox/IgnitionFusebox","Assemble","FINISHED","","","","","","",""
111940,"SATSUMA(557kg, 248)/Wiring/Triggers/IgnitionFusebox/IgnitionFusebox","Assemble","ASSEMBLE","","","","","","",""
111940,"SATSUMA(557kg, 248)/Wiring/Triggers/IgnitionFusebox/IgnitionFusebox","Assemble","CLOSELOOP","","","","","","",""
111940,"SATSUMA(557kg, 248)/Wiring/Triggers/IgnitionFusebox/IgnitionFusebox","Assemble","INSTALLED","","","","","","",""
111940,"SATSUMA(557kg, 248)/Wiring/Triggers/IgnitionFusebox/IgnitionFusebox","Assemble","LOOP","","","","","","",""
111940,"SATSUMA(557kg, 248)/Wiring/Triggers/IgnitionFusebox/IgnitionFusebox","Assemble","NOTINSTALLED","","","","","","",""
111940,"SATSUMA(557kg, 248)/Wiring/Triggers/IgnitionFusebox/IgnitionFusebox","Assemble","RESET","","","","","","",""
112226,"SATSUMA(557kg, 248)/Wiring/Triggers/RearlightLeft/LightConnector","Assemble","State 1","ASSEMBLE->Assemble","SetBoolValue;SetStringValue;GetDistance;FloatCompare","WiringTool=0[]","","- useVariable: 0;","boolValue;everyFrame;stringVariable;stringValue;everyFrame;gameObject;target;storeResult;everyFrame;float1;float2;tolerance;equal;lessThan;greaterThan;everyFrame","GUIassemble|Distance|Distance???=|Tolerance|ASSEMBLE"
112226,"SATSUMA(557kg, 248)/Wiring/Triggers/RearlightLeft/LightConnector","Assemble","Assemble","LOOP->State 1;ASSEMBLE->Sound","SetBoolValue;SetStringValue;GetDistance;FloatCompare;GetButtonDown","WiringTool=0[]","","- useVariable: 0;REARLIGHT LEFT;Use","boolValue;everyFrame;stringVariable;stringValue;everyFrame;gameObject;target;storeResult;everyFrame;float1;float2;tolerance;equal;lessThan;greaterThan;everyFrame;buttonName;sendEvent;storeResult","GUIassemble|Distance|Distance???=|Tolerance|LOOP|ASSEMBLE"
112226,"SATSUMA(557kg, 248)/Wiring/Triggers/RearlightLeft/LightConnector","Assemble","Sound","CLOSELOOP->Finish assembly","SetBoolValue;SetStringValue;SendEventByName","_OtherEnd=5917[SATSUMA(557kg, 248)/Wiring/Triggers/RearlightLeft/ConnectorLight]","","- useVariable: 0;- useVariable: 0;CLOSELOOP","boolValue;everyFrame;stringVariable;stringValue;everyFrame;eventTarget;sendEvent;delay;everyFrame","GUIassemble"
112226,"SATSUMA(557kg, 248)/Wiring/Triggers/RearlightLeft/LightConnector","Assemble","Finish assembly","","SetFsmBool;ActivateGameObject;SendEvent;ActivateGameObject","db_ThisPart=8793[Database/DatabaseWiring/WiringRearlightLeft];ThisWire1=21419[SATSUMA(557kg, 248)/Wiring/Parts/wiring_rearlights_left(xxxxx)];Owner=0[]","","CarBuilding;wiring;Data;Installed","soundGroupName;variationName;volume;delaySound;useThisLocation;attachToGameObject;useFixedPitch;fixedPitch;gameObject;fsmName;variableName;setValue;everyFrame;gameObject;activate;recursive;resetOnExit;everyFrame;eventTarget;sendEvent;delay;everyFrame;gameObject;activate;recursive;resetOnExit;everyFrame","??|??|RESETWIRING"
112226,"SATSUMA(557kg, 248)/Wiring/Triggers/RearlightLeft/LightConnector","Assemble","Init","FINISHED->State 1","GetParent","Owner=0[]","","","storeResult",""
112226,"SATSUMA(557kg, 248)/Wiring/Triggers/RearlightLeft/LightConnector","Assemble","FINISHED","","","","","","",""
112226,"SATSUMA(557kg, 248)/Wiring/Triggers/RearlightLeft/LightConnector","Assemble","ASSEMBLE","","","","","","",""
112226,"SATSUMA(557kg, 248)/Wiring/Triggers/RearlightLeft/LightConnector","Assemble","CLOSELOOP","","","","","","",""
112226,"SATSUMA(557kg, 248)/Wiring/Triggers/RearlightLeft/LightConnector","Assemble","INSTALLED","","","","","","",""
112226,"SATSUMA(557kg, 248)/Wiring/Triggers/RearlightLeft/LightConnector","Assemble","LOOP","","","","","","",""
112226,"SATSUMA(557kg, 248)/Wiring/Triggers/RearlightLeft/LightConnector","Assemble","NOTINSTALLED","","","","","","",""
112256,"SATSUMA(557kg, 248)/Wiring/Triggers/SubwooferLeft/AmplifierSubwoofer","Assemble","State 1","ASSEMBLE->Assemble","SetBoolValue;SetStringValue;GetDistance;FloatCompare","WiringTool=0[]","","- useVariable: 0;","boolValue;everyFrame;stringVariable;stringValue;everyFrame;gameObject;target;storeResult;everyFrame;float1;float2;tolerance;equal;lessThan;greaterThan;everyFrame","GUIassemble|Distance|Distance???=|Tolerance|ASSEMBLE"
112256,"SATSUMA(557kg, 248)/Wiring/Triggers/SubwooferLeft/AmplifierSubwoofer","Assemble","Assemble","LOOP->State 1;ASSEMBLE->Sound","SetBoolValue;SetStringValue;GetDistance;FloatCompare;GetButtonDown","WiringTool=0[]","","- useVariable: 0;AUDIO OUT LEFT;Use","boolValue;everyFrame;stringVariable;stringValue;everyFrame;gameObject;target;storeResult;everyFrame;float1;float2;tolerance;equal;lessThan;greaterThan;everyFrame;buttonName;sendEvent;storeResult","GUIassemble|Distance|Distance???=|Tolerance|LOOP|ASSEMBLE"
112256,"SATSUMA(557kg, 248)/Wiring/Triggers/SubwooferLeft/AmplifierSubwoofer","Assemble","Sound","CLOSELOOP->Finish assembly","SetBoolValue;SetStringValue;SendEventByName","_OtherEnd=24272[SATSUMA(557kg, 248)/Wiring/Triggers/SubwooferLeft/SubwooferAmplifier]","","- useVariable: 0;- useVariable: 0;CLOSELOOP","boolValue;everyFrame;stringVariable;stringValue;everyFrame;eventTarget;sendEvent;delay;everyFrame","GUIassemble"
112256,"SATSUMA(557kg, 248)/Wiring/Triggers/SubwooferLeft/AmplifierSubwoofer","Assemble","Finish assembly","","SetFsmBool;ActivateGameObject;SendEvent;ActivateGameObject","db_ThisPart=2004[Database/DatabaseWiring/WiringSubwooferLeft];ThisWire1=22917[SATSUMA(557kg, 248)/Wiring/Parts/wiring_subwoofer_left(xxxxx)];Owner=0[]","","CarBuilding;wiring;Data;Installed","soundGroupName;variationName;volume;delaySound;useThisLocation;attachToGameObject;useFixedPitch;fixedPitch;gameObject;fsmName;variableName;setValue;everyFrame;gameObject;activate;recursive;resetOnExit;everyFrame;eventTarget;sendEvent;delay;everyFrame;gameObject;activate;recursive;resetOnExit;everyFrame","??|??|RESETWIRING"
112256,"SATSUMA(557kg, 248)/Wiring/Triggers/SubwooferLeft/AmplifierSubwoofer","Assemble","Init","FINISHED->State 1","GetParent","Owner=0[]","","","storeResult",""
112256,"SATSUMA(557kg, 248)/Wiring/Triggers/SubwooferLeft/AmplifierSubwoofer","Assemble","FINISHED","","","","","","",""
112256,"SATSUMA(557kg, 248)/Wiring/Triggers/SubwooferLeft/AmplifierSubwoofer","Assemble","ASSEMBLE","","","","","","",""
112256,"SATSUMA(557kg, 248)/Wiring/Triggers/SubwooferLeft/AmplifierSubwoofer","Assemble","CLOSELOOP","","","","","","",""
112256,"SATSUMA(557kg, 248)/Wiring/Triggers/SubwooferLeft/AmplifierSubwoofer","Assemble","INSTALLED","","","","","","",""
112256,"SATSUMA(557kg, 248)/Wiring/Triggers/SubwooferLeft/AmplifierSubwoofer","Assemble","LOOP","","","","","","",""
112256,"SATSUMA(557kg, 248)/Wiring/Triggers/SubwooferLeft/AmplifierSubwoofer","Assemble","NOTINSTALLED","","","","","","",""
112574,"SATSUMA(557kg, 248)/Wiring/Triggers/GaugeAFR/HarnessGauge","Assemble","State 1","ASSEMBLE->Assemble","SetBoolValue;SetStringValue;GetDistance;FloatCompare","WiringTool=0[]","","- useVariable: 0;","boolValue;everyFrame;stringVariable;stringValue;everyFrame;gameObject;target;storeResult;everyFrame;float1;float2;tolerance;equal;lessThan;greaterThan;everyFrame","GUIassemble|Distance|Distance???=|Tolerance|ASSEMBLE"
112574,"SATSUMA(557kg, 248)/Wiring/Triggers/GaugeAFR/HarnessGauge","Assemble","Assemble","LOOP->State 1;ASSEMBLE->Sound","SetBoolValue;SetStringValue;GetDistance;FloatCompare;GetButtonDown","WiringTool=0[]","","- useVariable: 0;DASH HARNESS CONNECTOR;Use","boolValue;everyFrame;stringVariable;stringValue;everyFrame;gameObject;target;storeResult;everyFrame;float1;float2;tolerance;equal;lessThan;greaterThan;everyFrame;buttonName;sendEvent;storeResult","GUIassemble|Distance|Distance???=|Tolerance|LOOP|ASSEMBLE"
112574,"SATSUMA(557kg, 248)/Wiring/Triggers/GaugeAFR/HarnessGauge","Assemble","Sound","CLOSELOOP->Finish assembly","SetBoolValue;SetStringValue;SendEventByName","_OtherEnd=33202[SATSUMA(557kg, 248)/Wiring/Triggers/GaugeAFR/GaugeHarness]","","- useVariable: 0;- useVariable: 0;CLOSELOOP","boolValue;everyFrame;stringVariable;stringValue;everyFrame;eventTarget;sendEvent;delay;everyFrame","GUIassemble"
112574,"SATSUMA(557kg, 248)/Wiring/Triggers/GaugeAFR/HarnessGauge","Assemble","Finish assembly","","SetFsmBool;ActivateGameObject;SendEvent;ActivateGameObject","db_ThisPart=22033[Database/DatabaseWiring/WiringGaugeAFR];ThisWire1=9443[SATSUMA(557kg, 248)/Wiring/Parts/wiring_gauge_afr(xxxxx)];Owner=0[]","","CarBuilding;wiring;Data;Installed","soundGroupName;variationName;volume;delaySound;useThisLocation;attachToGameObject;useFixedPitch;fixedPitch;gameObject;fsmName;variableName;setValue;everyFrame;gameObject;activate;recursive;resetOnExit;everyFrame;eventTarget;sendEvent;delay;everyFrame;gameObject;activate;recursive;resetOnExit;everyFrame","??|??|RESETWIRING"
112574,"SATSUMA(557kg, 248)/Wiring/Triggers/GaugeAFR/HarnessGauge","Assemble","Init","FINISHED->State 1","GetParent","Owner=0[]","","","storeResult",""
112574,"SATSUMA(557kg, 248)/Wiring/Triggers/GaugeAFR/HarnessGauge","Assemble","FINISHED","","","","","","",""
112574,"SATSUMA(557kg, 248)/Wiring/Triggers/GaugeAFR/HarnessGauge","Assemble","ASSEMBLE","","","","","","",""
112574,"SATSUMA(557kg, 248)/Wiring/Triggers/GaugeAFR/HarnessGauge","Assemble","CLOSELOOP","","","","","","",""
112574,"SATSUMA(557kg, 248)/Wiring/Triggers/GaugeAFR/HarnessGauge","Assemble","INSTALLED","","","","","","",""
112574,"SATSUMA(557kg, 248)/Wiring/Triggers/GaugeAFR/HarnessGauge","Assemble","LOOP","","","","","","",""
112574,"SATSUMA(557kg, 248)/Wiring/Triggers/GaugeAFR/HarnessGauge","Assemble","NOTINSTALLED","","","","","","",""
112899,"SATSUMA(557kg, 248)/Wiring/Parts/wiring_starter(xxxxx)/BoltPM","Screw","Save data 2","FINISHED->Stages 2","GetChild;GetName;GetStringRight;ConvertStringToInt;ArrayListGet","ThisBolt=31157[CARPARTS/PartsMotor/cylinder head(Clone)/Bolts/MaskedCylHead/BoltPM/bolt1];PartAssembled=31786[SATSUMA(557kg, 248)/Wiring/Parts/wiring_starter(xxxxx)]","","- useVariable: 0;Untagged;- useVariable: 1;- useVariable: 1;- useVariable: 1;- useVariable: 0;","childName;withTag;storeResult;gameObject;storeName;everyFrame;stringVariable;charCount;storeResult;everyFrame;stringVariable;intVariable;everyFrame;gameObject;reference;atIndex;result;failureEvent","Index|IndexFINISHED"
112899,"SATSUMA(557kg, 248)/Wiring/Parts/wiring_starter(xxxxx)/BoltPM","Screw","1 2","FINISHED->Get scroll 2","SetPosition;SetRotation","ThisBolt=31157[CARPARTS/PartsMotor/cylinder head(Clone)/Bolts/MaskedCylHead/BoltPM/bolt1]","","","vector;x;y;z;space;everyFrame;lateUpdate;gameObject;quaternion;vector;xAngle;yAngle;zAngle;space;everyFrame;lateUpdate","?#?|4B"
112899,"SATSUMA(557kg, 248)/Wiring/Parts/wiring_starter(xxxxx)/BoltPM","Screw","Stages 2","1->1 2;2->2 2;3->3 2;4->4 2;5->5 2;6->6 2;7->7 2;8->8 2;0->0 2","IntCompare;IntCompare;IntCompare;IntCompare;IntCompare;IntCompare;IntCompare;IntCompare;IntCompare","","","","integer2;equal;lessThan;greaterThan;everyFrame;integer1;integer2;equal;lessThan;greaterThan;everyFrame;integer1;integer2;equal;lessThan;greaterThan;everyFrame;integer1;integer2;equal;lessThan;greaterThan;everyFrame;integer1;integer2;equal;lessThan;greaterThan;everyFrame;integer1;integer2;equal;lessThan;greaterThan;everyFrame;integer1;integer2;equal;lessThan;greaterThan;everyFrame;integer1;integer2;equal;lessThan;greaterThan;everyFrame;integer1;integer2;equal;lessThan;greaterThan;everyFrame","Stage|1|Stage|2|Stage|3|Stage|4|Stage|5|Stage|6|Stage|7|Stage|8|Stage|0"
112899,"SATSUMA(557kg, 248)/Wiring/Parts/wiring_starter(xxxxx)/BoltPM","Screw","Get scroll 2","FINISHED->Idle","IntClamp;SetFsmInt;ArrayListSet","PartAssembled=31786[SATSUMA(557kg, 248)/Wiring/Parts/wiring_starter(xxxxx)]","","BoltCheck;- useVariable: 0;","minValue;maxValue;everyFrame;gameObject;fsmName;variableName;setValue;everyFrame;gameObject;reference;atIndex;everyFrame;variable","Stage|Stage|Index"
112899,"SATSUMA(557kg, 248)/Wiring/Parts/wiring_starter(xxxxx)/BoltPM","Screw","2 2","FINISHED->Get scroll 2","SetPosition;SetRotation","ThisBolt=31157[CARPARTS/PartsMotor/cylinder head(Clone)/Bolts/MaskedCylHead/BoltPM/bolt1]","","","vector;x;y;z;space;everyFrame;lateUpdate;gameObject;quaternion;vector;xAngle;yAngle;zAngle;space;everyFrame;lateUpdate","???|?B"
112899,"SATSUMA(557kg, 248)/Wiring/Parts/wiring_starter(xxxxx)/BoltPM","Screw","3 2","FINISHED->Get scroll 2","SetPosition;SetRotation","ThisBolt=31157[CARPARTS/PartsMotor/cylinder head(Clone)/Bolts/MaskedCylHead/BoltPM/bolt1]","","","vector;x;y;z;space;everyFrame;lateUpdate;gameObject;quaternion;vector;xAngle;yAngle;zAngle;space;everyFrame;lateUpdate","????|C"
112899,"SATSUMA(557kg, 248)/Wiring/Parts/wiring_starter(xxxxx)/BoltPM","Screw","4 2","FINISHED->Get scroll 2","SetPosition;SetRotation","ThisBolt=31157[CARPARTS/PartsMotor/cylinder head(Clone)/Bolts/MaskedCylHead/BoltPM/bolt1]","","","vector;x;y;z;space;everyFrame;lateUpdate;gameObject;quaternion;vector;xAngle;yAngle;zAngle;space;everyFrame;lateUpdate","?#?|4C"
112899,"SATSUMA(557kg, 248)/Wiring/Parts/wiring_starter(xxxxx)/BoltPM","Screw","5 2","FINISHED->Get scroll 2","SetPosition;SetRotation","ThisBolt=31157[CARPARTS/PartsMotor/cylinder head(Clone)/Bolts/MaskedCylHead/BoltPM/bolt1]","","","vector;x;y;z;space;everyFrame;lateUpdate;gameObject;quaternion;vector;xAngle;yAngle;zAngle;space;everyFrame;lateUpdate","??L?|aC"
112899,"SATSUMA(557kg, 248)/Wiring/Parts/wiring_starter(xxxxx)/BoltPM","Screw","6 2","FINISHED->Get scroll 2","SetPosition;SetRotation","ThisBolt=31157[CARPARTS/PartsMotor/cylinder head(Clone)/Bolts/MaskedCylHead/BoltPM/bolt1]","","","vector;x;y;z;space;everyFrame;lateUpdate;gameObject;quaternion;vector;xAngle;yAngle;zAngle;space;everyFrame;lateUpdate","??u?|?C"
112899,"SATSUMA(557kg, 248)/Wiring/Parts/wiring_starter(xxxxx)/BoltPM","Screw","7 2","FINISHED->Get scroll 2","SetPosition;SetRotation","ThisBolt=31157[CARPARTS/PartsMotor/cylinder head(Clone)/Bolts/MaskedCylHead/BoltPM/bolt1]","","","vector;x;y;z;space;everyFrame;lateUpdate;gameObject;quaternion;vector;xAngle;yAngle;zAngle;space;everyFrame;lateUpdate",")\??|??C"
112899,"SATSUMA(557kg, 248)/Wiring/Parts/wiring_starter(xxxxx)/BoltPM","Screw","8 2","FINISHED->Get scroll 2","SetPosition;SetRotation","ThisBolt=31157[CARPARTS/PartsMotor/cylinder head(Clone)/Bolts/MaskedCylHead/BoltPM/bolt1]","","","vector;x;y;z;space;everyFrame;lateUpdate;gameObject;quaternion;vector;xAngle;yAngle;zAngle;space;everyFrame;lateUpdate","???|?C"
112899,"SATSUMA(557kg, 248)/Wiring/Parts/wiring_starter(xxxxx)/BoltPM","Screw","Unscrew 2","FINISHED->Wait 4;OFF->Get scroll 2","IntAdd;IntCompare","","","","add;everyFrame;integer1;integer2;equal;lessThan;greaterThan;everyFrame","Stage????|Stage|FINISHEDOFFFINISHED"
112899,"SATSUMA(557kg, 248)/Wiring/Parts/wiring_starter(xxxxx)/BoltPM","Screw","Screw 2","FINISHED->Wait 3;OFF->Get scroll 2","IntAdd;IntCompare","","","","add;everyFrame;integer1;integer2;equal;lessThan;greaterThan;everyFrame","Stage|Stage|FINISHEDFINISHEDOFF"
112899,"SATSUMA(557kg, 248)/Wiring/Parts/wiring_starter(xxxxx)/BoltPM","Screw","0 2","FINISHED->Get scroll 2","SetPosition;SetRotation","ThisBolt=31157[CARPARTS/PartsMotor/cylinder head(Clone)/Bolts/MaskedCylHead/BoltPM/bolt1]","","","vector;x;y;z;space;everyFrame;lateUpdate;gameObject;quaternion;vector;xAngle;yAngle;zAngle;space;everyFrame;lateUpdate",""
112899,"SATSUMA(557kg, 248)/Wiring/Parts/wiring_starter(xxxxx)/BoltPM","Screw","Wait 3","FINISHED->Stages 2","AddFsmFloat","PartAssembled=31786[SATSUMA(557kg, 248)/Wiring/Parts/wiring_starter(xxxxx)]","","CarBuilding;bolt_screw;BoltCheck;Tightness","soundGroupName;variationName;volume;delaySound;useThisLocation;attachToGameObject;useFixedPitch;fixedPitch;gameObject;fsmName;variableName;addValue;everyFrame;perSecond","??|??|??"
112899,"SATSUMA(557kg, 248)/Wiring/Parts/wiring_starter(xxxxx)/BoltPM","Screw","Wait 4","FINISHED->Stages 2","AddFsmFloat","PartAssembled=31786[SATSUMA(557kg, 248)/Wiring/Parts/wiring_starter(xxxxx)]","","CarBuilding;bolt_screw;BoltCheck;Tightness","soundGroupName;variationName;volume;delaySound;useThisLocation;attachToGameObject;useFixedPitch;fixedPitch;gameObject;fsmName;variableName;addValue;everyFrame;perSecond","??|??|??"
112899,"SATSUMA(557kg, 248)/Wiring/Parts/wiring_starter(xxxxx)/BoltPM","Screw","Setup 2","FINISHED->Save data 2","Wait","","","","finishEvent;realTime","??L>|FINISHED"
112899,"SATSUMA(557kg, 248)/Wiring/Parts/wiring_starter(xxxxx)/BoltPM","Screw","Idle","","","","","","",""
112899,"SATSUMA(557kg, 248)/Wiring/Parts/wiring_starter(xxxxx)/BoltPM","Screw","State 1","","SetProperty","Collider=100238[]","","","everyFrame",""
112899,"SATSUMA(557kg, 248)/Wiring/Parts/wiring_starter(xxxxx)/BoltPM","Screw","State 2","","SetProperty","Collider=100238[]","","","everyFrame",""
112899,"SATSUMA(557kg, 248)/Wiring/Parts/wiring_starter(xxxxx)/BoltPM","Screw","FINISHED","","","","","","",""
112899,"SATSUMA(557kg, 248)/Wiring/Parts/wiring_starter(xxxxx)/BoltPM","Screw","0","","","","","","",""
112899,"SATSUMA(557kg, 248)/Wiring/Parts/wiring_starter(xxxxx)/BoltPM","Screw","1","","","","","","",""
112899,"SATSUMA(557kg, 248)/Wiring/Parts/wiring_starter(xxxxx)/BoltPM","Screw","2","","","","","","",""
112899,"SATSUMA(557kg, 248)/Wiring/Parts/wiring_starter(xxxxx)/BoltPM","Screw","3","","","","","","",""
112899,"SATSUMA(557kg, 248)/Wiring/Parts/wiring_starter(xxxxx)/BoltPM","Screw","4","","","","","","",""
112899,"SATSUMA(557kg, 248)/Wiring/Parts/wiring_starter(xxxxx)/BoltPM","Screw","5","","","","","","",""
112899,"SATSUMA(557kg, 248)/Wiring/Parts/wiring_starter(xxxxx)/BoltPM","Screw","6","","","","","","",""
112899,"SATSUMA(557kg, 248)/Wiring/Parts/wiring_starter(xxxxx)/BoltPM","Screw","7","","","","","","",""
112899,"SATSUMA(557kg, 248)/Wiring/Parts/wiring_starter(xxxxx)/BoltPM","Screw","8","","","","","","",""
112899,"SATSUMA(557kg, 248)/Wiring/Parts/wiring_starter(xxxxx)/BoltPM","Screw","ASSEMBLE","","","","","","",""
112899,"SATSUMA(557kg, 248)/Wiring/Parts/wiring_starter(xxxxx)/BoltPM","Screw","OFF","","","","","","",""
112899,"SATSUMA(557kg, 248)/Wiring/Parts/wiring_starter(xxxxx)/BoltPM","Screw","SAVEGAME","","","","","","",""
112899,"SATSUMA(557kg, 248)/Wiring/Parts/wiring_starter(xxxxx)/BoltPM","Screw","TIGHTEN","","","","","","",""
112899,"SATSUMA(557kg, 248)/Wiring/Parts/wiring_starter(xxxxx)/BoltPM","Screw","UNTIGHTEN","","","","","","",""
112899,"SATSUMA(557kg, 248)/Wiring/Parts/wiring_starter(xxxxx)/BoltPM","Screw","REPAIRMODE_ON","","","","","","",""
113113,"SATSUMA(557kg, 248)/Wiring/Triggers/RearlightRight/LightConnector","Assemble","State 1","ASSEMBLE->Assemble","SetBoolValue;SetStringValue;GetDistance;FloatCompare","WiringTool=0[]","","- useVariable: 0;","boolValue;everyFrame;stringVariable;stringValue;everyFrame;gameObject;target;storeResult;everyFrame;float1;float2;tolerance;equal;lessThan;greaterThan;everyFrame","GUIassemble|Distance|Distance???=|Tolerance|ASSEMBLE"
113113,"SATSUMA(557kg, 248)/Wiring/Triggers/RearlightRight/LightConnector","Assemble","Assemble","LOOP->State 1;ASSEMBLE->Sound","SetBoolValue;SetStringValue;GetDistance;FloatCompare;GetButtonDown","WiringTool=0[]","","- useVariable: 0;REARLIGHT RIGHT;Use","boolValue;everyFrame;stringVariable;stringValue;everyFrame;gameObject;target;storeResult;everyFrame;float1;float2;tolerance;equal;lessThan;greaterThan;everyFrame;buttonName;sendEvent;storeResult","GUIassemble|Distance|Distance???=|Tolerance|LOOP|ASSEMBLE"
113113,"SATSUMA(557kg, 248)/Wiring/Triggers/RearlightRight/LightConnector","Assemble","Sound","CLOSELOOP->Finish assembly","SetBoolValue;SetStringValue;SendEventByName","_OtherEnd=21945[SATSUMA(557kg, 248)/Wiring/Triggers/RearlightRight/ConnectorLight]","","- useVariable: 0;- useVariable: 0;CLOSELOOP","boolValue;everyFrame;stringVariable;stringValue;everyFrame;eventTarget;sendEvent;delay;everyFrame","GUIassemble"
113113,"SATSUMA(557kg, 248)/Wiring/Triggers/RearlightRight/LightConnector","Assemble","Finish assembly","","SetFsmBool;ActivateGameObject;SendEvent;ActivateGameObject","db_ThisPart=15221[Database/DatabaseWiring/WiringRearlightRight];ThisWire1=6091[SATSUMA(557kg, 248)/Wiring/Parts/wiring_rearlights_right(xxxxx)];Owner=0[]","","CarBuilding;wiring;Data;Installed","soundGroupName;variationName;volume;delaySound;useThisLocation;attachToGameObject;useFixedPitch;fixedPitch;gameObject;fsmName;variableName;setValue;everyFrame;gameObject;activate;recursive;resetOnExit;everyFrame;eventTarget;sendEvent;delay;everyFrame;gameObject;activate;recursive;resetOnExit;everyFrame","??|??|RESETWIRING"
113113,"SATSUMA(557kg, 248)/Wiring/Triggers/RearlightRight/LightConnector","Assemble","Init","FINISHED->State 1","GetParent","Owner=0[]","","","storeResult",""
113113,"SATSUMA(557kg, 248)/Wiring/Triggers/RearlightRight/LightConnector","Assemble","FINISHED","","","","","","",""
113113,"SATSUMA(557kg, 248)/Wiring/Triggers/RearlightRight/LightConnector","Assemble","ASSEMBLE","","","","","","",""
113113,"SATSUMA(557kg, 248)/Wiring/Triggers/RearlightRight/LightConnector","Assemble","CLOSELOOP","","","","","","",""
113113,"SATSUMA(557kg, 248)/Wiring/Triggers/RearlightRight/LightConnector","Assemble","INSTALLED","","","","","","",""
113113,"SATSUMA(557kg, 248)/Wiring/Triggers/RearlightRight/LightConnector","Assemble","LOOP","","","","","","",""
113113,"SATSUMA(557kg, 248)/Wiring/Triggers/RearlightRight/LightConnector","Assemble","NOTINSTALLED","","","","","","",""
113120,"SATSUMA(557kg, 248)/Wiring/Triggers/HarnessHeadlights/HarnessConnector","Assemble","State 1","ASSEMBLE->Assemble","SetBoolValue;SetStringValue;GetDistance;FloatCompare","WiringTool=0[]","","- useVariable: 0;","boolValue;everyFrame;stringVariable;stringValue;everyFrame;gameObject;target;storeResult;everyFrame;float1;float2;tolerance;equal;lessThan;greaterThan;everyFrame","GUIassemble|Distance|Distance???=|Tolerance|ASSEMBLE"
113120,"SATSUMA(557kg, 248)/Wiring/Triggers/HarnessHeadlights/HarnessConnector","Assemble","Assemble","LOOP->State 1;ASSEMBLE->Sound","SetBoolValue;SetStringValue;GetDistance;FloatCompare;GetButtonDown","WiringTool=0[]","","- useVariable: 0;MAIN HARNESS CONNECTOR;Use","boolValue;everyFrame;stringVariable;stringValue;everyFrame;gameObject;target;storeResult;everyFrame;float1;float2;tolerance;equal;lessThan;greaterThan;everyFrame;buttonName;sendEvent;storeResult","GUIassemble|Distance|Distance???=|Tolerance|LOOP|ASSEMBLE"
113120,"SATSUMA(557kg, 248)/Wiring/Triggers/HarnessHeadlights/HarnessConnector","Assemble","Sound","CLOSELOOP->Finish assembly","SetBoolValue;SetStringValue;SendEventByName","_OtherEnd=34775[SATSUMA(557kg, 248)/Wiring/Triggers/HarnessHeadlights/ConnectorHarness]","","- useVariable: 0;- useVariable: 0;CLOSELOOP","boolValue;everyFrame;stringVariable;stringValue;everyFrame;eventTarget;sendEvent;delay;everyFrame","GUIassemble"
113120,"SATSUMA(557kg, 248)/Wiring/Triggers/HarnessHeadlights/HarnessConnector","Assemble","Finish assembly","","SetFsmBool;ActivateGameObject;SendEvent;ActivateGameObject","db_ThisPart=29564[Database/DatabaseWiring/WiringHeadlightsConnector];ThisWire1=35038[SATSUMA(557kg, 248)/Wiring/Parts/wiring_harness_headlights(xxxxx)];Owner=0[]","","CarBuilding;wiring;Data;Installed","soundGroupName;variationName;volume;delaySound;useThisLocation;attachToGameObject;useFixedPitch;fixedPitch;gameObject;fsmName;variableName;setValue;everyFrame;gameObject;activate;recursive;resetOnExit;everyFrame;eventTarget;sendEvent;delay;everyFrame;gameObject;activate;recursive;resetOnExit;everyFrame","??|??|RESETWIRING"
113120,"SATSUMA(557kg, 248)/Wiring/Triggers/HarnessHeadlights/HarnessConnector","Assemble","Init","FINISHED->State 1","GetParent","Owner=0[]","","","storeResult",""
113120,"SATSUMA(557kg, 248)/Wiring/Triggers/HarnessHeadlights/HarnessConnector","Assemble","FINISHED","","","","","","",""
113120,"SATSUMA(557kg, 248)/Wiring/Triggers/HarnessHeadlights/HarnessConnector","Assemble","ASSEMBLE","","","","","","",""
113120,"SATSUMA(557kg, 248)/Wiring/Triggers/HarnessHeadlights/HarnessConnector","Assemble","CLOSELOOP","","","","","","",""
113120,"SATSUMA(557kg, 248)/Wiring/Triggers/HarnessHeadlights/HarnessConnector","Assemble","INSTALLED","","","","","","",""
113120,"SATSUMA(557kg, 248)/Wiring/Triggers/HarnessHeadlights/HarnessConnector","Assemble","LOOP","","","","","","",""
113120,"SATSUMA(557kg, 248)/Wiring/Triggers/HarnessHeadlights/HarnessConnector","Assemble","NOTINSTALLED","","","","","","",""
113370,"SATSUMA(557kg, 248)/Wiring/Triggers/RegulatorHarness/RegulatorHarness","Assemble","State 1","ASSEMBLE->Assemble","SetBoolValue;SetStringValue;GetDistance;FloatCompare","WiringTool=0[]","","- useVariable: 0;","boolValue;everyFrame;stringVariable;stringValue;everyFrame;gameObject;target;storeResult;everyFrame;float1;float2;tolerance;equal;lessThan;greaterThan;everyFrame","GUIassemble|Distance|Distance???=|Tolerance|ASSEMBLE"
113370,"SATSUMA(557kg, 248)/Wiring/Triggers/RegulatorHarness/RegulatorHarness","Assemble","Assemble","LOOP->State 1;ASSEMBLE->Sound","SetBoolValue;SetStringValue;GetDistance;FloatCompare;GetButtonDown","WiringTool=0[]","","- useVariable: 0;REGULATOR;Use","boolValue;everyFrame;stringVariable;stringValue;everyFrame;gameObject;target;storeResult;everyFrame;float1;float2;tolerance;equal;lessThan;greaterThan;everyFrame;buttonName;sendEvent;storeResult","GUIassemble|Distance|Distance???=|Tolerance|LOOP|ASSEMBLE"
113370,"SATSUMA(557kg, 248)/Wiring/Triggers/RegulatorHarness/RegulatorHarness","Assemble","Sound","CLOSELOOP->Finish assembly","SetBoolValue;SetStringValue;SendEventByName","_OtherEnd=3418[SATSUMA(557kg, 248)/Wiring/Triggers/RegulatorHarness/HarnessRegulator]","","- useVariable: 0;- useVariable: 0;CLOSELOOP","boolValue;everyFrame;stringVariable;stringValue;everyFrame;eventTarget;sendEvent;delay;everyFrame","GUIassemble"
113370,"SATSUMA(557kg, 248)/Wiring/Triggers/RegulatorHarness/RegulatorHarness","Assemble","Finish assembly","","SetFsmBool;ActivateGameObject;SendEvent;ActivateGameObject","db_ThisPart=25716[Database/DatabaseWiring/WiringRegulator];ThisWire1=27671[SATSUMA(557kg, 248)/Wiring/Parts/wiring_regulator(xxxxx)];Owner=0[]","","CarBuilding;wiring;Data;Installed","soundGroupName;variationName;volume;delaySound;useThisLocation;attachToGameObject;useFixedPitch;fixedPitch;gameObject;fsmName;variableName;setValue;everyFrame;gameObject;activate;recursive;resetOnExit;everyFrame;eventTarget;sendEvent;delay;everyFrame;gameObject;activate;recursive;resetOnExit;everyFrame","??|??|RESETWIRING"
113370,"SATSUMA(557kg, 248)/Wiring/Triggers/RegulatorHarness/RegulatorHarness","Assemble","Init","FINISHED->State 1","GetParent","Owner=0[]","","","storeResult",""
113370,"SATSUMA(557kg, 248)/Wiring/Triggers/RegulatorHarness/RegulatorHarness","Assemble","FINISHED","","","","","","",""
113370,"SATSUMA(557kg, 248)/Wiring/Triggers/RegulatorHarness/RegulatorHarness","Assemble","ASSEMBLE","","","","","","",""
113370,"SATSUMA(557kg, 248)/Wiring/Triggers/RegulatorHarness/RegulatorHarness","Assemble","CLOSELOOP","","","","","","",""
113370,"SATSUMA(557kg, 248)/Wiring/Triggers/RegulatorHarness/RegulatorHarness","Assemble","INSTALLED","","","","","","",""
113370,"SATSUMA(557kg, 248)/Wiring/Triggers/RegulatorHarness/RegulatorHarness","Assemble","LOOP","","","","","","",""
113370,"SATSUMA(557kg, 248)/Wiring/Triggers/RegulatorHarness/RegulatorHarness","Assemble","NOTINSTALLED","","","","","","",""
113487,"SATSUMA(557kg, 248)/Wiring/Triggers/Dash2/FuseboxDash","Assemble","State 1","ASSEMBLE->Assemble","SetBoolValue;SetStringValue;GetDistance;FloatCompare","WiringTool=0[]","","- useVariable: 0;","boolValue;everyFrame;stringVariable;stringValue;everyFrame;gameObject;target;storeResult;everyFrame;float1;float2;tolerance;equal;lessThan;greaterThan;everyFrame","GUIassemble|Distance|Distance???=|Tolerance|ASSEMBLE"
113487,"SATSUMA(557kg, 248)/Wiring/Triggers/Dash2/FuseboxDash","Assemble","Assemble","LOOP->State 1;ASSEMBLE->Sound","SetBoolValue;SetStringValue;GetDistance;FloatCompare;GetButtonDown","WiringTool=0[]","","- useVariable: 0;FUSEBOX;Use","boolValue;everyFrame;stringVariable;stringValue;everyFrame;gameObject;target;storeResult;everyFrame;float1;float2;tolerance;equal;lessThan;greaterThan;everyFrame;buttonName;sendEvent;storeResult","GUIassemble|Distance|Distance???=|Tolerance|LOOP|ASSEMBLE"
113487,"SATSUMA(557kg, 248)/Wiring/Triggers/Dash2/FuseboxDash","Assemble","Sound","CLOSELOOP->Finish assembly","SetBoolValue;SetStringValue;SendEventByName","_OtherEnd=24446[SATSUMA(557kg, 248)/Wiring/Triggers/Dash2/DashFusebox]","","- useVariable: 0;- useVariable: 0;CLOSELOOP","boolValue;everyFrame;stringVariable;stringValue;everyFrame;eventTarget;sendEvent;delay;everyFrame","GUIassemble"
113487,"SATSUMA(557kg, 248)/Wiring/Triggers/Dash2/FuseboxDash","Assemble","Finish assembly","","SetFsmBool;ActivateGameObject;SendEvent;ActivateGameObject","db_ThisPart=29411[Database/DatabaseWiring/WiringDash2];ThisWire1=14987[SATSUMA(557kg, 248)/Wiring/Parts/wiring_dash2(xxxxx)];Owner=0[]","","CarBuilding;wiring;Data;Installed","soundGroupName;variationName;volume;delaySound;useThisLocation;attachToGameObject;useFixedPitch;fixedPitch;gameObject;fsmName;variableName;setValue;everyFrame;gameObject;activate;recursive;resetOnExit;everyFrame;eventTarget;sendEvent;delay;everyFrame;gameObject;activate;recursive;resetOnExit;everyFrame","??|??|RESETWIRING"
113487,"SATSUMA(557kg, 248)/Wiring/Triggers/Dash2/FuseboxDash","Assemble","Init","FINISHED->State 1","GetParent","Owner=0[]","","","storeResult",""
113487,"SATSUMA(557kg, 248)/Wiring/Triggers/Dash2/FuseboxDash","Assemble","FINISHED","","","","","","",""
113487,"SATSUMA(557kg, 248)/Wiring/Triggers/Dash2/FuseboxDash","Assemble","ASSEMBLE","","","","","","",""
113487,"SATSUMA(557kg, 248)/Wiring/Triggers/Dash2/FuseboxDash","Assemble","CLOSELOOP","","","","","","",""
113487,"SATSUMA(557kg, 248)/Wiring/Triggers/Dash2/FuseboxDash","Assemble","INSTALLED","","","","","","",""
113487,"SATSUMA(557kg, 248)/Wiring/Triggers/Dash2/FuseboxDash","Assemble","LOOP","","","","","","",""
113487,"SATSUMA(557kg, 248)/Wiring/Triggers/Dash2/FuseboxDash","Assemble","NOTINSTALLED","","","","","","",""
113498,"SATSUMA(557kg, 248)/Wiring/Triggers/GroundBattery/StarterBatteryMinus","Assemble","State 1","ASSEMBLE->Starter bolt","SetBoolValue;SetStringValue;GetDistance;FloatCompare","WiringTool=0[]","","- useVariable: 0;","boolValue;everyFrame;stringVariable;stringValue;everyFrame;gameObject;target;storeResult;everyFrame;float1;float2;tolerance;equal;lessThan;greaterThan;everyFrame","GUIassemble|Distance|Distance???=|Tolerance|ASSEMBLE"
113498,"SATSUMA(557kg, 248)/Wiring/Triggers/GroundBattery/StarterBatteryMinus","Assemble","Assemble","LOOP->State 1;ASSEMBLE->Sound","SetBoolValue;SetStringValue;GetDistance;FloatCompare;GetButtonDown","WiringTool=0[]","","- useVariable: 0;BATTERY GROUND CONNECTOR;Use","boolValue;everyFrame;stringVariable;stringValue;everyFrame;gameObject;target;storeResult;everyFrame;float1;float2;tolerance;equal;lessThan;greaterThan;everyFrame;buttonName;sendEvent;storeResult","GUIassemble|Distance|Distance???=|Tolerance|LOOP|ASSEMBLE"
113498,"SATSUMA(557kg, 248)/Wiring/Triggers/GroundBattery/StarterBatteryMinus","Assemble","Sound","CLOSELOOP->Finish assembly","SetBoolValue;SetStringValue;SendEventByName","_OtherEnd=12298[SATSUMA(557kg, 248)/Wiring/Triggers/GroundBattery/BatteryMinusStarter]","","- useVariable: 0;- useVariable: 0;CLOSELOOP","boolValue;everyFrame;stringVariable;stringValue;everyFrame;eventTarget;sendEvent;delay;everyFrame","GUIassemble"
113498,"SATSUMA(557kg, 248)/Wiring/Triggers/GroundBattery/StarterBatteryMinus","Assemble","Finish assembly","","SetFsmBool;SetFsmBool;ActivateGameObject;ArrayListResetValues;SetFsmFloat;SetFsmBool;ActivateGameObject;SendEvent;ActivateGameObject","db_ThisPart=7904[Database/DatabaseWiring/WiringGround1];db_ThisPart2=3446[Database/DatabaseWiring/WiringBatteryMinus];ThisWire1=28418[SATSUMA(557kg, 248)/Wiring/Parts/wiring_ground(xxxxx)];ThisWire2=29245[SATSUMA(557kg, 248)/Wiring/Parts/battery_terminal_minus(xxxxx)];Owner=0[]","","CarBuilding;wiring;Data;Installed;Data;Installed;- useVariable: 0;BoltCheck;Tightness;BoltCheck;SameLoad","soundGroupName;variationName;volume;delaySound;useThisLocation;attachToGameObject;useFixedPitch;fixedPitch;gameObject;fsmName;variableName;setValue;everyFrame;gameObject;fsmName;variableName;setValue;everyFrame;gameObject;activate;recursive;resetOnExit;everyFrame;gameObject;reference;resetValue;gameObject;fsmName;variableName;setValue;everyFrame;gameObject;fsmName;variableName;setValue;everyFrame;gameObject;activate;recursive;resetOnExit;everyFrame;eventTarget;sendEvent;delay;everyFrame;gameObject;activate;recursive;resetOnExit;everyFrame","??|??|RESETWIRING"
113498,"SATSUMA(557kg, 248)/Wiring/Triggers/GroundBattery/StarterBatteryMinus","Assemble","Init","FINISHED->State 1","GetParent","Owner=0[]","","","storeResult",""
113498,"SATSUMA(557kg, 248)/Wiring/Triggers/GroundBattery/StarterBatteryMinus","Assemble","Starter bolt","LOOP->Wait;ASSEMBLE->Assemble","ArrayListGet;IntCompare","","","","reference;atIndex;result;failureEvent;integer1;integer2;equal;lessThan;greaterThan;everyFrame","StarterBolt|LOOPASSEMBLELOOP"
113498,"SATSUMA(557kg, 248)/Wiring/Triggers/GroundBattery/StarterBatteryMinus","Assemble","Wait","FINISHED->State 1","SetBoolValue;Wait","","","","boolValue;everyFrame;time;finishEvent;realTime","GUIassemble|??|FINISHED"
113498,"SATSUMA(557kg, 248)/Wiring/Triggers/GroundBattery/StarterBatteryMinus","Assemble","FINISHED","","","","","","",""
113498,"SATSUMA(557kg, 248)/Wiring/Triggers/GroundBattery/StarterBatteryMinus","Assemble","ASSEMBLE","","","","","","",""
113498,"SATSUMA(557kg, 248)/Wiring/Triggers/GroundBattery/StarterBatteryMinus","Assemble","CLOSELOOP","","","","","","",""
113498,"SATSUMA(557kg, 248)/Wiring/Triggers/GroundBattery/StarterBatteryMinus","Assemble","INSTALLED","","","","","","",""
113498,"SATSUMA(557kg, 248)/Wiring/Triggers/GroundBattery/StarterBatteryMinus","Assemble","LOOP","","","","","","",""
113498,"SATSUMA(557kg, 248)/Wiring/Triggers/GroundBattery/StarterBatteryMinus","Assemble","NOTINSTALLED","","","","","","",""
113553,"SATSUMA(557kg, 248)/Wiring/Triggers/SwitchLights/HarnessSwitch","Assemble","State 1","ASSEMBLE->Assemble","SetBoolValue;SetStringValue;GetDistance;FloatCompare","WiringTool=0[]","","- useVariable: 0;","boolValue;everyFrame;stringVariable;stringValue;everyFrame;gameObject;target;storeResult;everyFrame;float1;float2;tolerance;equal;lessThan;greaterThan;everyFrame","GUIassemble|Distance|Distance???=|Tolerance|ASSEMBLE"
113553,"SATSUMA(557kg, 248)/Wiring/Triggers/SwitchLights/HarnessSwitch","Assemble","Assemble","LOOP->State 1;ASSEMBLE->Sound","SetBoolValue;SetStringValue;GetDistance;FloatCompare;GetButtonDown","WiringTool=0[]","","- useVariable: 0;DASH HARNESS CONNECTOR;Use","boolValue;everyFrame;stringVariable;stringValue;everyFrame;gameObject;target;storeResult;everyFrame;float1;float2;tolerance;equal;lessThan;greaterThan;everyFrame;buttonName;sendEvent;storeResult","GUIassemble|Distance|Distance???=|Tolerance|LOOP|ASSEMBLE"
113553,"SATSUMA(557kg, 248)/Wiring/Triggers/SwitchLights/HarnessSwitch","Assemble","Sound","CLOSELOOP->Finish assembly","SetBoolValue;SetStringValue;SendEventByName","_OtherEnd=7278[SATSUMA(557kg, 248)/Wiring/Triggers/SwitchLights/SwitchHarness]","","- useVariable: 0;- useVariable: 0;CLOSELOOP","boolValue;everyFrame;stringVariable;stringValue;everyFrame;eventTarget;sendEvent;delay;everyFrame","GUIassemble"
113553,"SATSUMA(557kg, 248)/Wiring/Triggers/SwitchLights/HarnessSwitch","Assemble","Finish assembly","","SetFsmBool;ActivateGameObject;SendEvent;ActivateGameObject","db_ThisPart=33410[Database/DatabaseWiring/WiringSwitchLights];ThisWire1=3190[SATSUMA(557kg, 248)/Wiring/Parts/wiring_switch_light(xxxxx)];Owner=0[]","","CarBuilding;wiring;Data;Installed","soundGroupName;variationName;volume;delaySound;useThisLocation;attachToGameObject;useFixedPitch;fixedPitch;gameObject;fsmName;variableName;setValue;everyFrame;gameObject;activate;recursive;resetOnExit;everyFrame;eventTarget;sendEvent;delay;everyFrame;gameObject;activate;recursive;resetOnExit;everyFrame","??|??|RESETWIRING"
113553,"SATSUMA(557kg, 248)/Wiring/Triggers/SwitchLights/HarnessSwitch","Assemble","Init","FINISHED->State 1","GetParent","Owner=0[]","","","storeResult",""
113553,"SATSUMA(557kg, 248)/Wiring/Triggers/SwitchLights/HarnessSwitch","Assemble","FINISHED","","","","","","",""
113553,"SATSUMA(557kg, 248)/Wiring/Triggers/SwitchLights/HarnessSwitch","Assemble","ASSEMBLE","","","","","","",""
113553,"SATSUMA(557kg, 248)/Wiring/Triggers/SwitchLights/HarnessSwitch","Assemble","CLOSELOOP","","","","","","",""
113553,"SATSUMA(557kg, 248)/Wiring/Triggers/SwitchLights/HarnessSwitch","Assemble","INSTALLED","","","","","","",""
113553,"SATSUMA(557kg, 248)/Wiring/Triggers/SwitchLights/HarnessSwitch","Assemble","LOOP","","","","","","",""
113553,"SATSUMA(557kg, 248)/Wiring/Triggers/SwitchLights/HarnessSwitch","Assemble","NOTINSTALLED","","","","","","",""
113623,"SATSUMA(557kg, 248)/Wiring/Triggers/GaugeAFR/GaugeHarness","Assemble","State 1","ASSEMBLE->Assemble","SetBoolValue;SetStringValue;GetDistance;FloatCompare","WiringTool=0[]","","- useVariable: 0;","boolValue;everyFrame;stringVariable;stringValue;everyFrame;gameObject;target;storeResult;everyFrame;float1;float2;tolerance;equal;lessThan;greaterThan;everyFrame","GUIassemble|Distance|Distance???=|Tolerance|ASSEMBLE"
113623,"SATSUMA(557kg, 248)/Wiring/Triggers/GaugeAFR/GaugeHarness","Assemble","Assemble","LOOP->State 1;ASSEMBLE->Sound","SetBoolValue;SetStringValue;GetDistance;FloatCompare;GetButtonDown","WiringTool=0[]","","- useVariable: 0;AFR GAUGE;Use","boolValue;everyFrame;stringVariable;stringValue;everyFrame;gameObject;target;storeResult;everyFrame;float1;float2;tolerance;equal;lessThan;greaterThan;everyFrame;buttonName;sendEvent;storeResult","GUIassemble|Distance|Distance???=|Tolerance|LOOP|ASSEMBLE"
113623,"SATSUMA(557kg, 248)/Wiring/Triggers/GaugeAFR/GaugeHarness","Assemble","Sound","CLOSELOOP->Finish assembly","SetBoolValue;SetStringValue;SendEventByName","_OtherEnd=29625[SATSUMA(557kg, 248)/Wiring/Triggers/GaugeAFR/HarnessGauge]","","- useVariable: 0;- useVariable: 0;CLOSELOOP","boolValue;everyFrame;stringVariable;stringValue;everyFrame;eventTarget;sendEvent;delay;everyFrame","GUIassemble"
113623,"SATSUMA(557kg, 248)/Wiring/Triggers/GaugeAFR/GaugeHarness","Assemble","Finish assembly","","SetFsmBool;ActivateGameObject;SendEvent;ActivateGameObject","db_ThisPart=22033[Database/DatabaseWiring/WiringGaugeAFR];ThisWire1=9443[SATSUMA(557kg, 248)/Wiring/Parts/wiring_gauge_afr(xxxxx)];Owner=0[]","","CarBuilding;wiring;Data;Installed","soundGroupName;variationName;volume;delaySound;useThisLocation;attachToGameObject;useFixedPitch;fixedPitch;gameObject;fsmName;variableName;setValue;everyFrame;gameObject;activate;recursive;resetOnExit;everyFrame;eventTarget;sendEvent;delay;everyFrame;gameObject;activate;recursive;resetOnExit;everyFrame","??|??|RESETWIRING"
113623,"SATSUMA(557kg, 248)/Wiring/Triggers/GaugeAFR/GaugeHarness","Assemble","Init","FINISHED->State 1","GetParent","Owner=0[]","","","storeResult",""
113623,"SATSUMA(557kg, 248)/Wiring/Triggers/GaugeAFR/GaugeHarness","Assemble","FINISHED","","","","","","",""
113623,"SATSUMA(557kg, 248)/Wiring/Triggers/GaugeAFR/GaugeHarness","Assemble","ASSEMBLE","","","","","","",""
113623,"SATSUMA(557kg, 248)/Wiring/Triggers/GaugeAFR/GaugeHarness","Assemble","CLOSELOOP","","","","","","",""
113623,"SATSUMA(557kg, 248)/Wiring/Triggers/GaugeAFR/GaugeHarness","Assemble","INSTALLED","","","","","","",""
113623,"SATSUMA(557kg, 248)/Wiring/Triggers/GaugeAFR/GaugeHarness","Assemble","LOOP","","","","","","",""
113623,"SATSUMA(557kg, 248)/Wiring/Triggers/GaugeAFR/GaugeHarness","Assemble","NOTINSTALLED","","","","","","",""
113689,"SATSUMA(557kg, 248)/Wiring/Triggers/HeadlightRight/ConnectorLight","Assemble","State 1","ASSEMBLE->Assemble","SetBoolValue;SetStringValue;GetDistance;FloatCompare","WiringTool=0[]","","- useVariable: 0;","boolValue;everyFrame;stringVariable;stringValue;everyFrame;gameObject;target;storeResult;everyFrame;float1;float2;tolerance;equal;lessThan;greaterThan;everyFrame","GUIassemble|Distance|Distance???=|Tolerance|ASSEMBLE"
113689,"SATSUMA(557kg, 248)/Wiring/Triggers/HeadlightRight/ConnectorLight","Assemble","Assemble","LOOP->State 1;ASSEMBLE->Sound","SetBoolValue;SetStringValue;GetDistance;FloatCompare;GetButtonDown","WiringTool=0[]","","- useVariable: 0;FRONT LIGHTS CONNECTOR;Use","boolValue;everyFrame;stringVariable;stringValue;everyFrame;gameObject;target;storeResult;everyFrame;float1;float2;tolerance;equal;lessThan;greaterThan;everyFrame;buttonName;sendEvent;storeResult","GUIassemble|Distance|Distance???=|Tolerance|LOOP|ASSEMBLE"
113689,"SATSUMA(557kg, 248)/Wiring/Triggers/HeadlightRight/ConnectorLight","Assemble","Sound","CLOSELOOP->Finish assembly","SetBoolValue;SetStringValue;SendEventByName","_OtherEnd=7793[SATSUMA(557kg, 248)/Wiring/Triggers/HeadlightRight/LightConnector]","","- useVariable: 0;- useVariable: 0;CLOSELOOP","boolValue;everyFrame;stringVariable;stringValue;everyFrame;eventTarget;sendEvent;delay;everyFrame","GUIassemble"
113689,"SATSUMA(557kg, 248)/Wiring/Triggers/HeadlightRight/ConnectorLight","Assemble","Finish assembly","","SetFsmBool;ActivateGameObject;SendEvent;ActivateGameObject","db_ThisPart=5837[Database/DatabaseWiring/WiringHeadlightRight];ThisWire1=11736[SATSUMA(557kg, 248)/Wiring/Parts/wiring_headlights_right(xxxxx)];Owner=0[]","","CarBuilding;wiring;Data;Installed","soundGroupName;variationName;volume;delaySound;useThisLocation;attachToGameObject;useFixedPitch;fixedPitch;gameObject;fsmName;variableName;setValue;everyFrame;gameObject;activate;recursive;resetOnExit;everyFrame;eventTarget;sendEvent;delay;everyFrame;gameObject;activate;recursive;resetOnExit;everyFrame","??|??|RESETWIRING"
113689,"SATSUMA(557kg, 248)/Wiring/Triggers/HeadlightRight/ConnectorLight","Assemble","Init","FINISHED->State 1","GetParent","Owner=0[]","","","storeResult",""
113689,"SATSUMA(557kg, 248)/Wiring/Triggers/HeadlightRight/ConnectorLight","Assemble","FINISHED","","","","","","",""
113689,"SATSUMA(557kg, 248)/Wiring/Triggers/HeadlightRight/ConnectorLight","Assemble","ASSEMBLE","","","","","","",""
113689,"SATSUMA(557kg, 248)/Wiring/Triggers/HeadlightRight/ConnectorLight","Assemble","CLOSELOOP","","","","","","",""
113689,"SATSUMA(557kg, 248)/Wiring/Triggers/HeadlightRight/ConnectorLight","Assemble","INSTALLED","","","","","","",""
113689,"SATSUMA(557kg, 248)/Wiring/Triggers/HeadlightRight/ConnectorLight","Assemble","LOOP","","","","","","",""
113689,"SATSUMA(557kg, 248)/Wiring/Triggers/HeadlightRight/ConnectorLight","Assemble","NOTINSTALLED","","","","","","",""
113933,"SATSUMA(557kg, 248)/Wiring/Triggers/HeadlightLeft/LightConnector","Assemble","State 1","ASSEMBLE->Assemble","SetBoolValue;SetStringValue;GetDistance;FloatCompare","WiringTool=0[]","","- useVariable: 0;","boolValue;everyFrame;stringVariable;stringValue;everyFrame;gameObject;target;storeResult;everyFrame;float1;float2;tolerance;equal;lessThan;greaterThan;everyFrame","GUIassemble|Distance|Distance???=|Tolerance|ASSEMBLE"
113933,"SATSUMA(557kg, 248)/Wiring/Triggers/HeadlightLeft/LightConnector","Assemble","Assemble","LOOP->State 1;ASSEMBLE->Sound","SetBoolValue;SetStringValue;GetDistance;FloatCompare;GetButtonDown","WiringTool=0[]","","- useVariable: 0;HEADLIGHT LEFT;Use","boolValue;everyFrame;stringVariable;stringValue;everyFrame;gameObject;target;storeResult;everyFrame;float1;float2;tolerance;equal;lessThan;greaterThan;everyFrame;buttonName;sendEvent;storeResult","GUIassemble|Distance|Distance???=|Tolerance|LOOP|ASSEMBLE"
113933,"SATSUMA(557kg, 248)/Wiring/Triggers/HeadlightLeft/LightConnector","Assemble","Sound","CLOSELOOP->Finish assembly","SetBoolValue;SetStringValue;SendEventByName","_OtherEnd=1330[SATSUMA(557kg, 248)/Wiring/Triggers/HeadlightLeft/ConnectorLight]","","- useVariable: 0;- useVariable: 0;CLOSELOOP","boolValue;everyFrame;stringVariable;stringValue;everyFrame;eventTarget;sendEvent;delay;everyFrame","GUIassemble"
113933,"SATSUMA(557kg, 248)/Wiring/Triggers/HeadlightLeft/LightConnector","Assemble","Finish assembly","","SetFsmBool;ActivateGameObject;SendEvent;ActivateGameObject","db_ThisPart=4336[Database/DatabaseWiring/WiringHeadlightLeft];ThisWire1=8405[SATSUMA(557kg, 248)/Wiring/Parts/wiring_headlights_left(xxxxx)];Owner=0[]","","CarBuilding;wiring;Data;Installed","soundGroupName;variationName;volume;delaySound;useThisLocation;attachToGameObject;useFixedPitch;fixedPitch;gameObject;fsmName;variableName;setValue;everyFrame;gameObject;activate;recursive;resetOnExit;everyFrame;eventTarget;sendEvent;delay;everyFrame;gameObject;activate;recursive;resetOnExit;everyFrame","??|??|RESETWIRING"
113933,"SATSUMA(557kg, 248)/Wiring/Triggers/HeadlightLeft/LightConnector","Assemble","Init","FINISHED->State 1","GetParent","Owner=0[]","","","storeResult",""
113933,"SATSUMA(557kg, 248)/Wiring/Triggers/HeadlightLeft/LightConnector","Assemble","FINISHED","","","","","","",""
113933,"SATSUMA(557kg, 248)/Wiring/Triggers/HeadlightLeft/LightConnector","Assemble","ASSEMBLE","","","","","","",""
113933,"SATSUMA(557kg, 248)/Wiring/Triggers/HeadlightLeft/LightConnector","Assemble","CLOSELOOP","","","","","","",""
113933,"SATSUMA(557kg, 248)/Wiring/Triggers/HeadlightLeft/LightConnector","Assemble","INSTALLED","","","","","","",""
113933,"SATSUMA(557kg, 248)/Wiring/Triggers/HeadlightLeft/LightConnector","Assemble","LOOP","","","","","","",""
113933,"SATSUMA(557kg, 248)/Wiring/Triggers/HeadlightLeft/LightConnector","Assemble","NOTINSTALLED","","","","","","",""
114029,"SATSUMA(557kg, 248)/Wiring/Triggers/Dash1/DashFusebox","Assemble","State 1","ASSEMBLE->Assemble","SetBoolValue;SetStringValue;GetDistance;FloatCompare","WiringTool=0[]","","- useVariable: 0;","boolValue;everyFrame;stringVariable;stringValue;everyFrame;gameObject;target;storeResult;everyFrame;float1;float2;tolerance;equal;lessThan;greaterThan;everyFrame","GUIassemble|Distance|Distance???=|Tolerance|ASSEMBLE"
114029,"SATSUMA(557kg, 248)/Wiring/Triggers/Dash1/DashFusebox","Assemble","Assemble","LOOP->State 1;ASSEMBLE->Sound","SetBoolValue;SetStringValue;GetDistance;FloatCompare;GetButtonDown","WiringTool=0[]","","- useVariable: 0;INSTRUMENT PANEL 1;Use","boolValue;everyFrame;stringVariable;stringValue;everyFrame;gameObject;target;storeResult;everyFrame;float1;float2;tolerance;equal;lessThan;greaterThan;everyFrame;buttonName;sendEvent;storeResult","GUIassemble|Distance|Distance???=|Tolerance|LOOP|ASSEMBLE"
114029,"SATSUMA(557kg, 248)/Wiring/Triggers/Dash1/DashFusebox","Assemble","Sound","CLOSELOOP->Finish assembly","SetBoolValue;SetStringValue;SendEventByName","_OtherEnd=20590[SATSUMA(557kg, 248)/Wiring/Triggers/Dash1/FuseboxDash]","","- useVariable: 0;- useVariable: 0;CLOSELOOP","boolValue;everyFrame;stringVariable;stringValue;everyFrame;eventTarget;sendEvent;delay;everyFrame","GUIassemble"
114029,"SATSUMA(557kg, 248)/Wiring/Triggers/Dash1/DashFusebox","Assemble","Finish assembly","","SetFsmBool;ActivateGameObject;SendEvent;ActivateGameObject","db_ThisPart=26759[Database/DatabaseWiring/WiringDash1];ThisWire1=11807[SATSUMA(557kg, 248)/Wiring/Parts/wiring_dash1(xxxxx)];Owner=0[]","","CarBuilding;wiring;Data;Installed","soundGroupName;variationName;volume;delaySound;useThisLocation;attachToGameObject;useFixedPitch;fixedPitch;gameObject;fsmName;variableName;setValue;everyFrame;gameObject;activate;recursive;resetOnExit;everyFrame;eventTarget;sendEvent;delay;everyFrame;gameObject;activate;recursive;resetOnExit;everyFrame","??|??|RESETWIRING"
114029,"SATSUMA(557kg, 248)/Wiring/Triggers/Dash1/DashFusebox","Assemble","Init","FINISHED->State 1","GetParent","Owner=0[]","","","storeResult",""
114029,"SATSUMA(557kg, 248)/Wiring/Triggers/Dash1/DashFusebox","Assemble","FINISHED","","","","","","",""
114029,"SATSUMA(557kg, 248)/Wiring/Triggers/Dash1/DashFusebox","Assemble","ASSEMBLE","","","","","","",""
114029,"SATSUMA(557kg, 248)/Wiring/Triggers/Dash1/DashFusebox","Assemble","CLOSELOOP","","","","","","",""
114029,"SATSUMA(557kg, 248)/Wiring/Triggers/Dash1/DashFusebox","Assemble","INSTALLED","","","","","","",""
114029,"SATSUMA(557kg, 248)/Wiring/Triggers/Dash1/DashFusebox","Assemble","LOOP","","","","","","",""
114029,"SATSUMA(557kg, 248)/Wiring/Triggers/Dash1/DashFusebox","Assemble","NOTINSTALLED","","","","","","",""
114039,"SATSUMA(557kg, 248)/Wiring/Triggers/HarnessHeadlights/ConnectorHarness","Assemble","State 1","ASSEMBLE->Assemble","SetBoolValue;SetStringValue;GetDistance;FloatCompare","WiringTool=0[]","","- useVariable: 0;","boolValue;everyFrame;stringVariable;stringValue;everyFrame;gameObject;target;storeResult;everyFrame;float1;float2;tolerance;equal;lessThan;greaterThan;everyFrame","GUIassemble|Distance|Distance???=|Tolerance|ASSEMBLE"
114039,"SATSUMA(557kg, 248)/Wiring/Triggers/HarnessHeadlights/ConnectorHarness","Assemble","Assemble","LOOP->State 1;ASSEMBLE->Sound","SetBoolValue;SetStringValue;GetDistance;FloatCompare;GetButtonDown","WiringTool=0[]","","- useVariable: 0;FRONT LIGHTS CONNECTOR;Use","boolValue;everyFrame;stringVariable;stringValue;everyFrame;gameObject;target;storeResult;everyFrame;float1;float2;tolerance;equal;lessThan;greaterThan;everyFrame;buttonName;sendEvent;storeResult","GUIassemble|Distance|Distance???=|Tolerance|LOOP|ASSEMBLE"
114039,"SATSUMA(557kg, 248)/Wiring/Triggers/HarnessHeadlights/ConnectorHarness","Assemble","Sound","CLOSELOOP->Finish assembly","SetBoolValue;SetStringValue;SendEventByName","_OtherEnd=31470[SATSUMA(557kg, 248)/Wiring/Triggers/HarnessHeadlights/HarnessConnector]","","- useVariable: 0;- useVariable: 0;CLOSELOOP","boolValue;everyFrame;stringVariable;stringValue;everyFrame;eventTarget;sendEvent;delay;everyFrame","GUIassemble"
114039,"SATSUMA(557kg, 248)/Wiring/Triggers/HarnessHeadlights/ConnectorHarness","Assemble","Finish assembly","","SetFsmBool;ActivateGameObject;SendEvent;ActivateGameObject","db_ThisPart=29564[Database/DatabaseWiring/WiringHeadlightsConnector];ThisWire1=35038[SATSUMA(557kg, 248)/Wiring/Parts/wiring_harness_headlights(xxxxx)];Owner=0[]","","CarBuilding;wiring;Data;Installed","soundGroupName;variationName;volume;delaySound;useThisLocation;attachToGameObject;useFixedPitch;fixedPitch;gameObject;fsmName;variableName;setValue;everyFrame;gameObject;activate;recursive;resetOnExit;everyFrame;eventTarget;sendEvent;delay;everyFrame;gameObject;activate;recursive;resetOnExit;everyFrame","??|??|RESETWIRING"
114039,"SATSUMA(557kg, 248)/Wiring/Triggers/HarnessHeadlights/ConnectorHarness","Assemble","Init","FINISHED->State 1","GetParent","Owner=0[]","","","storeResult",""
114039,"SATSUMA(557kg, 248)/Wiring/Triggers/HarnessHeadlights/ConnectorHarness","Assemble","FINISHED","","","","","","",""
114039,"SATSUMA(557kg, 248)/Wiring/Triggers/HarnessHeadlights/ConnectorHarness","Assemble","ASSEMBLE","","","","","","",""
114039,"SATSUMA(557kg, 248)/Wiring/Triggers/HarnessHeadlights/ConnectorHarness","Assemble","CLOSELOOP","","","","","","",""
114039,"SATSUMA(557kg, 248)/Wiring/Triggers/HarnessHeadlights/ConnectorHarness","Assemble","INSTALLED","","","","","","",""
114039,"SATSUMA(557kg, 248)/Wiring/Triggers/HarnessHeadlights/ConnectorHarness","Assemble","LOOP","","","","","","",""
114039,"SATSUMA(557kg, 248)/Wiring/Triggers/HarnessHeadlights/ConnectorHarness","Assemble","NOTINSTALLED","","","","","","",""
114308,"SATSUMA(557kg, 248)/Wiring/Triggers/AmplifierAudio/RadioAmplifier","Assemble","State 1","ASSEMBLE->Assemble","SetBoolValue;SetStringValue;GetDistance;FloatCompare","WiringTool=0[]","","- useVariable: 0;","boolValue;everyFrame;stringVariable;stringValue;everyFrame;gameObject;target;storeResult;everyFrame;float1;float2;tolerance;equal;lessThan;greaterThan;everyFrame","GUIassemble|Distance|Distance???=|Tolerance|ASSEMBLE"
114308,"SATSUMA(557kg, 248)/Wiring/Triggers/AmplifierAudio/RadioAmplifier","Assemble","Assemble","LOOP->State 1;ASSEMBLE->Sound","SetBoolValue;SetStringValue;GetDistance;FloatCompare;GetButtonDown","WiringTool=0[]","","- useVariable: 0;RADIO;Use","boolValue;everyFrame;stringVariable;stringValue;everyFrame;gameObject;target;storeResult;everyFrame;float1;float2;tolerance;equal;lessThan;greaterThan;everyFrame;buttonName;sendEvent;storeResult","GUIassemble|Distance|Distance???=|Tolerance|LOOP|ASSEMBLE"
114308,"SATSUMA(557kg, 248)/Wiring/Triggers/AmplifierAudio/RadioAmplifier","Assemble","Sound","CLOSELOOP->Finish assembly","SetBoolValue;SetStringValue;SendEventByName","_OtherEnd=35781[SATSUMA(557kg, 248)/Wiring/Triggers/AmplifierAudio/AmplifierRadio]","","- useVariable: 0;- useVariable: 0;CLOSELOOP","boolValue;everyFrame;stringVariable;stringValue;everyFrame;eventTarget;sendEvent;delay;everyFrame","GUIassemble"
114308,"SATSUMA(557kg, 248)/Wiring/Triggers/AmplifierAudio/RadioAmplifier","Assemble","Finish assembly","","SetFsmBool;ActivateGameObject;SendEvent;ActivateGameObject","db_ThisPart=22135[Database/DatabaseWiring/WiringAmplifierAudio];ThisWire1=1251[SATSUMA(557kg, 248)/Wiring/Parts/wiring_amp_audio(xxxxx)];Owner=0[]","","CarBuilding;wiring;Data;Installed","soundGroupName;variationName;volume;delaySound;useThisLocation;attachToGameObject;useFixedPitch;fixedPitch;gameObject;fsmName;variableName;setValue;everyFrame;gameObject;activate;recursive;resetOnExit;everyFrame;eventTarget;sendEvent;delay;everyFrame;gameObject;activate;recursive;resetOnExit;everyFrame","??|??|RESETWIRING"
114308,"SATSUMA(557kg, 248)/Wiring/Triggers/AmplifierAudio/RadioAmplifier","Assemble","Init","FINISHED->State 1","GetParent","Owner=0[]","","","storeResult",""
114308,"SATSUMA(557kg, 248)/Wiring/Triggers/AmplifierAudio/RadioAmplifier","Assemble","FINISHED","","","","","","",""
114308,"SATSUMA(557kg, 248)/Wiring/Triggers/AmplifierAudio/RadioAmplifier","Assemble","ASSEMBLE","","","","","","",""
114308,"SATSUMA(557kg, 248)/Wiring/Triggers/AmplifierAudio/RadioAmplifier","Assemble","CLOSELOOP","","","","","","",""
114308,"SATSUMA(557kg, 248)/Wiring/Triggers/AmplifierAudio/RadioAmplifier","Assemble","INSTALLED","","","","","","",""
114308,"SATSUMA(557kg, 248)/Wiring/Triggers/AmplifierAudio/RadioAmplifier","Assemble","LOOP","","","","","","",""
114308,"SATSUMA(557kg, 248)/Wiring/Triggers/AmplifierAudio/RadioAmplifier","Assemble","NOTINSTALLED","","","","","","",""
114315,"SATSUMA(557kg, 248)/Wiring/Triggers/AmplifierAudio/AmplifierRadio","Assemble","State 1","ASSEMBLE->Assemble","SetBoolValue;SetStringValue;GetDistance;FloatCompare","WiringTool=0[]","","- useVariable: 0;","boolValue;everyFrame;stringVariable;stringValue;everyFrame;gameObject;target;storeResult;everyFrame;float1;float2;tolerance;equal;lessThan;greaterThan;everyFrame","GUIassemble|Distance|Distance???=|Tolerance|ASSEMBLE"
114315,"SATSUMA(557kg, 248)/Wiring/Triggers/AmplifierAudio/AmplifierRadio","Assemble","Assemble","LOOP->State 1;ASSEMBLE->Sound","SetBoolValue;SetStringValue;GetDistance;FloatCompare;GetButtonDown","WiringTool=0[]","","- useVariable: 0;AMPLIFIER AUDIO;Use","boolValue;everyFrame;stringVariable;stringValue;everyFrame;gameObject;target;storeResult;everyFrame;float1;float2;tolerance;equal;lessThan;greaterThan;everyFrame;buttonName;sendEvent;storeResult","GUIassemble|Distance|Distance???=|Tolerance|LOOP|ASSEMBLE"
114315,"SATSUMA(557kg, 248)/Wiring/Triggers/AmplifierAudio/AmplifierRadio","Assemble","Sound","CLOSELOOP->Finish assembly","SetBoolValue;SetStringValue;SendEventByName","_OtherEnd=35735[SATSUMA(557kg, 248)/Wiring/Triggers/AmplifierAudio/RadioAmplifier]","","- useVariable: 0;- useVariable: 0;CLOSELOOP","boolValue;everyFrame;stringVariable;stringValue;everyFrame;eventTarget;sendEvent;delay;everyFrame","GUIassemble"
114315,"SATSUMA(557kg, 248)/Wiring/Triggers/AmplifierAudio/AmplifierRadio","Assemble","Finish assembly","","SetFsmBool;ActivateGameObject;SendEvent;ActivateGameObject","db_ThisPart=22135[Database/DatabaseWiring/WiringAmplifierAudio];ThisWire1=1251[SATSUMA(557kg, 248)/Wiring/Parts/wiring_amp_audio(xxxxx)];Owner=0[]","","CarBuilding;wiring;Data;Installed","soundGroupName;variationName;volume;delaySound;useThisLocation;attachToGameObject;useFixedPitch;fixedPitch;gameObject;fsmName;variableName;setValue;everyFrame;gameObject;activate;recursive;resetOnExit;everyFrame;eventTarget;sendEvent;delay;everyFrame;gameObject;activate;recursive;resetOnExit;everyFrame","??|??|RESETWIRING"
114315,"SATSUMA(557kg, 248)/Wiring/Triggers/AmplifierAudio/AmplifierRadio","Assemble","Init","FINISHED->State 1","GetParent","Owner=0[]","","","storeResult",""
114315,"SATSUMA(557kg, 248)/Wiring/Triggers/AmplifierAudio/AmplifierRadio","Assemble","FINISHED","","","","","","",""
114315,"SATSUMA(557kg, 248)/Wiring/Triggers/AmplifierAudio/AmplifierRadio","Assemble","ASSEMBLE","","","","","","",""
114315,"SATSUMA(557kg, 248)/Wiring/Triggers/AmplifierAudio/AmplifierRadio","Assemble","CLOSELOOP","","","","","","",""
114315,"SATSUMA(557kg, 248)/Wiring/Triggers/AmplifierAudio/AmplifierRadio","Assemble","INSTALLED","","","","","","",""
114315,"SATSUMA(557kg, 248)/Wiring/Triggers/AmplifierAudio/AmplifierRadio","Assemble","LOOP","","","","","","",""
114315,"SATSUMA(557kg, 248)/Wiring/Triggers/AmplifierAudio/AmplifierRadio","Assemble","NOTINSTALLED","","","","","","",""
109099,"SATSUMA(557kg, 248)/Wiring/Parts/battery_terminal_plus(xxxxx)/Bolts/BoltPM","Screw","Save data 2","FINISHED->Stages 2","GetChild;GetName;GetStringRight;ConvertStringToInt;ArrayListGet","ThisBolt=31157[CARPARTS/PartsMotor/cylinder head(Clone)/Bolts/MaskedCylHead/BoltPM/bolt1];PartAssembled=23982[SATSUMA(557kg, 248)/Wiring/Parts/battery_terminal_plus(xxxxx)]","","- useVariable: 0;Untagged;- useVariable: 1;- useVariable: 1;- useVariable: 1;- useVariable: 0;","childName;withTag;storeResult;gameObject;storeName;everyFrame;stringVariable;charCount;storeResult;everyFrame;stringVariable;intVariable;everyFrame;gameObject;reference;atIndex;result;failureEvent","Index|IndexFINISHED"
109099,"SATSUMA(557kg, 248)/Wiring/Parts/battery_terminal_plus(xxxxx)/Bolts/BoltPM","Screw","1 2","FINISHED->Get scroll 2","SetPosition;SetRotation","ThisBolt=31157[CARPARTS/PartsMotor/cylinder head(Clone)/Bolts/MaskedCylHead/BoltPM/bolt1]","","","vector;x;y;z;space;everyFrame;lateUpdate;gameObject;quaternion;vector;xAngle;yAngle;zAngle;space;everyFrame;lateUpdate","?#?|4B"
109099,"SATSUMA(557kg, 248)/Wiring/Parts/battery_terminal_plus(xxxxx)/Bolts/BoltPM","Screw","Stages 2","1->1 2;2->2 2;3->3 2;4->4 2;5->5 2;6->6 2;7->7 2;8->8 2;0->0 2","IntCompare;IntCompare;IntCompare;IntCompare;IntCompare;IntCompare;IntCompare;IntCompare;IntCompare","","","","integer2;equal;lessThan;greaterThan;everyFrame;integer1;integer2;equal;lessThan;greaterThan;everyFrame;integer1;integer2;equal;lessThan;greaterThan;everyFrame;integer1;integer2;equal;lessThan;greaterThan;everyFrame;integer1;integer2;equal;lessThan;greaterThan;everyFrame;integer1;integer2;equal;lessThan;greaterThan;everyFrame;integer1;integer2;equal;lessThan;greaterThan;everyFrame;integer1;integer2;equal;lessThan;greaterThan;everyFrame;integer1;integer2;equal;lessThan;greaterThan;everyFrame","Stage|1|Stage|2|Stage|3|Stage|4|Stage|5|Stage|6|Stage|7|Stage|8|Stage|0"
109099,"SATSUMA(557kg, 248)/Wiring/Parts/battery_terminal_plus(xxxxx)/Bolts/BoltPM","Screw","Get scroll 2","FINISHED->Idle","IntClamp;SetFsmInt;ArrayListSet","PartAssembled=23982[SATSUMA(557kg, 248)/Wiring/Parts/battery_terminal_plus(xxxxx)]","","BoltCheck;- useVariable: 0;","minValue;maxValue;everyFrame;gameObject;fsmName;variableName;setValue;everyFrame;gameObject;reference;atIndex;everyFrame;variable","Stage|Stage|Index"
109099,"SATSUMA(557kg, 248)/Wiring/Parts/battery_terminal_plus(xxxxx)/Bolts/BoltPM","Screw","2 2","FINISHED->Get scroll 2","SetPosition;SetRotation","ThisBolt=31157[CARPARTS/PartsMotor/cylinder head(Clone)/Bolts/MaskedCylHead/BoltPM/bolt1]","","","vector;x;y;z;space;everyFrame;lateUpdate;gameObject;quaternion;vector;xAngle;yAngle;zAngle;space;everyFrame;lateUpdate","???|?B"
109099,"SATSUMA(557kg, 248)/Wiring/Parts/battery_terminal_plus(xxxxx)/Bolts/BoltPM","Screw","3 2","FINISHED->Get scroll 2","SetPosition;SetRotation","ThisBolt=31157[CARPARTS/PartsMotor/cylinder head(Clone)/Bolts/MaskedCylHead/BoltPM/bolt1]","","","vector;x;y;z;space;everyFrame;lateUpdate;gameObject;quaternion;vector;xAngle;yAngle;zAngle;space;everyFrame;lateUpdate","????|C"
109099,"SATSUMA(557kg, 248)/Wiring/Parts/battery_terminal_plus(xxxxx)/Bolts/BoltPM","Screw","4 2","FINISHED->Get scroll 2","SetPosition;SetRotation","ThisBolt=31157[CARPARTS/PartsMotor/cylinder head(Clone)/Bolts/MaskedCylHead/BoltPM/bolt1]","","","vector;x;y;z;space;everyFrame;lateUpdate;gameObject;quaternion;vector;xAngle;yAngle;zAngle;space;everyFrame;lateUpdate","?#?|4C"
109099,"SATSUMA(557kg, 248)/Wiring/Parts/battery_terminal_plus(xxxxx)/Bolts/BoltPM","Screw","5 2","FINISHED->Get scroll 2","SetPosition;SetRotation","ThisBolt=31157[CARPARTS/PartsMotor/cylinder head(Clone)/Bolts/MaskedCylHead/BoltPM/bolt1]","","","vector;x;y;z;space;everyFrame;lateUpdate;gameObject;quaternion;vector;xAngle;yAngle;zAngle;space;everyFrame;lateUpdate","??L?|aC"
109099,"SATSUMA(557kg, 248)/Wiring/Parts/battery_terminal_plus(xxxxx)/Bolts/BoltPM","Screw","6 2","FINISHED->Get scroll 2","SetPosition;SetRotation","ThisBolt=31157[CARPARTS/PartsMotor/cylinder head(Clone)/Bolts/MaskedCylHead/BoltPM/bolt1]","","","vector;x;y;z;space;everyFrame;lateUpdate;gameObject;quaternion;vector;xAngle;yAngle;zAngle;space;everyFrame;lateUpdate","??u?|?C"
109099,"SATSUMA(557kg, 248)/Wiring/Parts/battery_terminal_plus(xxxxx)/Bolts/BoltPM","Screw","7 2","FINISHED->Get scroll 2","SetPosition;SetRotation","ThisBolt=31157[CARPARTS/PartsMotor/cylinder head(Clone)/Bolts/MaskedCylHead/BoltPM/bolt1]","","","vector;x;y;z;space;everyFrame;lateUpdate;gameObject;quaternion;vector;xAngle;yAngle;zAngle;space;everyFrame;lateUpdate",")\??|??C"
109099,"SATSUMA(557kg, 248)/Wiring/Parts/battery_terminal_plus(xxxxx)/Bolts/BoltPM","Screw","8 2","FINISHED->Get scroll 2","SetPosition;SetRotation","ThisBolt=31157[CARPARTS/PartsMotor/cylinder head(Clone)/Bolts/MaskedCylHead/BoltPM/bolt1]","","","vector;x;y;z;space;everyFrame;lateUpdate;gameObject;quaternion;vector;xAngle;yAngle;zAngle;space;everyFrame;lateUpdate","???|?C"
109099,"SATSUMA(557kg, 248)/Wiring/Parts/battery_terminal_plus(xxxxx)/Bolts/BoltPM","Screw","Unscrew 2","FINISHED->Wait 4;OFF->Get scroll 2","IntAdd;IntCompare","","","","add;everyFrame;integer1;integer2;equal;lessThan;greaterThan;everyFrame","Stage????|Stage|FINISHEDOFFFINISHED"
109099,"SATSUMA(557kg, 248)/Wiring/Parts/battery_terminal_plus(xxxxx)/Bolts/BoltPM","Screw","Screw 2","FINISHED->Wait 3;OFF->Get scroll 2","IntAdd;IntCompare","","","","add;everyFrame;integer1;integer2;equal;lessThan;greaterThan;everyFrame","Stage|Stage|FINISHEDFINISHEDOFF"
109099,"SATSUMA(557kg, 248)/Wiring/Parts/battery_terminal_plus(xxxxx)/Bolts/BoltPM","Screw","0 2","FINISHED->Get scroll 2","SetPosition;SetRotation","ThisBolt=31157[CARPARTS/PartsMotor/cylinder head(Clone)/Bolts/MaskedCylHead/BoltPM/bolt1]","","","vector;x;y;z;space;everyFrame;lateUpdate;gameObject;quaternion;vector;xAngle;yAngle;zAngle;space;everyFrame;lateUpdate",""
109099,"SATSUMA(557kg, 248)/Wiring/Parts/battery_terminal_plus(xxxxx)/Bolts/BoltPM","Screw","Wait 3","FINISHED->Stages 2","AddFsmFloat","PartAssembled=23982[SATSUMA(557kg, 248)/Wiring/Parts/battery_terminal_plus(xxxxx)]","","CarBuilding;bolt_screw;BoltCheck;Tightness","soundGroupName;variationName;volume;delaySound;useThisLocation;attachToGameObject;useFixedPitch;fixedPitch;gameObject;fsmName;variableName;addValue;everyFrame;perSecond","??|??|??"
109099,"SATSUMA(557kg, 248)/Wiring/Parts/battery_terminal_plus(xxxxx)/Bolts/BoltPM","Screw","Wait 4","FINISHED->Stages 2","AddFsmFloat","PartAssembled=23982[SATSUMA(557kg, 248)/Wiring/Parts/battery_terminal_plus(xxxxx)]","","CarBuilding;bolt_screw;BoltCheck;Tightness","soundGroupName;variationName;volume;delaySound;useThisLocation;attachToGameObject;useFixedPitch;fixedPitch;gameObject;fsmName;variableName;addValue;everyFrame;perSecond","??|??|??"
109099,"SATSUMA(557kg, 248)/Wiring/Parts/battery_terminal_plus(xxxxx)/Bolts/BoltPM","Screw","Setup 2","FINISHED->Save data 2","Wait","","","","finishEvent;realTime","??L>|FINISHED"
109099,"SATSUMA(557kg, 248)/Wiring/Parts/battery_terminal_plus(xxxxx)/Bolts/BoltPM","Screw","Idle","","","","","","",""
109099,"SATSUMA(557kg, 248)/Wiring/Parts/battery_terminal_plus(xxxxx)/Bolts/BoltPM","Screw","State 1","","SetProperty","Collider=99680[]","","","everyFrame",""
109099,"SATSUMA(557kg, 248)/Wiring/Parts/battery_terminal_plus(xxxxx)/Bolts/BoltPM","Screw","State 2","","SetProperty","Collider=99680[]","","","everyFrame",""
109099,"SATSUMA(557kg, 248)/Wiring/Parts/battery_terminal_plus(xxxxx)/Bolts/BoltPM","Screw","FINISHED","","","","","","",""
109099,"SATSUMA(557kg, 248)/Wiring/Parts/battery_terminal_plus(xxxxx)/Bolts/BoltPM","Screw","0","","","","","","",""
109099,"SATSUMA(557kg, 248)/Wiring/Parts/battery_terminal_plus(xxxxx)/Bolts/BoltPM","Screw","1","","","","","","",""
109099,"SATSUMA(557kg, 248)/Wiring/Parts/battery_terminal_plus(xxxxx)/Bolts/BoltPM","Screw","2","","","","","","",""
109099,"SATSUMA(557kg, 248)/Wiring/Parts/battery_terminal_plus(xxxxx)/Bolts/BoltPM","Screw","3","","","","","","",""
109099,"SATSUMA(557kg, 248)/Wiring/Parts/battery_terminal_plus(xxxxx)/Bolts/BoltPM","Screw","4","","","","","","",""
109099,"SATSUMA(557kg, 248)/Wiring/Parts/battery_terminal_plus(xxxxx)/Bolts/BoltPM","Screw","5","","","","","","",""
109099,"SATSUMA(557kg, 248)/Wiring/Parts/battery_terminal_plus(xxxxx)/Bolts/BoltPM","Screw","6","","","","","","",""
109099,"SATSUMA(557kg, 248)/Wiring/Parts/battery_terminal_plus(xxxxx)/Bolts/BoltPM","Screw","7","","","","","","",""
109099,"SATSUMA(557kg, 248)/Wiring/Parts/battery_terminal_plus(xxxxx)/Bolts/BoltPM","Screw","8","","","","","","",""
109099,"SATSUMA(557kg, 248)/Wiring/Parts/battery_terminal_plus(xxxxx)/Bolts/BoltPM","Screw","ASSEMBLE","","","","","","",""
109099,"SATSUMA(557kg, 248)/Wiring/Parts/battery_terminal_plus(xxxxx)/Bolts/BoltPM","Screw","OFF","","","","","","",""
109099,"SATSUMA(557kg, 248)/Wiring/Parts/battery_terminal_plus(xxxxx)/Bolts/BoltPM","Screw","SAVEGAME","","","","","","",""
109099,"SATSUMA(557kg, 248)/Wiring/Parts/battery_terminal_plus(xxxxx)/Bolts/BoltPM","Screw","TIGHTEN","","","","","","",""
109099,"SATSUMA(557kg, 248)/Wiring/Parts/battery_terminal_plus(xxxxx)/Bolts/BoltPM","Screw","UNTIGHTEN","","","","","","",""
109099,"SATSUMA(557kg, 248)/Wiring/Parts/battery_terminal_plus(xxxxx)/Bolts/BoltPM","Screw","REPAIRMODE_ON","","","","","","",""
111871,"SATSUMA(557kg, 248)/Wiring/Parts/battery_terminal_minus(xxxxx)/Bolts/BoltPM","Screw","Save data 2","FINISHED->Stages 2","GetChild;GetName;GetStringRight;ConvertStringToInt;ArrayListGet","ThisBolt=31157[CARPARTS/PartsMotor/cylinder head(Clone)/Bolts/MaskedCylHead/BoltPM/bolt1];PartAssembled=29245[SATSUMA(557kg, 248)/Wiring/Parts/battery_terminal_minus(xxxxx)]","","- useVariable: 0;Untagged;- useVariable: 1;- useVariable: 1;- useVariable: 1;- useVariable: 0;","childName;withTag;storeResult;gameObject;storeName;everyFrame;stringVariable;charCount;storeResult;everyFrame;stringVariable;intVariable;everyFrame;gameObject;reference;atIndex;result;failureEvent","Index|IndexFINISHED"
111871,"SATSUMA(557kg, 248)/Wiring/Parts/battery_terminal_minus(xxxxx)/Bolts/BoltPM","Screw","1 2","FINISHED->Get scroll 2","SetPosition;SetRotation","ThisBolt=31157[CARPARTS/PartsMotor/cylinder head(Clone)/Bolts/MaskedCylHead/BoltPM/bolt1]","","","vector;x;y;z;space;everyFrame;lateUpdate;gameObject;quaternion;vector;xAngle;yAngle;zAngle;space;everyFrame;lateUpdate","?#?|4B"
111871,"SATSUMA(557kg, 248)/Wiring/Parts/battery_terminal_minus(xxxxx)/Bolts/BoltPM","Screw","Stages 2","1->1 2;2->2 2;3->3 2;4->4 2;5->5 2;6->6 2;7->7 2;8->8 2;0->0 2","IntCompare;IntCompare;IntCompare;IntCompare;IntCompare;IntCompare;IntCompare;IntCompare;IntCompare","","","","integer2;equal;lessThan;greaterThan;everyFrame;integer1;integer2;equal;lessThan;greaterThan;everyFrame;integer1;integer2;equal;lessThan;greaterThan;everyFrame;integer1;integer2;equal;lessThan;greaterThan;everyFrame;integer1;integer2;equal;lessThan;greaterThan;everyFrame;integer1;integer2;equal;lessThan;greaterThan;everyFrame;integer1;integer2;equal;lessThan;greaterThan;everyFrame;integer1;integer2;equal;lessThan;greaterThan;everyFrame;integer1;integer2;equal;lessThan;greaterThan;everyFrame","Stage|1|Stage|2|Stage|3|Stage|4|Stage|5|Stage|6|Stage|7|Stage|8|Stage|0"
111871,"SATSUMA(557kg, 248)/Wiring/Parts/battery_terminal_minus(xxxxx)/Bolts/BoltPM","Screw","Get scroll 2","FINISHED->Idle","IntClamp;SetFsmInt;ArrayListSet","PartAssembled=29245[SATSUMA(557kg, 248)/Wiring/Parts/battery_terminal_minus(xxxxx)]","","BoltCheck;- useVariable: 0;","minValue;maxValue;everyFrame;gameObject;fsmName;variableName;setValue;everyFrame;gameObject;reference;atIndex;everyFrame;variable","Stage|Stage|Index"
111871,"SATSUMA(557kg, 248)/Wiring/Parts/battery_terminal_minus(xxxxx)/Bolts/BoltPM","Screw","2 2","FINISHED->Get scroll 2","SetPosition;SetRotation","ThisBolt=31157[CARPARTS/PartsMotor/cylinder head(Clone)/Bolts/MaskedCylHead/BoltPM/bolt1]","","","vector;x;y;z;space;everyFrame;lateUpdate;gameObject;quaternion;vector;xAngle;yAngle;zAngle;space;everyFrame;lateUpdate","???|?B"
111871,"SATSUMA(557kg, 248)/Wiring/Parts/battery_terminal_minus(xxxxx)/Bolts/BoltPM","Screw","3 2","FINISHED->Get scroll 2","SetPosition;SetRotation","ThisBolt=31157[CARPARTS/PartsMotor/cylinder head(Clone)/Bolts/MaskedCylHead/BoltPM/bolt1]","","","vector;x;y;z;space;everyFrame;lateUpdate;gameObject;quaternion;vector;xAngle;yAngle;zAngle;space;everyFrame;lateUpdate","????|C"
111871,"SATSUMA(557kg, 248)/Wiring/Parts/battery_terminal_minus(xxxxx)/Bolts/BoltPM","Screw","4 2","FINISHED->Get scroll 2","SetPosition;SetRotation","ThisBolt=31157[CARPARTS/PartsMotor/cylinder head(Clone)/Bolts/MaskedCylHead/BoltPM/bolt1]","","","vector;x;y;z;space;everyFrame;lateUpdate;gameObject;quaternion;vector;xAngle;yAngle;zAngle;space;everyFrame;lateUpdate","?#?|4C"
111871,"SATSUMA(557kg, 248)/Wiring/Parts/battery_terminal_minus(xxxxx)/Bolts/BoltPM","Screw","5 2","FINISHED->Get scroll 2","SetPosition;SetRotation","ThisBolt=31157[CARPARTS/PartsMotor/cylinder head(Clone)/Bolts/MaskedCylHead/BoltPM/bolt1]","","","vector;x;y;z;space;everyFrame;lateUpdate;gameObject;quaternion;vector;xAngle;yAngle;zAngle;space;everyFrame;lateUpdate","??L?|aC"
111871,"SATSUMA(557kg, 248)/Wiring/Parts/battery_terminal_minus(xxxxx)/Bolts/BoltPM","Screw","6 2","FINISHED->Get scroll 2","SetPosition;SetRotation","ThisBolt=31157[CARPARTS/PartsMotor/cylinder head(Clone)/Bolts/MaskedCylHead/BoltPM/bolt1]","","","vector;x;y;z;space;everyFrame;lateUpdate;gameObject;quaternion;vector;xAngle;yAngle;zAngle;space;everyFrame;lateUpdate","??u?|?C"
111871,"SATSUMA(557kg, 248)/Wiring/Parts/battery_terminal_minus(xxxxx)/Bolts/BoltPM","Screw","7 2","FINISHED->Get scroll 2","SetPosition;SetRotation","ThisBolt=31157[CARPARTS/PartsMotor/cylinder head(Clone)/Bolts/MaskedCylHead/BoltPM/bolt1]","","","vector;x;y;z;space;everyFrame;lateUpdate;gameObject;quaternion;vector;xAngle;yAngle;zAngle;space;everyFrame;lateUpdate",")\??|??C"
111871,"SATSUMA(557kg, 248)/Wiring/Parts/battery_terminal_minus(xxxxx)/Bolts/BoltPM","Screw","8 2","FINISHED->Get scroll 2","SetPosition;SetRotation","ThisBolt=31157[CARPARTS/PartsMotor/cylinder head(Clone)/Bolts/MaskedCylHead/BoltPM/bolt1]","","","vector;x;y;z;space;everyFrame;lateUpdate;gameObject;quaternion;vector;xAngle;yAngle;zAngle;space;everyFrame;lateUpdate","???|?C"
111871,"SATSUMA(557kg, 248)/Wiring/Parts/battery_terminal_minus(xxxxx)/Bolts/BoltPM","Screw","Unscrew 2","FINISHED->Wait 4;OFF->Get scroll 2","IntAdd;IntCompare","","","","add;everyFrame;integer1;integer2;equal;lessThan;greaterThan;everyFrame","Stage????|Stage|FINISHEDOFFFINISHED"
111871,"SATSUMA(557kg, 248)/Wiring/Parts/battery_terminal_minus(xxxxx)/Bolts/BoltPM","Screw","Screw 2","FINISHED->Wait 3;OFF->Get scroll 2","IntAdd;IntCompare","","","","add;everyFrame;integer1;integer2;equal;lessThan;greaterThan;everyFrame","Stage|Stage|FINISHEDFINISHEDOFF"
111871,"SATSUMA(557kg, 248)/Wiring/Parts/battery_terminal_minus(xxxxx)/Bolts/BoltPM","Screw","0 2","FINISHED->Get scroll 2","SetPosition;SetRotation","ThisBolt=31157[CARPARTS/PartsMotor/cylinder head(Clone)/Bolts/MaskedCylHead/BoltPM/bolt1]","","","vector;x;y;z;space;everyFrame;lateUpdate;gameObject;quaternion;vector;xAngle;yAngle;zAngle;space;everyFrame;lateUpdate",""
111871,"SATSUMA(557kg, 248)/Wiring/Parts/battery_terminal_minus(xxxxx)/Bolts/BoltPM","Screw","Wait 3","FINISHED->Stages 2","AddFsmFloat","PartAssembled=29245[SATSUMA(557kg, 248)/Wiring/Parts/battery_terminal_minus(xxxxx)]","","CarBuilding;bolt_screw;BoltCheck;Tightness","soundGroupName;variationName;volume;delaySound;useThisLocation;attachToGameObject;useFixedPitch;fixedPitch;gameObject;fsmName;variableName;addValue;everyFrame;perSecond","??|??|??"
111871,"SATSUMA(557kg, 248)/Wiring/Parts/battery_terminal_minus(xxxxx)/Bolts/BoltPM","Screw","Wait 4","FINISHED->Stages 2","AddFsmFloat","PartAssembled=29245[SATSUMA(557kg, 248)/Wiring/Parts/battery_terminal_minus(xxxxx)]","","CarBuilding;bolt_screw;BoltCheck;Tightness","soundGroupName;variationName;volume;delaySound;useThisLocation;attachToGameObject;useFixedPitch;fixedPitch;gameObject;fsmName;variableName;addValue;everyFrame;perSecond","??|??|??"
111871,"SATSUMA(557kg, 248)/Wiring/Parts/battery_terminal_minus(xxxxx)/Bolts/BoltPM","Screw","Setup 2","FINISHED->Save data 2","Wait","","","","finishEvent;realTime","??L>|FINISHED"
111871,"SATSUMA(557kg, 248)/Wiring/Parts/battery_terminal_minus(xxxxx)/Bolts/BoltPM","Screw","Idle","","","","","","",""
111871,"SATSUMA(557kg, 248)/Wiring/Parts/battery_terminal_minus(xxxxx)/Bolts/BoltPM","Screw","State 1","","SetProperty","Collider=100096[]","","","everyFrame",""
111871,"SATSUMA(557kg, 248)/Wiring/Parts/battery_terminal_minus(xxxxx)/Bolts/BoltPM","Screw","State 2","","SetProperty","Collider=100096[]","","","everyFrame",""
111871,"SATSUMA(557kg, 248)/Wiring/Parts/battery_terminal_minus(xxxxx)/Bolts/BoltPM","Screw","FINISHED","","","","","","",""
111871,"SATSUMA(557kg, 248)/Wiring/Parts/battery_terminal_minus(xxxxx)/Bolts/BoltPM","Screw","0","","","","","","",""
111871,"SATSUMA(557kg, 248)/Wiring/Parts/battery_terminal_minus(xxxxx)/Bolts/BoltPM","Screw","1","","","","","","",""
111871,"SATSUMA(557kg, 248)/Wiring/Parts/battery_terminal_minus(xxxxx)/Bolts/BoltPM","Screw","2","","","","","","",""
111871,"SATSUMA(557kg, 248)/Wiring/Parts/battery_terminal_minus(xxxxx)/Bolts/BoltPM","Screw","3","","","","","","",""
111871,"SATSUMA(557kg, 248)/Wiring/Parts/battery_terminal_minus(xxxxx)/Bolts/BoltPM","Screw","4","","","","","","",""
111871,"SATSUMA(557kg, 248)/Wiring/Parts/battery_terminal_minus(xxxxx)/Bolts/BoltPM","Screw","5","","","","","","",""
111871,"SATSUMA(557kg, 248)/Wiring/Parts/battery_terminal_minus(xxxxx)/Bolts/BoltPM","Screw","6","","","","","","",""
111871,"SATSUMA(557kg, 248)/Wiring/Parts/battery_terminal_minus(xxxxx)/Bolts/BoltPM","Screw","7","","","","","","",""
111871,"SATSUMA(557kg, 248)/Wiring/Parts/battery_terminal_minus(xxxxx)/Bolts/BoltPM","Screw","8","","","","","","",""
111871,"SATSUMA(557kg, 248)/Wiring/Parts/battery_terminal_minus(xxxxx)/Bolts/BoltPM","Screw","ASSEMBLE","","","","","","",""
111871,"SATSUMA(557kg, 248)/Wiring/Parts/battery_terminal_minus(xxxxx)/Bolts/BoltPM","Screw","OFF","","","","","","",""
111871,"SATSUMA(557kg, 248)/Wiring/Parts/battery_terminal_minus(xxxxx)/Bolts/BoltPM","Screw","SAVEGAME","","","","","","",""
111871,"SATSUMA(557kg, 248)/Wiring/Parts/battery_terminal_minus(xxxxx)/Bolts/BoltPM","Screw","TIGHTEN","","","","","","",""
111871,"SATSUMA(557kg, 248)/Wiring/Parts/battery_terminal_minus(xxxxx)/Bolts/BoltPM","Screw","UNTIGHTEN","","","","","","",""
111871,"SATSUMA(557kg, 248)/Wiring/Parts/battery_terminal_minus(xxxxx)/Bolts/BoltPM","Screw","REPAIRMODE_ON","","","","","","",""
112423,"ITEMS/wiring mess(itemx)","Use","State 1","","GetOwner;SetGameObject","Owner=0[];WiringTool=0[]","","","variable;gameObject;everyFrame",""
