"FeatureId","Domain","FeatureName","Required","DonorVersionEvidence","DonorSources","PlayerVisibleBehavior","Dependencies","CurrentImplementation","Status","LegacyPresentation","SaveCoverage","UITelemetry","AudioCoverage","TestCoverage","KnownDifferences","OwnerMilestone","HumanDecision","Notes"
"P1.SAVE.001","Save","Версионированный native save document и schema","Yes","Frozen04A1 revision msc-world-baseline-04a1.1-c3f2f337; GAME SHA-256 c3f2f3373ccad4fcbe104840fcb83e364f55438070e808d11ebe4996bc0476c4","Frozen managed type/FSM metadata; Docs/SAVE_SYSTEM.md; Assets/Game/Save/Runtime/SaveDocument.cs; Docs/Save/NATIVE_SAVE_ARCHITECTURE.md","Версионированный native save document и schema","StableEntityId; Bootstrap; UI","Project-owned msc.native-save document version 16 with deterministic header/domain envelopes, validation and 14 registered current-domain participants","ImplementedUnverified","08A New/Continue/Load and Save Status remain project-owned","Save core Covered; complete Phase 1 domain coverage remains 11 Covered, 203 Partial, 310 Planned and 13 Uncovered rows","Real slot metadata, operation state and failure/recovery UI are bound","None","M09A core/storage/integration/UI suites passed; later migration/domain tests exist; complete-game round trip remains pending","Independent deterministic JSON format intentionally differs from donor ES2/UniqueSaveManager; exact donor save schema is still unknown","09A","Manual full-game acceptance pending","No donor save manager, hierarchy name or Unity instance ID is runtime authority"
"P1.SAVE.002","Save","Слоты New Game / Continue / Load","Yes","Frozen04A1 revision msc-world-baseline-04a1.1-c3f2f337; GAME SHA-256 c3f2f3373ccad4fcbe104840fcb83e364f55438070e808d11ebe4996bc0476c4","Frozen managed type/FSM metadata; Docs/SAVE_SYSTEM.md; Assets/Game/Save/Runtime; Assets/Game/UI/Presentation/Runtime","Слоты New Game / Continue / Load","StableEntityId; Bootstrap; UI","Production Bootstrap owns native save composition; New Game, last-valid Continue, slot-list Load and in-session Save Status use real slot/provider data","ImplementedUnverified","Accepted 08A menu structure is retained and bound to real capabilities","Slot metadata, startup load and current-session save are implemented; late-game coverage remains incomplete","New/Continue/Load/Save Status and recovery/failure feedback are live","None","M09A UI Runtime/EditMode and UI Presentation PlayMode routes passed; fresh current-tree full manual route pending","Load performs a clean Bootstrap reload instead of donor runtime scene/save-manager behavior","09A","Manual production New/Continue/Load acceptance pending","Corrupt slots fail closed and UI does not claim unavailable data as available"
"P1.SAVE.003","Save","Атомарная запись, backup, quarantine и recovery","Yes","Frozen04A1 revision msc-world-baseline-04a1.1-c3f2f337; GAME SHA-256 c3f2f3373ccad4fcbe104840fcb83e364f55438070e808d11ebe4996bc0476c4","Frozen managed type/FSM metadata; Docs/SAVE_SYSTEM.md; Assets/Game/Save/Runtime; Docs/Save/NATIVE_SAVE_ARCHITECTURE.md","Атомарная запись, backup, quarantine и recovery","StableEntityId; Bootstrap; UI","Native storage writes .tmp, flushes and rereads, atomically replaces current, retains .bak, quarantines corrupt files and can recover from validated candidates","ImplementedUnverified","Project-owned status/toast feedback","Storage/recovery Covered for the native format","Busy, failure and recovered-slot feedback are implemented","None","M09A corruption, integrity, backup, quarantine and recovery suites passed; real-device destructive-copy exercise remains manual","Policy is project-owned and intentionally safer/different from the donor implementation","09A","Manual recovery exercise pending","Recovery preserves the corrupt source in quarantine and never rewrites donor saves"
"P1.SAVE.004","Save","Миграции schema и transaction-safe apply","Yes","Frozen04A1 revision msc-world-baseline-04a1.1-c3f2f337; GAME SHA-256 c3f2f3373ccad4fcbe104840fcb83e364f55438070e808d11ebe4996bc0476c4","Frozen managed type/FSM metadata; Docs/SAVE_SYSTEM.md; Assets/Game/Save/Migration; Assets/Game/Save/Runtime","Миграции schema и transaction-safe apply","StableEntityId; Bootstrap; UI","Migration pipeline reaches document version 16; dependency-ordered preflight/checkpoint/apply/rollback and optional unknown-domain retention are implemented","ImplementedUnverified","Failure and unresolved-content reports use project-owned UI/tooling","Current registered domains have migration/application coverage; absent future domains cannot yet participate","Migration/load failure is reported without partial world mutation","None","Core migration/rollback and later per-domain migration tests exist; complete late-game migration fixture remains pending","Native schema is independent from donor save layout; optional donor importer remains a separate pending decision","09A","Manual late-game migration acceptance pending","A failed migration preserves the source slot and fails closed"
"P1.SAVE.005","Save","Stable entity snapshots включая unloaded cells","Yes","Frozen04A1 revision msc-world-baseline-04a1.1-c3f2f337; GAME SHA-256 c3f2f3373ccad4fcbe104840fcb83e364f55438070e808d11ebe4996bc0476c4","Frozen managed type/FSM metadata; Docs/SAVE_SYSTEM.md; Assets/Game/Save/Runtime; Assets/Game/Save/Integration","Stable entity snapshots включая unloaded cells","StableEntityId; Bootstrap; UI","DeferredStableEntityStore plus world/items/Satsuma/NPC/traffic participants restore project-owned IDs across unloaded cells; static-before-dynamic streaming handoff and critical recovery are implemented","PartiallyImplemented","Presentation remains replaceable and is not serialized as authority","Covered for current registered entities; jobs, communications, progression, authority, rally, media and generic vehicles remain missing","Inspector exposes deferred/unresolved IDs and load status","None","Recent streaming handoff 6/6 and vehicle recovery 1/1 passed; representative full-game unloaded-cell matrix is incomplete","Coverage is limited to registered project-owned domains; no concrete state exists for absent feature domains","09A","Manual representative world route pending","No donor hierarchy path or instance ID is used; complete aggregate coverage remains a Phase 1 gate"
"P1.SAVE.006","Save","Fresh / mid-game / late-game cross-domain round trips","Yes","Frozen04A1 revision msc-world-baseline-04a1.1-c3f2f337; GAME SHA-256 c3f2f3373ccad4fcbe104840fcb83e364f55438070e808d11ebe4996bc0476c4","Frozen managed type/FSM metadata; Docs/SAVE_SYSTEM.md; Assets/Game/Save/Runtime; Docs/Save/FULL_GAME_SAVE_COVERAGE.csv","Fresh / mid-game / late-game cross-domain round trips","StableEntityId; Bootstrap; UI","Deterministic current-domain and subsystem round trips exist; no representative complete-game fresh/mid/late fixture can exist until all required persistent domains are implemented","PartiallyImplemented","Current required presentation restores through stable IDs/replacement keys where registered","11 Covered, 203 Partial, 310 Planned, 13 Uncovered, 19 NotRequired and 1 PendingDecision rows","Save/load status UI exists; missing domains provide no fake telemetry","None","Bounded subsystem fixtures exist; representative complete-game playthrough/save matrix is not executed","Jobs, communications, story, authority, rally, media and non-Satsuma vehicles prevent full cross-domain closure","09A","Pending until all owner milestones complete","This row cannot become Verified from save-core tests alone"
"P1.SAVE.007","Save","Read-only donor save schema evidence и optional importer decision","No","Frozen04A1 revision msc-world-baseline-04a1.1-c3f2f337; GAME SHA-256 c3f2f3373ccad4fcbe104840fcb83e364f55438070e808d11ebe4996bc0476c4","Frozen ES2/UniqueSaveManager type indicators; donor save content not captured","Read-only donor save schema evidence и optional importer decision","StableEntityId; Bootstrap; UI","Evidence gap","Blocked","Not applicable","Not applicable","None","None","None","Exact donor schema unknown; importer optional","09A","Pending decision after evidence","Does not block native save foundation; must preserve original donor saves"
"P1.PLAYER.001","Player","Ходьба и analog movement","Yes","Frozen04A1 revision msc-world-baseline-04a1.1-c3f2f337; GAME SHA-256 c3f2f3373ccad4fcbe104840fcb83e364f55438070e808d11ebe4996bc0476c4","Frozen FPSInputController PlayerHorizontal/PlayerVertical; GAME CharacterMotor and WalkSpeed FSM; current FirstPersonMotor","Directional/analog walking with capped diagonal speed and donor-matched acceleration","Input System; Player motor; World collision; Interaction","Working bounded M04 FirstPersonMotor","PartiallyImplemented","Current first-person camera/crossdot; no full body","None","None","Footstep audio presenter partial","No donor-comparison speed fixture","Serialized base speed 2 and MaxWalkSpeed 3 are evidence, not normalized runtime truth","09C","Pending","Capture five bidirectional trials plus partial analog and diagonal cap before verification"
"P1.PLAYER.002","Player","Бег с donor-compatible input, скоростью и needs cost","Yes","Frozen04A1 revision msc-world-baseline-04a1.1-c3f2f337; GAME SHA-256 c3f2f3373ccad4fcbe104840fcb83e364f55438070e808d11ebe4996bc0476c4","Frozen GAME Running FSM: cInput action Run; WALK release; movement/thirst/fatigue/dirtiness coupling","Hold/release Run changes gait and donor-evidenced need rates","Input System; Player motor; Needs; World collision","Nothing","EvidenceCaptured","Current first-person camera only","None","None","None","No run implementation/tests","Exact speed, transition and need deltas are explicitly missing capture; do not infer Shift binding","09C","Pending","Five-run distance/time capture plus release and need-delta assertions required"
"P1.PLAYER.003","Player","Первый уровень приседа","Yes","Frozen04A1 revision msc-world-baseline-04a1.1-c3f2f337; GAME SHA-256 c3f2f3373ccad4fcbe104840fcb83e364f55438070e808d11ebe4996bc0476c4","Frozen GAME Crouch FSM: standing 1.4; crouch1 0.85; crouch speed 1; CrouchTrigger evidence","Repeated Crouch input transitions standing to level 1 with correct camera/collider clearance","Input System; Player motor; World collision; Interaction","Working bounded binary M04 crouch","PartiallyImplemented","Current first-person camera; no full body","None","None","None","No donor-comparison posture fixture","Current crouch is binary and not donor-verified","09C","Pending","Capture transition duration, collider height, speed, low-clearance and interruption behavior"
"P1.PLAYER.004","Player","Второй / глубокий уровень приседа","Yes","Frozen04A1 revision msc-world-baseline-04a1.1-c3f2f337; GAME SHA-256 c3f2f3373ccad4fcbe104840fcb83e364f55438070e808d11ebe4996bc0476c4","Frozen GAME Crouch FSM chain Move down 1/Crouched 1/Move down 2/Crouched 2; crouch2 camera 0.3","Repeated Crouch input transitions level 1 to deep crouch and back to standing","Input System; Player motor; World collision; Interaction","Nothing; current motor has one crouch only","EvidenceCaptured","Current first-person camera only","None","None","None","No deep-crouch tests","Exact collider height, timing and water/seated/car/jump interruption require capture","09C","Pending","Low-clearance CrouchTrigger and AtticCrouchTrigger fixtures required"
"P1.PLAYER.005","Player","Наклон вперёд пешком","Yes","Frozen04A1 revision msc-world-baseline-04a1.1-c3f2f337; GAME SHA-256 c3f2f3373ccad4fcbe104840fcb83e364f55438070e808d11ebe4996bc0476c4","Frozen PLAYER Reach FSM/cInput action; user runtime clarification 2026-07-21; BetterMSC behavioral reference","Hold/release наклоняет взгляд вперёд и безопасно возвращает его; car/water/seated guards сохраняются","Input System; Player motor; Camera; World collision; Interaction","FirstPersonMotor implements a sphere-cast-limited 40 degree forward body/view arc through the project LeanPivot, entering at project-tuned 150 degrees/s and returning at 120 degrees/s with obstruction and reset handling","PartiallyImplemented","Camera/viewmodel-only lean; no physical full body","Non-persistent presentation/locomotion intent resets safely on session/input state changes","Bound input and interaction state exist; no donor UI is reused","Project-owned impact feedback is separate from lean authority","Focused Player/Interaction and locomotion regressions cover the implementation; active-world donor magnitude/feel and obstruction comparison remain pending","Technical donor action name ReachLeft is ambiguous; arc speeds are project tuning and the behavior uses BetterMSC evidence rather than a completed locked-donor capture","09C","User clarified forward on-foot lean 2026-07-21","Do not mark Verified until offset, collision/peek, guard and release behavior are executed against the locked donor"
"P1.PLAYER.006","Player","Поворот камеры и ограничения взгляда","Yes","Frozen04A1 revision msc-world-baseline-04a1.1-c3f2f337; GAME SHA-256 c3f2f3373ccad4fcbe104840fcb83e364f55438070e808d11ebe4996bc0476c4","Frozen PLAYER hierarchy/FSM metadata; CharacterMotor/FPSInput/Run/Crouch/Reach evidence; current Player runtime","Поворот камеры и ограничения взгляда","Input System; Player motor; World collision; Interaction","Working bounded M04 FirstPersonMotor","PartiallyImplemented","Current first-person camera/crossdot; no full body; viewmodel deferred per scope","None","None","None","None","Full donor parity not verified","09C","Pending","Project-owned ID; runtime must not depend on donor names or hierarchy"
"P1.PLAYER.007","Player","Надёжное прохождение порогов и ступеней","Yes","Frozen04A1 revision msc-world-baseline-04a1.1-c3f2f337; GAME SHA-256 c3f2f3373ccad4fcbe104840fcb83e364f55438070e808d11ebe4996bc0476c4","Frozen CharacterController h0.5/r0.12/slope90/step0.4/skin0.03; CharacterMotor step logic; school/soccer/skijump stair fixtures","Player traverses donor-matched stairs/curbs/thresholds both directions without snag, hover or skip","Input System; Player motor; World collision; Interaction","Partial CharacterController traversal; pub passes and Teimo blocks","PartiallyImplemented","Current first-person camera; temporary world collision","None","None","Footsteps partial","Old pilot route only; no exact Teimo/pub or frozen stair suite","Audit malformed/overlapping collider before motor tuning or backend replacement","09C","Pending","Test 60 FPS and low FPS, cell reload, stance states and stable landmark anchors"
"P1.PLAYER.008","Player","Гравитация, slopes, grounding, jump и fall/land behavior","Yes","Frozen04A1 revision msc-world-baseline-04a1.1-c3f2f337; GAME SHA-256 c3f2f3373ccad4fcbe104840fcb83e364f55438070e808d11ebe4996bc0476c4","Frozen FPSInput Jump action; CharacterMotor acceleration/gravity/jump/slope/collision flags and fall/land transitions; user-requested 2026-09-03 feel correction","Stable grounding, slopes, jump, fall and landing matching donor tolerances","Input System; Player motor; World collision; Interaction","Project motor owns grounding, slopes, coyote jump, explicit 6.65 m/s force, crouch-to-standing jump commitment and structured landing impact; camera feedback uses impact plus bounded jump-force influence; five-point foot support sampling uses side-conflict rejection and 0.2 s confirmation; generated Satsuma routes Player-layer chassis contact through a kinematic collision proxy so CharacterController contact cannot reverse chassis momentum","ImplementedUnverified","Project-owned first-person camera with stronger bounded jump/landing response","Motor posture and vertical speed use existing player save DTO; jump-force tuning is immutable authoring state","Landing strength and support-load diagnostics available to tests; accepted 08A HUD unchanged","Footstep landing mapping absent","Full-project Unity 6000.3.11f1 focused locomotion PlayMode 23/23 passed; generated Satsuma collision contract EditMode 1/1 and instantiated proxy PlayMode 2/2 passed; coverage includes crouched compound-rocker rejection and direct oncoming-heavy-body reversal prevention","Donor serialized gravity 20/fall cap 20/base jump height 0.5 still require executed comparison; 6.65 m/s force and camera response are user-directed project tuning","09C","Pending","Representative donor slope-limit, fall/land, low-FPS and subjective camera comparison plus active Game View Satsuma contact acceptance still required"
"P1.PLAYER.009","Player","Project-owned locomotion state для audio/needs/UI/save","Yes","Frozen04A1 revision msc-world-baseline-04a1.1-c3f2f337; GAME SHA-256 c3f2f3373ccad4fcbe104840fcb83e364f55438070e808d11ebe4996bc0476c4","Frozen Running FSM proves movement-to-needs coupling; current audio/needs/save consumers inspected","One authoritative walk/run/crouch1/crouch2/airborne/lean output drives consumers","Input System; Player motor; Needs; Audio; Save","No unified locomotion state contract","EvidenceCaptured","Current first-person presentation only","None","None","Footstep presenter reads current controller state only","None","Audio/UI/save consumption is not donor-proven and must be project-owned","09C","Pending","No donor hierarchy lookup; pause/input reset and save round-trip required"
"P1.PLAYER.010","Player","Контекстное взаимодействие лучом","Yes","Frozen04A1 revision msc-world-baseline-04a1.1-c3f2f337; GAME SHA-256 c3f2f3373ccad4fcbe104840fcb83e364f55438070e808d11ebe4996bc0476c4","Frozen PLAYER hierarchy/FSM metadata; CharacterMotor/FPSInput/Run/Crouch/Reach evidence; current Player runtime","Контекстное взаимодействие лучом","Input System; Player motor; World collision; Interaction","Working bounded M04 Interaction prototype","PartiallyImplemented","Current first-person camera/crossdot; no full body; viewmodel deferred per scope","None","Crossdot and candidate debug foundation","None","M04 focused tests","Full donor parity not verified","09C","Pending","Project-owned ID; runtime must not depend on donor names or hierarchy"
"P1.PLAYER.011","Player","Поднять, нести, вращать, поставить и бросить предмет","Yes","Frozen04A1 revision msc-world-baseline-04a1.1-c3f2f337; GAME SHA-256 c3f2f3373ccad4fcbe104840fcb83e364f55438070e808d11ebe4996bc0476c4","Frozen PLAYER hierarchy/FSM metadata; CharacterMotor/FPSInput/Run/Crouch/Reach evidence; current Player runtime","Поднять, нести, вращать, поставить и бросить предмет","Input System; Player motor; World collision; Interaction","Working bounded M04 Interaction prototype","PartiallyImplemented","Current first-person camera/crossdot; no full body; viewmodel deferred per scope","Carry snapshot DTO only","None","None","M04 focused tests","Full donor parity not verified","09C","Pending","Project-owned ID; runtime must not depend on donor names or hierarchy"
"P1.PLAYER.012","Player","Использование инструментов и capability targets","Yes","Frozen04A1 revision msc-world-baseline-04a1.1-c3f2f337; GAME SHA-256 c3f2f3373ccad4fcbe104840fcb83e364f55438070e808d11ebe4996bc0476c4","Frozen PLAYER hierarchy/FSM metadata; CharacterMotor/FPSInput/Run/Crouch/Reach evidence; current Player runtime","Использование инструментов и capability targets","Input System; Player motor; World collision; Interaction","Working bounded M04 Interaction prototype","PartiallyImplemented","Current first-person camera/crossdot; no full body; viewmodel deferred per scope","None","None","None","None","Full donor parity not verified","09C","Pending","Project-owned ID; runtime must not depend on donor names or hierarchy"
"P1.PLAYER.013","Player","Вход/выход и управление seated vehicle state","Yes","Frozen04A1 revision msc-world-baseline-04a1.1-c3f2f337; GAME SHA-256 c3f2f3373ccad4fcbe104840fcb83e364f55438070e808d11ebe4996bc0476c4","Frozen PLAYER hierarchy/FSM metadata; CharacterMotor/FPSInput/Run/Crouch/Reach evidence; current Player runtime","Вход/выход и управление seated vehicle state","Input System; Player motor; World collision; Interaction","Vehicle prototype input/session gates only","EvidenceCaptured","Current first-person camera/crossdot; no full body; viewmodel deferred per scope","None","None","None","None","Full donor parity not verified","11A","Pending","Project-owned ID; runtime must not depend on donor names or hierarchy"
"P1.PLAYER.014","Player","Наклон влево/вправо в машине через открытое окно или дверь","Yes","Frozen04A1 revision msc-world-baseline-04a1.1-c3f2f337; GAME SHA-256 c3f2f3373ccad4fcbe104840fcb83e364f55438070e808d11ebe4996bc0476c4","Frozen vehicle camera Strafe FSM proves ReachLeft/ReachRight; user runtime clarification 2026-07-21","Seated view leans left/right only through an open window or door and resets safely","Input System; Vehicle camera; Seated state; Door/window openness","Nothing","Specified","Camera/viewmodel presentation only","Non-persistent seated locomotion/presentation intent; resets on input, seat or opening-state changes","None","None","None","Separate from forward on-foot lean; opening precondition is mandatory","11A","User clarified window/door-gated bilateral vehicle lean 2026-07-21","Capture offsets, per-side opening conditions, obstruction and release reset"
"P1.PLAYER.015","Player","Отдельный боковой наклон пешком","No","Frozen04A1 revision msc-world-baseline-04a1.1-c3f2f337; GAME SHA-256 c3f2f3373ccad4fcbe104840fcb83e364f55438070e808d11ebe4996bc0476c4","User runtime clarification 2026-07-21 resolves ambiguous cInput labels","Not applicable: пешком используется наклон вперёд","Input System; Player motor; Camera","Nothing","RejectedNotInLockedDonorVersion","Not applicable","Not applicable","None","None","User clarification","Ambiguous donor labels were not behavioral evidence","09C","Rejected by user clarification 2026-07-21","Keep ID as an audited rejected candidate; do not implement"
"P1.PLAYER.016","Player","Ручной мат, фак с голосом и event-driven ругань","Yes","Frozen04A1 revision msc-world-baseline-04a1.1-c3f2f337; GAME SHA-256 c3f2f3373ccad4fcbe104840fcb83e364f55438070e808d11ebe4996bc0476c4","GAME Setup &108669: Swear=N and Finger=M; SpeakDatabase Speech FSM &110839: Swear/SWEARING, RandomInt 0..16, MasterAudio Swearing, PlayerStress -0.5 and 1 s wait; PlayerFunctions FSM &111301: MIDDLEFINGER, RandomInt 0..11, MasterAudio Fuck, middlefinger animation and FINGER event; MasterAudio group &105622 has 16 Swearing variations; Fuck group &105307 and subtitle table &107451 have 11 separate variations/entries; insufficient-funds FSMs select Swearing","N plays one of 16 swear lines; M keeps the accepted middle-finger viewmodel and plays one of 11 dedicated middle-finger lines; insufficient funds reacts without changing needs; reaching stress 100 automatically swears; one-second speech lock suppresses spam","Input System; Needs; Economy; Audio backend; 08A Controls UI; Save","Project-owned PlayerVoiceReactionController and pure policy bind explicit input/needs/economy events to 16 swear plus 11 finger stable audio IDs; Controls route exposes baseline bindings and persisted rebinds","PartiallyImplemented","Hash-locked removable 27-clip TemporaryDirectImport Unity fallback split into independent Swearing/Fuck catalogs; accepted project-owned middle-finger viewmodel remains authoritative","Voice variant/one-second presentation lock intentionally non-persistent; authoritative stress uses player.needs schema 3 and economy rejection mutates no save state","Scrollable accepted Controls shell exposes N/M and the active player/vehicle bindings; exact donor English Finger subtitles and project Russian fallback use the existing status surface","27 Unity fallback dialogue events across player.swear.01..16 and player.finger.01..11; preferred Wwise event mappings/bank media pending","Previous player voice baseline passed policy EditMode 4/4, economy/input EditMode 6/6, controller PlayMode 2/2, Controls UI PlayMode 5/5 and production Bootstrap 1/1; dedicated 11-line Finger correction revalidation pending","Project stress is clamped to 100 while donor Simulation also contains a later 200 comparison; automatic trigger is therefore the evidenced 100 crossing. Exact donor English Finger subtitles are locked; project Russian localization, Wwise authoring and manual in-game audio/gesture acceptance remain pending","09C","User requested bounded out-of-sequence implementation 2026-08-13 and corrected the middle-finger phrases the same day","No donor FSM/controller/runtime assembly enters the project; generated clips remain ignored and replaceable by presentation.audio.player-voice.phase2"
"P1.NEEDS.001","Needs","Жажда","Yes","Frozen04A1 revision msc-world-baseline-04a1.1-c3f2f337; GAME SHA-256 c3f2f3373ccad4fcbe104840fcb83e364f55438070e808d11ebe4996bc0476c4","Frozen PLAYER/Systems FSM metadata; UI captures; supporting item evidence","Жажда","GameTime; Player; Items; Save","08A HUD placeholder only; no production provider","EvidenceCaptured","08A HUD category exists where applicable; item animations missing","None","HUD shows unavailable state; no hidden exact percentages","None","None","Rates, thresholds and modifiers require frozen-version capture","09C","Pending","Project-owned ID; runtime must not depend on donor names or hierarchy"
"P1.NEEDS.002","Needs","Голод","Yes","Frozen04A1 revision msc-world-baseline-04a1.1-c3f2f337; GAME SHA-256 c3f2f3373ccad4fcbe104840fcb83e364f55438070e808d11ebe4996bc0476c4","Frozen PLAYER/Systems FSM metadata; UI captures; supporting item evidence","Голод","GameTime; Player; Items; Save","08A HUD placeholder only; no production provider","EvidenceCaptured","08A HUD category exists where applicable; item animations missing","None","HUD shows unavailable state; no hidden exact percentages","None","None","Rates, thresholds and modifiers require frozen-version capture","09C","Pending","Project-owned ID; runtime must not depend on donor names or hierarchy"
"P1.NEEDS.003","Needs","Стресс","Yes","Frozen04A1 revision msc-world-baseline-04a1.1-c3f2f337; GAME SHA-256 c3f2f3373ccad4fcbe104840fcb83e364f55438070e808d11ebe4996bc0476c4","Frozen PLAYER/Systems FSM metadata; SpeakDatabase Speech FSM &110839 applies -0.5 PlayerStress per manual/automatic SWEARING; Simulation FSM &112251 emits SWEARING at PlayerStress 100; UI captures; supporting item evidence","Authoritative stress progresses and persists; manual or automatic swear relieves 0.5; reaching 100 emits a bounded automatic voice reaction","GameTime; Player; Items; Save; Audio","PlayerNeedsRuntime/provider/save/HUD exist; PlayerVoiceReactionController applies the evidenced -0.5 only through IPlayerNeedsEffectSink and observes the 100 threshold","PartiallyImplemented","08A HUD plus removable player-voice TemporaryDirectImport; item animations still incomplete","player.needs schema 3; transient voice selection and cooldown intentionally not persisted","Live authoritative HUD value and localized reaction subtitle","16 stable swear events through removable Unity fallback; Wwise mapping pending","Reaction policy EditMode 4/4; controller PlayMode 2/2; existing needs/save coverage","General stress rates and every donor modifier still require frozen-version capture; project range clamps at 100, so the donor's later 200 comparison is unreachable by design","09C","Pending","Reaction boundary is implemented without promoting full stress parity to Verified"
"P1.NEEDS.004","Needs","Усталость","Yes","Frozen04A1 revision msc-world-baseline-04a1.1-c3f2f337; GAME SHA-256 c3f2f3373ccad4fcbe104840fcb83e364f55438070e808d11ebe4996bc0476c4","Frozen PLAYER/Systems FSM metadata; GAME FatigueEyes sleep_on/sleep_off_fast curve and 20-60 second cadence; BetterMSC blur concept inspected read-only","Усталость","GameTime; Player; Items; Save","Project-owned fatigue progression, save state, HUD telemetry and HDRP low-cost blur/vignette presentation","PartiallyImplemented","Progressive HDRP depth blur plus deterministic soft blink vignette; no donor texture, animation or runtime dependency","player.needs schema 3 + save document 5 migration","HUD and development console expose authoritative fatigue","None","FatigueBlinkResponse EditMode curve/cadence coverage; full Items+Needs focused run 29/29","Rates, thresholds and final perceptual strength still require manual donor calibration; radial softening intentionally replaces visibly rectangular temporary eyelids","09C","Pending","Project-owned ID and presenter; donor/BetterMSC are behavioral references only"
"P1.NEEDS.005","Needs","Нужда в мочеиспускании","Yes","Frozen04A1 revision msc-world-baseline-04a1.1-c3f2f337; GAME SHA-256 c3f2f3373ccad4fcbe104840fcb83e364f55438070e808d11ebe4996bc0476c4","Frozen PLAYER/Systems FSM metadata; UI captures; supporting item evidence","Нужда в мочеиспускании","GameTime; Player; Items; Save","08A HUD placeholder only; no production provider","EvidenceCaptured","08A HUD category exists where applicable; item animations missing","None","HUD shows unavailable state; no hidden exact percentages","None","None","Rates, thresholds and modifiers require frozen-version capture","09C","Pending","Project-owned ID; runtime must not depend on donor names or hierarchy"
"P1.NEEDS.006","Needs","Нечистоплотность","Yes","Frozen04A1 revision msc-world-baseline-04a1.1-c3f2f337; GAME SHA-256 c3f2f3373ccad4fcbe104840fcb83e364f55438070e808d11ebe4996bc0476c4","Frozen PLAYER/Systems FSM metadata; UI captures; supporting item evidence","Нечистоплотность","GameTime; Player; Items; Save","08A HUD placeholder only; no production provider","EvidenceCaptured","08A HUD category exists where applicable; item animations missing","None","HUD shows unavailable state; no hidden exact percentages","None","None","Rates, thresholds and modifiers require frozen-version capture","09C","Pending","Project-owned ID; runtime must not depend on donor names or hierarchy"
"P1.NEEDS.007","Needs","Алкогольное опьянение и похмелье","Yes","Frozen04A1 revision msc-world-baseline-04a1.1-c3f2f337; GAME SHA-256 c3f2f3373ccad4fcbe104840fcb83e364f55438070e808d11ebe4996bc0476c4","Frozen PLAYER/Systems FSM metadata; UI captures; supporting item evidence","Алкогольное опьянение и похмелье","GameTime; Player; Items; Save","Project-owned delayed beer absorption, alcohol clearance and persistent provisional hangover; held beer now contributes effects continuously in proportion to consumed liquid","PartiallyImplemented","Real carried bottle moves into a temporary interruptible drink pose; lightweight camera/vignette perception remains pending final authored presentation/audio","player.needs schema 3 + save document 5 migration; partial bottle content persists through item state","HUD/needs state; developer console can set intoxication and hangover without becoming save authority","No routed drink/alcohol audio comparison yet","Continuous beer amount/effect/retained-empty-bottle EditMode coverage; full Items+Needs focused run 29/29","Rates, thresholds, perceptual strength and modifiers require frozen-version capture","09C","Pending","Project-owned ID; drinking never depends on an animation frame or donor runtime"
"P1.NEEDS.008","Needs","Еда и насыщение","Yes","Frozen04A1 revision msc-world-baseline-04a1.1-c3f2f337; GAME SHA-256 c3f2f3373ccad4fcbe104840fcb83e364f55438070e808d11ebe4996bc0476c4","Frozen PLAYER/Systems FSM metadata; UI captures; supporting item evidence","Еда и насыщение","GameTime; Player; Items; Save","08A HUD placeholder only; no production provider","EvidenceCaptured","08A HUD category exists where applicable; item animations missing","None","HUD shows unavailable state; no hidden exact percentages","None","None","Rates, thresholds and modifiers require frozen-version capture","09C","Pending","Project-owned ID; runtime must not depend on donor names or hierarchy"
"P1.NEEDS.009","Needs","Питьё и hydration","Yes","Frozen04A1 revision msc-world-baseline-04a1.1-c3f2f337; GAME SHA-256 c3f2f3373ccad4fcbe104840fcb83e364f55438070e808d11ebe4996bc0476c4","Frozen PLAYER/Systems FSM metadata; UI captures; supporting item evidence; user-approved two-stage input contract 2026-07-28","Питьё и hydration","GameTime; Player; Items; Save; Interaction carry","First F on a usable world bottle picks up the real item into a transient use-ready hand pose without consuming it; the next held F drinks continuously, release pauses drinking while retaining the bottle","PartiallyImplemented","The real physical bottle follows the reviewed donor Hand/BeerBottle grip anchor in an interruptible temporary Phase 1 hand viewmodel; no duplicate donor bottle geometry","Partial liquid content and pending needs effects persist in existing item/player.needs schemas; transient use-ready presentation is intentionally not saved","Item status and needs HUD remain authoritative","No routed drinking audio comparison yet","Two-stage ready/drink lifecycle, partial effects, release stop, depletion and retained empty bottle covered; focused viewmodel, interaction and item runs PASS 36/36","Final visual grip, transition and audio require manual donor comparison","09C","Pending","First F is a special use pickup, second held F drinks; LMB releases, RMB throws; wheel rotation is blocked while drink-ready/drinking"
"P1.NEEDS.010","Needs","Курение и stress effects","Yes","Frozen04A1 revision msc-world-baseline-04a1.1-c3f2f337; GAME SHA-256 c3f2f3373ccad4fcbe104840fcb83e364f55438070e808d11ebe4996bc0476c4","Frozen PLAYER/Systems FSM metadata; UI captures; supporting item evidence","Курение и stress effects","GameTime; Player; Items; Save","Cigarette item consumes one of 20 units and queues provisional stress/fatigue effects","PartiallyImplemented","Temporary project-owned smoking viewmodel; acquisition/audio/final presentation pending","items.instances + player.needs schema 3","HUD/needs state; exact donor coefficients remain hidden pending calibration","Catalog rebuild PASS; focused needs/save tests PASS","Manual comparison blocked until Teimo acquisition flow exists","Rates, thresholds and modifiers require frozen-version capture","09C","Pending","Project-owned ID; runtime must not depend on donor names or hierarchy"
"P1.NEEDS.011","Needs","Кофе и fatigue effects","Yes","Frozen04A1 revision msc-world-baseline-04a1.1-c3f2f337; GAME SHA-256 c3f2f3373ccad4fcbe104840fcb83e364f55438070e808d11ebe4996bc0476c4","Frozen PLAYER/Systems FSM metadata; UI captures; supporting item evidence","Кофе и fatigue effects","GameTime; Player; Items; Save","08A HUD placeholder only; no production provider","EvidenceCaptured","08A HUD category exists where applicable; item animations missing","None","HUD shows unavailable state; no hidden exact percentages","None","None","Rates, thresholds and modifiers require frozen-version capture","09C","Pending","Project-owned ID; runtime must not depend on donor names or hierarchy"
"P1.NEEDS.012","Needs","Мочеиспускание в мире","Yes","Frozen04A1 revision msc-world-baseline-04a1.1-c3f2f337; GAME SHA-256 c3f2f3373ccad4fcbe104840fcb83e364f55438070e808d11ebe4996bc0476c4","Frozen PLAYER/Systems FSM metadata; UI captures; supporting item evidence","Мочеиспускание в мире","GameTime; Player; Items; Save","Project-owned P action drains urine progressively over 2.5–7.5 real seconds and adds dirtiness after minimum-threshold validation","PartiallyImplemented","Temporary visible stream without hands and action message; final audio/presentation pending","player.needs schema 3; transient action cancels safely on restore","Existing HUD urine/dirtiness bars","Needs/life-action EditMode 5/5","Manual world-action comparison pending","Duration, minimum threshold and dirtiness coefficient are provisional","09C","Pending","Project-owned ID; runtime must not depend on donor names or hierarchy"
"P1.NEEDS.013","Needs","Сон, пробуждение и time advance","Yes","Frozen04A1 revision msc-world-baseline-04a1.1-c3f2f337; GAME SHA-256 c3f2f3373ccad4fcbe104840fcb83e364f55438070e808d11ebe4996bc0476c4","Frozen PLAYER/Systems FSM metadata; UI captures; supporting item evidence","Сон, пробуждение и time advance","GameTime; Player; Items; Save","Project-owned furniture targets advance shared time/weather/wetness/needs by a provisional eight hours and relieve fatigue/stress","PartiallyImplemented","Player bed, parents' bed and living-room sofa use thin surface interactions; temporary camera lower/tilt and black transition; final audio/presentation pending","core.time + player.needs schema 3","Existing HUD time and needs bars","Needs/life-action EditMode 5/5; runtime/bootstrap assemblies compile","Manual three-target/weather/save comparison pending","Duration and relief coefficients are provisional","09C","Pending","Project-owned ID; runtime must not depend on donor names or hierarchy"
"P1.NEEDS.014","Needs","Здоровье, болезнь, injury и death triggers","Yes","Frozen04A1 revision msc-world-baseline-04a1.1-c3f2f337; GAME SHA-256 c3f2f3373ccad4fcbe104840fcb83e364f55438070e808d11ebe4996bc0476c4","Frozen PLAYER/Systems FSM metadata; UI captures; supporting item evidence","Здоровье, болезнь, injury и death triggers","GameTime; Player; Items; Save","08A HUD placeholder only; no production provider","EvidenceCaptured","08A HUD category exists where applicable; item animations missing","None","HUD shows unavailable state; no hidden exact percentages","None","None","Rates, thresholds and modifiers require frozen-version capture","09C","Pending","Project-owned ID; runtime must not depend on donor names or hierarchy"
"P1.HOME.001","Home","Домашнее электричество, выключатели и приборы","Yes","Frozen04A1 revision msc-world-baseline-04a1.1-c3f2f337; GAME SHA-256 c3f2f3373ccad4fcbe104840fcb83e364f55438070e808d11ebe4996bc0476c4","Frozen YARD/CABIN/COTTAGE/Systems hierarchy and FSM metadata","Домашнее электричество, выключатели и приборы","World anchors; Interaction; Items; Needs; Save","Project-owned domestic runtime owns independent saved stove, television and electric-sauna switch state; a complete electrical/resource network is not implemented","PartiallyImplemented","Temporary donor fixtures plus project-owned interaction anchors; finished device animation/VFX pending","home.state schema 1 + save document 6 migration","Context prompts, action messages and home.status diagnostics","No routed device audio yet","Home/runtime and Bootstrap compilation; home migration EditMode 3/3; manual fixture pass pending","No fuse/circuit, billing/resource, animation or donor-calibrated electrical rules","09C","Pending","Project-owned action IDs; runtime does not depend on donor names or hierarchy"
"P1.HOME.002","Home","Вода, краны и душ","Yes","Frozen04A1 revision msc-world-baseline-04a1.1-c3f2f337; GAME SHA-256 c3f2f3373ccad4fcbe104840fcb83e364f55438070e808d11ebe4996bc0476c4","Frozen YARD/CABIN/COTTAGE/Systems hierarchy and FSM metadata","Вода, краны и душ","World anchors; Interaction; Items; Needs; Save","Project-owned kitchen tap open/drink/close flow and independent shower switch/valve; water queues delayed thirst/urine effects and shower cleans only inside its local radius","PartiallyImplemented","Temporary donor fixtures plus project-owned interaction anchors; no water stream or control animation yet","home.state schema 1 + player.needs schema 3 + save document 6 migration","Dynamic context prompts, action messages, needs HUD and home.status","No routed water/shower audio yet","Home/runtime and Bootstrap compilation; home migration EditMode 3/3; manual water/shower pass pending","No water resource, temperature, final VFX/audio or donor-calibrated coefficients","09C","Pending","Project-owned action IDs and typed needs-effect boundary; no donor hierarchy lookup"
"P1.HOME.003","Home","Сауна: печь, камни, температура и пар","Yes","Frozen04A1 revision msc-world-baseline-04a1.1-c3f2f337; GAME SHA-256 c3f2f3373ccad4fcbe104840fcb83e364f55438070e808d11ebe4996bc0476c4","Frozen YARD/CABIN/COTTAGE/Systems hierarchy and FSM metadata","Сауна: печь, камни, температура и пар","World anchors; Interaction; Items; Needs; Save","Project-owned electric-sauna power, 30/60/90-minute timer, authoritative game-time heating/cooling, minimum-temperature steam gate and decaying steam state","PartiallyImplemented","Temporary donor sauna geometry plus project-owned interaction anchors; steam and heater presentation pending","home.state schema 1 + save document 6 migration","Context prompts, action messages and home.status temperature/timer diagnostics","No routed heater/steam audio yet","Home/runtime and Bootstrap compilation; home migration EditMode 3/3; manual sauna pass pending","No bucket/dipper consumption, player heat effects, wood sauna, fire safety, VFX/audio or donor-calibrated coefficients","09C","Pending","Project-owned action IDs and state authority; no donor runtime/controller dependency"
"P1.HOME.004","Home","Дрова и огонь печи/камина","Yes","Frozen04A1 revision msc-world-baseline-04a1.1-c3f2f337; GAME SHA-256 c3f2f3373ccad4fcbe104840fcb83e364f55438070e808d11ebe4996bc0476c4","Frozen YARD/CABIN/COTTAGE/Systems hierarchy and FSM metadata","Дрова и огонь печи/камина","World anchors; Interaction; Items; Needs; Save","Project-owned saved fireplace-lit foundation and explicit interaction action only; wood, ignition, fuel, heat and fire simulation remain absent","PartiallyImplemented","Temporary donor fireplace geometry plus project-owned interaction anchor; no fire presentation yet","home.state schema 1 + save document 6 migration","Context prompt, action message and home.status flag","No routed fire audio yet","Home/runtime and Bootstrap compilation; save migration coverage; manual toggle pass pending","Placeholder state toggle is not a claim of wood/fire gameplay parity","09C","Pending","Project-owned stable action ID; remaining fire loop requires donor evidence and separate implementation"
"P1.HOME.005","Home","Сон в доступных местах","Yes","Frozen04A1 revision msc-world-baseline-04a1.1-c3f2f337; GAME SHA-256 c3f2f3373ccad4fcbe104840fcb83e364f55438070e808d11ebe4996bc0476c4","Frozen YARD/CABIN/COTTAGE/Systems hierarchy and FSM metadata","Сон в доступных местах","World anchors; Interaction; Items; Needs; Save","Project-owned sleep surfaces exist on the player bed, parents' bed and living-room sofa; other donor-evidenced locations remain pending","PartiallyImplemented","Temporary donor furniture plus project-owned interaction/presentation","core.time + player.needs schema 3","Context prompt and existing HUD feedback","Wwise hooks partial only","Needs/life-action EditMode 5/5; manual three-target pass pending","Cottage/other reachable sleep places and exact resource/heat/time rules remain pending","09C","Pending","Project-owned ID; runtime must not depend on donor names or hierarchy"
"P1.HOME.006","Home","Холодильник/хранение еды и бытовые контейнеры","Yes","Frozen04A1 revision msc-world-baseline-04a1.1-c3f2f337; GAME SHA-256 c3f2f3373ccad4fcbe104840fcb83e364f55438070e808d11ebe4996bc0476c4","Frozen YARD/CABIN/COTTAGE/Systems hierarchy and FSM metadata","Холодильник/хранение еды и бытовые контейнеры","World anchors; Interaction; Items; Needs; Save","A versioned saved fridge-power field exists as a compatibility foundation; no physical interaction target, storage inventory or spoilage modifier is implemented","PartiallyImplemented","Temporary donor refrigerator geometry only; project-owned presentation binding pending","home.state schema 1 + save document 6 migration for the foundational flag","home.status reports the field for diagnostics only","None","DTO validation and save migration coverage; no player-flow test claimed","Not player-complete: door/opening, storage, spoilage, power effects and container workflow remain pending","09C","Pending","Foundational state is intentionally not exposed as a fake finished refrigerator interaction"
"P1.HOME.007","Home","Туалет и бытовая гигиена","Yes","Frozen04A1 revision msc-world-baseline-04a1.1-c3f2f337; GAME SHA-256 c3f2f3373ccad4fcbe104840fcb83e364f55438070e808d11ebe4996bc0476c4","Frozen YARD/CABIN/COTTAGE/Systems hierarchy and FSM metadata","Туалет и бытовая гигиена","World anchors; Interaction; Items; Needs; Save","Project-owned toilet target delegates to the existing timed urination authority; sink gives a bounded hygiene effect and active nearby shower cleans progressively","PartiallyImplemented","Temporary donor fixtures with project-owned interaction anchors; final water/body presentation pending","home.state schema 1 + player.needs schema 3 + save document 6 migration","Context prompts, action messages, needs HUD and home.status","No routed sanitation audio yet","Home/runtime and Bootstrap compilation; migration coverage; manual toilet/sink/shower pass pending","No final washing animation, water VFX/audio, resource use or donor-calibrated hygiene coefficients","09C","Pending","Uses existing needs/life-action authority; gameplay does not depend on animation frames"
"P1.HOME.008","Home","Телевизор/радио как домашние устройства","Yes","Frozen04A1 revision msc-world-baseline-04a1.1-c3f2f337; GAME SHA-256 c3f2f3373ccad4fcbe104840fcb83e364f55438070e808d11ebe4996bc0476c4","Frozen YARD/CABIN/COTTAGE/Systems hierarchy and FSM metadata","Телевизор/радио как домашние устройства","World anchors; Interaction; Items; Needs; Save","Project-owned saved television-power toggle and explicit fixture interaction; radio/media playback and schedules are not implemented","PartiallyImplemented","Temporary donor television geometry plus project-owned interaction anchor; screen/media presentation pending","home.state schema 1 + save document 6 migration","Dynamic context prompt, action message and home.status flag","No routed television/radio audio yet","Home/runtime and Bootstrap compilation; migration coverage; manual toggle pass pending","No channels, media content, schedule, reception, electricity effects or donor comparison","09C","Pending","State foundation only; Media rows remain separate Phase 1 work"
"P1.HOME.009","Home","Коттедж и его бытовые взаимодействия","Yes","Frozen04A1 revision msc-world-baseline-04a1.1-c3f2f337; GAME SHA-256 c3f2f3373ccad4fcbe104840fcb83e364f55438070e808d11ebe4996bc0476c4","Frozen YARD/CABIN/COTTAGE/Systems hierarchy and FSM metadata","Коттедж и его бытовые взаимодействия","World anchors; Interaction; Items; Needs; Save","World geometry only","EvidenceCaptured","Temporary donor world geometry/materials visible","None","None","Wwise hooks partial only","None","Exact resource/heat/time rules pending","09C","Pending","Project-owned ID; runtime must not depend on donor names or hierarchy"
"P1.HOME.010","Home","Домашние двери, окна и доступ","Yes","Frozen04A1 revision msc-world-baseline-04a1.1-c3f2f337; GAME SHA-256 c3f2f3373ccad4fcbe104840fcb83e364f55438070e808d11ebe4996bc0476c4","Frozen YARD/CABIN/COTTAGE/Systems hierarchy and FSM metadata","Домашние двери, окна и доступ","World anchors; Interaction; Items; Needs; Save","Door interaction prototype only; solid door blockers intentionally omitted","PartiallyImplemented","Temporary donor world geometry/materials visible","None","None","Wwise hooks partial only","None","Project-owned opening mechanics pending; user approved temporary no-collision doors","09C","Pending","Project-owned ID; runtime must not depend on donor names or hierarchy"
"P1.ITEM.001","Items","Ручные инструменты и spanner/tool sets","Yes","Frozen04A1 revision msc-world-baseline-04a1.1-c3f2f337; GAME SHA-256 c3f2f3373ccad4fcbe104840fcb83e364f55438070e808d11ebe4996bc0476c4","Frozen ITEMS/GameObject prefab evidence; ITEM_AND_CONSUMABLE_CATEGORY_ROSTER.csv; evidence examples: Spanner set; screwdrivers; ratchet-like tools","Physical ручные инструменты и spanner/tool sets can be acquired, moved, used and persisted","Stable IDs; Interaction; World streaming; Save","09B item tool identity/variants plus held-tool compatibility boundary; spanner sizes 8-17 are represented.","PartiallyImplemented","46 GeneratedValidated TemporaryDirectImport definition wrappers provide partial category coverage; project proxy fallback elsewhere.","Partial: items.instances.native.v1 logical state + world.entities pose; row-specific round-trip/stream proof pending","Context prompt and ItemActionCompleted hook only; locked UI/status binding pending","Generic interaction audio boundary only; category-specific event comparison pending","Catalog/presentation build exit 0; representative use/save/stream and donor comparison pending","Wrench variants and held-tool compatibility exist; concrete screwdriver/ratchet definitions and full donor use flows remain missing.","09B","Pending","Project-owned ID; runtime must not depend on donor names or hierarchy. 09B documentation audit: runtime/catalog/presentation/save boundaries are recorded without a Verified claim."
"P1.ITEM.002","Items","Домкраты, подъёмник и опоры","Yes","Frozen04A1 revision msc-world-baseline-04a1.1-c3f2f337; GAME SHA-256 c3f2f3373ccad4fcbe104840fcb83e364f55438070e808d11ebe4996bc0476c4","Frozen ITEMS/GameObject prefab evidence; Car jack and floor jack Rigidbody/collider/lift-child/Use-FSM records; ITEM_AND_CONSUMABLE_CATEGORY_ROSTER.csv","Physical домкраты, подъёмник и опоры can be acquired, moved, used and persisted","Stable IDs; Interaction; World streaming; Save; Vehicle assembly; PhysX","Car jack and floor jack have project-owned physical raise/lower behavior, saved lift height and four explicit Satsuma lift pads; floor jack has held-LMB ground drag and bounded nearby-vehicle collision bypass.","PartiallyImplemented","GeneratedValidated TemporaryDirectImport jack meshes behind project controllers; lift pad presentation is reviewed donor evidence.","items.instances.native.v1 plus world.entities pose persist both jacks; native document v16 migration adds missing lift-height=0 only to legacy jack records","Context prompts expose F raise, held RMB lower, floor-jack held LMB drag and car-jack pickup availability","Generic interaction audio boundary only; donor jack event comparison pending","Satsuma/item/jack/migration EditMode 62/62; builder and presentation validator pass","Motor hoist/support stands and full floor-jack scissor/arm articulation remain incomplete; manual under-car stability acceptance pending.","09B","Pending","Project-owned state and physics; donor FSM/controller runtime is not shipped. Full evidence in SATSUMA_SYSTEMIC_ASSEMBLY_PASS_2026-08-14.md."
"P1.ITEM.003","Items","Топор, кувалда, лом и рабочие инструменты","Yes","Frozen04A1 revision msc-world-baseline-04a1.1-c3f2f337; GAME SHA-256 c3f2f3373ccad4fcbe104840fcb83e364f55438070e808d11ebe4996bc0476c4","Frozen ITEMS/GameObject prefab evidence; ITEM_AND_CONSUMABLE_CATEGORY_ROSTER.csv; evidence examples: Axe; sledgehammer; digging bar","Physical топор, кувалда, лом и рабочие инструменты can be acquired, moved, used and persisted","Stable IDs; Interaction; World streaming; Save","09B project-owned item definition/instance runtime and items.instances save boundary; donor-specific category behavior remains incomplete.","PartiallyImplemented","46 GeneratedValidated TemporaryDirectImport definition wrappers provide partial category coverage; project proxy fallback elsewhere.","Partial: items.instances.native.v1 logical state + world.entities pose; row-specific round-trip/stream proof pending","Context prompt and ItemActionCompleted hook only; locked UI/status binding pending","Generic interaction audio boundary only; category-specific event comparison pending","Catalog/presentation build exit 0; representative use/save/stream and donor comparison pending","Generic held-tool identity exists, but axe/sledgehammer/digging-bar world outcomes are not implemented.","09B","Pending","Project-owned ID; runtime must not depend on donor names or hierarchy. 09B documentation audit: runtime/catalog/presentation/save boundaries are recorded without a Verified claim."
"P1.ITEM.004","Items","Канистры топлива и двухтактной смеси","Yes","Frozen04A1 revision msc-world-baseline-04a1.1-c3f2f337; GAME SHA-256 c3f2f3373ccad4fcbe104840fcb83e364f55438070e808d11ebe4996bc0476c4","Frozen ITEMS/GameObject prefab evidence; ITEM_AND_CONSUMABLE_CATEGORY_ROSTER.csv; evidence examples: Fuel cans; two-stroke can; FuelService liquid identities","Physical канистры топлива и двухтактной смеси can be acquired, moved, opened, filled, used and persisted","Stable IDs; Interaction; World streaming; Save; Services","09B liquid container authority is now connected to three 12A-S1 physical pump nozzles. Gasoline maps to liquid.gasoline and diesel to liquid.diesel; nozzle flow requires a carried nozzle plus an open compatible container.","PartiallyImplemented","GeneratedValidated TemporaryDirectImport canister wrappers plus project-owned physical nozzle/hose presentation.","items.instances.native.v1 persists cap and liquid state; services.state schema 1 persists accepted fuel debt","Pickup and cap prompts plus periodic accepted-volume status feedback","Generic interaction audio boundary only; pump/nozzle audio comparison pending","Service EditMode 49/49 and item liquid-boundary tests pass; manual nozzle/canister alignment and save/stream comparison pending","Canisters can now be filled at the pump; orientation-driven pour, spill, mass response, explosion behavior and vehicle receivers remain incomplete.","12A","Pending","Project-owned stable IDs and ILiquidContainerTarget boundary; no donor runtime names or FSM authority."
"P1.ITEM.005","Items","Масло, coolant и brake fluid containers","Yes","Frozen04A1 revision msc-world-baseline-04a1.1-c3f2f337; GAME SHA-256 c3f2f3373ccad4fcbe104840fcb83e364f55438070e808d11ebe4996bc0476c4","Frozen ITEMS/GameObject prefab evidence; ITEM_AND_CONSUMABLE_CATEGORY_ROSTER.csv; evidence examples: Motor oil; coolant; brake fluid","Physical масло, coolant и brake fluid containers can be acquired, moved, used and persisted","Stable IDs; Interaction; World streaming; Save","09B project-owned item definition/instance runtime and items.instances save boundary; donor-specific category behavior remains incomplete.","PartiallyImplemented","46 GeneratedValidated TemporaryDirectImport definition wrappers provide partial category coverage; project proxy fallback elsewhere.","Partial: items.instances.native.v1 logical state + world.entities pose; row-specific round-trip/stream proof pending","Context prompt and ItemActionCompleted hook only; locked UI/status binding pending","Generic interaction audio boundary only; category-specific event comparison pending","Catalog/presentation build exit 0; representative use/save/stream and donor comparison pending","Capacities and liquid state exist; vehicle fill targets, orientation pour, spill and mass response remain missing.","09B","Pending","Project-owned ID; runtime must not depend on donor names or hierarchy. 09B documentation audit: runtime/catalog/presentation/save boundaries are recorded without a Verified claim."
"P1.ITEM.006","Items","Вода, ведро, ковш и sauna containers","Yes","Frozen04A1 revision msc-world-baseline-04a1.1-c3f2f337; GAME SHA-256 c3f2f3373ccad4fcbe104840fcb83e364f55438070e808d11ebe4996bc0476c4","Frozen ITEMS/GameObject prefab evidence; ITEM_AND_CONSUMABLE_CATEGORY_ROSTER.csv; evidence examples: Bucket; water bucket; dipper","Physical вода, ведро, ковш и sauna containers can be acquired, moved, used and persisted","Stable IDs; Interaction; World streaming; Save","Project-owned liquid source/receiver capabilities fill from physical kitchen-tap and shower stream volumes, transfer between containers, pour onto the electric-sauna receiver and spill into local puddle presentation. Container tilt continuously drains authoritative litres through the same typed spill path.","PartiallyImplemented","GeneratedValidated TemporaryDirectImport wrappers remain replaceable; the flat donor bucket-water insert is suppressed and calibrates a project-owned closed HDRP water volume plus tilt pour stream.","items.instances.native.v1 persists liquid ID/amount; world.entities persists pose; row-specific streamed round-trip remains pending","Context prompts and typed ItemActionCompleted events include liquid ID/affected amount; locked liquid HUD remains pending","Generic interaction audio boundary only; fill/pour/spill category events remain pending","Focused Items/Home/Fluid/Audio EditMode coverage passed 51/51, including physical stream fill, in-container water volume and tilt-driven authoritative spill; manual donor comparison and streamed round-trip pending","Physical fill, volume, dynamic level and tilt spill are implemented; authored ripple VFX, category-specific audio and donor-rate calibration remain pending.","09B","Pending","Project-owned capability interfaces and stable IDs; no donor hierarchy lookup or donor FSM transfer."
"P1.ITEM.007","Items","Пиво, booze, cigarettes и coffee","Yes","Frozen04A1 revision msc-world-baseline-04a1.1-c3f2f337; GAME SHA-256 c3f2f3373ccad4fcbe104840fcb83e364f55438070e808d11ebe4996bc0476c4","Frozen ITEMS/GameObject prefab evidence; exact pub beer/vodka/coffee/cigarette buttons; ITEM_AND_CONSUMABLE_CATEGORY_ROSTER.csv","Physical пиво, booze, cigarettes и coffee can be purchased at their own pub targets; spawned items remain movable and persistent","Stable IDs; Interaction; World streaming; Save; Services; Economy","12A-S1 exposes all four audited pub beverage/cigarette choices. Item offers use ServiceItemHandoffBackend; vodka uses an idempotent effect handoff instead of the previous beer-only representative.","PartiallyImplemented","Temporary item wrappers plus Teimo give-drink/register action presentation; exact five-button pub layout retained.","services.state schema 1 persists transactions/pending handoffs; physical spawned items use item/world save domains","Separate prompts and 08A status feedback for beer, vodka, coffee and cigarettes","Teimo action clips are routed; exact pub item audio remains pending","Service EditMode 49/49 and NPC EditMode 34/34 pass; manual purchase/use comparison pending","Vodka fulfillment has no measured intoxication delta yet; exact coffee/vodka/cigarette effects and final audio remain incomplete.","12A","Pending","Purchase reachability is implemented without claiming final needs-effect parity."
"P1.ITEM.008","Items","Еда и готовые упаковки","Yes","Frozen04A1 revision msc-world-baseline-04a1.1-c3f2f337; GAME SHA-256 c3f2f3373ccad4fcbe104840fcb83e364f55438070e808d11ebe4996bc0476c4","Frozen ITEMS/GameObject prefab evidence; normalized food/FSM values; home fridge stable leaves; exact pub sausage-and-fries button and Teimo cook/bring clips","Physical food can be acquired, moved, consumed, cooled, spoiled, cooked where applicable and persisted; the pub meal is prepared before handoff","Stable IDs; Interaction; World streaming; Save; Home/Electricity; Services; NPC presentation","Outside-milestone fix adds data-driven whole consumption, game-time freshness, powered closed-fridge cooling and generic heat cooking while preserving ItemWorldRuntime authority. 12A-S1 paid pub meal choreography remains a separate pending flow.","PartiallyImplemented","Temporary item wrappers plus Teimo cook/cook2/bring-food actions and audited fridge/microwave presentation entities.","Food freshness/timestamp/cooking/count and item/world pose use native item/world domains; paid handoff uses services.state; transient pub preparation progress remains unpersisted","Food status exposes freshness/cook/spoiled state; 08A reports pub preparation/handoff","Home fridge posts project door events through IAudioBackend; microwave/meal and row-specific comparison remain pending","Items 48/48, Home 9/9, Needs 15/15, Save Integration 37/37 and production food/fridge PlayMode 2/2 pass; opened-fridge pickup ray passes; manual donor and pub interruption comparison pending","Burned/spoiled adverse coefficients, exact heat footprints, complex collision hulls, pub transient timer save and official-Wwise/rendered acceptance remain open.","12A","Pending","Presentation never owns transaction or item state and remains replaceable; outside-fix report records no Verified claim."
"P1.ITEM.009","Items","Рыба, мясо и perishables","Yes","Frozen04A1 revision msc-world-baseline-04a1.1-c3f2f337; GAME SHA-256 c3f2f3373ccad4fcbe104840fcb83e364f55438070e808d11ebe4996bc0476c4","Frozen ITEMS/GameObject prefab evidence; ITEM_AND_CONSUMABLE_CATEGORY_ROSTER.csv; evidence examples: Pike; moose meat; fish trap","Physical рыба, мясо и perishables can be acquired, moved, used and persisted","Stable IDs; Interaction; World streaming; Save","09B project-owned item definition/instance runtime and items.instances save boundary; donor-specific category behavior remains incomplete.","PartiallyImplemented","46 GeneratedValidated TemporaryDirectImport definition wrappers provide partial category coverage; project proxy fallback elsewhere.","Partial: items.instances.native.v1 logical state + world.entities pose; row-specific round-trip/stream proof pending","Context prompt and ItemActionCompleted hook only; locked UI/status binding pending","Generic interaction audio boundary only; category-specific event comparison pending","Catalog/presentation build exit 0; representative use/save/stream and donor comparison pending","Perishable state fields exist; time-driven spoil, grilling, fish-trap spawning and full donor comparison remain missing.","09B","Pending","Project-owned ID; runtime must not depend on donor names or hierarchy. 09B documentation audit: runtime/catalog/presentation/save boundaries are recorded without a Verified claim."
"P1.ITEM.010","Items","Kilju ingredients и juice containers","Yes","Frozen04A1 revision msc-world-baseline-04a1.1-c3f2f337; GAME SHA-256 c3f2f3373ccad4fcbe104840fcb83e364f55438070e808d11ebe4996bc0476c4","Frozen ITEMS/GameObject prefab evidence; ITEM_AND_CONSUMABLE_CATEGORY_ROSTER.csv; evidence examples: Sugar; yeast; concentrate; juice containers","Physical kilju ingredients и juice containers can be acquired, moved, used and persisted","Stable IDs; Interaction; World streaming; Save","09B project-owned item definition/instance runtime and items.instances save boundary; donor-specific category behavior remains incomplete.","PartiallyImplemented","46 GeneratedValidated TemporaryDirectImport definition wrappers provide partial category coverage; project proxy fallback elsewhere.","Partial: items.instances.native.v1 logical state + world.entities pose; row-specific round-trip/stream proof pending","Context prompt and ItemActionCompleted hook only; locked UI/status binding pending","Generic interaction audio boundary only; category-specific event comparison pending","Catalog/presentation build exit 0; representative use/save/stream and donor comparison pending","Ingredient/container state exists; exact kilju formula, action order and boundary behavior remain unresolved.","09B","Pending","Project-owned ID; runtime must not depend on donor names or hierarchy. 09B documentation audit: runtime/catalog/presentation/save boundaries are recorded without a Verified claim."
"P1.ITEM.011","Items","Батареи, свечи, лампы, предохранители","Yes","Frozen04A1 revision msc-world-baseline-04a1.1-c3f2f337; GAME SHA-256 c3f2f3373ccad4fcbe104840fcb83e364f55438070e808d11ebe4996bc0476c4","Frozen ITEMS/GameObject prefab evidence; ITEM_AND_CONSUMABLE_CATEGORY_ROSTER.csv; evidence examples: Battery; spark plugs; bulbs; fuses","Physical батареи, свечи, лампы, предохранители can be acquired, moved, used and persisted","Stable IDs; Interaction; World streaming; Save","09B project-owned item definition/instance runtime and items.instances save boundary; donor-specific category behavior remains incomplete.","PartiallyImplemented","46 GeneratedValidated TemporaryDirectImport definition wrappers provide partial category coverage; project proxy fallback elsewhere.","Partial: items.instances.native.v1 logical state + world.entities pose; row-specific round-trip/stream proof pending","Context prompt and ItemActionCompleted hook only; locked UI/status binding pending","Generic interaction audio boundary only; category-specific event comparison pending","Catalog/presentation build exit 0; representative use/save/stream and donor comparison pending","Package counts and spawned child identities exist; installation/use outcomes remain downstream and unverified.","09B","Pending","Project-owned ID; runtime must not depend on donor names or hierarchy. 09B documentation audit: runtime/catalog/presentation/save boundaries are recorded without a Verified claim."
"P1.ITEM.012","Items","Огнетушитель и safety supplies","Yes","Frozen04A1 revision msc-world-baseline-04a1.1-c3f2f337; GAME SHA-256 c3f2f3373ccad4fcbe104840fcb83e364f55438070e808d11ebe4996bc0476c4","Frozen ITEMS/GameObject prefab evidence; ITEM_AND_CONSUMABLE_CATEGORY_ROSTER.csv; evidence examples: Fire extinguisher","Physical огнетушитель и safety supplies can be acquired, moved, used and persisted","Stable IDs; Interaction; World streaming; Save","09B project-owned item definition/instance runtime and items.instances save boundary; donor-specific category behavior remains incomplete.","PartiallyImplemented","46 GeneratedValidated TemporaryDirectImport definition wrappers provide partial category coverage; project proxy fallback elsewhere.","Partial: items.instances.native.v1 logical state + world.entities pose; row-specific round-trip/stream proof pending","Context prompt and ItemActionCompleted hook only; locked UI/status binding pending","Generic interaction audio boundary only; category-specific event comparison pending","Catalog/presentation build exit 0; representative use/save/stream and donor comparison pending","Persistent condition/state exists; extinguisher spray and helmet gameplay effects remain missing.","09B","Pending","Project-owned ID; runtime must not depend on donor names or hierarchy. 09B documentation audit: runtime/catalog/presentation/save boundaries are recorded without a Verified claim."
"P1.ITEM.013","Items","Дрова, wood carrier и физические грузы","Yes","Frozen04A1 revision msc-world-baseline-04a1.1-c3f2f337; GAME SHA-256 c3f2f3373ccad4fcbe104840fcb83e364f55438070e808d11ebe4996bc0476c4","Frozen ITEMS/GameObject prefab evidence; ITEM_AND_CONSUMABLE_CATEGORY_ROSTER.csv; evidence examples: Firewood; wood carrier","Physical дрова, wood carrier и физические грузы can be acquired, moved, used and persisted","Stable IDs; Interaction; World streaming; Save","09B project-owned item definition/instance runtime and items.instances save boundary; donor-specific category behavior remains incomplete.","PartiallyImplemented","46 GeneratedValidated TemporaryDirectImport definition wrappers provide partial category coverage; project proxy fallback elsewhere.","Partial: items.instances.native.v1 logical state + world.entities pose; row-specific round-trip/stream proof pending","Context prompt and ItemActionCompleted hook only; locked UI/status binding pending","Generic interaction audio boundary only; category-specific event comparison pending","Catalog/presentation build exit 0; representative use/save/stream and donor comparison pending","Physical/container state exists; firewood collection, grill handoff and quantity flows remain incomplete.","09B","Pending","Project-owned ID; runtime must not depend on donor names or hierarchy. 09B documentation audit: runtime/catalog/presentation/save boundaries are recorded without a Verified claim."
"P1.ITEM.014","Items","Radio, flashlight, lantern и portable devices","Yes","Frozen04A1 revision msc-world-baseline-04a1.1-c3f2f337; GAME SHA-256 c3f2f3373ccad4fcbe104840fcb83e364f55438070e808d11ebe4996bc0476c4","Frozen ITEMS/GameObject prefab evidence; ITEM_AND_CONSUMABLE_CATEGORY_ROSTER.csv; evidence examples: Radio; flashlight; lantern; remote","Physical radio, flashlight, lantern и portable devices can be acquired, moved, used and persisted","Stable IDs; Interaction; World streaming; Save","09B project-owned item definition/instance runtime and items.instances save boundary; donor-specific category behavior remains incomplete.","PartiallyImplemented","46 GeneratedValidated TemporaryDirectImport definition wrappers provide partial category coverage; project proxy fallback elsewhere.","Partial: items.instances.native.v1 logical state + world.entities pose; row-specific round-trip/stream proof pending","Context prompt and ItemActionCompleted hook only; locked UI/status binding pending","Generic interaction audio boundary only; category-specific event comparison pending","Catalog/presentation build exit 0; representative use/save/stream and donor comparison pending","Device toggles/charge fields exist; light/radio/radar/camera behavior and audio integration remain missing.","09B","Pending","Project-owned ID; runtime must not depend on donor names or hierarchy. 09B documentation audit: runtime/catalog/presentation/save boundaries are recorded without a Verified claim."
"P1.ITEM.015","Items","CD, diskette, magazine и media objects","Yes","Frozen04A1 revision msc-world-baseline-04a1.1-c3f2f337; GAME SHA-256 c3f2f3373ccad4fcbe104840fcb83e364f55438070e808d11ebe4996bc0476c4","Frozen ITEMS/GameObject prefab evidence; ITEM_AND_CONSUMABLE_CATEGORY_ROSTER.csv; evidence examples: CDs; diskette; parts magazine","Physical cd, diskette, magazine и media objects can be acquired, moved, used and persisted","Stable IDs; Interaction; World streaming; Save","09B project-owned item definition/instance runtime and items.instances save boundary; donor-specific category behavior remains incomplete.","PartiallyImplemented","46 GeneratedValidated TemporaryDirectImport definition wrappers provide partial category coverage; project proxy fallback elsewhere.","Partial: items.instances.native.v1 logical state + world.entities pose; row-specific round-trip/stream proof pending","Context prompt and ItemActionCompleted hook only; locked UI/status binding pending","Generic interaction audio boundary only; category-specific event comparison pending","Catalog/presentation build exit 0; representative use/save/stream and donor comparison pending","Physical media state and floppy variants exist; readable/playback/computer integration remains downstream.","09B","Pending","Project-owned ID; runtime must not depend on donor names or hierarchy. 09B documentation audit: runtime/catalog/presentation/save boundaries are recorded without a Verified claim."
"P1.ITEM.016","Items","Furniture и movable household objects","Yes","Frozen04A1 revision msc-world-baseline-04a1.1-c3f2f337; GAME SHA-256 c3f2f3373ccad4fcbe104840fcb83e364f55438070e808d11ebe4996bc0476c4","Frozen ITEMS/GameObject prefab evidence; ITEM_AND_CONSUMABLE_CATEGORY_ROSTER.csv; evidence examples: Sofa and movable props","Physical furniture и movable household objects can be acquired, moved, used and persisted","Stable IDs; Interaction; World streaming; Save","09B project-owned item definition/instance runtime and items.instances save boundary; donor-specific category behavior remains incomplete.","PartiallyImplemented","46 GeneratedValidated TemporaryDirectImport definition wrappers provide partial category coverage; project proxy fallback elsewhere.","Partial: items.instances.native.v1 logical state + world.entities pose; row-specific round-trip/stream proof pending","Context prompt and ItemActionCompleted hook only; locked UI/status binding pending","Generic interaction audio boundary only; category-specific event comparison pending","Catalog/presentation build exit 0; representative use/save/stream and donor comparison pending","Physical state exists; sofa sleep, sports behavior and story-cargo use remain downstream.","09B","Pending","Project-owned ID; runtime must not depend on donor names or hierarchy. 09B documentation audit: runtime/catalog/presentation/save boundaries are recorded without a Verified claim."
"P1.ITEM.017","Items","Vehicle service packages and ordered parts","Yes","Frozen04A1 revision msc-world-baseline-04a1.1-c3f2f337; GAME SHA-256 c3f2f3373ccad4fcbe104840fcb83e364f55438070e808d11ebe4996bc0476c4","Frozen ITEMS/GameObject prefab evidence; ITEM_AND_CONSUMABLE_CATEGORY_ROSTER.csv; evidence examples: Catalog/service packages","Physical vehicle service packages and ordered parts can be acquired, moved, used and persisted","Stable IDs; Interaction; World streaming; Save","09B project-owned item definition/instance runtime and items.instances save boundary; donor-specific category behavior remains incomplete.","PartiallyImplemented","46 GeneratedValidated TemporaryDirectImport definition wrappers provide partial category coverage; project proxy fallback elsewhere.","Partial: items.instances.native.v1 logical state + world.entities pose; row-specific round-trip/stream proof pending","Context prompt and ItemActionCompleted hook only; locked UI/status binding pending","Generic interaction audio boundary only; category-specific event comparison pending","Catalog/presentation build exit 0; representative use/save/stream and donor comparison pending","Supply definitions/state exist; ordering, vehicle installation and service flows remain downstream.","09B","Pending","Project-owned ID; runtime must not depend on donor names or hierarchy. 09B documentation audit: runtime/catalog/presentation/save boundaries are recorded without a Verified claim."
"P1.ITEM.018","Items","Garbage, empty packaging and disposable states","Yes","Frozen04A1 revision msc-world-baseline-04a1.1-c3f2f337; GAME SHA-256 c3f2f3373ccad4fcbe104840fcb83e364f55438070e808d11ebe4996bc0476c4","Frozen ITEMS/GameObject prefab evidence; ITEM_AND_CONSUMABLE_CATEGORY_ROSTER.csv; evidence examples: Garbage barrel; empties; opened packages","Physical garbage, empty packaging and disposable states can be acquired, moved, used and persisted","Stable IDs; Interaction; World streaming; Save","Garbage barrel is a one-way ignitable container; eligible physical items held inside its trigger are marked consumed after a bounded burn and hidden while their stable save identity remains authoritative.","PartiallyImplemented","GeneratedValidated TemporaryDirectImport wrapper plus project-owned trigger/fire presenter; project proxy fallback elsewhere.","items.instances.native.v1 persists barrel enabled state and consumed item state; streamed round-trip proof pending","Поджечь/Горит prompt and typed Ignited/Burned actions; locked category UI remains pending","Generic interaction boundary only; fire/burn audio event remains pending","Focused Items EditMode ignition/burn/save coverage passed in the 44/44 gap-pass run; manual donor/stream comparison pending","Critical-recovery items are deliberately protected; other disposable variants and final fire presentation/audio remain incomplete.","09B","Pending","Open/close was removed from the barrel; project-owned logic does not transfer donor PlayMaker behavior."
"P1.ITEM.019","Items","Generic physical item identity, placement and recovery","Yes","Frozen04A1 revision msc-world-baseline-04a1.1-c3f2f337; GAME SHA-256 c3f2f3373ccad4fcbe104840fcb83e364f55438070e808d11ebe4996bc0476c4","Frozen ITEMS/GameObject prefab evidence; ITEM_AND_CONSUMABLE_CATEGORY_ROSTER.csv; evidence examples: All roster-backed physical instances","Physical generic physical item identity, placement and recovery can be acquired, moved, used and persisted","Stable IDs; Interaction; World streaming; Save","09B ItemWorldRuntime/WorldItemInstance with stable IDs, 43 canonical placements, carry integration and centralized critical-item recovery.","PartiallyImplemented","46 GeneratedValidated TemporaryDirectImport definition wrappers provide partial category coverage; project proxy fallback elsewhere.","Partial: items.instances.native.v1 logical state + world.entities pose; row-specific round-trip/stream proof pending","Context prompt and ItemActionCompleted hook only; locked UI/status binding pending","Generic interaction audio boundary only; category-specific event comparison pending","Catalog/presentation build exit 0; representative use/save/stream and donor comparison pending","Stable identities, 43 canonical placements, carry integration, central recovery and persistence boundaries exist; production manual stream/save route is pending.","09B","Pending","Project-owned ID; runtime must not depend on donor names or hierarchy. 09B documentation audit: runtime/catalog/presentation/save boundaries are recorded without a Verified claim."
"P1.ITEM.020","Items","Liquid quantity, pour/fill/spill and container state","Yes","Frozen04A1 revision msc-world-baseline-04a1.1-c3f2f337; GAME SHA-256 c3f2f3373ccad4fcbe104840fcb83e364f55438070e808d11ebe4996bc0476c4","Frozen ITEMS/GameObject prefab evidence; ITEM_AND_CONSUMABLE_CATEGORY_ROSTER.csv; evidence examples: All liquid-bearing containers","Physical liquid quantity, pour/fill/spill and container state can be acquired, moved, used and persisted","Stable IDs; Interaction; World streaming; Save","09B liquid quantity/open state and targeted held-container transfer through project-owned item capabilities.","PartiallyImplemented","46 GeneratedValidated TemporaryDirectImport definition wrappers provide partial category coverage; project proxy fallback elsewhere.","Partial: items.instances.native.v1 logical state + world.entities pose; row-specific round-trip/stream proof pending","Context prompt and ItemActionCompleted hook only; locked UI/status binding pending","Generic interaction audio boundary only; category-specific event comparison pending","Catalog/presentation build exit 0; representative use/save/stream and donor comparison pending","Liquid quantity/open state and targeted transfer exist; orientation-driven pour/spill, target-specific rules and mass response remain missing.","09B","Pending","Project-owned ID; runtime must not depend on donor names or hierarchy. 09B documentation audit: runtime/catalog/presentation/save boundaries are recorded without a Verified claim."
"P1.CAR.001","Satsuma","Полный project-owned part catalog и stable identities","Yes","Frozen04A1 revision msc-world-baseline-04a1.1-c3f2f337; GAME SHA-256 c3f2f3373ccad4fcbe104840fcb83e364f55438070e808d11ebe4996bc0476c4","Frozen SATSUMA/CARPARTS hierarchy and FSM metadata; M05/M06 evidence","Полный project-owned part catalog и stable identities","Vehicle assembly; Vehicle simulation; Items; Save; Audio","125 project-owned direct CARPARTS definitions and stable instances; 78 donor-active at the frozen start state","PartiallyImplemented","TemporaryDirectImport presentation on all 125 logical roots","Schema-1 assembly records all parts and poses","Existing contextual interaction feedback","Partial/no mapping","Generated Satsuma EditMode 14/14; vehicle-assembly PlayMode 9/9","Donor-inactive startup variants and complete behavioral parity remain pending","11A","Pending","No donor runtime names or FSMs own state; full roster exists but row is not Verified"
"P1.CAR.002","Satsuma","Полный assembly graph, mount points и compatibility","Yes","Frozen04A1 revision msc-world-baseline-04a1.1-c3f2f337; GAME SHA-256 c3f2f3373ccad4fcbe104840fcb83e364f55438070e808d11ebe4996bc0476c4","Frozen SATSUMA/CARPARTS hierarchy, both Assembly prerequisite variables, owner/parent and FSM metadata; M05/M06 evidence","Полный assembly graph, mount points и compatibility","Vehicle assembly; Vehicle simulation; Items; Save; Audio","117 evidence-backed mounts, 36 dependency edges and 52 loose-part-owned mounts; RequiresInstalled permits placement while RequiresBolted retains supported construction; installing a rear dependent on an unbolted arm collapses the arm and dependents loose; incompatible direct sockets are filtered before carried-target priority; nested surfaces route subframe, wishbone, spindle, strut/disc and wheel to donor sockets","PartiallyImplemented","TemporaryDirectImport part presentation behind project-owned mounts; all ActivateThisN roots are retained where donor evidence requires them","Schema-2 records occupancy, hinge/world pose and fastener-group latch; exact schema-1 115/205 and 115/220 shapes migrate additively without changing stable IDs, existing stages or loose poses","LMB exact-owner install/handoff with compatibility filtering before target priority, RMB removal only when group IsBolted is false, held panel force and F hinge use","Dedicated install/remove/fastener and body-impact events use the private donor override; missing override is silent","Combined P0/generated/Assembly/native-save/carried-socket EditMode 69/69 x3; Bootstrap 1/1; rear/wheel physics 16/16 x3","Manual complete build-order/feel/road-BREAK/stream-boundary comparison remains incomplete","11A","Pending","Donor pivots/configuration are evidence; AssemblyGraph is runtime authority; physical attachment begins at Installed, structural retention may depend on IsBolted, and only explicit donor BREAK policy detaches a retained node at speed"
"P1.CAR.003","Satsuma","Болты, гайки, затяжка и tool-size rules","Yes","Frozen04A1 revision msc-world-baseline-04a1.1-c3f2f337; GAME SHA-256 c3f2f3373ccad4fcbe104840fcb83e364f55438070e808d11ebe4996bc0476c4","Frozen SATSUMA/CARPARTS Assembly/Use/BoltCheck FSM metadata; assembled-front runtime dump 20260818-174942; M05/M06 evidence; BetterMSC only for approved wrench pose/animation; V1d.34 frozen GAME Assembly 107329/108451 ActivateSpindleBolts, rod Bolt 32885/34430 versus Alignment adjuster 28212/6217; see SATSUMA_FRONT_CONNECTION_FASTENERS_FIX_2026-08-31.md; V1d.35 frozen front MeshFilters and hub-OFFSET-rod hierarchy; SATSUMA_FRONT_FASTENER_MESH_AND_ROD_OFFSET_2026-08-31.md; V1d.36 rod Data/Steering/14mm FSMs and Axles camber override; SATSUMA_FRONT_ALIGNMENT_PARITY_2026-08-31.md","Болты, гайки, затяжка и tool-size rules","Vehicle assembly; Vehicle simulation; Items; Save; Audio","260 evidence-backed fasteners feed 117 mount-owned groups separating aggregate Tightness, hysteretic IsBolted and FullySafe; rear arm 2x12/max16/12-0, drum 1x14/max8/8-0, stock shock 12+6+6/max24/2-0, each wheel 4x13/max32/1-0 with donor 5/33 km/h BREAK policy; each front strut 3x10 upper plus 4x9 lower; each outer rod joint is 12 mm, not the 14 mm toe adjuster; V1d.35 corrects 24 front bolt meshes while retaining 6 upper nuts and restores the missing mirrored 50 mm rod-end parent offset without NWH force changes; V1d.36 adds two independent14mm toe nuts, per-rod Alignment, collisionless free-Y hinge, rod8/0 plus strutInstalled connection, wishbone/spindle2/0 latches and four installation-only Bolted gates; base front camber remains-1.4 without strut","PartiallyImplemented","Temporary targets exist only with installed owners, include both stock-shock presentation roots and follow hinges/moving hubs; donor fastener visuals and case/wrench meshes remain replaceable","Schema-2 persists all 260 stages and 117 latches; installed legacy owners missing newly introduced fasteners migrate fully tight, empty mounts stay absent, clean-prefab reload and 115/205 plus 115/220 round-trips pass; exact V1d.33 126/117/252 to 260 migration preserves old stages/latches and adds only eight lower strut bolts loose at stage 0, with corrupted-shape rejection; V1d.36 optional presence-tagged Alignment groundwork only; general save repair explicitly deferred by user until all suspension is accepted","Context exposes compatible size; F opens case and LMB selects a wrench; wrench ray sees only bolts/nuts through ordinary parts; BetterMSC-referenced snap/work/regrip commits one bounded stage","Partial/no mapping","Combined P0/generated/Assembly/native-save/carried-socket EditMode 69/69 x3; rear/wheel PlayMode 16/16 x3; V1d.34 EditMode 104/104 (including donor poses/Stage-owner evidence, migration and save integration); standalone physics 19/20 with new front-fastener 2/2, existing rear spring lift still fails at 10.97 mm versus required >20 mm; isolated Bootstrap 1/1 passed with 260 live targets; V1d.35 build passed; EditMode111/111 and isolated physics PlayMode20/20 passed including front skin BakeMesh tests; prior rear-lift failure did not reproduce this run (31.845 mm rise), no rear fix claimed; V1d.36 build passed; EditMode143/143; isolated physics26/26 including six new steering/input PlayMode cases; isolated Bootstrap1/1; no skips. Initial new-field JsonUtility regression and two stale fixtures corrected before final pass","Manual full-car fastening, road-speed BREAK and streaming acceptance remain pending; issue-3 manual acceptance pending; V1d.36 toe/steering implementation is pending manual acceptance; kinematic yaw anchor preserves accepted vertical contact; donor6s startup delay and dynamic caster are not reproduced; marker-scaled staged-bolt animation remains a separate gap; overall saves deferred","11A","Pending","Donor BoltCheck is state/policy authority; BetterMSC is used only for the separately approved wrench presentation; V1d.36 stays on issue3, no rear/wheel-placement fix claimed; frozen source inspection plus executed remake tests, not a new original-game runtime capture"
"P1.CAR.004","Satsuma","Электрическая проводка и connected state","Yes","Frozen04A1 revision msc-world-baseline-04a1.1-c3f2f337; GAME SHA-256 c3f2f3373ccad4fcbe104840fcb83e364f55438070e808d11ebe4996bc0476c4","Frozen SATSUMA/CARPARTS hierarchy and FSM metadata; M05/M06 evidence","Электрическая проводка и connected state","Vehicle assembly; Vehicle simulation; Items; Save; Audio","Nothing","EvidenceCaptured","Prototype visuals cover only bounded subset","None","Prototype diagnostics only; accepted 08A HUD must bind real data later","Partial/no mapping","None","Current prototypes are not complete donor vehicle parity","11A","Pending","Project-owned ID; runtime must not depend on donor names or hierarchy"
"P1.CAR.005","Satsuma","Топливо, масло, coolant, brake/clutch fluids","Yes","Frozen04A1 revision msc-world-baseline-04a1.1-c3f2f337; GAME SHA-256 c3f2f3373ccad4fcbe104840fcb83e364f55438070e808d11ebe4996bc0476c4","Frozen SATSUMA/CARPARTS hierarchy and FSM metadata; M05/M06 evidence","Топливо, масло, coolant, brake/clutch fluids","Vehicle assembly; Vehicle simulation; Items; Save; Audio","Nothing","EvidenceCaptured","Prototype visuals cover only bounded subset","None","Prototype diagnostics only; accepted 08A HUD must bind real data later","Partial/no mapping","None","Current prototypes are not complete donor vehicle parity","11A","Pending","Project-owned ID; runtime must not depend on donor names or hierarchy"
"P1.CAR.006","Satsuma","Двигатель: запуск, combustion, stall и RPM/load","Yes","Frozen04A1 revision msc-world-baseline-04a1.1-c3f2f337; GAME SHA-256 c3f2f3373ccad4fcbe104840fcb83e364f55438070e808d11ebe4996bc0476c4","Frozen SATSUMA/CARPARTS hierarchy and FSM metadata; M05/M06 evidence","Двигатель: запуск, combustion, stall и RPM/load","Vehicle assembly; Vehicle simulation; Items; Save; Audio","M06 bounded FWD simulation prototype","PartiallyImplemented","Prototype visuals cover only bounded subset","None","Prototype diagnostics only; accepted 08A HUD must bind real data later","Temporary donor engine clips through IAudioBackend","M06 focused simulation tests","Current prototypes are not complete donor vehicle parity","11A","Pending","Project-owned ID; runtime must not depend on donor names or hierarchy"
"P1.CAR.007","Satsuma","Сцепление, gearbox, differential и drivetrain","Yes","Frozen04A1 revision msc-world-baseline-04a1.1-c3f2f337; GAME SHA-256 c3f2f3373ccad4fcbe104840fcb83e364f55438070e808d11ebe4996bc0476c4","Frozen SATSUMA/CARPARTS hierarchy and FSM metadata; M05/M06 evidence","Сцепление, gearbox, differential и drivetrain","Vehicle assembly; Vehicle simulation; Items; Save; Audio","M06 bounded FWD simulation prototype","PartiallyImplemented","Prototype visuals cover only bounded subset","None","Prototype diagnostics only; accepted 08A HUD must bind real data later","Temporary donor engine clips through IAudioBackend","M06 focused simulation tests","Current prototypes are not complete donor vehicle parity","11A","Pending","Project-owned ID; runtime must not depend on donor names or hierarchy"
"P1.CAR.008","Satsuma","Подвеска, steering, wheels and tires","Yes","Frozen04A1 revision msc-world-baseline-04a1.1-c3f2f337; GAME SHA-256 c3f2f3373ccad4fcbe104840fcb83e364f55438070e808d11ebe4996bc0476c4","Frozen SATSUMA/CARPARTS suspension Assembly/BoltCheck prerequisites; donor SimpleIKSolver.cs LateUpdate target-chain SHA-256 7A597C23F8A7E2ACEEDF73EEB564820F704977913F9D0127DBC9962514F97C90; Wishbone_FR Data 110636 Activate wheel enables contact; TireStatus WheelFR 108809 Rim off radius 0.12 m and width 0.10 m; Wheel.cs 796/839-846/759/763 ground-compression-to-model path; fresh/no-strut/airborne SATSUMA-local hub centers FL (-0.6299995,-0.35,1.1669996), FR (0.6300007,-0.35,1.167) and hub targets FL (-0.5799995,-0.425,1.174999735), FR (0.5800007,-0.425,1.174999659); exact installed rear/front runtime captures; donor Wheel.cs rolling-resistance/exact-zero branch SHA-256 85FFBF994222E04AC61A32BEBC9CDEAE9C7EFE53DF7D7BF75910EA80BC051945; user original-game sequence captures; M05/M06 evidence; licensed NWH front boundary; V1d.34 frozen GAME Assembly 107329/108451 ActivateSpindleBolts, rod Bolt 32885/34430 versus Alignment adjuster 28212/6217; see SATSUMA_FRONT_CONNECTION_FASTENERS_FIX_2026-08-31.md; V1d.35 frozen front MeshFilters and hub-OFFSET-rod hierarchy; SATSUMA_FRONT_FASTENER_MESH_AND_ROD_OFFSET_2026-08-31.md; V1d.36 rod Data/Steering/14mm FSMs and Axles camber override; SATSUMA_FRONT_ALIGNMENT_PARITY_2026-08-31.md","Подвеска, steering, wheels and tires","Vehicle assembly; Vehicle simulation; Items; Save; Audio","Dynamic rear trailing-arm hinge, expanding linear spring and stock-shock damping use accepted donor poses without rear NWH; matching arm Installed permits independent spring/shock/drum placement, while arm IsBolted retains the construction and loose support collapses with dependents; front wishbone-only contact uses NWH with donor no-strut 0.20 m travel and 2 N/m spring rate; installed wishbone/spindle presentation follows the live ground-compressed hub; installing a strut restores the existing sprung NWH stage; rack, rods, discs and road wheels follow reviewed hub pivots; grounded loaded road wheels reach donor-observable exact zero only while the chassis is stationary; V1d.34 adds omitted lower strut bolts and corrects 12 mm rod joint to the existing moving shock-bottom frame without physics tuning; V1d.35 corrects 24 front bolt meshes while retaining 6 upper nuts and restores the missing mirrored 50 mm rod-end parent offset without NWH force changes; V1d.36 adds two independent14mm toe nuts, per-rod Alignment, collisionless free-Y hinge, rod8/0 plus strutInstalled connection, wishbone/spindle2/0 latches and four installation-only Bolted gates; base front camber remains-1.4 without strut","PartiallyImplemented","Complete temporary suspension/wheel presentation behind project-owned mounts; installed/loose transitions, compact proxies and tire-vs-bare-rim contact profiles remain replaceable","Schema-2 persists mounts, parts, fastener stages/latches and chassis pose; physics authority rematerializes from assembly state; V1d.33 changes no IDs or DTOs; V1d.34 adds eight fastener IDs with explicit 252-to-260 migration, no schema or existing-ID changes; V1d.36 optional presence-tagged Alignment groundwork only; general save repair explicitly deferred by user until all suspension is accepted","Context installation/order feedback; carried rays reject incompatible nearby sockets before priority; physical parts remain queryable before and after solver handoff","Partial/no mapping","Combined P0/generated/Assembly/native-save/carried-socket EditMode 69/69 x3; V1d.31 NWH EditMode 30/30; V1d.32 airborne-only automated gate passed but user ground-contact acceptance FAILED; V1d.33 generated Satsuma plus NWH EditMode 57/57; expanded PlayMode 23/24: all four front-contact/transition tests and floor-jack 6/6 passed; rear-spring chassis-lift test failed at 10.58 mm versus required 20 mm and focused recheck is pending; prior rear/wheel Satsuma physics 16/16 x3 plus focused loaded-rest 1/1; observed spring length 0.19751 unloaded, 0.08250 loaded and 0.19751 recovered with damped rebound; V1d.34 EditMode 104/104 (including donor poses/Stage-owner evidence, migration and save integration); standalone physics 19/20 with new front-fastener 2/2, existing rear spring lift still fails at 10.97 mm versus required >20 mm; isolated Bootstrap 1/1 passed with 260 live targets; V1d.35 build passed; EditMode111/111 and isolated physics PlayMode20/20 passed including front skin BakeMesh tests; prior rear-lift failure did not reproduce this run (31.845 mm rise), no rear fix claimed; V1d.36 build passed; EditMode143/143; isolated physics26/26 including six new steering/input PlayMode cases; isolated Bootstrap1/1; no skips. Initial new-field JsonUtility regression and two stale fixtures corrected before final pass","User accepted V1d.33 front-contact behavior and reported one-sided nose lift no longer reproduces on 2026-08-31; unresolved rear-spring chassis-lift test result; level/slope long-idle, steering/alignment feel, road BREAK, post-install support-loosening collapse, fluids/brakes tuning and streaming comparison remain incomplete; issue-3 manual acceptance pending; V1d.36 toe/steering implementation is pending manual acceptance; kinematic yaw anchor preserves accepted vertical contact; donor6s startup delay and dynamic caster are not reproduced; marker-scaled staged-bolt animation remains a separate gap; overall saves deferred","11A","Pending","Custom rear solver is accepted authority; NWH remains front-only; V1d.33 supersedes V1d.32 frozen airborne pose with live no-strut contact; kinematic mesh IK remains; unstrung normalized maxForce is 0.4 N; NWH cast/PhysX bottom stop are a documented approximation of donor ray/bump-stop behavior; deterministic removal resets to the canonical fresh no-strut pose instead of preserving the donor's stale strut-travel/root-Y quirk; donor Wheel.cs is behavioral evidence and legacy equations are not copied into another solver without unit mapping; V1d.31 rest latches do not clamp airborne, moving, driven or fast-spinning wheels; V1d.36 stays on issue3, no rear/wheel-placement fix claimed; frozen source inspection plus executed remake tests, not a new original-game runtime capture"
"P1.CAR.009","Satsuma","Тормоза и handbrake","Yes","Frozen04A1 revision msc-world-baseline-04a1.1-c3f2f337; GAME SHA-256 c3f2f3373ccad4fcbe104840fcb83e364f55438070e808d11ebe4996bc0476c4","Frozen SATSUMA/CARPARTS hierarchy and FSM metadata; M05/M06 evidence","Тормоза и handbrake","Vehicle assembly; Vehicle simulation; Items; Save; Audio","M06 bounded FWD simulation prototype","PartiallyImplemented","Prototype visuals cover only bounded subset","None","Prototype diagnostics only; accepted 08A HUD must bind real data later","Partial/no mapping","M06 focused simulation tests","Current prototypes are not complete donor vehicle parity","11A","Pending","Project-owned ID; runtime must not depend on donor names or hierarchy"
"P1.CAR.010","Satsuma","Температура, охлаждение и перегрев","Yes","Frozen04A1 revision msc-world-baseline-04a1.1-c3f2f337; GAME SHA-256 c3f2f3373ccad4fcbe104840fcb83e364f55438070e808d11ebe4996bc0476c4","Frozen SATSUMA/CARPARTS hierarchy and FSM metadata; M05/M06 evidence","Температура, охлаждение и перегрев","Vehicle assembly; Vehicle simulation; Items; Save; Audio","Nothing","EvidenceCaptured","Prototype visuals cover only bounded subset","None","Prototype diagnostics only; accepted 08A HUD must bind real data later","Partial/no mapping","None","Current prototypes are not complete donor vehicle parity","11A","Pending","Project-owned ID; runtime must not depend on donor names or hierarchy"
"P1.CAR.011","Satsuma","Wear, breakage и failure modes","Yes","Frozen04A1 revision msc-world-baseline-04a1.1-c3f2f337; GAME SHA-256 c3f2f3373ccad4fcbe104840fcb83e364f55438070e808d11ebe4996bc0476c4","Frozen SATSUMA/CARPARTS hierarchy and FSM metadata; M05/M06 evidence","Wear, breakage и failure modes","Vehicle assembly; Vehicle simulation; Items; Save; Audio","Nothing","EvidenceCaptured","Prototype visuals cover only bounded subset","None","Prototype diagnostics only; accepted 08A HUD must bind real data later","Partial/no mapping","None","Current prototypes are not complete donor vehicle parity","11A","Pending","Project-owned ID; runtime must not depend on donor names or hierarchy"
"P1.CAR.012","Satsuma","Body damage, detachable parts и windshield","Yes","Frozen04A1 revision msc-world-baseline-04a1.1-c3f2f337; GAME SHA-256 c3f2f3373ccad4fcbe104840fcb83e364f55438070e808d11ebe4996bc0476c4","Frozen SATSUMA/CARPARTS hierarchy and FSM metadata; M05/M06 evidence","Body damage, detachable parts и windshield","Vehicle assembly; Vehicle simulation; Items; Save; Audio","Nothing","EvidenceCaptured","Prototype visuals cover only bounded subset","None","Prototype diagnostics only; accepted 08A HUD must bind real data later","Partial/no mapping","None","Current prototypes are not complete donor vehicle parity","11A","Pending","Project-owned ID; runtime must not depend on donor names or hierarchy"
"P1.CAR.013","Satsuma","Tuning: carburetor, distributor, valves и gearing","Yes","Frozen04A1 revision msc-world-baseline-04a1.1-c3f2f337; GAME SHA-256 c3f2f3373ccad4fcbe104840fcb83e364f55438070e808d11ebe4996bc0476c4","Frozen SATSUMA/CARPARTS hierarchy and FSM metadata; M05/M06 evidence","Tuning: carburetor, distributor, valves и gearing","Vehicle assembly; Vehicle simulation; Items; Save; Audio","Nothing","EvidenceCaptured","Prototype visuals cover only bounded subset","None","Prototype diagnostics only; accepted 08A HUD must bind real data later","Partial/no mapping","None","Current prototypes are not complete donor vehicle parity","11A","Pending","Project-owned ID; runtime must not depend on donor names or hierarchy"
"P1.CAR.014","Satsuma","Aftermarket/performance parts и configuration","Yes","Frozen04A1 revision msc-world-baseline-04a1.1-c3f2f337; GAME SHA-256 c3f2f3373ccad4fcbe104840fcb83e364f55438070e808d11ebe4996bc0476c4","Frozen SATSUMA/CARPARTS hierarchy and FSM metadata; M05/M06 evidence","Aftermarket/performance parts и configuration","Vehicle assembly; Vehicle simulation; Items; Save; Audio","Nothing","EvidenceCaptured","Prototype visuals cover only bounded subset","None","Prototype diagnostics only; accepted 08A HUD must bind real data later","Partial/no mapping","None","Current prototypes are not complete donor vehicle parity","11A","Pending","Project-owned ID; runtime must not depend on donor names or hierarchy"
"P1.CAR.015","Satsuma","Interior controls, gauges, lights и electrical consumers","Yes","Frozen04A1 revision msc-world-baseline-04a1.1-c3f2f337; GAME SHA-256 c3f2f3373ccad4fcbe104840fcb83e364f55438070e808d11ebe4996bc0476c4","Frozen SATSUMA/CARPARTS hierarchy and FSM metadata; M05/M06 evidence; exact ButtonWipers/Function and Electrics FSM audit","Interior controls, gauges, lights и electrical consumers","Vehicle assembly; Vehicle simulation; Items; Save; Audio","Nothing","EvidenceCaptured","Prototype visuals cover only bounded subset","None","Prototype diagnostics only; accepted 08A HUD must bind real data later","Partial/no mapping","None","Current prototypes are not complete donor vehicle parity; fixed/non-removable wipers remain pending and must require ElectricsOK plus installed WiringSwitchLights before moving/clearing rain","11A","Pending","Project-owned ID; runtime must not depend on donor names or hierarchy"
"P1.CAR.016","Satsuma","Inspection legality и roadworthiness state","Yes","Frozen04A1 revision msc-world-baseline-04a1.1-c3f2f337; GAME SHA-256 c3f2f3373ccad4fcbe104840fcb83e364f55438070e808d11ebe4996bc0476c4","Frozen SATSUMA/CARPARTS hierarchy and FSM metadata; M05/M06 evidence","Inspection legality и roadworthiness state","Vehicle assembly; Vehicle simulation; Items; Save; Audio","Nothing","EvidenceCaptured","Prototype visuals cover only bounded subset","None","Prototype diagnostics only; accepted 08A HUD must bind real data later","Partial/no mapping","None","Current prototypes are not complete donor vehicle parity","13B","Pending","Project-owned ID; runtime must not depend on donor names or hierarchy"
"P1.CAR.017","Satsuma","Fleetari service integration и repair outcomes","Yes","Frozen04A1 revision msc-world-baseline-04a1.1-c3f2f337; GAME SHA-256 c3f2f3373ccad4fcbe104840fcb83e364f55438070e808d11ebe4996bc0476c4","Frozen SATSUMA/CARPARTS hierarchy and FSM metadata; M05/M06 evidence","Fleetari service integration и repair outcomes","Vehicle assembly; Vehicle simulation; Items; Save; Audio","Nothing","EvidenceCaptured","Prototype visuals cover only bounded subset","None","Prototype diagnostics only; accepted 08A HUD must bind real data later","Partial/no mapping","None","Current prototypes are not complete donor vehicle parity","12A","Pending","Project-owned ID; runtime must not depend on donor names or hierarchy"
"P1.CAR.018","Satsuma","Complete vehicle save aggregate and world pose","Yes","Frozen04A1 revision msc-world-baseline-04a1.1-c3f2f337; GAME SHA-256 c3f2f3373ccad4fcbe104840fcb83e364f55438070e808d11ebe4996bc0476c4","Frozen SATSUMA/CARPARTS hierarchy, FSM metadata and exact legacy additive save shapes; M05/M06 evidence","Complete vehicle save aggregate and world pose","Vehicle assembly; Vehicle simulation; Items; Save; Audio","Native aggregate stores the body plus 125 loose parts, 117 mounts, 260 fasteners, FastenerGroup latches, installed hinge rotation and project-owned New Game paint type/state; chassis-first restore places the 389 kg/29-collider body before logical/physical ownership resumes","PartiallyImplemented","TemporaryDirectImport presentation remains replaceable","Native v16 vehicle.satsuma aggregate persists current assembly, physics and paint state; older bounded schemas migrate additively and unknown shapes fail closed","Existing save/UI feedback","Dedicated assembly/body audio mapping; no generic door fallback","V1d.48 builder passed; corrected fresh generated-content rerun 29/29 passed; earlier focused save/assembly/physics gates passed, but no complete current full-game route exists","Full fluids/electrics/wear/tuning domains and manual save plus streaming-cell acceptance remain incomplete","11A","Pending","Current counts are generator evidence, not full vehicle parity; migration does not mutate donor data or established stable identities"
"P1.CAR.019","Satsuma","Temporary full Legacy vehicle presentation","Yes","Frozen04A1 revision msc-world-baseline-04a1.1-c3f2f337; GAME SHA-256 c3f2f3373ccad4fcbe104840fcb83e364f55438070e808d11ebe4996bc0476c4; locked MainMenu scene","Frozen SATSUMA/CARPARTS hierarchy, exact collider components, CAR_PAINT_RUSTY/body_rust.png/CAR_MASSE materials and twelve MainMenu SetColor actions","Temporary full Legacy vehicle presentation","Vehicle assembly; Vehicle simulation; Items; Save; Audio","V1d.60 sanitized wrapper has 8 renderers, all 29 donor solid colliders, 125 loose parts with 120 active, 117 mounts, 280 fasteners, 4 hinged mounts, 52 part-owned mounts and 46 mail-order mappings; project-owned paint state targets the reviewed body renderers/material profiles; the exact donor bootlid handle/garnish remains active, staged bolts retain their source 0.5 travel scale, the fastened bootlid uses the donor -70..-69 degree open hold, install/removal swaps its chassis and moving hook copies, and mirrored door latching uses mount-relative Rigidbody rotation","PartiallyImplemented","GeneratedValidated TemporaryDirectImport wrapper remains removable by replacement key; donor scripts/FSMs/controllers are stripped","Presentation identity follows stable part/save state; project-owned paint payload restores selected type/state while legacy-absent payload retains authored defaults","Contextual feedback, owner-surface handoff, exact-pose installation, physical wrench, articulated jack and mouse-held physical panel presentation","Dedicated stable assembly/fastener/body-impact events through private override","Builder 11A-V1d.60 passed; generated-content EditMode 39/39 and focused hinged-panel PlayMode 4/4 passed","Startup variants, fluids, wiring, tuning, wear, damage, full drive authority and manual visual/load comparison remain pending","11A","Pending","No donor MonoBehaviour, FSM or controller ships in runtime; generated presentation is private Phase 1 content and not ProductionReady"
"P1.CAR.020","Satsuma","Donor-calibrated driving behavior and comparison","Yes","Frozen04A1 revision msc-world-baseline-04a1.1-c3f2f337; GAME SHA-256 c3f2f3373ccad4fcbe104840fcb83e364f55438070e808d11ebe4996bc0476c4","Frozen SATSUMA/CARPARTS hierarchy and FSM metadata; M05/M06 evidence","Donor-calibrated driving behavior and comparison","Vehicle assembly; Vehicle simulation; Items; Save; Audio","Nothing","EvidenceCaptured","Prototype visuals cover only bounded subset","None","Prototype diagnostics only; accepted 08A HUD must bind real data later","Partial/no mapping","None","Current prototypes are not complete donor vehicle parity","11A","Pending","Project-owned ID; runtime must not depend on donor names or hierarchy"
"P1.VEHICLE.001","Vehicles","Satsuma project vehicle — complete role and state","Yes","Frozen04A1 revision msc-world-baseline-04a1.1-c3f2f337; GAME SHA-256 c3f2f3373ccad4fcbe104840fcb83e364f55438070e808d11ebe4996bc0476c4","Frozen SATSUMA hierarchy; VEHICLE_ROSTER.csv","Satsuma project vehicle — complete role and state","World; Vehicle runtime; Items; Save; Audio","Bounded M05/M06 prototype","PartiallyImplemented","Prototype presentation only","None","None","Temporary engine audio partial","M05/M06 bounded tests","Complete role, state, damage, schedule and presentation not implemented","11A","Pending","Project-owned ID; runtime must not depend on donor names or hierarchy"
"P1.VEHICLE.002","Vehicles","Hayosiko van — complete role and state","Yes","Frozen04A1 revision msc-world-baseline-04a1.1-c3f2f337; GAME SHA-256 c3f2f3373ccad4fcbe104840fcb83e364f55438070e808d11ebe4996bc0476c4","Frozen HAYOSIKO hierarchy; VEHICLE_ROSTER.csv","Hayosiko van — complete role and state","World; Vehicle runtime; Items; Save; Audio","Nothing","EvidenceCaptured","Frozen vehicle presentation external; not runtime-bound","None","None","None","None","Complete role, state, damage, schedule and presentation not implemented","11A","Pending","Project-owned ID; runtime must not depend on donor names or hierarchy"
"P1.VEHICLE.003","Vehicles","Gifu sewage truck — complete role and state","Yes","Frozen04A1 revision msc-world-baseline-04a1.1-c3f2f337; GAME SHA-256 c3f2f3373ccad4fcbe104840fcb83e364f55438070e808d11ebe4996bc0476c4","Frozen GIFU hierarchy; VEHICLE_ROSTER.csv","Gifu sewage truck — complete role and state","World; Vehicle runtime; Items; Save; Audio","Nothing","EvidenceCaptured","Frozen vehicle presentation external; not runtime-bound","None","None","None","None","Complete role, state, damage, schedule and presentation not implemented","11A","Pending","Project-owned ID; runtime must not depend on donor names or hierarchy"
"P1.VEHICLE.004","Vehicles","Kekmet tractor — complete role and state","Yes","Frozen04A1 revision msc-world-baseline-04a1.1-c3f2f337; GAME SHA-256 c3f2f3373ccad4fcbe104840fcb83e364f55438070e808d11ebe4996bc0476c4","Frozen KEKMET hierarchy; VEHICLE_ROSTER.csv","Kekmet tractor — complete role and state","World; Vehicle runtime; Items; Save; Audio","Nothing","EvidenceCaptured","Frozen vehicle presentation external; not runtime-bound","None","None","None","None","Complete role, state, damage, schedule and presentation not implemented","11A","Pending","Project-owned ID; runtime must not depend on donor names or hierarchy"
"P1.VEHICLE.005","Vehicles","Ruscko car — complete role and state","Yes","Frozen04A1 revision msc-world-baseline-04a1.1-c3f2f337; GAME SHA-256 c3f2f3373ccad4fcbe104840fcb83e364f55438070e808d11ebe4996bc0476c4","Frozen RUSCKO hierarchy; VEHICLE_ROSTER.csv","Ruscko car — complete role and state","World; Vehicle runtime; Items; Save; Audio","Nothing","EvidenceCaptured","Frozen vehicle presentation external; not runtime-bound","None","None","None","None","Complete role, state, damage, schedule and presentation not implemented","11A","Pending","Project-owned ID; runtime must not depend on donor names or hierarchy"
"P1.VEHICLE.006","Vehicles","Ferndale muscle car — complete role and state","Yes","Frozen04A1 revision msc-world-baseline-04a1.1-c3f2f337; GAME SHA-256 c3f2f3373ccad4fcbe104840fcb83e364f55438070e808d11ebe4996bc0476c4","Frozen FERNDALE hierarchy; VEHICLE_ROSTER.csv","Ferndale muscle car — complete role and state","World; Vehicle runtime; Items; Save; Audio","Nothing","EvidenceCaptured","Frozen vehicle presentation external; not runtime-bound","None","None","None","None","Complete role, state, damage, schedule and presentation not implemented","11A","Pending","Project-owned ID; runtime must not depend on donor names or hierarchy"
"P1.VEHICLE.007","Vehicles","Jonnez ES moped — complete role and state","Yes","Frozen04A1 revision msc-world-baseline-04a1.1-c3f2f337; GAME SHA-256 c3f2f3373ccad4fcbe104840fcb83e364f55438070e808d11ebe4996bc0476c4","Frozen JONNEZ hierarchy; VEHICLE_ROSTER.csv","Jonnez ES moped — complete role and state","World; Vehicle runtime; Items; Save; Audio","Nothing","EvidenceCaptured","Frozen vehicle presentation external; not runtime-bound","None","None","None","None","Complete role, state, damage, schedule and presentation not implemented","11A","Pending","Project-owned ID; runtime must not depend on donor names or hierarchy"
"P1.VEHICLE.008","Vehicles","Motor boat — complete role and state","Yes","Frozen04A1 revision msc-world-baseline-04a1.1-c3f2f337; GAME SHA-256 c3f2f3373ccad4fcbe104840fcb83e364f55438070e808d11ebe4996bc0476c4","Frozen BOAT hierarchy; VEHICLE_ROSTER.csv","Motor boat — complete role and state","World; Vehicle runtime; Items; Save; Audio","Nothing","EvidenceCaptured","Frozen vehicle presentation external; not runtime-bound","None","None","None","None","Complete role, state, damage, schedule and presentation not implemented","11A","Pending","Project-owned ID; runtime must not depend on donor names or hierarchy"
"P1.VEHICLE.009","Vehicles","Combine harvester — complete role and state","Yes","Frozen04A1 revision msc-world-baseline-04a1.1-c3f2f337; GAME SHA-256 c3f2f3373ccad4fcbe104840fcb83e364f55438070e808d11ebe4996bc0476c4","Frozen COMBINE hierarchy; VEHICLE_ROSTER.csv","Combine harvester — complete role and state","World; Vehicle runtime; Items; Save; Audio","Nothing","EvidenceCaptured","Frozen vehicle presentation external; not runtime-bound","None","None","None","None","Complete role, state, damage, schedule and presentation not implemented","11A","Pending","Project-owned ID; runtime must not depend on donor names or hierarchy"
"P1.VEHICLE.010","Vehicles","Flatbed trailer — complete role and state","Yes","Frozen04A1 revision msc-world-baseline-04a1.1-c3f2f337; GAME SHA-256 c3f2f3373ccad4fcbe104840fcb83e364f55438070e808d11ebe4996bc0476c4","Frozen FLATBED hierarchy; VEHICLE_ROSTER.csv","Flatbed trailer — complete role and state","World; Vehicle runtime; Items; Save; Audio","Nothing","EvidenceCaptured","Frozen vehicle presentation external; not runtime-bound","None","None","None","None","Complete role, state, damage, schedule and presentation not implemented","11A","Pending","Project-owned ID; runtime must not depend on donor names or hierarchy"
"P1.VEHICLE.011","Vehicles","Public bus — complete role and state","Yes","Frozen04A1 revision msc-world-baseline-04a1.1-c3f2f337; GAME SHA-256 c3f2f3373ccad4fcbe104840fcb83e364f55438070e808d11ebe4996bc0476c4","Frozen TRAFFIC/Bus hierarchy; VEHICLE_ROSTER.csv","Public bus — complete role and state","World; Vehicle runtime; Items; Save; Audio","Nothing","EvidenceCaptured","Frozen vehicle presentation external; not runtime-bound","None","None","None","None","Complete role, state, damage, schedule and presentation not implemented","11B","Pending","Project-owned ID; runtime must not depend on donor names or hierarchy"
"P1.VEHICLE.012","Vehicles","Train — complete role and state","Yes","Frozen04A1 revision msc-world-baseline-04a1.1-c3f2f337; GAME SHA-256 c3f2f3373ccad4fcbe104840fcb83e364f55438070e808d11ebe4996bc0476c4","Frozen TRAIN hierarchy; VEHICLE_ROSTER.csv","Train — complete role and state","World; Vehicle runtime; Items; Save; Audio","Nothing","EvidenceCaptured","Frozen vehicle presentation external; not runtime-bound","None","None","None","None","Complete role, state, damage, schedule and presentation not implemented","11B","Pending","Project-owned ID; runtime must not depend on donor names or hierarchy"
"P1.VEHICLE.013","Vehicles","Police patrol car — complete role and state","Yes","Frozen04A1 revision msc-world-baseline-04a1.1-c3f2f337; GAME SHA-256 c3f2f3373ccad4fcbe104840fcb83e364f55438070e808d11ebe4996bc0476c4","Frozen COPS hierarchy; VEHICLE_ROSTER.csv","Police patrol car — complete role and state","World; Vehicle runtime; Items; Save; Audio","Nothing","EvidenceCaptured","Frozen vehicle presentation external; not runtime-bound","None","None","None","None","Complete role, state, damage, schedule and presentation not implemented","13B","Pending","Project-owned ID; runtime must not depend on donor names or hierarchy"
"P1.VEHICLE.014","Vehicles","Victro traffic car — complete role and state","Yes","Frozen04A1 revision msc-world-baseline-04a1.1-c3f2f337; GAME SHA-256 c3f2f3373ccad4fcbe104840fcb83e364f55438070e808d11ebe4996bc0476c4","Locked VehiclesHighway group; three exact Victro instances; VEHICLE_ROSTER.csv","Three persistent Victro actors traverse the donor Highway route and become physical near the player","World; Traffic runtime; Vehicle/NWH; Save; Audio","Three stable logical actors with bounded NWH physical wrappers and exact donor multiplicity","PartiallyImplemented","Replaceable TemporaryDirectImport Victro wrapper","traffic.state schema 1 additive ambient array","None","Temporary spatial Petteri fallback profile; per-model Wwise pending","Traffic 5/5; Save 28/28; NPC PlayMode 10/10","Damage/final audio and manual long-drive comparison pending","11B","Pending","No donor controller/FSM/runtime hierarchy dependency"
"P1.VEHICLE.015","Vehicles","Lamore traffic car — complete role and state","Yes","Frozen04A1 revision msc-world-baseline-04a1.1-c3f2f337; GAME SHA-256 c3f2f3373ccad4fcbe104840fcb83e364f55438070e808d11ebe4996bc0476c4","Locked VehiclesHighway group; two exact Lamore instances; VEHICLE_ROSTER.csv","Two persistent Lamore actors traverse the donor Highway route and become physical near the player","World; Traffic runtime; Vehicle/NWH; Save; Audio","Two stable logical actors with bounded NWH physical wrappers and exact donor multiplicity","PartiallyImplemented","Replaceable TemporaryDirectImport Lamore wrapper","traffic.state schema 1 additive ambient array","None","Temporary spatial Petteri fallback profile; per-model Wwise pending","Traffic 5/5; Save 28/28; NPC PlayMode 10/10","Damage/final audio and manual long-drive comparison pending","11B","Pending","No donor controller/FSM/runtime hierarchy dependency"
"P1.VEHICLE.016","Vehicles","Traffic truck — complete role and state","Yes","Frozen04A1 revision msc-world-baseline-04a1.1-c3f2f337; GAME SHA-256 c3f2f3373ccad4fcbe104840fcb83e364f55438070e808d11ebe4996bc0476c4","Locked VehiclesHighway Truck instance; VEHICLE_ROSTER.csv","Persistent truck traverses the donor Highway route and becomes physical near the player","World; Traffic runtime; Vehicle/NWH; Save; Audio","Stable logical actor with donor wheel hierarchy and bounded NWH physical wrapper","PartiallyImplemented","Replaceable TemporaryDirectImport Truck wrapper","traffic.state schema 1 additive ambient array","None","Temporary spatial Petteri fallback profile; truck Wwise pending","Traffic 5/5; Save 28/28; NPC PlayMode 10/10","Damage/final audio and manual handling comparison pending","11B","Pending","No donor controller/FSM/runtime hierarchy dependency"
"P1.VEHICLE.017","Vehicles","Polsa traffic car — complete role and state","Yes","Frozen04A1 revision msc-world-baseline-04a1.1-c3f2f337; GAME SHA-256 c3f2f3373ccad4fcbe104840fcb83e364f55438070e808d11ebe4996bc0476c4","Locked VehiclesHighway Polsa instance; VEHICLE_ROSTER.csv","Persistent Polsa actor traverses the donor Highway route and becomes physical near the player","World; Traffic runtime; Vehicle/NWH; Save; Audio","Stable logical actor with bounded NWH physical wrapper","PartiallyImplemented","Replaceable TemporaryDirectImport Polsa wrapper","traffic.state schema 1 additive ambient array","None","Temporary spatial Petteri fallback profile; per-model Wwise pending","Traffic 5/5; Save 28/28; NPC PlayMode 10/10","Damage/final audio and manual long-drive comparison pending","11B","Pending","No donor controller/FSM/runtime hierarchy dependency"
"P1.VEHICLE.018","Vehicles","Fittan traffic car — complete role and state","Yes","Frozen04A1 revision msc-world-baseline-04a1.1-c3f2f337; GAME SHA-256 c3f2f3373ccad4fcbe104840fcb83e364f55438070e808d11ebe4996bc0476c4","Locked VehiclesHighway Fittan instance; VEHICLE_ROSTER.csv","Persistent Fittan actor traverses the donor Highway route and becomes physical near the player","World; Traffic runtime; Vehicle/NWH; Save; Audio","Stable logical actor with bounded NWH physical wrapper; TownLoop and GasPump excursions use separate nearest directed joins and return progress","PartiallyImplemented","Replaceable TemporaryDirectImport Fittan wrapper","traffic.state schema 1 additive ambient array","None","Temporary spatial Petteri fallback profile; per-model Wwise pending","Traffic EditMode 48/48; long Traffic PlayMode 1/1 in 158.56 s","Damage/final audio and manual populated-world excursion comparison pending","11B","Pending","Entry/return join gaps are 0.262/0.419 m and 1.419/1.603 m; no donor controller/FSM/runtime hierarchy dependency"
"P1.VEHICLE.019","Vehicles","Svoboda traffic car — complete role and state","Yes","Frozen04A1 revision msc-world-baseline-04a1.1-c3f2f337; GAME SHA-256 c3f2f3373ccad4fcbe104840fcb83e364f55438070e808d11ebe4996bc0476c4","Locked VehiclesHighway Svoboda instance; VEHICLE_ROSTER.csv","Persistent Svoboda actor traverses the donor Highway route and becomes physical near the player","World; Traffic runtime; Vehicle/NWH; Save; Audio","Stable logical actor with bounded NWH physical wrapper","PartiallyImplemented","Replaceable TemporaryDirectImport Svoboda wrapper","traffic.state schema 1 additive ambient array","None","Temporary spatial Petteri fallback profile; per-model Wwise pending","Traffic 5/5; Save 28/28; NPC PlayMode 10/10","Damage/final audio and manual long-drive comparison pending","11B","Pending","No donor controller/FSM/runtime hierarchy dependency"
"P1.VEHICLE.020","Vehicles","Menace traffic car — complete role and state","Yes","Frozen04A1 revision msc-world-baseline-04a1.1-c3f2f337; GAME SHA-256 c3f2f3373ccad4fcbe104840fcb83e364f55438070e808d11ebe4996bc0476c4","Locked VehiclesHighway Menace instance and weekday/weekend chance; VEHICLE_ROSTER.csv","Persistent probabilistic Menace actor traverses Highway and becomes physical near the player","World; Traffic runtime; Vehicle/NWH; Save; Audio","Stable deterministic 10 percent weekday / 40 percent weekend actor with retry-attempt state","PartiallyImplemented","Replaceable TemporaryDirectImport Menace wrapper","traffic.state schema 1 saves spawn, route and attempt count","None","Temporary spatial Petteri fallback profile; per-model Wwise pending","Probability/catalog tests in Traffic 5/5; Save 28/28; NPC PlayMode 10/10","Exact activation cadence/damage/final audio and manual frequency comparison pending","11B","Pending","No donor controller/FSM/runtime hierarchy dependency"
"P1.VEHICLE.021","Vehicles","KUSKI scripted car — complete role and state","Yes","Frozen04A1 revision msc-world-baseline-04a1.1-c3f2f337; GAME SHA-256 c3f2f3373ccad4fcbe104840fcb83e364f55438070e808d11ebe4996bc0476c4","Frozen TRAFFIC/RALLY/DRAGRACE hierarchy; VEHICLE_ROSTER.csv","KUSKI scripted car — complete role and state","World; Vehicle runtime; Items; Save; Audio","Nothing","EvidenceCaptured","Frozen vehicle presentation external; not runtime-bound","None","None","None","None","Complete role, state, damage, schedule and presentation not implemented","11B","Pending","Project-owned ID; runtime must not depend on donor names or hierarchy"
"P1.VEHICLE.022","Vehicles","Amis/Jani car — complete role and state","Yes","Frozen04A1 revision msc-world-baseline-04a1.1-c3f2f337; GAME SHA-256 c3f2f3373ccad4fcbe104840fcb83e364f55438070e808d11ebe4996bc0476c4","Frozen KYLAJANI root/renderers/wheels/driver/passenger anchor and formation transforms; VEHICLE_ROSTER.csv; Phase1StoryTrafficPresentationManifest.json; exact Village/RoadRace/Highway routes; Phase1StoryTrafficR2BAudioManifest.json; NWH_VEHICLE_PHYSICS_2_INTEGRATION.md","Amis/Jani car — complete role and state","World; NPC foundation; Vehicle runtime; Save; Audio; story","11B-R4 exact Perajarvi formation and same-direction full Village/RoadRace/Highway return loop; dynamic Rigidbody/NWH wheel contact; project-owned powertrain and physical throttle/brake/steering; donor-range cruise, lane variation, pass/reverse/drift, typed crash/recovery, saved Suski switch and spatial telemetry-driven engine/music audio","PartiallyImplemented","Hash-locked donor car/driver/audio presentation with accepted BetterMSC Suski passenger; licensed NWH supplies wheel contact only; donor scripts/FSMs/physics excluded","npc.state schema 2 in document v13 covers route state and Suski rescue flag; loaded route progress is projected from the physical chassis; transient physical/audio state survives wrapper streaming","Locked 08A status fallback only","Seven stable spatial story-traffic events through IAudioBackend; Unity fallback mapped at 65/55/45/80 m; Wwise mix pending","NWH EditMode 4/4, physical PlayMode 5/5, NPC EditMode 19/19, NPC PlayMode 8/8 and vehicle-simulation EditMode 29/29; fresh 16:04 Perajarvi start and paired launch automated; manual full-loop comparison pending","Durable damage, exact story/race consequences, exact social-stop trigger and final Wwise mix remain unimplemented","11B","Pending","R4 physical-driving slice; row is not Verified"
"P1.VEHICLE.023","Vehicles","Amis/Petteri car — complete role and state","Yes","Frozen04A1 revision msc-world-baseline-04a1.1-c3f2f337; GAME SHA-256 c3f2f3373ccad4fcbe104840fcb83e364f55438070e808d11ebe4996bc0476c4","Frozen AMIS2 root/renderers/wheels/driver and formation transforms; VEHICLE_ROSTER.csv; Phase1StoryTrafficPresentationManifest.json; exact Village/RoadRace/Highway routes; Phase1StoryTrafficR2BAudioManifest.json; NWH_VEHICLE_PHYSICS_2_INTEGRATION.md","Amis/Petteri car — complete role and state","World; NPC foundation; Vehicle runtime; Save; Audio; story","11B-R4 exact rear-offset Perajarvi formation in Jani's direction and same full Village/RoadRace/Highway return loop; dynamic Rigidbody/NWH wheel contact; project-owned powertrain and physical controls; donor-range cruise, lane variation, pass/reverse/drift, typed crash/recovery and spatial telemetry-driven engine audio","PartiallyImplemented","Hash-locked donor car/driver/audio presentation in replaceable wrapper; licensed NWH supplies wheel contact only; donor scripts/FSMs/physics excluded","npc.state schema 2 in document v13 covers route state; loaded route progress is projected from the physical chassis; transient physical/audio state survives wrapper streaming","Locked 08A status fallback only","Stable spatial Petteri engine/skid/crash events through IAudioBackend; Unity fallback mapped; Wwise mix pending","NWH EditMode 4/4, physical PlayMode 5/5, NPC EditMode 19/19, NPC PlayMode 8/8 and vehicle-simulation EditMode 29/29; fresh 16:04 Perajarvi start and paired launch automated; manual full-loop comparison pending","Durable rivalry/crash damage, exact story consequences, exact social-stop trigger and final Wwise mix remain unimplemented","11B","Pending","R4 physical-driving slice; row is not Verified"
"P1.VEHICLE.024","Vehicles","Rally competitor cars — complete role and state","Yes","Frozen04A1 revision msc-world-baseline-04a1.1-c3f2f337; GAME SHA-256 c3f2f3373ccad4fcbe104840fcb83e364f55438070e808d11ebe4996bc0476c4","Frozen TRAFFIC/RALLY/DRAGRACE hierarchy; VEHICLE_ROSTER.csv","Rally competitor cars — complete role and state","World; Vehicle runtime; Items; Save; Audio","Nothing","EvidenceCaptured","Frozen vehicle presentation external; not runtime-bound","None","None","None","None","Complete role, state, damage, schedule and presentation not implemented","13B","Pending","Project-owned ID; runtime must not depend on donor names or hierarchy"
"P1.VEHICLE.025","Vehicles","Drag-race cars — complete role and state","Yes","Frozen04A1 revision msc-world-baseline-04a1.1-c3f2f337; GAME SHA-256 c3f2f3373ccad4fcbe104840fcb83e364f55438070e808d11ebe4996bc0476c4","Frozen TRAFFIC/RALLY/DRAGRACE hierarchy; VEHICLE_ROSTER.csv","Drag-race cars — complete role and state","World; Vehicle runtime; Items; Save; Audio","Nothing","EvidenceCaptured","Frozen vehicle presentation external; not runtime-bound","None","None","None","None","Complete role, state, damage, schedule and presentation not implemented","13C","Pending","Project-owned ID; runtime must not depend on donor names or hierarchy"
"P1.VEHICLE.026","Vehicles","AI boats — complete role and state","Yes","Frozen04A1 revision msc-world-baseline-04a1.1-c3f2f337; GAME SHA-256 c3f2f3373ccad4fcbe104840fcb83e364f55438070e808d11ebe4996bc0476c4","Frozen TRAFFIC/RALLY/DRAGRACE hierarchy; VEHICLE_ROSTER.csv","AI boats — complete role and state","World; Vehicle runtime; Items; Save; Audio","Nothing","EvidenceCaptured","Frozen vehicle presentation external; not runtime-bound","None","None","None","None","Complete role, state, damage, schedule and presentation not implemented","11B","Pending","Project-owned ID; runtime must not depend on donor names or hierarchy"
"P1.VEHICLE.027","Vehicles","Teimo bicycle — complete role and state","Yes","Frozen04A1 revision msc-world-baseline-04a1.1-c3f2f337; GAME SHA-256 c3f2f3373ccad4fcbe104840fcb83e364f55438070e808d11ebe4996bc0476c4","GAME TeimoInBike Move/SplineMove 105851/105852, Speed/Rotate 106628, Functions/Waving 106828 and GetIn/teimo_move_in evidence; path managers 106459/112267; route and character manifests","Teimo rides the donor-evidenced road vignettes to the shop and home on the original schedule with visible bicycle/rider presentation","World; NPC schedule/runtime; Save; Streaming; Legacy presentation","Project-owned curved 37-point routes in both directions; audited M04A1 coordinate translation; stable Teimo schedule binding; terrain conformance; timed shop arrival and stable-ID parked bicycle/service door presentation","PartiallyImplemented","Hash-locked private rider, hat, clear glasses, frame, pedals, two tires, two rims and motor-parts atlas wrapper; tires rotate 170 degrees per travelled metre, pedals at 1/3.5, procedural rider legs, exact tire contact and event-free greeting","npc.state persists active schedule, route, progress and once-per-day greeting eligibility; automated mid-route, arrival and streaming round trips pass","5 m clear-distance greeting; existing NPC interaction surface unchanged","No bicycle-specific audio mapped","NpcFoundationTests 16/16 and focused generated-character PlayMode 3/3; leg motion, timed arrival, parked bicycle visibility, door timing, contact height, day gate, cells, save and streaming covered","Collision-triggered donor ragdoll outcome is not implemented; user confirmed bicycle presence but leg contact, curved clearance, arrival/door and greeting await repeat in-world acceptance. Remount/walk recovery is Phase 2 only.","10B","Pending","Project-owned IDs and replacement keys; runtime never depends on donor hierarchy names/component IDs"
"P1.VEHICLE.028","Vehicles","Police/checkpoint vehicle variants — complete role and state","Yes","Frozen04A1 revision msc-world-baseline-04a1.1-c3f2f337; GAME SHA-256 c3f2f3373ccad4fcbe104840fcb83e364f55438070e808d11ebe4996bc0476c4","Frozen TRAFFIC/RALLY/DRAGRACE hierarchy; VEHICLE_ROSTER.csv","Police/checkpoint vehicle variants — complete role and state","World; Vehicle runtime; Items; Save; Audio","Nothing","EvidenceCaptured","Frozen vehicle presentation external; not runtime-bound","None","None","None","None","Complete role, state, damage, schedule and presentation not implemented","13B","Pending","Project-owned ID; runtime must not depend on donor names or hierarchy"
"P1.NPC.001","NPC","Teimo shopkeeper/pub owner/bicyclist — presence, schedule, dialogue and state","Yes","Frozen04A1 revision msc-world-baseline-04a1.1-c3f2f337; GAME SHA-256 c3f2f3373ccad4fcbe104840fcb83e364f55438070e808d11ebe4996bc0476c4","Frozen STORE opening/speak/bicycle metadata; four exact move-bar root-position keys; counter-lean, cash-register, angry and kitchen action clips; NPC_ROSTER.csv; Phase1CharacterPresentationManifest.json","Teimo leans on the counter when idle, checks out purchases and returns to the lean, stays angry after a middle finger or urine hit until the next action/state, prepares pub food and walks through the store/pub passage","NPC foundation; World streaming; GameTime; Dialogue; Save; shop/pub services; bicycle vehicle/route","Accepted 10B stable NPC is extended with a four-waypoint floor-level store-to-pub route and 57 game-second walking schedule block. Service feedback invokes explicit register/drink actions and paid meal choreography; middle-finger aim or an actual urine-particle collision latches anger until an action/state replacement.","PartiallyImplemented","Hash-locked replaceable Teimo wrapper clamps teimo_lean_table_in for Idle/Working/Talking; register, angry, move, cook and handoff clips are presentation actions only. Bicycle presentation remains unchanged.","npc.state schema 2 persists schedule/route including the walking block; services.state persists paid handoffs; action/cooking coroutine progress is transient","08A status surface reports purchases and food preparation; existing dialogue/greeting feedback retained","Imported action/voice routing exists through project IDs; kitchen and complete conditional voice coverage pending","NPC EditMode 34/34, Service EditMode 49/49, Items EditMode 32/32 and Fluid Presentation EditMode 6/6 pass; generated wrapper and 80-item presentation builds passed; manual kitchen/provocation/store-to-pub acceptance pending","Complete conditional dialogue, final kitchen props/audio, action interruption/save recovery and manual final route/door alignment remain incomplete.","12A","Pending","Accepted 10B identity, schedule, save and bicycle foundations were extended without donor runtime/FSM authority."
"P1.NPC.002","NPC","Fleetari mechanic — presence, schedule, dialogue and state","Yes","Frozen04A1 revision msc-world-baseline-04a1.1-c3f2f337; GAME SHA-256 c3f2f3373ccad4fcbe104840fcb83e364f55438070e808d11ebe4996bc0476c4","Frozen REPAIRSHOP opening/work/service metadata; 32 locked workshop offers; NPC_ROSTER.csv; Phase1CharacterPresentationManifest.json","Fleetari is present on schedule and exposes his complete service brochure selection","NPC foundation; World streaming; GameTime; Dialogue; Save; repair/jobs","Accepted 10B stable instance remains authoritative. 12A-S1 adds an audited brochure interaction that browses all 32 offers and toggles the save-backed workshop selection with exclusive-group enforcement.","PartiallyImplemented","Existing hash-locked Fleetari wrapper retained; project-owned brochure interaction uses the accepted 08A status surface.","npc.state schema 2 persists NPC state; services.state schema 1 persists workshop selection","Catalog page, price, selected marker and total are visible through interaction/status feedback","Existing NPC event boundary retained; service-specific voice/audio pending","Service EditMode 49/49 and NPC EditMode 34/34 pass; manual brochure comparison pending","Paid ordering, vehicle intake, timed work and repair outcomes remain unavailable without the project-owned service vehicle/outcome backend.","12A","Pending","Catalog reachability is implemented; repair completion is deliberately not fabricated."
"P1.NPC.003","NPC","Uncle Kesseli — presence, schedule, dialogue and state","Yes","Frozen04A1 revision msc-world-baseline-04a1.1-c3f2f337; GAME SHA-256 c3f2f3373ccad4fcbe104840fcb83e364f55438070e808d11ebe4996bc0476c4","Frozen Uncle Drinking/Home/Walking actor variants; NPC_ROSTER.csv; Phase1CharacterPresentationManifest.json","Uncle Kesseli — presence, schedule, dialogue and state","NPC foundation; World streaming; GameTime; Dialogue; Save; story/vehicle keys","10B-R2 stable identity and exact converted home anchor; hidden pending event authority","PartiallyImplemented","Hash-locked body/clothing/face, Gifu hat, clear glasses and compatible clip in replaceable wrapper","npc.state schema 2 in document v12; v11→v12 migration adds identity without resetting accepted rows","Locked 08A status surface can present identity fallback","Stable pending project audio ID; donor voice mapping pending","NPC EditMode 16/16 and R2 save migration 3/3; manual variant comparison pending","Only one review wrapper; exact Drinking/Home/Walking gates and vehicle-key behavior incomplete","10B","Pending","R2 foundation only; row is not Verified"
"P1.NPC.004","NPC","Grandmother — presence, schedule, dialogue and state","Yes","Frozen04A1 revision msc-world-baseline-04a1.1-c3f2f337; GAME SHA-256 c3f2f3373ccad4fcbe104840fcb83e364f55438070e808d11ebe4996bc0476c4","Frozen grandmother home actor and church variant; NPC_ROSTER.csv; Phase1CharacterPresentationManifest.json","Grandmother — presence, schedule, dialogue and state","NPC foundation; World streaming; GameTime; Dialogue; Save; visits/deliveries","10B-R2 stable instance at exact converted home anchor with review availability baseline","PartiallyImplemented","Hash-locked body/dress/face, hat and compatible clip in replaceable wrapper","npc.state schema 2 in document v12 covers streamed state and relationships","Locked 08A status surface can present identity fallback","Stable pending project audio ID; donor voice mapping pending","NPC EditMode 16/16 and R2 save migration 3/3; manual home pose comparison pending","Church schedule, visit/delivery state and voice incomplete","10B","Pending","Review availability is not donor-exact; row is not Verified"
"P1.NPC.005","NPC","Jokke / Kilju buyer and hiker — presence, schedule, dialogue and state","Yes","Frozen04A1 revision msc-world-baseline-04a1.1-c3f2f337; GAME SHA-256 c3f2f3373ccad4fcbe104840fcb83e364f55438070e808d11ebe4996bc0476c4","Frozen KiljuBuyer, Hiker1 and Hiker2/Suicidal variants; NPC_ROSTER.csv; Phase1CharacterPresentationManifest.json","Jokke / Kilju buyer and hiker — presence, schedule, dialogue and state","NPC foundation; World streaming; GameTime; Dialogue; Save; kilju/story/jobs","One 10B-R2 stable Jokke identity at exact converted buyer anchor with review availability baseline","PartiallyImplemented","Hash-locked buyer body/clothing/face, chair and compatible clip; hiker variants pending","npc.state schema 2 in document v12 preserves one identity across future variants","Locked 08A status surface can present identity fallback","Stable pending project audio ID; donor voice mapping pending","NPC EditMode 16/16 and R2 save migration 3/3; manual buyer pose comparison pending","Trade, rides, move, suicide chain, hiker variants and voice incomplete","10B","Pending","Duplicate suicidal-hiker identity remains rejected; row is not Verified"
"P1.NPC.006","NPC","Suski — presence, schedule, dialogue and state","Yes","Frozen04A1 revision msc-world-baseline-04a1.1-c3f2f337; GAME SHA-256 c3f2f3373ccad4fcbe104840fcb83e364f55438070e808d11ebe4996bc0476c4; BetterMSC Suski prefab c94ed820... and car-sit clip b2c92fdc...","Frozen store-hiker actor, Jani passenger/crash evidence, parents' bed visual and BetterMSC presentation sources","Suski — presence, schedule, dialogue and state","NPC foundation; World streaming; GameTime; Dialogue; Save; Carry; Needs; relationship/story; Jani traffic state","One stable identity now switches Passenger -> AwaitingPickup -> Transporting -> RestingAtParentsBed -> Rescued after Jani's >=5 m/s terminal crash; placement near stable parents-bed anchor plus a successful sleep completes the existing rescue flag","PartiallyImplemented","Accepted BetterMSC passenger before crash; hash-locked standing wrapper reused sideways as temporary 65 kg physical rescue body; standing wrapper after rescue; replaceable keys","npc.state v13 persists the accepted rescue flag; optional traffic.state schema 1 persists intermediate stage and pose across streaming/save","Locked 08A status surface can present identity fallback","Stable pending project audio ID; BetterMSC/donor voice mapping pending","Batch catalog rebuild and focused automated suites recorded in 11B-R3 report; manual save-at-each-stage story comparison pending","Post-rescue note/date/relationship/ending and purpose-built unconscious presentation remain incomplete; temporary trigger awaits Satsuma rev authority","10B","Pending","Functional roadside rescue state machine implemented without donor FSM runtime; row is not Verified"
"P1.NPC.007","NPC","Farmer — presence, schedule, dialogue and state","Yes","Frozen04A1 revision msc-world-baseline-04a1.1-c3f2f337; GAME SHA-256 c3f2f3373ccad4fcbe104840fcb83e364f55438070e808d11ebe4996bc0476c4","Frozen JOBS/Farm move/target/job/dialogue metadata; NPC_ROSTER.csv; Phase1CharacterPresentationManifest.json","Farmer — presence, schedule, dialogue and state","NPC foundation; World streaming; GameTime; Dialogue; Save; farm jobs","10B-R1 project-owned stable instance with exact farm root and six-target continuous loop; 06:00-20:00 schedule and job hook","PartiallyImplemented","Hash-locked donor bodymesh_1, original shirt18/pants02/face08 texture identity, three generated HDRP materials and compatible fat-standing clip; independent replacement keys","npc.state schema 2 in document v9 covers streamed-out multi-waypoint route progress and dialogue cooldowns","Existing locked 08A status surface presents fallback subtitle; stable job event ID emitted","IAudioBackend event ID is present; donor voice clip mapping remains pending","10B-R1 focused NPC/save EditMode 32/32 plus generated-wrapper PlayMode 1/1 includes continuous loop closing segment; user accepted movement and terrain grounding on 2026-08-02; save/stream comparison pending","Hay/combine job state, complete donor dialogue/voice and donor route timing remain incomplete","10B","Movement/grounding accepted 2026-08-02; full row pending","Roster group ServiceOrRelationship; row is not Verified"
"P1.NPC.008","NPC","Strawberry-field owner/berryman — presence, schedule, dialogue and state","Yes","Frozen04A1 revision msc-world-baseline-04a1.1-c3f2f337; GAME SHA-256 c3f2f3373ccad4fcbe104840fcb83e364f55438070e808d11ebe4996bc0476c4","Frozen JOBS/StrawberryField opening/babble metadata; NPC_ROSTER.csv; Phase1CharacterPresentationManifest.json","Strawberry-field owner/berryman — presence, schedule, dialogue and state","NPC foundation; World streaming; GameTime; Dialogue; Save; berry job","10B-R1 project-owned stable instance at exact strawberry-field anchor; 06:00-12:00 schedule and job hook","PartiallyImplemented","Hash-locked donor bodymesh_2, original shirt03/pants03/face03 texture identity, three generated HDRP materials and compatible left-hand clip; independent replacement keys; donor-relative tent and seated placement accepted","npc.state schema 2 in document v9 covers streamed-out schedule, flags, relationships and dialogue cooldowns","Existing locked 08A status surface presents fallback subtitle; stable job event ID emitted","IAudioBackend event ID is present; four donor babble voice mappings remain pending","10B-R1 focused NPC/save EditMode 32/32 plus generated-wrapper PlayMode 1/1; user accepted tent presence and seated pose on 2026-08-02; save/stream comparison pending","Four-line babble timing/audio and complete berry-sale job flow remain incomplete","10B","Tent/pose accepted 2026-08-02; full row pending","Roster group ServiceOrRelationship; row is not Verified"
"P1.NPC.009","NPC","Sewage customer 1 — presence, schedule, dialogue and state","Yes","Frozen04A1 revision msc-world-baseline-04a1.1-c3f2f337; GAME SHA-256 c3f2f3373ccad4fcbe104840fcb83e364f55438070e808d11ebe4996bc0476c4","Frozen ShitMan1 actor/material evidence; NPC_ROSTER.csv; Phase1CharacterPresentationManifest.json","Sewage customer 1 — presence, schedule, dialogue and state","NPC foundation; World streaming; GameTime; Dialogue; Save; septic jobs","Distinct 10B-R2 stable customer at exact converted home anchor with review availability","PartiallyImplemented","Hash-locked body/clothing/face and compatible clip in replaceable wrapper","npc.state schema 2 in document v12 covers streamed state and job flags","Locked 08A status fallback hook","Stable pending audio ID; donor voice pending","NPC EditMode 16/16 and save 3/3; manual comparison pending","Job activation/payment and exact availability incomplete","10B","Pending","One of five distinct donor customers; row is not Verified"
"P1.NPC.010","NPC","Sewage customer 2 — presence, schedule, dialogue and state","Yes","Frozen04A1 revision msc-world-baseline-04a1.1-c3f2f337; GAME SHA-256 c3f2f3373ccad4fcbe104840fcb83e364f55438070e808d11ebe4996bc0476c4","Frozen ShitMan2 actor/material evidence; NPC_ROSTER.csv; Phase1CharacterPresentationManifest.json","Sewage customer 2 — presence, schedule, dialogue and state","NPC foundation; World streaming; GameTime; Dialogue; Save; septic jobs","Distinct 10B-R2 stable customer at exact converted home anchor with review availability","PartiallyImplemented","Hash-locked body/clothing/face and compatible clip in replaceable wrapper","npc.state schema 2 in document v12 covers streamed state and job flags","Locked 08A status fallback hook","Stable pending audio ID; donor voice pending","NPC EditMode 16/16 and save 3/3; manual comparison pending","Job activation/payment and exact availability incomplete","10B","Pending","One of five distinct donor customers; row is not Verified"
"P1.NPC.011","NPC","Sewage customer 3 — presence, schedule, dialogue and state","Yes","Frozen04A1 revision msc-world-baseline-04a1.1-c3f2f337; GAME SHA-256 c3f2f3373ccad4fcbe104840fcb83e364f55438070e808d11ebe4996bc0476c4","Frozen ShitMan3 actor/material evidence; NPC_ROSTER.csv; Phase1CharacterPresentationManifest.json","Sewage customer 3 — presence, schedule, dialogue and state","NPC foundation; World streaming; GameTime; Dialogue; Save; septic jobs","Distinct 10B-R2 stable customer at exact converted home anchor with review availability","PartiallyImplemented","Hash-locked body/clothing/face and compatible clip in replaceable wrapper","npc.state schema 2 in document v12 covers streamed state and job flags","Locked 08A status fallback hook","Stable pending audio ID; donor voice pending","NPC EditMode 16/16 and save 3/3; manual comparison pending","Job activation/payment and exact availability incomplete","10B","Pending","One of five distinct donor customers; row is not Verified"
"P1.NPC.012","NPC","Sewage customer 4 — presence, schedule, dialogue and state","Yes","Frozen04A1 revision msc-world-baseline-04a1.1-c3f2f337; GAME SHA-256 c3f2f3373ccad4fcbe104840fcb83e364f55438070e808d11ebe4996bc0476c4","Frozen ShitMan4 actor/material evidence; NPC_ROSTER.csv; Phase1CharacterPresentationManifest.json","Sewage customer 4 — presence, schedule, dialogue and state","NPC foundation; World streaming; GameTime; Dialogue; Save; septic jobs","Distinct 10B-R2 stable customer at exact converted home anchor with review availability","PartiallyImplemented","Hash-locked body/clothing/face and compatible clip in replaceable wrapper","npc.state schema 2 in document v12 covers streamed state and job flags","Locked 08A status fallback hook","Stable pending audio ID; donor voice pending","NPC EditMode 16/16 and save 3/3; manual comparison pending","Job activation/payment and exact availability incomplete","10B","Pending","One of five distinct donor customers; row is not Verified"
"P1.NPC.013","NPC","Sewage customer 5 — presence, schedule, dialogue and state","Yes","Frozen04A1 revision msc-world-baseline-04a1.1-c3f2f337; GAME SHA-256 c3f2f3373ccad4fcbe104840fcb83e364f55438070e808d11ebe4996bc0476c4","Frozen ShitMan5 actor/material evidence; NPC_ROSTER.csv; Phase1CharacterPresentationManifest.json","Sewage customer 5 — presence, schedule, dialogue and state","NPC foundation; World streaming; GameTime; Dialogue; Save; septic jobs","Distinct 10B-R2 stable customer at exact converted home anchor with review availability","PartiallyImplemented","Hash-locked body/clothing/face and compatible clip in replaceable wrapper","npc.state schema 2 in document v12 covers streamed state and job flags","Locked 08A status fallback hook","Stable pending audio ID; donor voice pending","NPC EditMode 16/16 and save 3/3; manual comparison pending","Job activation/payment and exact availability incomplete","10B","Pending","One of five distinct donor customers; row is not Verified"
"P1.NPC.014","NPC","Firewood customer — presence, schedule, dialogue and state","Yes","Frozen04A1 revision msc-world-baseline-04a1.1-c3f2f337; GAME SHA-256 c3f2f3373ccad4fcbe104840fcb83e364f55438070e808d11ebe4996bc0476c4","Frozen WoodsMan actor/material evidence; NPC_ROSTER.csv; Phase1CharacterPresentationManifest.json","Firewood customer — presence, schedule, dialogue and state","NPC foundation; World streaming; GameTime; Dialogue; Save; firewood job","10B-R2 stable customer at exact converted home anchor with review availability","PartiallyImplemented","Hash-locked body/clothing/face and compatible clip in replaceable wrapper","npc.state schema 2 in document v12 covers streamed state and future job flags","Locked 08A status fallback hook","Stable pending audio ID; donor voice pending","NPC EditMode 16/16 and save 3/3; manual comparison pending","Phone call, delivery/payment and exact gate incomplete","10B","Pending","R2 foundation only; row is not Verified"
"P1.NPC.015","NPC","Inspection officer — presence, schedule, dialogue and state","Yes","Frozen04A1 revision msc-world-baseline-04a1.1-c3f2f337; GAME SHA-256 c3f2f3373ccad4fcbe104840fcb83e364f55438070e808d11ebe4996bc0476c4","Frozen InspectionMan actor/material evidence; NPC_ROSTER.csv; Phase1CharacterPresentationManifest.json","Inspection officer — presence, schedule, dialogue and state","NPC foundation; World streaming; GameTime; Dialogue; Save; inspection service","10B-R2 stable officer at exact converted station anchor with review availability","PartiallyImplemented","Hash-locked body/clothing/face and compatible clip in replaceable wrapper","npc.state schema 2 in document v12 covers streamed service state","Locked 08A status fallback hook","Stable pending audio ID; donor voice pending","NPC EditMode 16/16 and save 3/3; manual comparison pending","Opening hours, inspection authority, paperwork/payment and voice incomplete","10B","Pending","R2 foundation only; row is not Verified"
"P1.NPC.016","NPC","Wastewater-facility attendant — presence, schedule, dialogue and state","Yes","Frozen04A1 revision msc-world-baseline-04a1.1-c3f2f337; GAME SHA-256 c3f2f3373ccad4fcbe104840fcb83e364f55438070e808d11ebe4996bc0476c4","Frozen WaterFacilityMan actor/material/accessory evidence; NPC_ROSTER.csv; Phase1CharacterPresentationManifest.json","Wastewater-facility attendant — presence, schedule, dialogue and state","NPC foundation; World streaming; GameTime; Dialogue; Save; wastewater service","10B-R2 stable attendant at exact converted facility anchor with review availability","PartiallyImplemented","Hash-locked body/clothing/face, clear glasses and compatible clip in replaceable wrapper","npc.state schema 2 in document v12 covers streamed service state","Locked 08A status fallback hook","Stable pending audio ID; donor voice pending","NPC EditMode 16/16 and save 3/3; manual comparison pending","Exact service hours/transaction and voice incomplete","10B","Pending","R2 foundation only; row is not Verified"
"P1.NPC.017","NPC","Ventti opponent/Pigman — presence, schedule, dialogue and state","Yes","Frozen04A1 revision msc-world-baseline-04a1.1-c3f2f337; GAME SHA-256 c3f2f3373ccad4fcbe104840fcb83e364f55438070e808d11ebe4996bc0476c4","Frozen VenttiPig actor/material/accessory evidence; NPC_ROSTER.csv; Phase1CharacterPresentationManifest.json","Ventti opponent/Pigman — presence, schedule, dialogue and state","NPC foundation; World streaming; GameTime; Dialogue; Save; Ventti minigame","10B-R2 one stable identity at exact converted cabin anchor with review availability","PartiallyImplemented","Hash-locked body/clothing/face, latsa, dark glasses and compatible clip","npc.state schema 2 in document v12 covers streamed state and future minigame flags","Locked 08A status fallback hook","Stable pending audio ID; donor voice pending","NPC EditMode 16/16 and save 3/3; manual comparison pending","Ventti rules/stakes, exact schedule, house transition and voice incomplete","10B","Pending","R2 foundation only; row is not Verified"
"P1.NPC.018","NPC","Bus driver Latanen — presence, route, schedule and state","Yes","Frozen04A1 revision msc-world-baseline-04a1.1-c3f2f337; GAME SHA-256 c3f2f3373ccad4fcbe104840fcb83e364f55438070e808d11ebe4996bc0476c4","Frozen WOP BUS DriverLatanen role evidence; NPC_ROSTER.csv; Phase1CharacterPresentationManifest.json","Latanen drives the public bus and exposes donor schedule/behavior","NPC foundation; World streaming; GameTime; Dialogue; Save","Bus-owned seated driver transitions after terminal stall to the generated 1.2 m/s Latanen walker; the state-only identity has no separate materializing schedule","PartiallyImplemented","Manifest-locked TemporaryDirectImport seated/walking presentation with project-owned bus references","traffic.state preserves stall phase, driver pose, bus/walker poses and bark cooldown","Bus board/exit boundary plus bounded curse feedback","Shutdown and curse presentation route through IAudioBackend; final mix pending","Importer exit 0; NPC EditMode 33/33; NPC PlayMode 12/12; long Traffic PlayMode 1/1; audio-pose 1/1","Ticket/passenger/service interactions and manual terminal-sequence acceptance remain pending","10B","Pending","No duplicate fixed Latanen schedule; donor navigation/FSM is not runtime authority"
"P1.NPC.019","NPC","Bus passenger Markku — presence, schedule, dialogue and state","Yes","Frozen04A1 revision msc-world-baseline-04a1.1-c3f2f337; GAME SHA-256 c3f2f3373ccad4fcbe104840fcb83e364f55438070e808d11ebe4996bc0476c4","Frozen HUMANS/NPC_CARS/STORE/JOBS/RALLY/COPS hierarchy; NPC_ROSTER.csv","Bus passenger Markku — presence, schedule, dialogue and state","NPC foundation; World streaming; GameTime; Dialogue; Save","Nothing; no Characters/NPC module","EvidenceCaptured","Frozen character assets external; no project wrapper/presenter","None","No dialogue UI/data provider","Donor voice/audio evidence external; no event binding","None","Exact schedule, dialogue, relationships, variants and multiplicity require behavioral capture","10B","Pending","Roster group Transport; project-owned FeatureId independent of donor object name"
"P1.NPC.020","NPC","Bus passenger Signe — presence, schedule, dialogue and state","Yes","Frozen04A1 revision msc-world-baseline-04a1.1-c3f2f337; GAME SHA-256 c3f2f3373ccad4fcbe104840fcb83e364f55438070e808d11ebe4996bc0476c4","Frozen HUMANS/NPC_CARS/STORE/JOBS/RALLY/COPS hierarchy; NPC_ROSTER.csv","Bus passenger Signe — presence, schedule, dialogue and state","NPC foundation; World streaming; GameTime; Dialogue; Save","Nothing; no Characters/NPC module","EvidenceCaptured","Frozen character assets external; no project wrapper/presenter","None","No dialogue UI/data provider","Donor voice/audio evidence external; no event binding","None","Exact schedule, dialogue, relationships, variants and multiplicity require behavioral capture","10B","Pending","Roster group Transport; project-owned FeatureId independent of donor object name"
"P1.NPC.021","NPC","Unresolved third bus passenger candidate","No","Frozen04A1 revision msc-world-baseline-04a1.1-c3f2f337; GAME SHA-256 c3f2f3373ccad4fcbe104840fcb83e364f55438070e808d11ebe4996bc0476c4","Markku and Signe passenger evidence exists; Latanen is the driver","No additional passenger is implemented until identity evidence exists","NPC foundation; World streaming; GameTime; Dialogue; Save","Nothing","Unknown","None","None","None","None","None","Previous audit incorrectly classified Latanen as passenger","10B","Pending identity evidence","Keep candidate ID for audit trace; do not implement from assumption"
"P1.NPC.022","NPC","Ambient walker Alpo — presence, schedule, dialogue and state","Yes","Frozen04A1 revision msc-world-baseline-04a1.1-c3f2f337; GAME SHA-256 c3f2f3373ccad4fcbe104840fcb83e364f55438070e808d11ebe4996bc0476c4","Frozen HUMANS/NPC_CARS/STORE/JOBS/RALLY/COPS hierarchy; NPC_ROSTER.csv; Phase1CharacterPresentationManifest.json","Ambient walker Alpo — presence, schedule, dialogue and state","NPC foundation; World streaming; GameTime; Dialogue; Save","10A deterministic scheduled-roaming framework fixture; full row remains owned by 10B","EvidenceCaptured","Manifest-locked TemporaryDirectImport wrapper with project route binding","npc.state schema 1 covers fixture route progress/flags/relationships","Dialogue condition/event/audio-ID primitives; final UI/data pending","Project audio event ID mapping only; donor voice coverage remains external","10A EditMode 8/8, PlayMode 1/1 and user-confirmed gait, ping-pong motion and streaming","Fixture route is explicitly not donor-calibrated; variants and multiplicity remain unverified","10B","Pending","Bounded 10A foundation accepted 2026-08-01; full row remains unverified 10B scope"
"P1.NPC.023","NPC","Ambient walker Julli — presence, schedule, dialogue and state","Yes","Frozen04A1 revision msc-world-baseline-04a1.1-c3f2f337; GAME SHA-256 c3f2f3373ccad4fcbe104840fcb83e364f55438070e808d11ebe4996bc0476c4","Frozen HUMANS/NPC_CARS/STORE/JOBS/RALLY/COPS hierarchy; NPC_ROSTER.csv","Ambient walker Julli — presence, schedule, dialogue and state","NPC foundation; World streaming; GameTime; Dialogue; Save","Nothing; no Characters/NPC module","EvidenceCaptured","Frozen character assets external; no project wrapper/presenter","None","No dialogue UI/data provider","Donor voice/audio evidence external; no event binding","None","Exact schedule, dialogue, relationships, variants and multiplicity require behavioral capture","10B","Pending","Roster group Ambient; project-owned FeatureId independent of donor object name"
"P1.NPC.024","NPC","Ambient walker Kale — presence, schedule, dialogue and state","Yes","Frozen04A1 revision msc-world-baseline-04a1.1-c3f2f337; GAME SHA-256 c3f2f3373ccad4fcbe104840fcb83e364f55438070e808d11ebe4996bc0476c4","Frozen HUMANS/NPC_CARS/STORE/JOBS/RALLY/COPS hierarchy; NPC_ROSTER.csv","Ambient walker Kale — presence, schedule, dialogue and state","NPC foundation; World streaming; GameTime; Dialogue; Save","Nothing; no Characters/NPC module","EvidenceCaptured","Frozen character assets external; no project wrapper/presenter","None","No dialogue UI/data provider","Donor voice/audio evidence external; no event binding","None","Exact schedule, dialogue, relationships, variants and multiplicity require behavioral capture","10B","Pending","Roster group Ambient; project-owned FeatureId independent of donor object name"
"P1.NPC.025","NPC","Ambient walker Kristian — presence, schedule, dialogue and state","Yes","Frozen04A1 revision msc-world-baseline-04a1.1-c3f2f337; GAME SHA-256 c3f2f3373ccad4fcbe104840fcb83e364f55438070e808d11ebe4996bc0476c4","Frozen HUMANS/NPC_CARS/STORE/JOBS/RALLY/COPS hierarchy; NPC_ROSTER.csv","Ambient walker Kristian — presence, schedule, dialogue and state","NPC foundation; World streaming; GameTime; Dialogue; Save","Nothing; no Characters/NPC module","EvidenceCaptured","Frozen character assets external; no project wrapper/presenter","None","No dialogue UI/data provider","Donor voice/audio evidence external; no event binding","None","Exact schedule, dialogue, relationships, variants and multiplicity require behavioral capture","10B","Pending","Roster group Ambient; project-owned FeatureId independent of donor object name"
"P1.NPC.026","NPC","Ambient walker Rauno — presence, schedule, dialogue and state","Yes","Frozen04A1 revision msc-world-baseline-04a1.1-c3f2f337; GAME SHA-256 c3f2f3373ccad4fcbe104840fcb83e364f55438070e808d11ebe4996bc0476c4","Frozen HUMANS/NPC_CARS/STORE/JOBS/RALLY/COPS hierarchy; NPC_ROSTER.csv","Ambient walker Rauno — presence, schedule, dialogue and state","NPC foundation; World streaming; GameTime; Dialogue; Save","Nothing; no Characters/NPC module","EvidenceCaptured","Frozen character assets external; no project wrapper/presenter","None","No dialogue UI/data provider","Donor voice/audio evidence external; no event binding","None","Exact schedule, dialogue, relationships, variants and multiplicity require behavioral capture","10B","Pending","Roster group Ambient; project-owned FeatureId independent of donor object name"
"P1.NPC.027","NPC","Ambient walker Unto — presence, schedule, dialogue and state","Yes","Frozen04A1 revision msc-world-baseline-04a1.1-c3f2f337; GAME SHA-256 c3f2f3373ccad4fcbe104840fcb83e364f55438070e808d11ebe4996bc0476c4","Frozen HUMANS/NPC_CARS/STORE/JOBS/RALLY/COPS hierarchy; NPC_ROSTER.csv","Ambient walker Unto — presence, schedule, dialogue and state","NPC foundation; World streaming; GameTime; Dialogue; Save","Nothing; no Characters/NPC module","EvidenceCaptured","Frozen character assets external; no project wrapper/presenter","None","No dialogue UI/data provider","Donor voice/audio evidence external; no event binding","None","Exact schedule, dialogue, relationships, variants and multiplicity require behavioral capture","10B","Pending","Roster group Ambient; project-owned FeatureId independent of donor object name"
"P1.NPC.028","NPC","Pub fighter role — presence, schedule, dialogue and state","Yes","Frozen04A1 revision msc-world-baseline-04a1.1-c3f2f337; GAME SHA-256 c3f2f3373ccad4fcbe104840fcb83e364f55438070e808d11ebe4996bc0476c4","Frozen HUMANS/NPC_CARS/STORE/JOBS/RALLY/COPS hierarchy; NPC_ROSTER.csv","Pub fighter role — presence, schedule, dialogue and state","NPC foundation; World streaming; GameTime; Dialogue; Save","Nothing; no Characters/NPC module","EvidenceCaptured","Frozen character assets external; no project wrapper/presenter","None","No dialogue UI/data provider","Donor voice/audio evidence external; no event binding","None","Exact schedule, dialogue, relationships, variants and multiplicity require behavioral capture","10B","Pending","Roster group Event; project-owned FeatureId independent of donor object name"
"P1.NPC.029","NPC","Dance-hall fighter role — presence, schedule, dialogue and state","Yes","Frozen04A1 revision msc-world-baseline-04a1.1-c3f2f337; GAME SHA-256 c3f2f3373ccad4fcbe104840fcb83e364f55438070e808d11ebe4996bc0476c4","Frozen HUMANS/NPC_CARS/STORE/JOBS/RALLY/COPS hierarchy; NPC_ROSTER.csv","Dance-hall fighter role — presence, schedule, dialogue and state","NPC foundation; World streaming; GameTime; Dialogue; Save","Nothing; no Characters/NPC module","EvidenceCaptured","Frozen character assets external; no project wrapper/presenter","None","No dialogue UI/data provider","Donor voice/audio evidence external; no event binding","None","Exact schedule, dialogue, relationships, variants and multiplicity require behavioral capture","10B","Pending","Roster group Event; project-owned FeatureId independent of donor object name"
"P1.NPC.030","NPC","Dance-hall guard — presence, schedule, dialogue and state","Yes","Frozen04A1 revision msc-world-baseline-04a1.1-c3f2f337; GAME SHA-256 c3f2f3373ccad4fcbe104840fcb83e364f55438070e808d11ebe4996bc0476c4","Frozen HUMANS/NPC_CARS/STORE/JOBS/RALLY/COPS hierarchy; NPC_ROSTER.csv","Dance-hall guard — presence, schedule, dialogue and state","NPC foundation; World streaming; GameTime; Dialogue; Save","Nothing; no Characters/NPC module","EvidenceCaptured","Frozen character assets external; no project wrapper/presenter","None","No dialogue UI/data provider","Donor voice/audio evidence external; no event binding","None","Exact schedule, dialogue, relationships, variants and multiplicity require behavioral capture","10B","Pending","Roster group Event; project-owned FeatureId independent of donor object name"
"P1.NPC.031","NPC","Band singer — presence, schedule, dialogue and state","Yes","Frozen04A1 revision msc-world-baseline-04a1.1-c3f2f337; GAME SHA-256 c3f2f3373ccad4fcbe104840fcb83e364f55438070e808d11ebe4996bc0476c4","Frozen HUMANS/NPC_CARS/STORE/JOBS/RALLY/COPS hierarchy; NPC_ROSTER.csv","Band singer — presence, schedule, dialogue and state","NPC foundation; World streaming; GameTime; Dialogue; Save","Nothing; no Characters/NPC module","EvidenceCaptured","Frozen character assets external; no project wrapper/presenter","None","No dialogue UI/data provider","Donor voice/audio evidence external; no event binding","None","Exact schedule, dialogue, relationships, variants and multiplicity require behavioral capture","10B","Pending","Roster group Event; project-owned FeatureId independent of donor object name"
"P1.NPC.032","NPC","Band synthist — presence, schedule and performance state","Yes","Frozen04A1 revision msc-world-baseline-04a1.1-c3f2f337; GAME SHA-256 c3f2f3373ccad4fcbe104840fcb83e364f55438070e808d11ebe4996bc0476c4","Frozen WOP Synthist role evidence; NPC_ROSTER.csv","Synthist appears and performs under donor event schedule","NPC foundation; World streaming; GameTime; Dialogue; Save","Nothing; no Characters/NPC module","EvidenceCaptured","Frozen character assets external; no project wrapper/presenter","None","None","Performance audio unbound","None","No direct guitarist role was proven by frozen role mine","10B","Pending","Keep singer/bassist/drummer/synthist as distinct roles"
"P1.NPC.033","NPC","Band bassist — presence, schedule, dialogue and state","Yes","Frozen04A1 revision msc-world-baseline-04a1.1-c3f2f337; GAME SHA-256 c3f2f3373ccad4fcbe104840fcb83e364f55438070e808d11ebe4996bc0476c4","Frozen HUMANS/NPC_CARS/STORE/JOBS/RALLY/COPS hierarchy; NPC_ROSTER.csv","Band bassist — presence, schedule, dialogue and state","NPC foundation; World streaming; GameTime; Dialogue; Save","Nothing; no Characters/NPC module","EvidenceCaptured","Frozen character assets external; no project wrapper/presenter","None","No dialogue UI/data provider","Donor voice/audio evidence external; no event binding","None","Exact schedule, dialogue, relationships, variants and multiplicity require behavioral capture","10B","Pending","Roster group Event; project-owned FeatureId independent of donor object name"
"P1.NPC.034","NPC","Band drummer — presence, schedule, dialogue and state","Yes","Frozen04A1 revision msc-world-baseline-04a1.1-c3f2f337; GAME SHA-256 c3f2f3373ccad4fcbe104840fcb83e364f55438070e808d11ebe4996bc0476c4","Frozen HUMANS/NPC_CARS/STORE/JOBS/RALLY/COPS hierarchy; NPC_ROSTER.csv","Band drummer — presence, schedule, dialogue and state","NPC foundation; World streaming; GameTime; Dialogue; Save","Nothing; no Characters/NPC module","EvidenceCaptured","Frozen character assets external; no project wrapper/presenter","None","No dialogue UI/data provider","Donor voice/audio evidence external; no event binding","None","Exact schedule, dialogue, relationships, variants and multiplicity require behavioral capture","10B","Pending","Roster group Event; project-owned FeatureId independent of donor object name"
"P1.NPC.035","NPC","Theatre actors — presence, schedule, dialogue and state","Yes","Frozen04A1 revision msc-world-baseline-04a1.1-c3f2f337; GAME SHA-256 c3f2f3373ccad4fcbe104840fcb83e364f55438070e808d11ebe4996bc0476c4","Frozen HUMANS/NPC_CARS/STORE/JOBS/RALLY/COPS hierarchy; NPC_ROSTER.csv","Theatre actors — presence, schedule, dialogue and state","NPC foundation; World streaming; GameTime; Dialogue; Save","Nothing; no Characters/NPC module","EvidenceCaptured","Frozen character assets external; no project wrapper/presenter","None","No dialogue UI/data provider","Donor voice/audio evidence external; no event binding","None","Exact schedule, dialogue, relationships, variants and multiplicity require behavioral capture","10B","Pending","Roster group CrowdGroup; project-owned FeatureId independent of donor object name"
"P1.NPC.036","NPC","Theatre patrons — presence, schedule, dialogue and state","Yes","Frozen04A1 revision msc-world-baseline-04a1.1-c3f2f337; GAME SHA-256 c3f2f3373ccad4fcbe104840fcb83e364f55438070e808d11ebe4996bc0476c4","Frozen HUMANS/NPC_CARS/STORE/JOBS/RALLY/COPS hierarchy; NPC_ROSTER.csv","Theatre patrons — presence, schedule, dialogue and state","NPC foundation; World streaming; GameTime; Dialogue; Save","Nothing; no Characters/NPC module","EvidenceCaptured","Frozen character assets external; no project wrapper/presenter","None","No dialogue UI/data provider","Donor voice/audio evidence external; no event binding","None","Exact schedule, dialogue, relationships, variants and multiplicity require behavioral capture","10B","Pending","Roster group CrowdGroup; project-owned FeatureId independent of donor object name"
"P1.NPC.037","NPC","Janitor Reijo — presence, schedule, dialogue and state","Yes","Frozen04A1 revision msc-world-baseline-04a1.1-c3f2f337; GAME SHA-256 c3f2f3373ccad4fcbe104840fcb83e364f55438070e808d11ebe4996bc0476c4","Frozen HUMANS/NPC_CARS/STORE/JOBS/RALLY/COPS hierarchy; NPC_ROSTER.csv","Janitor Reijo — presence, schedule, dialogue and state","NPC foundation; World streaming; GameTime; Dialogue; Save","Nothing; no Characters/NPC module","EvidenceCaptured","Frozen character assets external; no project wrapper/presenter","None","No dialogue UI/data provider","Donor voice/audio evidence external; no event binding","None","Exact schedule, dialogue, relationships, variants and multiplicity require behavioral capture","10B","Pending","Roster group Ambient; project-owned FeatureId independent of donor object name"
"P1.NPC.038","NPC","Football children — presence, schedule, dialogue and state","Yes","Frozen04A1 revision msc-world-baseline-04a1.1-c3f2f337; GAME SHA-256 c3f2f3373ccad4fcbe104840fcb83e364f55438070e808d11ebe4996bc0476c4","Frozen HUMANS/NPC_CARS/STORE/JOBS/RALLY/COPS hierarchy; NPC_ROSTER.csv","Football children — presence, schedule, dialogue and state","NPC foundation; World streaming; GameTime; Dialogue; Save","Nothing; no Characters/NPC module","EvidenceCaptured","Frozen character assets external; no project wrapper/presenter","None","No dialogue UI/data provider","Donor voice/audio evidence external; no event binding","None","Exact schedule, dialogue, relationships, variants and multiplicity require behavioral capture","10B","Pending","Roster group CrowdGroup; project-owned FeatureId independent of donor object name"
"P1.NPC.039","NPC","Rally parts salesman — presence, schedule, dialogue and state","Yes","Frozen04A1 revision msc-world-baseline-04a1.1-c3f2f337; GAME SHA-256 c3f2f3373ccad4fcbe104840fcb83e364f55438070e808d11ebe4996bc0476c4","Frozen HUMANS/NPC_CARS/STORE/JOBS/RALLY/COPS hierarchy; NPC_ROSTER.csv","Rally parts salesman — presence, schedule, dialogue and state","NPC foundation; World streaming; GameTime; Dialogue; Save","Nothing; no Characters/NPC module","EvidenceCaptured","Frozen character assets external; no project wrapper/presenter","None","No dialogue UI/data provider","Donor voice/audio evidence external; no event binding","None","Exact schedule, dialogue, relationships, variants and multiplicity require behavioral capture","10B","Pending","Roster group EventService; project-owned FeatureId independent of donor object name"
"P1.NPC.040","NPC","Rally officials — presence, schedule, dialogue and state","Yes","Frozen04A1 revision msc-world-baseline-04a1.1-c3f2f337; GAME SHA-256 c3f2f3373ccad4fcbe104840fcb83e364f55438070e808d11ebe4996bc0476c4","Frozen HUMANS/NPC_CARS/STORE/JOBS/RALLY/COPS hierarchy; NPC_ROSTER.csv","Rally officials — presence, schedule, dialogue and state","NPC foundation; World streaming; GameTime; Dialogue; Save","Nothing; no Characters/NPC module","EvidenceCaptured","Frozen character assets external; no project wrapper/presenter","None","No dialogue UI/data provider","Donor voice/audio evidence external; no event binding","None","Exact schedule, dialogue, relationships, variants and multiplicity require behavioral capture","10B","Pending","Roster group AuthorityGroup; project-owned FeatureId independent of donor object name"
"P1.NPC.041","NPC","Rally drivers — presence, schedule, dialogue and state","Yes","Frozen04A1 revision msc-world-baseline-04a1.1-c3f2f337; GAME SHA-256 c3f2f3373ccad4fcbe104840fcb83e364f55438070e808d11ebe4996bc0476c4","Frozen HUMANS/NPC_CARS/STORE/JOBS/RALLY/COPS hierarchy; NPC_ROSTER.csv","Rally drivers — presence, schedule, dialogue and state","NPC foundation; World streaming; GameTime; Dialogue; Save","Nothing; no Characters/NPC module","EvidenceCaptured","Frozen character assets external; no project wrapper/presenter","None","No dialogue UI/data provider","Donor voice/audio evidence external; no event binding","None","Exact schedule, dialogue, relationships, variants and multiplicity require behavioral capture","10B","Pending","Roster group EventGroup; project-owned FeatureId independent of donor object name"
"P1.NPC.042","NPC","Rally spectators/helpers — presence, schedule, dialogue and state","Yes","Frozen04A1 revision msc-world-baseline-04a1.1-c3f2f337; GAME SHA-256 c3f2f3373ccad4fcbe104840fcb83e364f55438070e808d11ebe4996bc0476c4","Frozen HUMANS/NPC_CARS/STORE/JOBS/RALLY/COPS hierarchy; NPC_ROSTER.csv","Rally spectators/helpers — presence, schedule, dialogue and state","NPC foundation; World streaming; GameTime; Dialogue; Save","Nothing; no Characters/NPC module","EvidenceCaptured","Frozen character assets external; no project wrapper/presenter","None","No dialogue UI/data provider","Donor voice/audio evidence external; no event binding","None","Exact schedule, dialogue, relationships, variants and multiplicity require behavioral capture","10B","Pending","Roster group CrowdGroup; project-owned FeatureId independent of donor object name"
"P1.NPC.043","NPC","Police/checkpoint officers — presence, schedule, dialogue and state","Yes","Frozen04A1 revision msc-world-baseline-04a1.1-c3f2f337; GAME SHA-256 c3f2f3373ccad4fcbe104840fcb83e364f55438070e808d11ebe4996bc0476c4","Frozen HUMANS/NPC_CARS/STORE/JOBS/RALLY/COPS hierarchy; NPC_ROSTER.csv","Police/checkpoint officers — presence, schedule, dialogue and state","NPC foundation; World streaming; GameTime; Dialogue; Save","Nothing; no Characters/NPC module","EvidenceCaptured","Frozen character assets external; no project wrapper/presenter","None","No dialogue UI/data provider","Donor voice/audio evidence external; no event binding","None","Exact schedule, dialogue, relationships, variants and multiplicity require behavioral capture","10B","Pending","Roster group AuthorityGroup; project-owned FeatureId independent of donor object name"
"P1.NPC.044","NPC","Traffic drivers — presence, schedule, dialogue and state","Yes","Frozen04A1 revision msc-world-baseline-04a1.1-c3f2f337; GAME SHA-256 c3f2f3373ccad4fcbe104840fcb83e364f55438070e808d11ebe4996bc0476c4","Frozen HUMANS/NPC_CARS/STORE/JOBS/RALLY/COPS hierarchy; NPC_ROSTER.csv","Traffic drivers — presence, schedule, dialogue and state","NPC foundation; World streaming; GameTime; Dialogue; Save","Nothing; no Characters/NPC module","EvidenceCaptured","Frozen character assets external; no project wrapper/presenter","None","No dialogue UI/data provider","Donor voice/audio evidence external; no event binding","None","Exact schedule, dialogue, relationships, variants and multiplicity require behavioral capture","10B","Pending","Roster group TransportGroup; project-owned FeatureId independent of donor object name"
"P1.NPC.045","NPC","Traffic passengers — presence, schedule, dialogue and state","Yes","Frozen04A1 revision msc-world-baseline-04a1.1-c3f2f337; GAME SHA-256 c3f2f3373ccad4fcbe104840fcb83e364f55438070e808d11ebe4996bc0476c4","Frozen HUMANS/NPC_CARS/STORE/JOBS/RALLY/COPS hierarchy; NPC_ROSTER.csv","Traffic passengers — presence, schedule, dialogue and state","NPC foundation; World streaming; GameTime; Dialogue; Save","Nothing; no Characters/NPC module","EvidenceCaptured","Frozen character assets external; no project wrapper/presenter","None","No dialogue UI/data provider","Donor voice/audio evidence external; no event binding","None","Exact schedule, dialogue, relationships, variants and multiplicity require behavioral capture","10B","Pending","Roster group TransportGroup; project-owned FeatureId independent of donor object name"
"P1.NPC.046","NPC","Duplicate suicidal-hiker identity candidate","No","Frozen04A1 revision msc-world-baseline-04a1.1-c3f2f337; GAME SHA-256 c3f2f3373ccad4fcbe104840fcb83e364f55438070e808d11ebe4996bc0476c4","Frozen KILJUGUY JokkeHiker2/Suicidal and HouseDrunk SuicideNote link to P1.NPC.005","Not applicable as a separate identity; Jokke owns these story presenter states","NPC foundation; Story graph; Save","Nothing","RejectedNotInLockedDonorVersion","Reuse P1.NPC.005 presenter variants","Covered by Jokke state","None","None","Identity audit","Separate-person assumption was unsupported","10B","Merged into P1.NPC.005 by evidence","Do not create a duplicate persistent NPC"
"P1.NPC.047","NPC","Murderer/hitchhiker role — presence, schedule, dialogue and state","Yes","Frozen04A1 revision msc-world-baseline-04a1.1-c3f2f337; GAME SHA-256 c3f2f3373ccad4fcbe104840fcb83e364f55438070e808d11ebe4996bc0476c4","Frozen HUMANS/NPC_CARS/STORE/JOBS/RALLY/COPS hierarchy; NPC_ROSTER.csv","Murderer/hitchhiker role — presence, schedule, dialogue and state","NPC foundation; World streaming; GameTime; Dialogue; Save","Nothing; no Characters/NPC module","EvidenceCaptured","Frozen character assets external; no project wrapper/presenter","None","No dialogue UI/data provider","Donor voice/audio evidence external; no event binding","None","Exact schedule, dialogue, relationships, variants and multiplicity require behavioral capture","10B","Pending","Roster group Story; project-owned FeatureId independent of donor object name"
"P1.NPC.048","NPC","Crazy old-man watcher — presence, schedule, dialogue and state","Yes","Frozen04A1 revision msc-world-baseline-04a1.1-c3f2f337; GAME SHA-256 c3f2f3373ccad4fcbe104840fcb83e364f55438070e808d11ebe4996bc0476c4","Frozen HUMANS/NPC_CARS/STORE/JOBS/RALLY/COPS hierarchy; NPC_ROSTER.csv","Crazy old-man watcher — presence, schedule, dialogue and state","NPC foundation; World streaming; GameTime; Dialogue; Save","Nothing; no Characters/NPC module","EvidenceCaptured","Frozen character assets external; no project wrapper/presenter","None","No dialogue UI/data provider","Donor voice/audio evidence external; no event binding","None","Exact schedule, dialogue, relationships, variants and multiplicity require behavioral capture","10B","Pending","Roster group Ambient; project-owned FeatureId independent of donor object name"
"P1.NPC.049","NPC","Jani / KYLAJANI driver — identity, schedule and state","Yes","Frozen04A1 revision msc-world-baseline-04a1.1-c3f2f337; GAME SHA-256 c3f2f3373ccad4fcbe104840fcb83e364f55438070e808d11ebe4996bc0476c4","Frozen KYLAJANI driver/vehicle, exact TrackField/Village/RoadRace/Dancehall Navigation and CrashEvent evidence","Jani drives with Suski as passenger before her rescue transition","NPC foundation; World streaming; GameTime; Dialogue; Save; story traffic","Stable physical Rigidbody/NWH driver follows the exact 2,088-point race or 537-point dancehall route with directed H2/field corridors, saved 6 s Teimo dwell, bounded passing, 0.88 s handbrake pulse and terminal TF201/story2087 FULLSTOP; >=5 m/s crash starts the persistent Suski rescue","PartiallyImplemented","Hash-locked car/driver plus accepted BetterMSC Suski passenger in replaceable wrapper","npc.state v13 plus traffic.state preserve route, dwell/pass/FULLSTOP, wreck telemetry and Suski intermediate stage/pose","Identity-only dialogue hook","Stable spatial engine/music/skid/crash audio through IAudioBackend","NPC EditMode 33/33; NPC PlayMode 12/12; NWH PlayMode 3/3; ragdoll 1/1; audio-pose 1/1","Temporary start trigger awaits Satsuma rev event; damage, dialogue, later relationship consequences and manual full-loop handling acceptance incomplete","10B","Pending","Identity accepted; automated route/physics pass is not final human verification"
"P1.NPC.050","NPC","Petteri / AMIS2 driver — identity, schedule and state","Yes","Frozen04A1 revision msc-world-baseline-04a1.1-c3f2f337; GAME SHA-256 c3f2f3373ccad4fcbe104840fcb83e364f55438070e808d11ebe4996bc0476c4","Frozen AMIS2 driver/vehicle, exact TrackField/Village/RoadRace/Dancehall Navigation and CrashEvent evidence","Petteri drives the AMIS2 traffic/story car","NPC foundation; World streaming; GameTime; Dialogue; Save; story traffic","Stable physical Rigidbody/NWH driver keeps the donor rear formation and follows the same-direction 2,088-point race or 537-point dancehall route with directed H2/field corridors, saved 8 s Teimo dwell, bounded passing, 0.88 s handbrake pulse and terminal TF199/story2085 FULLSTOP; >=5 m/s crash produces a persistent wreck","PartiallyImplemented","Hash-locked car/driver presentation in replaceable wrapper","npc.state v13 plus traffic.state preserve route, dwell/pass/FULLSTOP, terminal wreck pose and crash telemetry; transient motion/audio survives wrapper streaming","Identity-only dialogue hook","Stable spatial engine/skid/crash audio through IAudioBackend","NPC EditMode 33/33; NPC PlayMode 12/12; NWH PlayMode 3/3; ragdoll 1/1; audio-pose 1/1","Temporary start trigger awaits Satsuma rev event; rivalry/damage/dialogue consequences and manual full-loop handling acceptance incomplete","10B","Pending","Identity accepted; automated route/physics pass is not final human verification"
"P1.TRAFFIC.001","Traffic","Road graph, lanes, spawn/despawn and density","Yes","Frozen04A1 revision msc-world-baseline-04a1.1-c3f2f337; GAME SHA-256 c3f2f3373ccad4fcbe104840fcb83e364f55438070e808d11ebe4996bc0476c4","Eight exact route owners; 7,715 points; locked VehiclesHighway multiplicity","Road graph, lanes, spawn/despawn and density","World routes; Traffic runtime; Vehicle/NWH; GameTime; Save","Project-owned exact route catalog with 20 directional joins; 10 persistent actors; 440/520 m physical residency and six-wrapper cap","PartiallyImplemented","Seven replaceable ambient wrapper archetypes","traffic.state schema 1 additive ambient array","None","Temporary spatial fallback profile","Traffic 5/5; Save 28/28; NPC PlayMode 10/10","Manual donor density/cadence and graph-loop intent comparison pending","11B","Pending","Automated implementation passed; not Verified before comprehensive drive"
"P1.TRAFFIC.002","Traffic","Ambient vehicle route AI and collision response","Yes","Frozen04A1 revision msc-world-baseline-04a1.1-c3f2f337; GAME SHA-256 c3f2f3373ccad4fcbe104840fcb83e364f55438070e808d11ebe4996bc0476c4","Locked Highway route and seven vehicle archetypes","Ambient vehicle route AI and collision response","World routes; Traffic runtime; Vehicle/NWH; GameTime; Save","Offscreen simulation plus physical Rigidbody/NWH wrappers near the player; Fittan TownLoop/GasPump excursions use nearest directed joins, separate return progress and town curve control","PartiallyImplemented","Seven replaceable physical wrappers; ten actor identities","traffic.state preserves route/spawn/circuit/attempt and excursion state","None","Unique emitters use temporary spatial fallback profile","Traffic EditMode 48/48; long Traffic PlayMode 1/1 in 158.56 s","Manual obstacle/damage/handling, town-excursion and richer lane-negotiation comparison pending","11B","Pending","No ordinary transform dragging while materialized"
"P1.TRAFFIC.003","Traffic","Traffic drivers/passengers binding and schedules","Yes","Frozen04A1 revision msc-world-baseline-04a1.1-c3f2f337; GAME SHA-256 c3f2f3373ccad4fcbe104840fcb83e364f55438070e808d11ebe4996bc0476c4","Exact AMIS formation, locked VehiclesHighway children/probability evidence and locked BUS/TRAIN/BOAT route actors","Traffic drivers/passengers binding and schedules","World routes; Vehicle/NPC/Traffic runtime; GameTime; Save","Jani/Petteri/Suski story binding, ten ambient identities and four transports; bus departures are time-driven and the bus-owned Latanen walker replaces the seated driver after terminal abandonment","PartiallyImplemented","Story wrappers, seven ambient archetypes and four transport wrappers present; bus has explicit seated/walker/door/light references","npc.state v13 plus traffic.state cover story, ambient, transport and bus-abandonment phases","Bus boarding/exit context prompt and bounded driver-curse feedback","Story audio plus temporary ambient/transport spatial fallback; final Wwise pending","Importer exit 0; NPC EditMode 33/33; Traffic EditMode 48/48; NPC PlayMode 12/12; long Traffic PlayMode 1/1","Exact ambient cadence, passenger population, service interactions and final Wwise remain pending","11B","Pending","State-only Latanen has no materializing schedule; project-owned IDs remain authoritative"
"P1.TRAFFIC.004","Traffic","Public bus route, stops, timetable and riding","Yes","Frozen04A1 revision msc-world-baseline-04a1.1-c3f2f337; GAME SHA-256 c3f2f3373ccad4fcbe104840fcb83e364f55438070e808d11ebe4996bc0476c4","Locked 1,084-point BusRoute; Loppe/Kesseli/Rykipohja stop distances; two-hour donor departure cycle; BUS transform 65181","Public bus route, stops, timetable and riding","World routes; Vehicle/NPC/Traffic runtime; GameTime; Save; Interaction","Persistent time-driven NWH bus with stop dwell, boarding/exit target and terminal-stall sequence: >5 m/s arm, <=2 m/s for 25 real seconds, shutdown/1 s door, then +4 s Latanen exit","PartiallyImplemented","Sanitized BUS TemporaryDirectImport wrapper with physical wheels and explicit seat/exit/door/light/walker references","traffic.state stores departure, route, dwell, bus pose, stall phase, shutdown delay, abandonment and walker pose","Board/exit context prompt and bounded driver-curse feedback","Temporary spatial vehicle fallback and shutdown/curse events through IAudioBackend","Importer exit 0; Traffic EditMode 48/48; long Traffic PlayMode 1/1 in 158.56 s; audio-pose 1/1","Ticket/payment/request button, passenger population, exact timing comparison and manual populated-world ride/abandonment acceptance pending","11B","Pending","No donor scripts/FSM/runtime hierarchy dependency; automated pass is not final human verification"
"P1.TRAFFIC.005","Traffic","Train route, crossings and collision safety","Yes","Frozen04A1 revision msc-world-baseline-04a1.1-c3f2f337; GAME SHA-256 c3f2f3373ccad4fcbe104840fcb83e364f55438070e808d11ebe4996bc0476c4","Locked east/west endpoint transforms; TRAIN wrapper transform 55611; donor speed 30 m/s and endpoint delay 250 simulation seconds","Train route, crossings and collision safety","World routes; Traffic runtime; GameTime; Save","Persistent bidirectional train with endpoint wait, streaming residency and project-owned collider","PartiallyImplemented","Sanitized TRAIN TemporaryDirectImport wrapper","Optional traffic.state schema 1 stores direction, route, delay and pose","None","Temporary spatial vehicle fallback through IAudioBackend","Traffic 6/6; Save 28/28; full NPC PlayMode 10/10","Whistle/crossing warning, player damage/death consequences and manual collision/complete-route acceptance pending","11B","Pending","No donor scripts/FSM/runtime hierarchy dependency; row is not Verified"
"P1.TRAFFIC.006","Traffic","AI boat routes and water traversal","Yes","Frozen04A1 revision msc-world-baseline-04a1.1-c3f2f337; GAME SHA-256 c3f2f3373ccad4fcbe104840fcb83e364f55438070e808d11ebe4996bc0476c4","Locked Waypoints1/Waypoints2 eight-point loops; AIboat1 transform 57586; AIboat2 transform 48730","AI boat routes and water traversal","World routes; Traffic runtime; GameTime; Save","Two stable boats use exact loops, logical offscreen progress and project-owned Rigidbody force/turn/water-height control near the player","PartiallyImplemented","Two sanitized AI-boat TemporaryDirectImport wrappers","Optional traffic.state schema 1 stores independent route progress and pose","None","Temporary spatial vehicle fallback through IAudioBackend","Traffic 6/6; Save 28/28; full NPC PlayMode 10/10","Speed/force tuning, wake/audio presentation and manual water traversal/streaming acceptance pending","11B","Pending","No donor scripts/FSM/runtime hierarchy dependency; row is not Verified"
"P1.TRAFFIC.007","Traffic","Scripted Amis/KUSKI encounters and races","Yes","Frozen04A1 revision msc-world-baseline-04a1.1-c3f2f337; GAME SHA-256 c3f2f3373ccad4fcbe104840fcb83e364f55438070e808d11ebe4996bc0476c4","Locked Jani/Petteri Navigation, TrackField/Village/RoadRace/Dancehall routes, crash owners and Suski passenger evidence","Scripted Amis/KUSKI encounters and races","World routes; Vehicle/NPC runtime; GameTime; Save; Suski story state","Physical Jani/Petteri use exact race/dancehall cycles with directed H2 and field/oval/closure control, one-shot Teimo dwell, bounded pass, 0.88 s handbrake release, donor FULLSTOP formation, typed crashes and Suski rescue","PartiallyImplemented","Jani/Petteri dynamic wrappers, accepted BetterMSC Suski passenger and temporary physical rescue body present","npc.state v13 plus traffic.state preserve route, dwell/pass/FULLSTOP, stable incident identity, wreck and rescue stage/pose","Identity-only dialogue hooks","Persistent spatial engine/music/skid/crash through IAudioBackend","NPC EditMode 33/33; NPC PlayMode 12/12; NWH PlayMode 3/3; ragdoll 1/1; audio-pose 1/1","Temporary 16:04/35 m trigger must become the nearby-Satsuma rev challenge; post-rescue relationship/date/ending and manual full-loop handling acceptance incomplete","11B","Pending","Project-owned state machines; no donor FSM/controller runtime; row is not Verified"
"P1.TRAFFIC.008","Traffic","Streaming handoff, persistence and recovery for moving actors","Yes","Frozen04A1 revision msc-world-baseline-04a1.1-c3f2f337; GAME SHA-256 c3f2f3373ccad4fcbe104840fcb83e364f55438070e808d11ebe4996bc0476c4","Locked route hierarchy and actor multiplicity","Streaming handoff, persistence and recovery for moving actors","World routes; Vehicle/NPC/Traffic runtime; GameTime; Save","Story incidents, ten logical ambient actors and four transports use stable logical state plus bounded physical materialization; story dwell/pass/FULLSTOP and bus abandonment continue from saved phases","PartiallyImplemented","Story, seven ambient and four transport archetypes rematerialize without donor hierarchy lookup","traffic.state stores incidents/rescue, ambient/transports, story dwell/pass/FULLSTOP and bus confirmation/shutdown/abandoned poses; old saves remain loadable","Bus board/exit prompt","Persistent/unique spatial emitter ownership","NPC EditMode 33/33; Traffic EditMode 48/48; NPC PlayMode 12/12; long Traffic PlayMode 1/1 in 158.56 s","Manual repeated-boundary duplicate/recovery and intermediate bus-phase reload tests remain pending","11B","Pending","Additive optional save domain; automated pass is not final human verification"
"P1.TRAFFIC.009","Traffic","Surface/road rules and traffic audio","Yes","Frozen04A1 revision msc-world-baseline-04a1.1-c3f2f337; GAME SHA-256 c3f2f3373ccad4fcbe104840fcb83e364f55438070e808d11ebe4996bc0476c4","Locked traffic/story/transport routes and existing project audio boundary","Surface/road rules and traffic audio","World routes; Vehicle/NPC/Traffic runtime; GameTime; Save","Story cars, seven ambient archetypes and the bus use NWH contact; the 0.88 s story handbrake command releases rear grip physically; all audio ownership remains behind IAudioBackend","PartiallyImplemented","Thirteen story/ambient/transport physical wrappers","Story, ambient and transport route state persisted","Bus board/exit prompt and bounded driver-curse feedback","Story events mapped; bus shutdown/curse and ambient/transport media use temporary fallback profiles","Traffic EditMode 48/48; NWH PlayMode 3/3; long Traffic PlayMode 1/1; authoritative audio-pose 1/1","Surface classification, dedicated production bus/train/boat events and final Wwise mix incomplete","11B","Pending","Temporary audio is not final parity"
"P1.TRAFFIC.010","Traffic","Long-route performance and duplicate prevention","Yes","Frozen04A1 revision msc-world-baseline-04a1.1-c3f2f337; GAME SHA-256 c3f2f3373ccad4fcbe104840fcb83e364f55438070e808d11ebe4996bc0476c4","Locked route hierarchy; ten exact Highway children and four exact transport actors","Long-route performance and duplicate prevention","World routes; Traffic runtime; GameTime; Save","Persistent offscreen simulation with stable IDs, ambient physical cap/hysteresis and per-class transport residency hysteresis","PartiallyImplemented","Seven shared ambient archetypes serve ten actors; four independent transport wrappers preserve transport identity","traffic.state saves each ambient and transport actor once by stable ID","None","Unique emitter IDs prevent shared-owner collisions","Traffic catalog/DTO tests 6/6; Save 28/28; full Bootstrap/NPC PlayMode 10/10","Manual multi-hour traversal/profile, repeated streaming and representative full route loads remain pending","11B","Pending","Automated boundary implemented; representative long manual traversal required"
"P1.ECONOMY.001","Economy","Money balance and transaction ledger","Yes","Frozen04A1 revision msc-world-baseline-04a1.1-c3f2f337; GAME SHA-256 c3f2f3373ccad4fcbe104840fcb83e364f55438070e808d11ebe4996bc0476c4; PlayMakerGlobals SHA-256 0c232081e5dd2d6611d27ccd06274cbb31f5fabc5ef5e5f901b86d39da25afec","PlayerMoney=3000; project hash-gated evidence reader","Money balance and transaction ledger","Save; UI; Services","Fixed-point 3000.00 MK wallet with ordered atomic and idempotent transaction ledger","PartiallyImplemented","Accepted 08A HUD is preserved","Required economy.player schema 1; save document v14","Live IPlayerMoneyService HUD provider","None","Economy 4/4; Save 29/29; money UI 1/1; Bootstrap 1/1; full UI 19/19","Manual persistence acceptance and service/job consumers pending","12A","Pending","Project-owned authority; no donor variable-name or hierarchy lookup at runtime"
"P1.ECONOMY.002","Economy","Donor prices and price-change rules","Yes","Frozen04A1 revision msc-world-baseline-04a1.1-c3f2f337; GAME SHA-256 c3f2f3373ccad4fcbe104840fcb83e364f55438070e808d11ebe4996bc0476c4","Teimo Prices 38 entries; Inflationrate=0.054; PriceMultiplier=1; RestockDay=4","Donor prices and price-change rules","Save; UI; Services","Hash-locked 38-price catalog with additive 5.4% Thursday cycles and skipped-day handling","PartiallyImplemented","Price data has no new presentation in E1","economy.player stores applied price cycles","Money HUD only; store price labels belong to 12A-S1","None","Economy 4/4 exact catalog and Thursday rule","Fuel pub workshop authority and service prices remain later consumers","12A","Pending","ConfigurationTransferred values; project-owned catalog and clock integration"
"P1.ECONOMY.003","Economy","Purchases, refunds and insufficient-funds behavior","Yes","Frozen04A1 revision msc-world-baseline-04a1.1-c3f2f337; GAME SHA-256 c3f2f3373ccad4fcbe104840fcb83e364f55438070e808d11ebe4996bc0476c4","Frozen store transaction categories and price table; multiple insufficient-funds FSM branches play MasterAudio group Swearing","Purchases, refunds and insufficient-funds behavior; a rejected debit produces player-visible feedback without mutating the wallet or needs","Save; UI; Services; Player voice","Atomic purchase API rejects insufficient funds and duplicate conflicts; refunds cannot exceed original debit; optional IEconomyTransactionFeedbackSource publishes rejected requests and the player controller filters InsufficientFunds","PartiallyImplemented","12A-S1 physical service/store flows plus removable player swear audio; manual checkout acceptance pending","economy.player persists the full ordered ledger; rejected attempts add no record","Live balance, service failure message and voice/subtitle reaction","Insufficient funds routes to one of 16 stable player swear events; Wwise mapping pending","Economy transaction/rejection focused tests 5/5; player controller PlayMode 2/2","Full refund prompts, all checkout paths and manual physical basket/store acceptance remain open","12A","Pending","Presentation event is a compatible optional interface; IEconomyTransactionService and save schema are unchanged"
"P1.ECONOMY.004","Economy","Payments/rewards/fines across services and jobs","Yes","Frozen04A1 revision msc-world-baseline-04a1.1-c3f2f337; GAME SHA-256 c3f2f3373ccad4fcbe104840fcb83e364f55438070e808d11ebe4996bc0476c4","Frozen service job authority payment categories","Payments/rewards/fines across services and jobs","Save; UI; Services","Typed debit and credit transaction kinds exist for rewards fines services and bills","PartiallyImplemented","No service-specific presentation in E1","economy.player can persist typed payment records","Live balance feedback only","None","Core transaction validation covered by Economy 4/4","Actual service job authority and story integrations are not implemented by E1","12A","Pending","Shared boundary ready for 12A-S1 and later job/story owners"
"P1.ECONOMY.005","Economy","Economy persistence and UI binding","Yes","Frozen04A1 revision msc-world-baseline-04a1.1-c3f2f337; GAME SHA-256 c3f2f3373ccad4fcbe104840fcb83e364f55438070e808d11ebe4996bc0476c4; PlayMakerGlobals SHA-256 0c232081e5dd2d6611d27ccd06274cbb31f5fabc5ef5e5f901b86d39da25afec","08A HUD contract; native save architecture; locked fresh balance","Economy persistence and UI binding","Save; UI; Services","Production Bootstrap owns EconomyRuntime; required save participant and v13-to-v14 migration feed the accepted HUD","PartiallyImplemented","Accepted HUD layout unchanged; value is live","Required economy.player schema 1 depends on core.time and captures balance cycles ledger","PlayerMoneyProvider supported; invariant two-decimal MK value","None","Save 29/29; money UI 1/1; Bootstrap 1/1; full UI 19/19","Manual new-slot and migrated-slot acceptance pending","12A","Pending","Additive save migration; no established stable ID or schema renamed"
"P1.COMMS.001","Communications","Phone incoming calls, answer/hang-up and conditional scheduling","Yes","Frozen04A1 revision msc-world-baseline-04a1.1-c3f2f337; GAME SHA-256 c3f2f3373ccad4fcbe104840fcb83e364f55438070e808d11ebe4996bc0476c4","Frozen YARD/STORE/Systems phone-mail-order FSM metadata","Phone incoming calls, answer/hang-up and conditional scheduling","GameTime; Economy; NPC; Save; UI/Audio","World props only","EvidenceCaptured","Frozen phone/mail props external or world-static","None","None","Phone/ring/voice events not bound","None","Exact schedules, conditions and text require capture","12A","Pending","Project-owned ID; runtime must not depend on donor names or hierarchy"
"P1.COMMS.002","Communications","Phone service calls and job/story offers","Yes","Frozen04A1 revision msc-world-baseline-04a1.1-c3f2f337; GAME SHA-256 c3f2f3373ccad4fcbe104840fcb83e364f55438070e808d11ebe4996bc0476c4","Frozen YARD/STORE/Systems phone-mail-order FSM metadata","Phone service calls and job/story offers","GameTime; Economy; NPC; Save; UI/Audio","World props only","EvidenceCaptured","Frozen phone/mail props external or world-static","None","None","Phone/ring/voice events not bound","None","Exact schedules, conditions and text require capture","12A","Pending","Project-owned ID; runtime must not depend on donor names or hierarchy"
"P1.COMMS.003","Communications","Mail delivery and readable letters","Yes","Frozen04A1 revision msc-world-baseline-04a1.1-c3f2f337; GAME SHA-256 c3f2f3373ccad4fcbe104840fcb83e364f55438070e808d11ebe4996bc0476c4","Frozen YARD/STORE/Systems phone-mail-order FSM metadata","Mail delivery and readable letters","GameTime; Economy; NPC; Save; UI/Audio","World props only","EvidenceCaptured","Frozen phone/mail props external or world-static","None","None","Phone/ring/voice events not bound","None","Exact schedules, conditions and text require capture","12A","Pending","Project-owned ID; runtime must not depend on donor names or hierarchy"
"P1.COMMS.004","Communications","Bills, due dates, payment and consequences","Yes","Frozen04A1 revision msc-world-baseline-04a1.1-c3f2f337; GAME SHA-256 c3f2f3373ccad4fcbe104840fcb83e364f55438070e808d11ebe4996bc0476c4","Frozen YARD/STORE/Systems phone-mail-order FSM metadata","Bills, due dates, payment and consequences","GameTime; Economy; NPC; Save; UI/Audio","World props only","EvidenceCaptured","Frozen phone/mail props external or world-static","None","None","Phone/ring/voice events not bound","None","Exact schedules, conditions and text require capture","12A","Pending","Project-owned ID; runtime must not depend on donor names or hierarchy"
"P1.COMMS.005","Communications","Catalog orders and forms","Yes","Frozen04A1 revision msc-world-baseline-04a1.1-c3f2f337; GAME SHA-256 c3f2f3373ccad4fcbe104840fcb83e364f55438070e808d11ebe4996bc0476c4","Sheets/Magazine eight page groups and 46 hit regions; ITEMS/parts magazine(itemx)/EnvelopeSpawn/envelope(xxxxx); STORE/LOD/Post Box/OrderTrigger; STORE/LOD/ActivateStore/PostOffice/PostOrderBuy; STORE/Boxes/*; Delivery FSM Arrival range 1999-2000","Open the physical home catalog, turn product spreads, select parts into the final order form, create and carry its envelope to Teimo's order box, wait for arrival, pay at the post counter and receive physical ordered parts","GameTime; Economy; Items; Interaction; Save; UI/Audio","Project-owned 46-offer home catalog authority, save-backed draft/order state, physical envelope handoff, timed ready state, idempotent payment and deterministic physical Item delivery independent of Satsuma","PartiallyImplemented","127 GeneratedValidated TemporaryDirectImport item wrappers include the envelope and 46 unpacked order-part presentations; physical book uses reviewed donor page surfaces","services.state stores draft, order, envelope ID, submitted/ready times and paid/materialized phase; envelope and delivered parts persist through items.instances native save","Existing contextual interaction feedback and ready notification; final spread omits total as requested","Generic interaction feedback only; donor order/payment/arrival audio remains unbound","Targeted EditMode 31/31 passed; item catalog build and 127-binding presentation rebuild exit 0; manual end-to-end Play Mode acceptance pending","Arrival 1999-2000 is provisionally interpreted as game minutes pending a narrower donor clock-unit trace; phone calls, bills and donor audio remain incomplete","12A","Pending","12A-C1a through C1c implemented without requiring a Satsuma instance. Donor FSMs/scripts are not runtime authority; exact donor anchors are evidence only and project-owned stable IDs own persistence."
"P1.COMMS.006","Communications","Package/order delivery and pickup","Yes","Frozen04A1 revision msc-world-baseline-04a1.1-c3f2f337; GAME SHA-256 c3f2f3373ccad4fcbe104840fcb83e364f55438070e808d11ebe4996bc0476c4","Frozen YARD/STORE/Systems phone-mail-order FSM metadata","Package/order delivery and pickup","GameTime; Economy; NPC; Save; UI/Audio","World props only","EvidenceCaptured","Frozen phone/mail props external or world-static","None","None","Phone/ring/voice events not bound","None","Exact schedules, conditions and text require capture","12A","Pending","Project-owned ID; runtime must not depend on donor names or hierarchy"
"P1.COMMS.007","Communications","Communication state persistence and missed-call handling","Yes","Frozen04A1 revision msc-world-baseline-04a1.1-c3f2f337; GAME SHA-256 c3f2f3373ccad4fcbe104840fcb83e364f55438070e808d11ebe4996bc0476c4","Frozen YARD/STORE/Systems phone-mail-order FSM metadata","Communication state persistence and missed-call handling","GameTime; Economy; NPC; Save; UI/Audio","World props only","EvidenceCaptured","Frozen phone/mail props external or world-static","None","None","Phone/ring/voice events not bound","None","Exact schedules, conditions and text require capture","12A","Pending","Project-owned ID; runtime must not depend on donor names or hierarchy"
"P1.SERVICE.001","Services","Home and yard — gameplay/service flow","Yes","Frozen04A1 revision msc-world-baseline-04a1.1-c3f2f337; GAME SHA-256 c3f2f3373ccad4fcbe104840fcb83e364f55438070e808d11ebe4996bc0476c4","Frozen DomesticHub FSM evidence; audited home catalog pivot; 46 donor package selections/prices","Home catalog can be opened, browsed and used to compose the donor parts order form","NPC; Economy; World; Items/Vehicles; Save; mail order","12A-S1 materializes one project-owned catalog browser at the audited pivot with 46 exact package/price entries and a local selected-total form.","PartiallyImplemented","Temporary donor catalog geometry remains visible; project-owned interaction/status feedback owns selection.","None for the new form; home and item domains remain independent","Page, price, selected state and current total are reported through the accepted status surface","No catalog-specific audio yet","Service EditMode 49/49 validates 46 entries and authored binding; manual catalog comparison pending","The form is not persisted, paid, mailed or delivered; mail-order authority is still required.","12A","Pending","Roster category DomesticHub; browsing is implemented without inventing instant delivery."
"P1.SERVICE.002","Services","Teimo shop — gameplay/service flow","Yes","Frozen04A1 revision msc-world-baseline-04a1.1-c3f2f337; GAME SHA-256 c3f2f3373ccad4fcbe104840fcb83e364f55438070e808d11ebe4996bc0476c4","Frozen Store FSM evidence; 41 exact product/cover fixture coordinates; 38 price-backed stock offers; audited register","Player selects products at their shelf positions and pays the basket at the register while Teimo performs the checkout action","NPC; Economy; World; Items/Vehicles; Save","12A-S1 materializes 41 exact shelf offer targets plus one register checkout. Ordinary products use preflighted item handoff and Teimo's cash-register clip is invoked only after successful checkout.","PartiallyImplemented","Temporary donor products/register remain visual reference; project-owned targets and Teimo action binding own runtime behavior.","services.state schema 1 persists stock, basket and operation journal; spawned items use item/world save domains","Per-product prompt, basket state, total and checkout result use the accepted 08A status surface","Register action routed; exact checkout/product audio pending","Service EditMode 49/49 and NPC EditMode 34/34 pass; manual full-shelf checkout comparison pending","Three Suomi cover effects still fail preflight because no project-owned vehicle/effect receiver exists; ordinary products checkout normally.","12A","Pending","Roster category Store; no donor hierarchy lookup or donor FSM runtime."
"P1.SERVICE.003","Services","Pub — gameplay/service flow","Yes","Frozen04A1 revision msc-world-baseline-04a1.1-c3f2f337; GAME SHA-256 c3f2f3373ccad4fcbe104840fcb83e364f55438070e808d11ebe4996bc0476c4","Frozen FoodDrinkService FSM evidence; exact beer/vodka/sausage-and-fries/coffee/cigarettes button coordinates; audited fridge and microwave sequence","Player buys any of five pub products; Teimo hands over drinks and prepares the hot meal before delivery","NPC; Economy; World; Items/Vehicles; Save","12A-S1 replaces the beer-only representative with five exact targets. The paid meal uses a pending handoff until Teimo opens both audited doors, carries the food prop through the microwave sequence and returns to the player.","PartiallyImplemented","Project-owned service targets plus replaceable Teimo register/drink/cook/move/bring clips and audited kitchen fixtures.","services.state schema 1 persists purchase and pending handoff; meal-preparation coroutine progress remains transient","Distinct offer prompts and preparation/heating/handoff status messages","Action routing exists; final kitchen and item audio pending","Service EditMode 49/49 and NPC EditMode 34/34 pass; manual choreography acceptance pending","Vodka needs delta is uncalibrated; meal interruption/save recovery, hand-prop alignment and audio remain incomplete.","12A","Pending","Roster category FoodDrinkService; transaction/item authority remains project-owned."
"P1.SERVICE.004","Services","Fuel pumps — gameplay/service flow","Yes","Frozen04A1 revision msc-world-baseline-04a1.1-c3f2f337; GAME SHA-256 c3f2f3373ccad4fcbe104840fcb83e364f55438070e808d11ebe4996bc0476c4","Frozen FuelService FSM evidence; audited gasoline/diesel/fuel-oil pump anchors; project item liquid IDs","Player carries a bounded physical nozzle and fills a compatible open canister by placing the nozzle stream at its neck","NPC; Economy; World; Items/Vehicles; Save","12A-S1 replaces unavailable click-shells with three stable Rigidbody nozzles, hose limits and trigger-only flow. Receiver acceptance occurs before fuel debt is recorded.","PartiallyImplemented","Project-owned temporary nozzle/hose visuals at audited pump anchors; donor pump/world geometry remains temporary baseline.","services.state schema 1 persists accepted fuel debt/theft; item domain persists cap/liquid state","Pickup, accepted volume, nozzle return and checkout feedback use the accepted status surface","Pump/nozzle audio pending","Service EditMode 49/49 passes; manual canister alignment, checkout, theft and save/stream comparison pending","Open gasoline/diesel canisters work; vehicle receivers and final nozzle mesh/audio remain unavailable.","12A","Pending","Roster category FuelService; no fake receiver or donor runtime dependency."
"P1.SERVICE.005","Services","Fleetari repair shop — gameplay/service flow","Yes","Frozen04A1 revision msc-world-baseline-04a1.1-c3f2f337; GAME SHA-256 c3f2f3373ccad4fcbe104840fcb83e364f55438070e808d11ebe4996bc0476c4","Frozen VehicleService FSM evidence; audited brochure anchor; 32 exact catalog offers/prices/exclusive groups","Player browses Fleetari's complete catalog and composes a persistent service selection","NPC; Economy; World; Items/Vehicles; Save","12A-S1 materializes one brochure browser for all 32 offers. Interaction toggles the authoritative workshop selection and removes conflicting exclusive-group entries.","PartiallyImplemented","Existing Fleetari/world baseline retained; project-owned brochure target and status feedback added.","services.state schema 1 persists workshop selection","Current page, price, selected marker and total are reported through the accepted status surface","Service-specific audio and voice pending","Service EditMode 49/49 validates all offers and the catalog target; manual brochure comparison pending","Paid ordering, vehicle intake, timers and repair outcomes remain fail-closed until a real service vehicle/outcome backend exists.","12A","Pending","Roster category VehicleService; selection reachability is not a claim of completed repairs."
"P1.SERVICE.006","Services","Vehicle inspection station — gameplay/service flow","Yes","Frozen04A1 revision msc-world-baseline-04a1.1-c3f2f337; GAME SHA-256 c3f2f3373ccad4fcbe104840fcb83e364f55438070e808d11ebe4996bc0476c4","Frozen world landmark and AuthorityService FSM evidence; SERVICE_AND_LOCATION_ROSTER.csv","Vehicle inspection station — gameplay/service flow","NPC; Economy; World; Items/Vehicles; Save","Temporary donor world geometry/streaming present; service logic absent","EvidenceCaptured","World baseline visible; NPC/UI/audio service presentation missing","None","None","Ambient Wwise mapping partial only","World geometry/streaming only","Location presence does not prove gameplay service implementation","12A","Pending","Roster category AuthorityService"
"P1.SERVICE.007","Services","Wastewater treatment facility — gameplay/service flow","Yes","Frozen04A1 revision msc-world-baseline-04a1.1-c3f2f337; GAME SHA-256 c3f2f3373ccad4fcbe104840fcb83e364f55438070e808d11ebe4996bc0476c4","Frozen world landmark and JobService FSM evidence; SERVICE_AND_LOCATION_ROSTER.csv","Wastewater treatment facility — gameplay/service flow","NPC; Economy; World; Items/Vehicles; Save","Temporary donor world geometry/streaming present; service logic absent","EvidenceCaptured","World baseline visible; NPC/UI/audio service presentation missing","None","None","Ambient Wwise mapping partial only","World geometry/streaming only","Location presence does not prove gameplay service implementation","12A","Pending","Roster category JobService"
"P1.SERVICE.008","Services","Post/mail and catalog delivery point — gameplay/service flow","Yes","Frozen04A1 revision msc-world-baseline-04a1.1-c3f2f337; GAME SHA-256 c3f2f3373ccad4fcbe104840fcb83e364f55438070e808d11ebe4996bc0476c4","Frozen world landmark and CommunicationService FSM evidence; SERVICE_AND_LOCATION_ROSTER.csv","Post/mail and catalog delivery point — gameplay/service flow","NPC; Economy; World; Items/Vehicles; Save","Temporary donor world geometry/streaming present; service logic absent","EvidenceCaptured","World baseline visible; NPC/UI/audio service presentation missing","None","None","Ambient Wwise mapping partial only","World geometry/streaming only","Location presence does not prove gameplay service implementation","12A","Pending","Roster category CommunicationService"
"P1.SERVICE.009","Services","Church/cemetery — gameplay/service flow","Yes","Frozen04A1 revision msc-world-baseline-04a1.1-c3f2f337; GAME SHA-256 c3f2f3373ccad4fcbe104840fcb83e364f55438070e808d11ebe4996bc0476c4","Frozen world landmark and ScheduleLocation FSM evidence; SERVICE_AND_LOCATION_ROSTER.csv","Church/cemetery — gameplay/service flow","NPC; Economy; World; Items/Vehicles; Save","Temporary donor world geometry/streaming present; service logic absent","EvidenceCaptured","World baseline visible; NPC/UI/audio service presentation missing","None","None","Ambient Wwise mapping partial only","World geometry/streaming only","Location presence does not prove gameplay service implementation","12A","Pending","Roster category ScheduleLocation"
"P1.SERVICE.010","Services","Dance pavilion — gameplay/service flow","Yes","Frozen04A1 revision msc-world-baseline-04a1.1-c3f2f337; GAME SHA-256 c3f2f3373ccad4fcbe104840fcb83e364f55438070e808d11ebe4996bc0476c4","Frozen world landmark and EventLocation FSM evidence; SERVICE_AND_LOCATION_ROSTER.csv","Dance pavilion — gameplay/service flow","NPC; Economy; World; Items/Vehicles; Save","Temporary donor world geometry/streaming present; service logic absent","EvidenceCaptured","World baseline visible; NPC/UI/audio service presentation missing","None","None","Ambient Wwise mapping partial only","World geometry/streaming only","Location presence does not prove gameplay service implementation","12A","Pending","Roster category EventLocation"
"P1.SERVICE.011","Services","Theatre — gameplay/service flow","Yes","Frozen04A1 revision msc-world-baseline-04a1.1-c3f2f337; GAME SHA-256 c3f2f3373ccad4fcbe104840fcb83e364f55438070e808d11ebe4996bc0476c4","Frozen world landmark and EventLocation FSM evidence; SERVICE_AND_LOCATION_ROSTER.csv","Theatre — gameplay/service flow","NPC; Economy; World; Items/Vehicles; Save","Temporary donor world geometry/streaming present; service logic absent","EvidenceCaptured","World baseline visible; NPC/UI/audio service presentation missing","None","None","Ambient Wwise mapping partial only","World geometry/streaming only","Location presence does not prove gameplay service implementation","12A","Pending","Roster category EventLocation"
"P1.SERVICE.012","Services","Strawberry field — gameplay/service flow","Yes","Frozen04A1 revision msc-world-baseline-04a1.1-c3f2f337; GAME SHA-256 c3f2f3373ccad4fcbe104840fcb83e364f55438070e808d11ebe4996bc0476c4","Frozen world landmark and JobLocation FSM evidence; SERVICE_AND_LOCATION_ROSTER.csv","Strawberry field — gameplay/service flow","NPC; Economy; World; Items/Vehicles; Save","Temporary donor world geometry/streaming present; service logic absent","EvidenceCaptured","World baseline visible; NPC/UI/audio service presentation missing","None","None","Ambient Wwise mapping partial only","World geometry/streaming only","Location presence does not prove gameplay service implementation","12A","Pending","Roster category JobLocation"
"P1.SERVICE.013","Services","Farm and hay fields — gameplay/service flow","Yes","Frozen04A1 revision msc-world-baseline-04a1.1-c3f2f337; GAME SHA-256 c3f2f3373ccad4fcbe104840fcb83e364f55438070e808d11ebe4996bc0476c4","Frozen world landmark and JobLocation FSM evidence; SERVICE_AND_LOCATION_ROSTER.csv","Farm and hay fields — gameplay/service flow","NPC; Economy; World; Items/Vehicles; Save","Temporary donor world geometry/streaming present; service logic absent","EvidenceCaptured","World baseline visible; NPC/UI/audio service presentation missing","None","None","Ambient Wwise mapping partial only","World geometry/streaming only","Location presence does not prove gameplay service implementation","12A","Pending","Roster category JobLocation"
"P1.SERVICE.014","Services","Firewood delivery house — gameplay/service flow","Yes","Frozen04A1 revision msc-world-baseline-04a1.1-c3f2f337; GAME SHA-256 c3f2f3373ccad4fcbe104840fcb83e364f55438070e808d11ebe4996bc0476c4","Frozen world landmark and JobLocation FSM evidence; SERVICE_AND_LOCATION_ROSTER.csv","Firewood delivery house — gameplay/service flow","NPC; Economy; World; Items/Vehicles; Save","Temporary donor world geometry/streaming present; service logic absent","EvidenceCaptured","World baseline visible; NPC/UI/audio service presentation missing","None","None","Ambient Wwise mapping partial only","World geometry/streaming only","Location presence does not prove gameplay service implementation","12A","Pending","Roster category JobLocation"
"P1.SERVICE.015","Services","Five sewage customer houses — gameplay/service flow","Yes","Frozen04A1 revision msc-world-baseline-04a1.1-c3f2f337; GAME SHA-256 c3f2f3373ccad4fcbe104840fcb83e364f55438070e808d11ebe4996bc0476c4","Frozen world landmark and JobLocationGroup FSM evidence; SERVICE_AND_LOCATION_ROSTER.csv","Five sewage customer houses — gameplay/service flow","NPC; Economy; World; Items/Vehicles; Save","Temporary donor world geometry/streaming present; service logic absent","EvidenceCaptured","World baseline visible; NPC/UI/audio service presentation missing","None","None","Ambient Wwise mapping partial only","World geometry/streaming only","Location presence does not prove gameplay service implementation","12A","Pending","Roster category JobLocationGroup"
"P1.SERVICE.016","Services","Jokke house and moving destination — gameplay/service flow","Yes","Frozen04A1 revision msc-world-baseline-04a1.1-c3f2f337; GAME SHA-256 c3f2f3373ccad4fcbe104840fcb83e364f55438070e808d11ebe4996bc0476c4","Frozen world landmark and StoryJobLocation FSM evidence; SERVICE_AND_LOCATION_ROSTER.csv","Jokke house and moving destination — gameplay/service flow","NPC; Economy; World; Items/Vehicles; Save","Temporary donor world geometry/streaming present; service logic absent","EvidenceCaptured","World baseline visible; NPC/UI/audio service presentation missing","None","None","Ambient Wwise mapping partial only","World geometry/streaming only","Location presence does not prove gameplay service implementation","12A","Pending","Roster category StoryJobLocation"
"P1.SERVICE.017","Services","Cottage/island — gameplay/service flow","Yes","Frozen04A1 revision msc-world-baseline-04a1.1-c3f2f337; GAME SHA-256 c3f2f3373ccad4fcbe104840fcb83e364f55438070e808d11ebe4996bc0476c4","Frozen world landmark and DomesticLocation FSM evidence; SERVICE_AND_LOCATION_ROSTER.csv","Cottage/island — gameplay/service flow","NPC; Economy; World; Items/Vehicles; Save","Temporary donor world geometry/streaming present; service logic absent","EvidenceCaptured","World baseline visible; NPC/UI/audio service presentation missing","None","None","Ambient Wwise mapping partial only","World geometry/streaming only","Location presence does not prove gameplay service implementation","12A","Pending","Roster category DomesticLocation"
"P1.SERVICE.018","Services","Landfill/dump — gameplay/service flow","Yes","Frozen04A1 revision msc-world-baseline-04a1.1-c3f2f337; GAME SHA-256 c3f2f3373ccad4fcbe104840fcb83e364f55438070e808d11ebe4996bc0476c4","Frozen world landmark and UtilityLocation FSM evidence; SERVICE_AND_LOCATION_ROSTER.csv","Landfill/dump — gameplay/service flow","NPC; Economy; World; Items/Vehicles; Save","Temporary donor world geometry/streaming present; service logic absent","EvidenceCaptured","World baseline visible; NPC/UI/audio service presentation missing","None","None","Ambient Wwise mapping partial only","World geometry/streaming only","Location presence does not prove gameplay service implementation","12A","Pending","Roster category UtilityLocation"
"P1.SERVICE.019","Services","Rally registration/service points — gameplay/service flow","Yes","Frozen04A1 revision msc-world-baseline-04a1.1-c3f2f337; GAME SHA-256 c3f2f3373ccad4fcbe104840fcb83e364f55438070e808d11ebe4996bc0476c4","Frozen world landmark and EventService FSM evidence; SERVICE_AND_LOCATION_ROSTER.csv","Rally registration/service points — gameplay/service flow","NPC; Economy; World; Items/Vehicles; Save","Temporary donor world geometry/streaming present; service logic absent","EvidenceCaptured","World baseline visible; NPC/UI/audio service presentation missing","None","None","Ambient Wwise mapping partial only","World geometry/streaming only","Location presence does not prove gameplay service implementation","12A","Pending","Roster category EventService"
"P1.SERVICE.020","Services","Drag strip — gameplay/service flow","Yes","Frozen04A1 revision msc-world-baseline-04a1.1-c3f2f337; GAME SHA-256 c3f2f3373ccad4fcbe104840fcb83e364f55438070e808d11ebe4996bc0476c4","Frozen world landmark and EventLocation FSM evidence; SERVICE_AND_LOCATION_ROSTER.csv","Drag strip — gameplay/service flow","NPC; Economy; World; Items/Vehicles; Save","Temporary donor world geometry/streaming present; service logic absent","EvidenceCaptured","World baseline visible; NPC/UI/audio service presentation missing","None","None","Ambient Wwise mapping partial only","World geometry/streaming only","Location presence does not prove gameplay service implementation","12A","Pending","Roster category EventLocation"
"P1.SERVICE.021","Services","Police checkpoints — gameplay/service flow","Yes","Frozen04A1 revision msc-world-baseline-04a1.1-c3f2f337; GAME SHA-256 c3f2f3373ccad4fcbe104840fcb83e364f55438070e808d11ebe4996bc0476c4","Frozen world landmark and AuthorityLocation FSM evidence; SERVICE_AND_LOCATION_ROSTER.csv","Police checkpoints — gameplay/service flow","NPC; Economy; World; Items/Vehicles; Save","Temporary donor world geometry/streaming present; service logic absent","EvidenceCaptured","World baseline visible; NPC/UI/audio service presentation missing","None","None","Ambient Wwise mapping partial only","World geometry/streaming only","Location presence does not prove gameplay service implementation","12A","Pending","Roster category AuthorityLocation"
"P1.SERVICE.022","Services","Hospital/recovery endpoint candidate","No","Frozen04A1 revision msc-world-baseline-04a1.1-c3f2f337; GAME SHA-256 c3f2f3373ccad4fcbe104840fcb83e364f55438070e808d11ebe4996bc0476c4","No direct frozen04A1 hospital endpoint evidence found","No hospital service is implemented until reachability/identity evidence exists","NPC; Economy; World; Save","Nothing","Unknown","None","None","None","None","None","Earlier generic checklist was not donor evidence","13B","Pending evidence capture","Recovery/death flow remains P1.AUTHORITY scope"
"P1.SERVICE.023","Services","Jail — gameplay/service flow","Yes","Frozen04A1 revision msc-world-baseline-04a1.1-c3f2f337; GAME SHA-256 c3f2f3373ccad4fcbe104840fcb83e364f55438070e808d11ebe4996bc0476c4","Frozen world landmark and AuthorityLocation FSM evidence; SERVICE_AND_LOCATION_ROSTER.csv","Jail — gameplay/service flow","NPC; Economy; World; Items/Vehicles; Save","Temporary donor world geometry/streaming present; service logic absent","EvidenceCaptured","World baseline visible; NPC/UI/audio service presentation missing","None","None","Ambient Wwise mapping partial only","World geometry/streaming only","Location presence does not prove gameplay service implementation","12A","Pending","Roster category AuthorityLocation"
"P1.SERVICE.024","Services","Bus stops — gameplay/service flow","Yes","Frozen04A1 revision msc-world-baseline-04a1.1-c3f2f337; GAME SHA-256 c3f2f3373ccad4fcbe104840fcb83e364f55438070e808d11ebe4996bc0476c4","Frozen world landmark and TransportService FSM evidence; SERVICE_AND_LOCATION_ROSTER.csv","Bus stops — gameplay/service flow","NPC; Economy; World; Items/Vehicles; Save","Temporary donor world geometry/streaming present; service logic absent","EvidenceCaptured","World baseline visible; NPC/UI/audio service presentation missing","None","None","Ambient Wwise mapping partial only","World geometry/streaming only","Location presence does not prove gameplay service implementation","12A","Pending","Roster category TransportService"
"P1.SERVICE.025","Services","Repair-shop dyno/lifter and service interactions — gameplay/service flow","Yes","Frozen04A1 revision msc-world-baseline-04a1.1-c3f2f337; GAME SHA-256 c3f2f3373ccad4fcbe104840fcb83e364f55438070e808d11ebe4996bc0476c4","Frozen world landmark and VehicleService FSM evidence; SERVICE_AND_LOCATION_ROSTER.csv","Repair-shop dyno/lifter and service interactions — gameplay/service flow","NPC; Economy; World; Items/Vehicles; Save","Temporary donor world geometry/streaming present; service logic absent","EvidenceCaptured","World baseline visible; NPC/UI/audio service presentation missing","None","None","Ambient Wwise mapping partial only","World geometry/streaming only","Location presence does not prove gameplay service implementation","12A","Pending","Roster category VehicleService"
"P1.JOB.001","Jobs","Sewage pumping and delivery/payment across five clients — prerequisites, states and rewards","Yes","Frozen04A1 revision msc-world-baseline-04a1.1-c3f2f337; GAME SHA-256 c3f2f3373ccad4fcbe104840fcb83e364f55438070e808d11ebe4996bc0476c4","Frozen JOBS/Farm/Mummola/TeimoADs/RALLY/DRAGRACE hierarchy; JOB_AND_ACTIVITY_ROSTER.csv","Sewage pumping and delivery/payment across five clients — prerequisites, states and rewards","NPC; Items/Vehicles; Economy; World; Save","Nothing; no Jobs module","EvidenceCaptured","World locations may exist; actors/items/task feedback not bound","None","No permanent quest tracker; contextual feedback missing","None","None","Exact call timing, prerequisites, reward and repeat rules require capture","12B","Pending","Roster category UtilityJob"
"P1.JOB.002","Jobs","Firewood chopping, loading and delivery — prerequisites, states and rewards","Yes","Frozen04A1 revision msc-world-baseline-04a1.1-c3f2f337; GAME SHA-256 c3f2f3373ccad4fcbe104840fcb83e364f55438070e808d11ebe4996bc0476c4","Frozen JOBS/Farm/Mummola/TeimoADs/RALLY/DRAGRACE hierarchy; JOB_AND_ACTIVITY_ROSTER.csv","Firewood chopping, loading and delivery — prerequisites, states and rewards","NPC; Items/Vehicles; Economy; World; Save","Nothing; no Jobs module","EvidenceCaptured","World locations may exist; actors/items/task feedback not bound","None","No permanent quest tracker; contextual feedback missing","None","None","Exact call timing, prerequisites, reward and repeat rules require capture","12B","Pending","Roster category DeliveryJob"
"P1.JOB.003","Jobs","Kilju brewing, bottling and sale — prerequisites, states and rewards","Yes","Frozen04A1 revision msc-world-baseline-04a1.1-c3f2f337; GAME SHA-256 c3f2f3373ccad4fcbe104840fcb83e364f55438070e808d11ebe4996bc0476c4","Frozen JOBS/Farm/Mummola/TeimoADs/RALLY/DRAGRACE hierarchy; JOB_AND_ACTIVITY_ROSTER.csv","Kilju brewing, bottling and sale — prerequisites, states and rewards","NPC; Items/Vehicles; Economy; World; Save","Nothing; no Jobs module","EvidenceCaptured","World locations may exist; actors/items/task feedback not bound","None","No permanent quest tracker; contextual feedback missing","None","None","Exact call timing, prerequisites, reward and repeat rules require capture","12B","Pending","Roster category CraftTradeJob"
"P1.JOB.004","Jobs","Hay-bale collection and delivery — prerequisites, states and rewards","Yes","Frozen04A1 revision msc-world-baseline-04a1.1-c3f2f337; GAME SHA-256 c3f2f3373ccad4fcbe104840fcb83e364f55438070e808d11ebe4996bc0476c4","Frozen JOBS/Farm/Mummola/TeimoADs/RALLY/DRAGRACE hierarchy; JOB_AND_ACTIVITY_ROSTER.csv","Hay-bale collection and delivery — prerequisites, states and rewards","NPC; Items/Vehicles; Economy; World; Save","Nothing; no Jobs module","EvidenceCaptured","World locations may exist; actors/items/task feedback not bound","None","No permanent quest tracker; contextual feedback missing","None","None","Exact call timing, prerequisites, reward and repeat rules require capture","12B","Pending","Roster category FarmJob"
"P1.JOB.005","Jobs","Combine delivery/return — prerequisites, states and rewards","Yes","Frozen04A1 revision msc-world-baseline-04a1.1-c3f2f337; GAME SHA-256 c3f2f3373ccad4fcbe104840fcb83e364f55438070e808d11ebe4996bc0476c4","Frozen WOP combine delivery target/audio evidence; JOB_AND_ACTIVITY_ROSTER.csv","Player completes the evidenced combine delivery/return flow and receives donor outcome","NPC; Items/Vehicles; Economy; World; Save","Nothing; no Jobs module","EvidenceCaptured","World locations may exist; actors/task feedback not bound","None","No permanent quest tracker; contextual feedback missing","None","None","Harvesting mechanic is not claimed without behavioral evidence","12B","Pending","FarmJob; exact offer/payment/repeat rules require capture"
"P1.JOB.006","Jobs","Strawberry picking and payment — prerequisites, states and rewards","Yes","Frozen04A1 revision msc-world-baseline-04a1.1-c3f2f337; GAME SHA-256 c3f2f3373ccad4fcbe104840fcb83e364f55438070e808d11ebe4996bc0476c4","Frozen JOBS/Farm/Mummola/TeimoADs/RALLY/DRAGRACE hierarchy; JOB_AND_ACTIVITY_ROSTER.csv","Strawberry picking and payment — prerequisites, states and rewards","NPC; Items/Vehicles; Economy; World; Save","Nothing; no Jobs module","EvidenceCaptured","World locations may exist; actors/items/task feedback not bound","None","No permanent quest tracker; contextual feedback missing","None","None","Exact call timing, prerequisites, reward and repeat rules require capture","12B","Pending","Roster category FieldJob"
"P1.JOB.007","Jobs","Junk-car towing/recovery variants — prerequisites, states and rewards","Yes","Frozen04A1 revision msc-world-baseline-04a1.1-c3f2f337; GAME SHA-256 c3f2f3373ccad4fcbe104840fcb83e364f55438070e808d11ebe4996bc0476c4","Frozen JOBS/Farm/Mummola/TeimoADs/RALLY/DRAGRACE hierarchy; JOB_AND_ACTIVITY_ROSTER.csv","Junk-car towing/recovery variants — prerequisites, states and rewards","NPC; Items/Vehicles; Economy; World; Save","Nothing; no Jobs module","EvidenceCaptured","World locations may exist; actors/items/task feedback not bound","None","No permanent quest tracker; contextual feedback missing","None","None","Exact call timing, prerequisites, reward and repeat rules require capture","12B","Pending","Roster category VehicleRecoveryJob"
"P1.JOB.008","Jobs","Fleetari advertisement delivery — prerequisites, states and rewards","Yes","Frozen04A1 revision msc-world-baseline-04a1.1-c3f2f337; GAME SHA-256 c3f2f3373ccad4fcbe104840fcb83e364f55438070e808d11ebe4996bc0476c4","Frozen JOBS/Farm/Mummola/TeimoADs/RALLY/DRAGRACE hierarchy; JOB_AND_ACTIVITY_ROSTER.csv","Fleetari advertisement delivery — prerequisites, states and rewards","NPC; Items/Vehicles; Economy; World; Save","Nothing; no Jobs module","EvidenceCaptured","World locations may exist; actors/items/task feedback not bound","None","No permanent quest tracker; contextual feedback missing","None","None","Exact call timing, prerequisites, reward and repeat rules require capture","12B","Pending","Roster category DeliveryJob"
"P1.JOB.009","Jobs","Fleetari vandalism request and outcome — prerequisites, states and rewards","Yes","Frozen04A1 revision msc-world-baseline-04a1.1-c3f2f337; GAME SHA-256 c3f2f3373ccad4fcbe104840fcb83e364f55438070e808d11ebe4996bc0476c4","Frozen JOBS/Farm/Mummola/TeimoADs/RALLY/DRAGRACE hierarchy; JOB_AND_ACTIVITY_ROSTER.csv","Fleetari vandalism request and outcome — prerequisites, states and rewards","NPC; Items/Vehicles; Economy; World; Save","Nothing; no Jobs module","EvidenceCaptured","World locations may exist; actors/items/task feedback not bound","None","No permanent quest tracker; contextual feedback missing","None","None","Exact call timing, prerequisites, reward and repeat rules require capture","12B","Pending","Roster category IllegalJob"
"P1.JOB.010","Jobs","Jokke ride home — prerequisites, states and rewards","Yes","Frozen04A1 revision msc-world-baseline-04a1.1-c3f2f337; GAME SHA-256 c3f2f3373ccad4fcbe104840fcb83e364f55438070e808d11ebe4996bc0476c4","Frozen JOBS/Farm/Mummola/TeimoADs/RALLY/DRAGRACE hierarchy; JOB_AND_ACTIVITY_ROSTER.csv","Jokke ride home — prerequisites, states and rewards","NPC; Items/Vehicles; Economy; World; Save","Nothing; no Jobs module","EvidenceCaptured","World locations may exist; actors/items/task feedback not bound","None","No permanent quest tracker; contextual feedback missing","None","None","Exact call timing, prerequisites, reward and repeat rules require capture","12B","Pending","Roster category TransportJob"
"P1.JOB.011","Jobs","Jokke house moving/furniture transport — prerequisites, states and rewards","Yes","Frozen04A1 revision msc-world-baseline-04a1.1-c3f2f337; GAME SHA-256 c3f2f3373ccad4fcbe104840fcb83e364f55438070e808d11ebe4996bc0476c4","Frozen JOBS/Farm/Mummola/TeimoADs/RALLY/DRAGRACE hierarchy; JOB_AND_ACTIVITY_ROSTER.csv","Jokke house moving/furniture transport — prerequisites, states and rewards","NPC; Items/Vehicles; Economy; World; Save","Nothing; no Jobs module","EvidenceCaptured","World locations may exist; actors/items/task feedback not bound","None","No permanent quest tracker; contextual feedback missing","None","None","Exact call timing, prerequisites, reward and repeat rules require capture","12B","Pending","Roster category MovingJob"
"P1.JOB.012","Jobs","Grandmother food/fish delivery — prerequisites, states and rewards","Yes","Frozen04A1 revision msc-world-baseline-04a1.1-c3f2f337; GAME SHA-256 c3f2f3373ccad4fcbe104840fcb83e364f55438070e808d11ebe4996bc0476c4","Frozen JOBS/Farm/Mummola/TeimoADs/RALLY/DRAGRACE hierarchy; JOB_AND_ACTIVITY_ROSTER.csv","Grandmother food/fish delivery — prerequisites, states and rewards","NPC; Items/Vehicles; Economy; World; Save","Nothing; no Jobs module","EvidenceCaptured","World locations may exist; actors/items/task feedback not bound","None","No permanent quest tracker; contextual feedback missing","None","None","Exact call timing, prerequisites, reward and repeat rules require capture","12B","Pending","Roster category FamilyErrand"
"P1.JOB.013","Jobs","Grandmother transport/church schedule — prerequisites, states and rewards","Yes","Frozen04A1 revision msc-world-baseline-04a1.1-c3f2f337; GAME SHA-256 c3f2f3373ccad4fcbe104840fcb83e364f55438070e808d11ebe4996bc0476c4","Frozen JOBS/Farm/Mummola/TeimoADs/RALLY/DRAGRACE hierarchy; JOB_AND_ACTIVITY_ROSTER.csv","Grandmother transport/church schedule — prerequisites, states and rewards","NPC; Items/Vehicles; Economy; World; Save","Nothing; no Jobs module","EvidenceCaptured","World locations may exist; actors/items/task feedback not bound","None","No permanent quest tracker; contextual feedback missing","None","None","Exact call timing, prerequisites, reward and repeat rules require capture","12B","Pending","Roster category FamilyTransport"
"P1.JOB.014","Jobs","Teimo advertisement distribution — prerequisites, states and rewards","Yes","Frozen04A1 revision msc-world-baseline-04a1.1-c3f2f337; GAME SHA-256 c3f2f3373ccad4fcbe104840fcb83e364f55438070e808d11ebe4996bc0476c4","Frozen JOBS/Farm/Mummola/TeimoADs/RALLY/DRAGRACE hierarchy; JOB_AND_ACTIVITY_ROSTER.csv","Teimo advertisement distribution — prerequisites, states and rewards","NPC; Items/Vehicles; Economy; World; Save","Nothing; no Jobs module","EvidenceCaptured","World locations may exist; actors/items/task feedback not bound","None","No permanent quest tracker; contextual feedback missing","None","None","Exact call timing, prerequisites, reward and repeat rules require capture","12B","Pending","Roster category DeliveryJob"
"P1.JOB.015","Jobs","Wastewater disposal interaction — prerequisites, states and rewards","Yes","Frozen04A1 revision msc-world-baseline-04a1.1-c3f2f337; GAME SHA-256 c3f2f3373ccad4fcbe104840fcb83e364f55438070e808d11ebe4996bc0476c4","Frozen JOBS/Farm/Mummola/TeimoADs/RALLY/DRAGRACE hierarchy; JOB_AND_ACTIVITY_ROSTER.csv","Wastewater disposal interaction — prerequisites, states and rewards","NPC; Items/Vehicles; Economy; World; Save","Nothing; no Jobs module","EvidenceCaptured","World locations may exist; actors/items/task feedback not bound","None","No permanent quest tracker; contextual feedback missing","None","None","Exact call timing, prerequisites, reward and repeat rules require capture","12B","Pending","Roster category UtilityActivity"
"P1.JOB.016","Jobs","Wood cutting and carrier handling — prerequisites, states and rewards","Yes","Frozen04A1 revision msc-world-baseline-04a1.1-c3f2f337; GAME SHA-256 c3f2f3373ccad4fcbe104840fcb83e364f55438070e808d11ebe4996bc0476c4","Frozen JOBS/Farm/Mummola/TeimoADs/RALLY/DRAGRACE hierarchy; JOB_AND_ACTIVITY_ROSTER.csv","Wood cutting and carrier handling — prerequisites, states and rewards","NPC; Items/Vehicles; Economy; World; Save","Nothing; no Jobs module","EvidenceCaptured","World locations may exist; actors/items/task feedback not bound","None","No permanent quest tracker; contextual feedback missing","None","None","Exact call timing, prerequisites, reward and repeat rules require capture","12B","Pending","Roster category WorkActivity"
"P1.JOB.017","Jobs","Vehicle service drop-off/pickup flow — prerequisites, states and rewards","Yes","Frozen04A1 revision msc-world-baseline-04a1.1-c3f2f337; GAME SHA-256 c3f2f3373ccad4fcbe104840fcb83e364f55438070e808d11ebe4996bc0476c4","Frozen JOBS/Farm/Mummola/TeimoADs/RALLY/DRAGRACE hierarchy; JOB_AND_ACTIVITY_ROSTER.csv","Vehicle service drop-off/pickup flow — prerequisites, states and rewards","NPC; Items/Vehicles; Economy; World; Save","Nothing; no Jobs module","EvidenceCaptured","World locations may exist; actors/items/task feedback not bound","None","No permanent quest tracker; contextual feedback missing","None","None","Exact call timing, prerequisites, reward and repeat rules require capture","12B","Pending","Roster category ServiceActivity"
"P1.JOB.018","Jobs","Drag-race participation — prerequisites, states and rewards","Yes","Frozen04A1 revision msc-world-baseline-04a1.1-c3f2f337; GAME SHA-256 c3f2f3373ccad4fcbe104840fcb83e364f55438070e808d11ebe4996bc0476c4","Frozen JOBS/Farm/Mummola/TeimoADs/RALLY/DRAGRACE hierarchy; JOB_AND_ACTIVITY_ROSTER.csv","Drag-race participation — prerequisites, states and rewards","NPC; Items/Vehicles; Economy; World; Save","Nothing; no Jobs module","EvidenceCaptured","World locations may exist; actors/items/task feedback not bound","None","No permanent quest tracker; contextual feedback missing","None","None","Exact call timing, prerequisites, reward and repeat rules require capture","12B","Pending","Roster category CompetitionActivity"
"P1.JOB.019","Jobs","Football/soccer local activity — prerequisites, states and rewards","Yes","Frozen04A1 revision msc-world-baseline-04a1.1-c3f2f337; GAME SHA-256 c3f2f3373ccad4fcbe104840fcb83e364f55438070e808d11ebe4996bc0476c4","Frozen JOBS/Farm/Mummola/TeimoADs/RALLY/DRAGRACE hierarchy; JOB_AND_ACTIVITY_ROSTER.csv","Football/soccer local activity — prerequisites, states and rewards","NPC; Items/Vehicles; Economy; World; Save","Nothing; no Jobs module","EvidenceCaptured","World locations may exist; actors/items/task feedback not bound","None","No permanent quest tracker; contextual feedback missing","None","None","Exact call timing, prerequisites, reward and repeat rules require capture","12B","Pending","Roster category LocalActivity"
"P1.JOB.020","Jobs","Berry-field repeatable work loop — prerequisites, states and rewards","Yes","Frozen04A1 revision msc-world-baseline-04a1.1-c3f2f337; GAME SHA-256 c3f2f3373ccad4fcbe104840fcb83e364f55438070e808d11ebe4996bc0476c4","Frozen JOBS/Farm/Mummola/TeimoADs/RALLY/DRAGRACE hierarchy; JOB_AND_ACTIVITY_ROSTER.csv","Berry-field repeatable work loop — prerequisites, states and rewards","NPC; Items/Vehicles; Economy; World; Save","Nothing; no Jobs module","EvidenceCaptured","World locations may exist; actors/items/task feedback not bound","None","No permanent quest tracker; contextual feedback missing","None","None","Exact call timing, prerequisites, reward and repeat rules require capture","12B","Pending","Roster category FieldJob"
"P1.JOB.021","Jobs","Rally participation flow — prerequisites, states and rewards","Yes","Frozen04A1 revision msc-world-baseline-04a1.1-c3f2f337; GAME SHA-256 c3f2f3373ccad4fcbe104840fcb83e364f55438070e808d11ebe4996bc0476c4","Frozen JOBS/Farm/Mummola/TeimoADs/RALLY/DRAGRACE hierarchy; JOB_AND_ACTIVITY_ROSTER.csv","Rally participation flow — prerequisites, states and rewards","NPC; Items/Vehicles; Economy; World; Save","Nothing; no Jobs module","EvidenceCaptured","World locations may exist; actors/items/task feedback not bound","None","No permanent quest tracker; contextual feedback missing","None","None","Exact call timing, prerequisites, reward and repeat rules require capture","13B","Pending","Roster category CompetitionActivity"
"P1.JOB.022","Jobs","Vehicle inspection attempt/retry — prerequisites, states and rewards","Yes","Frozen04A1 revision msc-world-baseline-04a1.1-c3f2f337; GAME SHA-256 c3f2f3373ccad4fcbe104840fcb83e364f55438070e808d11ebe4996bc0476c4","Frozen JOBS/Farm/Mummola/TeimoADs/RALLY/DRAGRACE hierarchy; JOB_AND_ACTIVITY_ROSTER.csv","Vehicle inspection attempt/retry — prerequisites, states and rewards","NPC; Items/Vehicles; Economy; World; Save","Nothing; no Jobs module","EvidenceCaptured","World locations may exist; actors/items/task feedback not bound","None","No permanent quest tracker; contextual feedback missing","None","None","Exact call timing, prerequisites, reward and repeat rules require capture","13B","Pending","Roster category AuthorityActivity"
"P1.EVENT.001","Story","Uncle van access and key progression — conditions and outcomes","Yes","Frozen04A1 revision msc-world-baseline-04a1.1-c3f2f337; GAME SHA-256 c3f2f3373ccad4fcbe104840fcb83e364f55438070e808d11ebe4996bc0476c4","Frozen HUMANS/JOBS/Systems/NPC_CARS FSM metadata; STORY_EVENT_ROSTER.csv","Uncle van access and key progression — conditions and outcomes","NPC; Jobs; GameTime; Save; UI/Audio","Nothing; no Progression/Events module","EvidenceCaptured","Frozen actors/props external; no runtime graph/presenters","None","Contextual messages/dialogue absent","Voice/event audio not bound","None","Exact state graph, conditions and outcomes require behavioral evidence","13A","Pending","Roster category FamilyProgression"
"P1.EVENT.002","Story","Uncle/Gifu availability and consequences — conditions and outcomes","Yes","Frozen04A1 revision msc-world-baseline-04a1.1-c3f2f337; GAME SHA-256 c3f2f3373ccad4fcbe104840fcb83e364f55438070e808d11ebe4996bc0476c4","Frozen HUMANS/JOBS/Systems/NPC_CARS FSM metadata; STORY_EVENT_ROSTER.csv","Uncle/Gifu availability and consequences — conditions and outcomes","NPC; Jobs; GameTime; Save; UI/Audio","Nothing; no Progression/Events module","EvidenceCaptured","Frozen actors/props external; no runtime graph/presenters","None","Contextual messages/dialogue absent","Voice/event audio not bound","None","Exact state graph, conditions and outcomes require behavioral evidence","13A","Pending","Roster category FamilyProgression"
"P1.EVENT.003","Story","Jokke phone-call and ride chain — conditions and outcomes","Yes","Frozen04A1 revision msc-world-baseline-04a1.1-c3f2f337; GAME SHA-256 c3f2f3373ccad4fcbe104840fcb83e364f55438070e808d11ebe4996bc0476c4","Frozen HUMANS/JOBS/Systems/NPC_CARS FSM metadata; STORY_EVENT_ROSTER.csv","Jokke phone-call and ride chain — conditions and outcomes","NPC; Jobs; GameTime; Save; UI/Audio","Nothing; no Progression/Events module","EvidenceCaptured","Frozen actors/props external; no runtime graph/presenters","None","Contextual messages/dialogue absent","Voice/event audio not bound","None","Exact state graph, conditions and outcomes require behavioral evidence","13A","Pending","Roster category RelationshipChain"
"P1.EVENT.004","Story","Jokke move-house chain — conditions and outcomes","Yes","Frozen04A1 revision msc-world-baseline-04a1.1-c3f2f337; GAME SHA-256 c3f2f3373ccad4fcbe104840fcb83e364f55438070e808d11ebe4996bc0476c4","Frozen HUMANS/JOBS/Systems/NPC_CARS FSM metadata; STORY_EVENT_ROSTER.csv","Jokke move-house chain — conditions and outcomes","NPC; Jobs; GameTime; Save; UI/Audio","Nothing; no Progression/Events module","EvidenceCaptured","Frozen actors/props external; no runtime graph/presenters","None","Contextual messages/dialogue absent","Voice/event audio not bound","None","Exact state graph, conditions and outcomes require behavioral evidence","13A","Pending","Roster category RelationshipChain"
"P1.EVENT.005","Story","Jokke suitcase/money branch — conditions and outcomes","Yes","Frozen04A1 revision msc-world-baseline-04a1.1-c3f2f337; GAME SHA-256 c3f2f3373ccad4fcbe104840fcb83e364f55438070e808d11ebe4996bc0476c4","Frozen HUMANS/JOBS/Systems/NPC_CARS FSM metadata; STORY_EVENT_ROSTER.csv","Jokke suitcase/money branch — conditions and outcomes","NPC; Jobs; GameTime; Save; UI/Audio","Nothing; no Progression/Events module","EvidenceCaptured","Frozen actors/props external; no runtime graph/presenters","None","Contextual messages/dialogue absent","Voice/event audio not bound","None","Exact state graph, conditions and outcomes require behavioral evidence","13A","Pending","Roster category RelationshipBranch"
"P1.EVENT.006","Story","Jokke suicide/outcome branch — conditions and outcomes","Yes","Frozen04A1 revision msc-world-baseline-04a1.1-c3f2f337; GAME SHA-256 c3f2f3373ccad4fcbe104840fcb83e364f55438070e808d11ebe4996bc0476c4","Frozen HUMANS/JOBS/Systems/NPC_CARS FSM metadata; STORY_EVENT_ROSTER.csv","Jokke suicide/outcome branch — conditions and outcomes","NPC; Jobs; GameTime; Save; UI/Audio","Nothing; no Progression/Events module","EvidenceCaptured","Frozen actors/props external; no runtime graph/presenters","None","Contextual messages/dialogue absent","Voice/event audio not bound","None","Exact state graph, conditions and outcomes require behavioral evidence","13A","Pending","Roster category RelationshipOutcome"
"P1.EVENT.007","Story","Suski roadside rescue — conditions and outcomes","Yes","Frozen04A1 revision msc-world-baseline-04a1.1-c3f2f337; GAME SHA-256 c3f2f3373ccad4fcbe104840fcb83e364f55438070e808d11ebe4996bc0476c4","Frozen HUMANS/JOBS/Systems/NPC_CARS FSM metadata; STORY_EVENT_ROSTER.csv","Suski roadside rescue — conditions and outcomes","NPC; Jobs; GameTime; Save; UI/Audio","Nothing; no Progression/Events module","EvidenceCaptured","Frozen actors/props external; no runtime graph/presenters","None","Contextual messages/dialogue absent","Voice/event audio not bound","None","Exact state graph, conditions and outcomes require behavioral evidence","13A","Pending","Roster category RelationshipChain"
"P1.EVENT.008","Story","Suski date/relationship progression — conditions and outcomes","Yes","Frozen04A1 revision msc-world-baseline-04a1.1-c3f2f337; GAME SHA-256 c3f2f3373ccad4fcbe104840fcb83e364f55438070e808d11ebe4996bc0476c4","Frozen HUMANS/JOBS/Systems/NPC_CARS FSM metadata; STORY_EVENT_ROSTER.csv","Suski date/relationship progression — conditions and outcomes","NPC; Jobs; GameTime; Save; UI/Audio","Nothing; no Progression/Events module","EvidenceCaptured","Frozen actors/props external; no runtime graph/presenters","None","Contextual messages/dialogue absent","Voice/event audio not bound","None","Exact state graph, conditions and outcomes require behavioral evidence","13A","Pending","Roster category RelationshipChain"
"P1.EVENT.009","Story","Suski late outcome/ending branch — conditions and outcomes","Yes","Frozen04A1 revision msc-world-baseline-04a1.1-c3f2f337; GAME SHA-256 c3f2f3373ccad4fcbe104840fcb83e364f55438070e808d11ebe4996bc0476c4","Frozen HUMANS/JOBS/Systems/NPC_CARS FSM metadata; STORY_EVENT_ROSTER.csv","Suski late outcome/ending branch — conditions and outcomes","NPC; Jobs; GameTime; Save; UI/Audio","Nothing; no Progression/Events module","EvidenceCaptured","Frozen actors/props external; no runtime graph/presenters","None","Contextual messages/dialogue absent","Voice/event audio not bound","None","Exact state graph, conditions and outcomes require behavioral evidence","13A","Pending","Roster category RelationshipOutcome"
"P1.EVENT.010","Story","Jani/Petteri road encounter and crash consequences — conditions and outcomes","Yes","Frozen04A1 revision msc-world-baseline-04a1.1-c3f2f337; GAME SHA-256 c3f2f3373ccad4fcbe104840fcb83e364f55438070e808d11ebe4996bc0476c4","Frozen HUMANS/JOBS/Systems/NPC_CARS FSM metadata; STORY_EVENT_ROSTER.csv","Jani/Petteri road encounter and crash consequences — conditions and outcomes","NPC; Jobs; GameTime; Save; UI/Audio","Nothing; no Progression/Events module","EvidenceCaptured","Frozen actors/props external; no runtime graph/presenters","None","Contextual messages/dialogue absent","Voice/event audio not bound","None","Exact state graph, conditions and outcomes require behavioral evidence","13A","Pending","Roster category TrafficStory"
"P1.EVENT.011","Story","Fleetari vandalism request and consequence — conditions and outcomes","Yes","Frozen04A1 revision msc-world-baseline-04a1.1-c3f2f337; GAME SHA-256 c3f2f3373ccad4fcbe104840fcb83e364f55438070e808d11ebe4996bc0476c4","Frozen HUMANS/JOBS/Systems/NPC_CARS FSM metadata; STORY_EVENT_ROSTER.csv","Fleetari vandalism request and consequence — conditions and outcomes","NPC; Jobs; GameTime; Save; UI/Audio","Nothing; no Progression/Events module","EvidenceCaptured","Frozen actors/props external; no runtime graph/presenters","None","Contextual messages/dialogue absent","Voice/event audio not bound","None","Exact state graph, conditions and outcomes require behavioral evidence","13A","Pending","Roster category ServiceStory"
"P1.EVENT.012","Story","Grandmother visit/food dialogue progression — conditions and outcomes","Yes","Frozen04A1 revision msc-world-baseline-04a1.1-c3f2f337; GAME SHA-256 c3f2f3373ccad4fcbe104840fcb83e364f55438070e808d11ebe4996bc0476c4","Frozen HUMANS/JOBS/Systems/NPC_CARS FSM metadata; STORY_EVENT_ROSTER.csv","Grandmother visit/food dialogue progression — conditions and outcomes","NPC; Jobs; GameTime; Save; UI/Audio","Nothing; no Progression/Events module","EvidenceCaptured","Frozen actors/props external; no runtime graph/presenters","None","Contextual messages/dialogue absent","Voice/event audio not bound","None","Exact state graph, conditions and outcomes require behavioral evidence","13A","Pending","Roster category FamilyRelationship"
"P1.EVENT.013","Story","Vehicle readiness and inspection progression — conditions and outcomes","Yes","Frozen04A1 revision msc-world-baseline-04a1.1-c3f2f337; GAME SHA-256 c3f2f3373ccad4fcbe104840fcb83e364f55438070e808d11ebe4996bc0476c4","Frozen HUMANS/JOBS/Systems/NPC_CARS FSM metadata; STORY_EVENT_ROSTER.csv","Vehicle readiness and inspection progression — conditions and outcomes","NPC; Jobs; GameTime; Save; UI/Audio","Nothing; no Progression/Events module","EvidenceCaptured","Frozen actors/props external; no runtime graph/presenters","None","Contextual messages/dialogue absent","Voice/event audio not bound","None","Exact state graph, conditions and outcomes require behavioral evidence","13A","Pending","Roster category VehicleProgression"
"P1.EVENT.014","Story","Police warrant/arrest escalation — conditions and outcomes","Yes","Frozen04A1 revision msc-world-baseline-04a1.1-c3f2f337; GAME SHA-256 c3f2f3373ccad4fcbe104840fcb83e364f55438070e808d11ebe4996bc0476c4","Frozen HUMANS/JOBS/Systems/NPC_CARS FSM metadata; STORY_EVENT_ROSTER.csv","Police warrant/arrest escalation — conditions and outcomes","NPC; Jobs; GameTime; Save; UI/Audio","Nothing; no Progression/Events module","EvidenceCaptured","Frozen actors/props external; no runtime graph/presenters","None","Contextual messages/dialogue absent","Voice/event audio not bound","None","Exact state graph, conditions and outcomes require behavioral evidence","13A","Pending","Roster category AuthorityProgression"
"P1.EVENT.015","Story","Rally eligibility/result progression — conditions and outcomes","Yes","Frozen04A1 revision msc-world-baseline-04a1.1-c3f2f337; GAME SHA-256 c3f2f3373ccad4fcbe104840fcb83e364f55438070e808d11ebe4996bc0476c4","Frozen HUMANS/JOBS/Systems/NPC_CARS FSM metadata; STORY_EVENT_ROSTER.csv","Rally eligibility/result progression — conditions and outcomes","NPC; Jobs; GameTime; Save; UI/Audio","Nothing; no Progression/Events module","EvidenceCaptured","Frozen actors/props external; no runtime graph/presenters","None","Contextual messages/dialogue absent","Voice/event audio not bound","None","Exact state graph, conditions and outcomes require behavioral evidence","13A","Pending","Roster category CompetitionProgression"
"P1.EVENT.016","Story","House/drunk moving event chain — conditions and outcomes","Yes","Frozen04A1 revision msc-world-baseline-04a1.1-c3f2f337; GAME SHA-256 c3f2f3373ccad4fcbe104840fcb83e364f55438070e808d11ebe4996bc0476c4","Frozen HUMANS/JOBS/Systems/NPC_CARS FSM metadata; STORY_EVENT_ROSTER.csv","House/drunk moving event chain — conditions and outcomes","NPC; Jobs; GameTime; Save; UI/Audio","Nothing; no Progression/Events module","EvidenceCaptured","Frozen actors/props external; no runtime graph/presenters","None","Contextual messages/dialogue absent","Voice/event audio not bound","None","Exact state graph, conditions and outcomes require behavioral evidence","13A","Pending","Roster category JobStory"
"P1.EVENT.017","Story","Suicidal hiker encounter — conditions and outcomes","Yes","Frozen04A1 revision msc-world-baseline-04a1.1-c3f2f337; GAME SHA-256 c3f2f3373ccad4fcbe104840fcb83e364f55438070e808d11ebe4996bc0476c4","Frozen HUMANS/JOBS/Systems/NPC_CARS FSM metadata; STORY_EVENT_ROSTER.csv","Suicidal hiker encounter — conditions and outcomes","NPC; Jobs; GameTime; Save; UI/Audio","Nothing; no Progression/Events module","EvidenceCaptured","Frozen actors/props external; no runtime graph/presenters","None","Contextual messages/dialogue absent","Voice/event audio not bound","None","Exact state graph, conditions and outcomes require behavioral evidence","13A","Pending","Roster category ConditionalEncounter"
"P1.EVENT.018","Story","Murderer/hitchhiker encounter — conditions and outcomes","Yes","Frozen04A1 revision msc-world-baseline-04a1.1-c3f2f337; GAME SHA-256 c3f2f3373ccad4fcbe104840fcb83e364f55438070e808d11ebe4996bc0476c4","Frozen HUMANS/JOBS/Systems/NPC_CARS FSM metadata; STORY_EVENT_ROSTER.csv","Murderer/hitchhiker encounter — conditions and outcomes","NPC; Jobs; GameTime; Save; UI/Audio","Nothing; no Progression/Events module","EvidenceCaptured","Frozen actors/props external; no runtime graph/presenters","None","Contextual messages/dialogue absent","Voice/event audio not bound","None","Exact state graph, conditions and outcomes require behavioral evidence","13A","Pending","Roster category ConditionalEncounter"
"P1.EVENT.019","Story","Open-world calendar/weekday conditional events — conditions and outcomes","Yes","Frozen04A1 revision msc-world-baseline-04a1.1-c3f2f337; GAME SHA-256 c3f2f3373ccad4fcbe104840fcb83e364f55438070e808d11ebe4996bc0476c4","Frozen HUMANS/JOBS/Systems/NPC_CARS FSM metadata; STORY_EVENT_ROSTER.csv","Open-world calendar/weekday conditional events — conditions and outcomes","NPC; Jobs; GameTime; Save; UI/Audio","Nothing; no Progression/Events module","EvidenceCaptured","Frozen actors/props external; no runtime graph/presenters","None","Contextual messages/dialogue absent","Voice/event audio not bound","None","Exact state graph, conditions and outcomes require behavioral evidence","13A","Pending","Roster category CalendarEvents"
"P1.EVENT.020","Story","Late-game continuation after story outcomes — conditions and outcomes","Yes","Frozen04A1 revision msc-world-baseline-04a1.1-c3f2f337; GAME SHA-256 c3f2f3373ccad4fcbe104840fcb83e364f55438070e808d11ebe4996bc0476c4","Frozen HUMANS/JOBS/Systems/NPC_CARS FSM metadata; STORY_EVENT_ROSTER.csv","Late-game continuation after story outcomes — conditions and outcomes","NPC; Jobs; GameTime; Save; UI/Audio","Nothing; no Progression/Events module","EvidenceCaptured","Frozen actors/props external; no runtime graph/presenters","None","Contextual messages/dialogue absent","Voice/event audio not bound","None","Exact state graph, conditions and outcomes require behavioral evidence","13A","Pending","Roster category OpenLoop"
"P1.AUTHORITY.001","Authority","Inspection test inputs, pass/fail and certificate state","Yes","Frozen04A1 revision msc-world-baseline-04a1.1-c3f2f337; GAME SHA-256 c3f2f3373ccad4fcbe104840fcb83e364f55438070e808d11ebe4996bc0476c4","Frozen INSPECTION/COPS/JAIL/Systems FSM metadata","Inspection test inputs, pass/fail and certificate state","Vehicle; Economy; Story graph; Save","Nothing","EvidenceCaptured","World/static evidence only; actors/UI/audio missing","None","None","None","None","Exact thresholds, durations and consequences require donor comparison","13B","Pending","Project-owned ID; runtime must not depend on donor names or hierarchy"
"P1.AUTHORITY.002","Authority","Vehicle roadworthiness enforcement","Yes","Frozen04A1 revision msc-world-baseline-04a1.1-c3f2f337; GAME SHA-256 c3f2f3373ccad4fcbe104840fcb83e364f55438070e808d11ebe4996bc0476c4","Frozen INSPECTION/COPS/JAIL/Systems FSM metadata","Vehicle roadworthiness enforcement","Vehicle; Economy; Story graph; Save","Nothing","EvidenceCaptured","World/static evidence only; actors/UI/audio missing","None","None","None","None","Exact thresholds, durations and consequences require donor comparison","13B","Pending","Project-owned ID; runtime must not depend on donor names or hierarchy"
"P1.AUTHORITY.003","Authority","Police checkpoints and stop behavior","Yes","Frozen04A1 revision msc-world-baseline-04a1.1-c3f2f337; GAME SHA-256 c3f2f3373ccad4fcbe104840fcb83e364f55438070e808d11ebe4996bc0476c4","Frozen INSPECTION/COPS/JAIL/Systems FSM metadata","Police checkpoints and stop behavior","Vehicle; Economy; Story graph; Save","Nothing","EvidenceCaptured","World/static evidence only; actors/UI/audio missing","None","None","None","None","Exact thresholds, durations and consequences require donor comparison","13B","Pending","Project-owned ID; runtime must not depend on donor names or hierarchy"
"P1.AUTHORITY.004","Authority","Fines, tickets, payment and escalation","Yes","Frozen04A1 revision msc-world-baseline-04a1.1-c3f2f337; GAME SHA-256 c3f2f3373ccad4fcbe104840fcb83e364f55438070e808d11ebe4996bc0476c4","Frozen INSPECTION/COPS/JAIL/Systems FSM metadata","Fines, tickets, payment and escalation","Vehicle; Economy; Story graph; Save","Nothing","EvidenceCaptured","World/static evidence only; actors/UI/audio missing","None","None","None","None","Exact thresholds, durations and consequences require donor comparison","13B","Pending","Project-owned ID; runtime must not depend on donor names or hierarchy"
"P1.AUTHORITY.005","Authority","Arrest, jail duration and release","Yes","Frozen04A1 revision msc-world-baseline-04a1.1-c3f2f337; GAME SHA-256 c3f2f3373ccad4fcbe104840fcb83e364f55438070e808d11ebe4996bc0476c4","Frozen INSPECTION/COPS/JAIL/Systems FSM metadata","Arrest, jail duration and release","Vehicle; Economy; Story graph; Save","Nothing","EvidenceCaptured","World/static evidence only; actors/UI/audio missing","None","None","None","None","Exact thresholds, durations and consequences require donor comparison","13B","Pending","Project-owned ID; runtime must not depend on donor names or hierarchy"
"P1.AUTHORITY.006","Authority","Hospital/recovery state and costs candidate","No","Frozen04A1 revision msc-world-baseline-04a1.1-c3f2f337; GAME SHA-256 c3f2f3373ccad4fcbe104840fcb83e364f55438070e808d11ebe4996bc0476c4","No direct frozen04A1 hospital mechanic evidence found","Not implemented unless behavioral/save evidence confirms it","Vehicle; Economy; Story graph; Save","Nothing","Unknown","None","None","None","None","None","Prompt category is not proof of donor feature","13B","Pending evidence capture","Keep death/permadeath and other proven recovery outcomes separate"
"P1.AUTHORITY.007","Authority","Death, permadeath option and save consequences","Yes","Frozen04A1 revision msc-world-baseline-04a1.1-c3f2f337; GAME SHA-256 c3f2f3373ccad4fcbe104840fcb83e364f55438070e808d11ebe4996bc0476c4","Frozen INSPECTION/COPS/JAIL/Systems FSM metadata","Death, permadeath option and save consequences","Vehicle; Economy; Story graph; Save","Nothing","EvidenceCaptured","World/static evidence only; actors/UI/audio missing","None","None","None","None","Exact thresholds, durations and consequences require donor comparison","13B","Pending","Project-owned ID; runtime must not depend on donor names or hierarchy"
"P1.AUTHORITY.008","Authority","Illegal actions and authority response","Yes","Frozen04A1 revision msc-world-baseline-04a1.1-c3f2f337; GAME SHA-256 c3f2f3373ccad4fcbe104840fcb83e364f55438070e808d11ebe4996bc0476c4","Frozen INSPECTION/COPS/JAIL/Systems FSM metadata","Illegal actions and authority response","Vehicle; Economy; Story graph; Save","Nothing","EvidenceCaptured","World/static evidence only; actors/UI/audio missing","None","None","None","None","Exact thresholds, durations and consequences require donor comparison","13B","Pending","Project-owned ID; runtime must not depend on donor names or hierarchy"
"P1.RALLY.001","Rally","Registration and entry prerequisites","Yes","Frozen04A1 revision msc-world-baseline-04a1.1-c3f2f337; GAME SHA-256 c3f2f3373ccad4fcbe104840fcb83e364f55438070e808d11ebe4996bc0476c4","Frozen RALLY hierarchy/FSM metadata and world route evidence","Registration and entry prerequisites","Vehicle; NPC; World routes; GameTime; Save","World route/static objects only","EvidenceCaptured","Frozen event assets external/static; no runtime event","None","None","None","World traversal only","No rally gameplay implementation","13B","Pending","Project-owned ID; runtime must not depend on donor names or hierarchy"
"P1.RALLY.002","Rally","Vehicle eligibility and inspection interaction","Yes","Frozen04A1 revision msc-world-baseline-04a1.1-c3f2f337; GAME SHA-256 c3f2f3373ccad4fcbe104840fcb83e364f55438070e808d11ebe4996bc0476c4","Frozen RALLY hierarchy/FSM metadata and world route evidence","Vehicle eligibility and inspection interaction","Vehicle; NPC; World routes; GameTime; Save","World route/static objects only","EvidenceCaptured","Frozen event assets external/static; no runtime event","None","None","None","World traversal only","No rally gameplay implementation","13B","Pending","Project-owned ID; runtime must not depend on donor names or hierarchy"
"P1.RALLY.003","Rally","Route/stage geometry and checkpoints","Yes","Frozen04A1 revision msc-world-baseline-04a1.1-c3f2f337; GAME SHA-256 c3f2f3373ccad4fcbe104840fcb83e364f55438070e808d11ebe4996bc0476c4","Frozen RALLY hierarchy/FSM metadata and world route evidence","Route/stage geometry and checkpoints","Vehicle; NPC; World routes; GameTime; Save","World route/static objects only","EvidenceCaptured","Frozen event assets external/static; no runtime event","None","None","None","World traversal only","No rally gameplay implementation","13B","Pending","Project-owned ID; runtime must not depend on donor names or hierarchy"
"P1.RALLY.004","Rally","Timing, penalties and result calculation","Yes","Frozen04A1 revision msc-world-baseline-04a1.1-c3f2f337; GAME SHA-256 c3f2f3373ccad4fcbe104840fcb83e364f55438070e808d11ebe4996bc0476c4","Frozen RALLY hierarchy/FSM metadata and world route evidence","Timing, penalties and result calculation","Vehicle; NPC; World routes; GameTime; Save","World route/static objects only","EvidenceCaptured","Frozen event assets external/static; no runtime event","None","None","None","World traversal only","No rally gameplay implementation","13B","Pending","Project-owned ID; runtime must not depend on donor names or hierarchy"
"P1.RALLY.005","Rally","Competitor vehicles and officials","Yes","Frozen04A1 revision msc-world-baseline-04a1.1-c3f2f337; GAME SHA-256 c3f2f3373ccad4fcbe104840fcb83e364f55438070e808d11ebe4996bc0476c4","Frozen RALLY hierarchy/FSM metadata and world route evidence","Competitor vehicles and officials","Vehicle; NPC; World routes; GameTime; Save","World route/static objects only","EvidenceCaptured","Frozen event assets external/static; no runtime event","None","None","None","World traversal only","No rally gameplay implementation","13B","Pending","Project-owned ID; runtime must not depend on donor names or hierarchy"
"P1.RALLY.006","Rally","Spectators/helpers and event schedule","Yes","Frozen04A1 revision msc-world-baseline-04a1.1-c3f2f337; GAME SHA-256 c3f2f3373ccad4fcbe104840fcb83e364f55438070e808d11ebe4996bc0476c4","Frozen RALLY hierarchy/FSM metadata and world route evidence","Spectators/helpers and event schedule","Vehicle; NPC; World routes; GameTime; Save","World route/static objects only","EvidenceCaptured","Frozen event assets external/static; no runtime event","None","None","None","World traversal only","No rally gameplay implementation","13B","Pending","Project-owned ID; runtime must not depend on donor names or hierarchy"
"P1.RALLY.007","Rally","Rewards/consequences and persistence","Yes","Frozen04A1 revision msc-world-baseline-04a1.1-c3f2f337; GAME SHA-256 c3f2f3373ccad4fcbe104840fcb83e364f55438070e808d11ebe4996bc0476c4","Frozen RALLY hierarchy/FSM metadata and world route evidence","Rewards/consequences and persistence","Vehicle; NPC; World routes; GameTime; Save","World route/static objects only","EvidenceCaptured","Frozen event assets external/static; no runtime event","None","None","None","World traversal only","No rally gameplay implementation","13B","Pending","Project-owned ID; runtime must not depend on donor names or hierarchy"
"P1.RALLY.008","Rally","Rally audio/UI presentation","Yes","Frozen04A1 revision msc-world-baseline-04a1.1-c3f2f337; GAME SHA-256 c3f2f3373ccad4fcbe104840fcb83e364f55438070e808d11ebe4996bc0476c4","Frozen RALLY hierarchy/FSM metadata and world route evidence","Rally audio/UI presentation","Vehicle; NPC; World routes; GameTime; Save","World route/static objects only","EvidenceCaptured","Frozen event assets external/static; no runtime event","None","None","None","World traversal only","No rally gameplay implementation","13B","Pending","Project-owned ID; runtime must not depend on donor names or hierarchy"
"P1.MEDIA.001","Media","Radio stations, tuning and schedule","Yes","Frozen04A1 revision msc-world-baseline-04a1.1-c3f2f337; GAME SHA-256 c3f2f3373ccad4fcbe104840fcb83e364f55438070e808d11ebe4996bc0476c4","Frozen MEDIA/THEATRE/SOCCER/DRAGRACE/GameObject/AudioClip evidence","Radio stations, tuning and schedule","World; Interaction; Audio/UI; Save","Physical props/world locations only; no Media module","EvidenceCaptured","Frozen audio/visual evidence external; no project presenters","None","None","No bound media events","None","Rights-safe private Legacy handling and exact schedule/content require evidence","13C","Pending","Project-owned ID; runtime must not depend on donor names or hierarchy"
"P1.MEDIA.002","Media","Television channels/program schedule","Yes","Frozen04A1 revision msc-world-baseline-04a1.1-c3f2f337; GAME SHA-256 c3f2f3373ccad4fcbe104840fcb83e364f55438070e808d11ebe4996bc0476c4","Frozen MEDIA/THEATRE/SOCCER/DRAGRACE/GameObject/AudioClip evidence","Television channels/program schedule","World; Interaction; Audio/UI; Save","Physical props/world locations only; no Media module","EvidenceCaptured","Frozen audio/visual evidence external; no project presenters","None","None","No bound media events","None","Rights-safe private Legacy handling and exact schedule/content require evidence","13C","Pending","Project-owned ID; runtime must not depend on donor names or hierarchy"
"P1.MEDIA.003","Media","Computer power/use flow","Yes","Frozen04A1 revision msc-world-baseline-04a1.1-c3f2f337; GAME SHA-256 c3f2f3373ccad4fcbe104840fcb83e364f55438070e808d11ebe4996bc0476c4","Frozen MEDIA/THEATRE/SOCCER/DRAGRACE/GameObject/AudioClip evidence","Computer power/use flow","World; Interaction; Audio/UI; Save","Physical props/world locations only; no Media module","EvidenceCaptured","Frozen audio/visual evidence external; no project presenters","None","None","No bound media events","None","Rights-safe private Legacy handling and exact schedule/content require evidence","13C","Pending","Project-owned ID; runtime must not depend on donor names or hierarchy"
"P1.MEDIA.004","Media","Music import playback through project audio boundary","Yes","Frozen04A1 revision msc-world-baseline-04a1.1-c3f2f337; GAME SHA-256 c3f2f3373ccad4fcbe104840fcb83e364f55438070e808d11ebe4996bc0476c4","Frozen MEDIA/THEATRE/SOCCER/DRAGRACE/GameObject/AudioClip evidence","Music import playback through project audio boundary","World; Interaction; Audio/UI; Save","Physical props/world locations only; no Media module","EvidenceCaptured","Frozen audio/visual evidence external; no project presenters","None","None","IAudioBackend exists; importer/playback absent","None","Rights-safe private Legacy handling and exact schedule/content require evidence","13C","Pending","Project-owned ID; runtime must not depend on donor names or hierarchy"
"P1.MEDIA.005","Media","Computer game/minigame content","Yes","Frozen04A1 revision msc-world-baseline-04a1.1-c3f2f337; GAME SHA-256 c3f2f3373ccad4fcbe104840fcb83e364f55438070e808d11ebe4996bc0476c4","Frozen MEDIA/THEATRE/SOCCER/DRAGRACE/GameObject/AudioClip evidence","Computer game/minigame content","World; Interaction; Audio/UI; Save","Physical props/world locations only; no Media module","EvidenceCaptured","Frozen audio/visual evidence external; no project presenters","None","None","No bound media events","None","Rights-safe private Legacy handling and exact schedule/content require evidence","13C","Pending","Project-owned ID; runtime must not depend on donor names or hierarchy"
"P1.MEDIA.006","Media","Ventti card gambling","Yes","Frozen04A1 revision msc-world-baseline-04a1.1-c3f2f337; GAME SHA-256 c3f2f3373ccad4fcbe104840fcb83e364f55438070e808d11ebe4996bc0476c4","Frozen MEDIA/THEATRE/SOCCER/DRAGRACE/GameObject/AudioClip evidence","Ventti card gambling","World; Interaction; Audio/UI; Save","Physical props/world locations only; no Media module","EvidenceCaptured","Frozen audio/visual evidence external; no project presenters","None","None","No bound media events","None","Rights-safe private Legacy handling and exact schedule/content require evidence","13C","Pending","Project-owned ID; runtime must not depend on donor names or hierarchy"
"P1.MEDIA.007","Media","Video Poker machine and gambling loop","Yes","Frozen04A1 revision msc-world-baseline-04a1.1-c3f2f337; GAME SHA-256 c3f2f3373ccad4fcbe104840fcb83e364f55438070e808d11ebe4996bc0476c4","Frozen WOP VideoPoker and STORE SlotPivot evidence","Player can enter/exit and complete the proven Video Poker rules, wager and outcome loop","World; Interaction; Audio/UI; Economy; Save","Physical prop/world location only; no Media module","EvidenceCaptured","External frozen screen/prop evidence","None","None","No bound media events","None","SlotPivot alone does not prove a separate slot-machine game","13C","Pending","Lottery is a separate stable feature row"
"P1.MEDIA.008","Media","Dance pavilion music/event","Yes","Frozen04A1 revision msc-world-baseline-04a1.1-c3f2f337; GAME SHA-256 c3f2f3373ccad4fcbe104840fcb83e364f55438070e808d11ebe4996bc0476c4","Frozen MEDIA/THEATRE/SOCCER/DRAGRACE/GameObject/AudioClip evidence","Dance pavilion music/event","World; Interaction; Audio/UI; Save","Physical props/world locations only; no Media module","EvidenceCaptured","Frozen audio/visual evidence external; no project presenters","None","None","No bound media events","None","Rights-safe private Legacy handling and exact schedule/content require evidence","13C","Pending","Project-owned ID; runtime must not depend on donor names or hierarchy"
"P1.MEDIA.009","Media","Theatre event/program","Yes","Frozen04A1 revision msc-world-baseline-04a1.1-c3f2f337; GAME SHA-256 c3f2f3373ccad4fcbe104840fcb83e364f55438070e808d11ebe4996bc0476c4","Frozen MEDIA/THEATRE/SOCCER/DRAGRACE/GameObject/AudioClip evidence","Theatre event/program","World; Interaction; Audio/UI; Save","Physical props/world locations only; no Media module","EvidenceCaptured","Frozen audio/visual evidence external; no project presenters","None","None","No bound media events","None","Rights-safe private Legacy handling and exact schedule/content require evidence","13C","Pending","Project-owned ID; runtime must not depend on donor names or hierarchy"
"P1.MEDIA.010","Media","Football/soccer activity","Yes","Frozen04A1 revision msc-world-baseline-04a1.1-c3f2f337; GAME SHA-256 c3f2f3373ccad4fcbe104840fcb83e364f55438070e808d11ebe4996bc0476c4","Frozen MEDIA/THEATRE/SOCCER/DRAGRACE/GameObject/AudioClip evidence","Football/soccer activity","World; Interaction; Audio/UI; Save","Physical props/world locations only; no Media module","EvidenceCaptured","Frozen audio/visual evidence external; no project presenters","None","None","No bound media events","None","Rights-safe private Legacy handling and exact schedule/content require evidence","13C","Pending","Project-owned ID; runtime must not depend on donor names or hierarchy"
"P1.MEDIA.011","Media","Drag-race event","Yes","Frozen04A1 revision msc-world-baseline-04a1.1-c3f2f337; GAME SHA-256 c3f2f3373ccad4fcbe104840fcb83e364f55438070e808d11ebe4996bc0476c4","Frozen MEDIA/THEATRE/SOCCER/DRAGRACE/GameObject/AudioClip evidence","Drag-race event","World; Interaction; Audio/UI; Save","Physical props/world locations only; no Media module","EvidenceCaptured","Frozen audio/visual evidence external; no project presenters","None","None","No bound media events","None","Rights-safe private Legacy handling and exact schedule/content require evidence","13C","Pending","Project-owned ID; runtime must not depend on donor names or hierarchy"
"P1.MEDIA.012","Media","CD/diskette physical media use","Yes","Frozen04A1 revision msc-world-baseline-04a1.1-c3f2f337; GAME SHA-256 c3f2f3373ccad4fcbe104840fcb83e364f55438070e808d11ebe4996bc0476c4","Frozen MEDIA/THEATRE/SOCCER/DRAGRACE/GameObject/AudioClip evidence","CD/diskette physical media use","World; Interaction; Audio/UI; Save","Physical props/world locations only; no Media module","EvidenceCaptured","Frozen audio/visual evidence external; no project presenters","None","None","No bound media events","None","Rights-safe private Legacy handling and exact schedule/content require evidence","13C","Pending","Project-owned ID; runtime must not depend on donor names or hierarchy"
"P1.MEDIA.013","Media","Local band performance","Yes","Frozen04A1 revision msc-world-baseline-04a1.1-c3f2f337; GAME SHA-256 c3f2f3373ccad4fcbe104840fcb83e364f55438070e808d11ebe4996bc0476c4","Frozen MEDIA/THEATRE/SOCCER/DRAGRACE/GameObject/AudioClip evidence","Local band performance","World; Interaction; Audio/UI; Save","Physical props/world locations only; no Media module","EvidenceCaptured","Frozen audio/visual evidence external; no project presenters","None","None","No bound media events","None","Rights-safe private Legacy handling and exact schedule/content require evidence","13C","Pending","Project-owned ID; runtime must not depend on donor names or hierarchy"
"P1.MEDIA.014","Media","Arcade/minigame remaining evidence","Yes","Frozen04A1 revision msc-world-baseline-04a1.1-c3f2f337; GAME SHA-256 c3f2f3373ccad4fcbe104840fcb83e364f55438070e808d11ebe4996bc0476c4","Frozen MEDIA/THEATRE/SOCCER/DRAGRACE/GameObject/AudioClip evidence","Arcade/minigame remaining evidence","World; Interaction; Audio/UI; Save","Physical props/world locations only; no Media module","EvidenceCaptured","Frozen audio/visual evidence external; no project presenters","None","None","No bound media events","None","Rights-safe private Legacy handling and exact schedule/content require evidence","13C","Pending","Project-owned ID; runtime must not depend on donor names or hierarchy"
"P1.WORLD.001","World","Canonical donor map layout and landmarks","Yes","Frozen04A1 revision msc-world-baseline-04a1.1-c3f2f337; GAME SHA-256 c3f2f3373ccad4fcbe104840fcb83e364f55438070e808d11ebe4996bc0476c4","Frozen GAME/world manifests; M06B2/M06B3 reports and user traversal","Canonical donor map layout and landmarks","World streaming; Interaction; GameTime; Save","Full 49-cell TemporaryDirectImport baseline; human accepted","Verified","Temporary donor world baseline active; not ProductionReady","Static world; non-persistent rationale","None","Ambient mappings partial","M06B2/M06B3 automated + user traversal","Documented Legacy visual debt remains","13C","Accepted where cited","Project-owned ID; runtime must not depend on donor names or hierarchy"
"P1.WORLD.002","World","49-cell additive streaming and active profile","Yes","Frozen04A1 revision msc-world-baseline-04a1.1-c3f2f337; GAME SHA-256 c3f2f3373ccad4fcbe104840fcb83e364f55438070e808d11ebe4996bc0476c4","Frozen GAME/world manifests; M06B2/M06B3 reports and user traversal","49-cell additive streaming and active profile","World streaming; Interaction; GameTime; Save","Working streaming architecture; human accepted","Verified","Temporary donor world baseline active; not ProductionReady","Non-persistent streaming orchestration; mutable entity state is owned by world.entities and stable IDs","None","Ambient mappings partial","M06B2/M06B3 tests and user load/unload","Documented Legacy visual debt remains","13C","Accepted where cited","Project-owned ID; runtime must not depend on donor names or hierarchy"
"P1.WORLD.003","World","Global terrain/roads/water continuity","Yes","Frozen04A1 revision msc-world-baseline-04a1.1-c3f2f337; GAME SHA-256 c3f2f3373ccad4fcbe104840fcb83e364f55438070e808d11ebe4996bc0476c4","Frozen GAME/world manifests; M06B2/M06B3 reports and user traversal","Global terrain/roads/water continuity","World streaming; Interaction; GameTime; Save","Temporary baseline; documented void/water debt","PartiallyImplemented","Temporary donor world baseline active; not ProductionReady","Static baseline; art debt accepted","None","Ambient mappings partial","World structural tests and manual route","Documented Legacy visual debt remains","13C","Pending","Project-owned ID; runtime must not depend on donor names or hierarchy"
"P1.WORLD.004","World","Solid collision for buildings, props and trunks","Yes","Frozen04A1 revision msc-world-baseline-04a1.1-c3f2f337; GAME SHA-256 c3f2f3373ccad4fcbe104840fcb83e364f55438070e808d11ebe4996bc0476c4","Frozen GAME/world manifests; M06B2/M06B3 reports and user traversal","Solid collision for buildings, props and trunks","World streaming; Interaction; GameTime; Save","M08A1 generated candidate; not fully promoted","PartiallyImplemented","Temporary donor world baseline active; not ProductionReady","No full landmark traversal","None","Ambient mappings partial","Focused collision tests only","Materials user-accepted separately; collision remains unverified","13C","Pending","Project-owned ID; runtime must not depend on donor names or hierarchy"
"P1.WORLD.005","World","Doors/windows/gates and project-owned interaction state","Yes","Frozen04A1 revision msc-world-baseline-04a1.1-c3f2f337; GAME SHA-256 c3f2f3373ccad4fcbe104840fcb83e364f55438070e808d11ebe4996bc0476c4","Frozen GAME/world manifests; M06B2/M06B3 reports and user traversal","Doors/windows/gates and project-owned interaction state","World streaming; Interaction; GameTime; Save","Door interaction prototype; donor solid door collision intentionally omitted","PartiallyImplemented","Temporary donor world baseline active; not ProductionReady","No full persistence","None","Ambient mappings partial","Door prototype tests only","Documented Legacy visual debt remains","13C","Pending","Project-owned ID; runtime must not depend on donor names or hierarchy"
"P1.WORLD.006","World","Stair/threshold traversal landmarks","Yes","Frozen04A1 revision msc-world-baseline-04a1.1-c3f2f337; GAME SHA-256 c3f2f3373ccad4fcbe104840fcb83e364f55438070e808d11ebe4996bc0476c4","Frozen GAME/world manifests; M06B2/M06B3 reports and user traversal","Stair/threshold traversal landmarks","World streaming; Interaction; GameTime; Save","Pub works; Teimo blocks according to user","PartiallyImplemented","Temporary donor world baseline active; not ProductionReady","None","None","Ambient mappings partial","No exact fixture","Project defect: Teimo stairs; collider-first remediation required","09C","Pending","Project-owned ID; runtime must not depend on donor names or hierarchy"
"P1.WORLD.007","World","World utilities/triggers and scene transitions","Yes","Frozen04A1 revision msc-world-baseline-04a1.1-c3f2f337; GAME SHA-256 c3f2f3373ccad4fcbe104840fcb83e364f55438070e808d11ebe4996bc0476c4","Frozen GAME/world manifests; M06B2/M06B3 reports and user traversal","World utilities/triggers and scene transitions","World streaming; Interaction; GameTime; Save","Serialized trigger evidence only","EvidenceCaptured","Temporary donor world baseline active; not ProductionReady","None","None","Ambient mappings partial","None","Documented Legacy visual debt remains","13C","Pending","Project-owned ID; runtime must not depend on donor names or hierarchy"
"P1.WORLD.008","World","Out-of-bounds detection and safe recovery","Yes","Frozen04A1 revision msc-world-baseline-04a1.1-c3f2f337; GAME SHA-256 c3f2f3373ccad4fcbe104840fcb83e364f55438070e808d11ebe4996bc0476c4","Frozen GAME/world manifests; M06B2/M06B3 reports and user traversal","Out-of-bounds detection and safe recovery","World streaming; Interaction; GameTime; Save","Working M06B recovery; runtime behavior user accepted","PartiallyImplemented","Temporary donor world baseline active; not ProductionReady","Recovered pose not yet covered by native save","None","Ambient mappings partial","M06B tests and user fall/recovery","Runtime recovery accepted; full persistence gate remains","13C","Runtime behavior accepted; save pending","Cannot be Verified until recovered pose survives native save/load"
"P1.WORLD.009","World","Game time, calendar and weekday behavior","Yes","Frozen04A1 revision msc-world-baseline-04a1.1-c3f2f337; GAME SHA-256 c3f2f3373ccad4fcbe104840fcb83e364f55438070e808d11ebe4996bc0476c4","Frozen GAME/world manifests; M06B2/M06B3 reports and user traversal","Game time, calendar and weekday behavior","World streaming; Interaction; GameTime; Save","Project-owned GameTime + accepted presentation","PartiallyImplemented","Temporary donor world baseline active; not ProductionReady","DTO only; no file save","08A HUD binds project time","Ambient mappings partial","Time/weather focused tests","Documented Legacy visual debt remains","13C","Pending","Project-owned ID; runtime must not depend on donor names or hierarchy"
"P1.WORLD.010","World","Weather, wetness and lightning gameplay outputs","Yes","Frozen04A1 revision msc-world-baseline-04a1.1-c3f2f337; GAME SHA-256 c3f2f3373ccad4fcbe104840fcb83e364f55438070e808d11ebe4996bc0476c4","Frozen GAME/world manifests; M06B2/M06B3 reports and user traversal","Weather, wetness and lightning gameplay outputs","World streaming; Interaction; GameTime; Save","Project-owned domain + Enviro adapter; procedural HDRP puddle presenter consumes authoritative PuddleAmount01 and water-spill events, with world-anchored rain slots. World ambience consumes the same project time/weather outputs through the complete reviewed MAP/SoundAmbience phase roster.","PartiallyImplemented","Temporary donor world baseline active; pooled rain slots use zero-alpha four-second appearance and neutral untinted low-alpha HDRP presentation; local spill puddles remain at typed spill positions; not ProductionReady.","Authoritative global puddle amount remains in the weather DTO; local spill surface is transient presentation derived from persisted item liquid state","08A weather icon/data shell partial; no new UI redesign","Wwise weather events plus spatial morning/day/evening/night/swamp/meadow, distant dog and three lake emitters follow project time/rain/wind; rare fair-weather chainsaw is fixed near the player home","Focused Fluid/Audio correction coverage plus dedicated Audio Runtime 13/13 passed; 30-55 m preparation, 85 m recycle, fade and neutral-color regression passed in focused Fluid EditMode 6/6; manual HDRP/world traversal and listening pending","Ground coverage is deterministic/procedural rather than donor-authored; local puddles are not independently persisted, chainsaw cadence is an explicit user-approved project correction, and local wind-chime/insect gameplay owners remain pending.","13C","Pending","Project-owned bridge uses environment outputs and typed item events; no Enviro or donor hierarchy dependency in gameplay authority."
"P1.WORLD.011","World","World object replacement keys and Legacy/production layers","Yes","Frozen04A1 revision msc-world-baseline-04a1.1-c3f2f337; GAME SHA-256 c3f2f3373ccad4fcbe104840fcb83e364f55438070e808d11ebe4996bc0476c4","Frozen GAME/world manifests; M06B2/M06B3 reports and user traversal","World object replacement keys and Legacy/production layers","World streaming; Interaction; GameTime; Save","Replacement registry exists","PartiallyImplemented","Temporary donor world baseline active; not ProductionReady","No full gameplay entity binding","None","Ambient mappings partial","World replacement tests","Documented Legacy visual debt remains","13C","Pending","Project-owned ID; runtime must not depend on donor names or hierarchy"
"P1.WORLD.012","World","Clocks, signs and diegetic world feedback","Yes","Frozen04A1 revision msc-world-baseline-04a1.1-c3f2f337; GAME SHA-256 c3f2f3373ccad4fcbe104840fcb83e364f55438070e808d11ebe4996bc0476c4","Frozen GAME/world manifests; M06B2/M06B3 reports and user traversal","Clocks, signs and diegetic world feedback","World streaming; Interaction; GameTime; Save","Static evidence only","EvidenceCaptured","Temporary donor world baseline active; not ProductionReady","None","None","Ambient mappings partial","None","Documented Legacy visual debt remains","13C","Pending","Project-owned ID; runtime must not depend on donor names or hierarchy"
"P1.PRESENTATION.001","Presentation","Project-owned 08A main menu/settings/HUD reference lock","Yes","Frozen04A1 revision msc-world-baseline-04a1.1-c3f2f337; GAME SHA-256 c3f2f3373ccad4fcbe104840fcb83e364f55438070e808d11ebe4996bc0476c4","Completed milestone reports 06B3–08A1; LEGACY_PRESENTATION_INVENTORY.csv","Project-owned 08A main menu/settings/HUD reference lock","Feature runtime; Replacement registry; Audio/UI","08A UI runtime accepted","Verified","08A UI runtime accepted","Non-persistent presentation; replacement keys required","Accepted 08A UI","None","08A focused suites/build/captures","Presentation must remain replaceable","09C","User accepted cited baseline","Project-owned ID; runtime must not depend on donor names or hierarchy"
"P1.PRESENTATION.002","Presentation","Wwise-ready IAudioBackend and temporary donor gameplay audio routing","Yes","Frozen04A1 revision msc-world-baseline-04a1.1-c3f2f337; GAME SHA-256 c3f2f3373ccad4fcbe104840fcb83e364f55438070e808d11ebe4996bc0476c4","Completed milestone reports 06B3–08A1; LEGACY_PRESENTATION_INVENTORY.csv","Every required feature routes audible feedback through project event IDs","Feature runtime; Replacement registry; Audio/UI","M08 backend/6 banks foundation accepted; current authoring validates 65 events/32 RTPCs, the complete reviewed time/weather/spatial main-world ambience roster, local wind-chime/insect hooks, rare near-home chainsaw and a +4 dB project master ceiling; many non-world feature producers remain DeferredHook.","PartiallyImplemented","Temporary donor audio mappings cover bounded footsteps/weather/vehicle/world fixtures and the full reviewed main-world ambience only","Non-persistent presentation; feature state owned elsewhere","None","IAudioBackend/Wwise foundation plus active WorldAmbientAudioPresenter","Dedicated Audio Runtime 13/13; Wwise authoring 65/65 routing, 43 embedded media and six-bank source/runtime synchronization pass; manual audible acceptance pending","Backend and main-world ambience routing are implemented; local gameplay-hook owners, complete feature-audio coverage, world-bank compression and final authored mix are not.","13C","Backend accepted; coverage pending","Do not call complete routing Verified until every required matrix row is audible where donor-visible."
"P1.PRESENTATION.003","Presentation","Enviro 3 weather/sky presentation adapter","Yes","Frozen04A1 revision msc-world-baseline-04a1.1-c3f2f337; GAME SHA-256 c3f2f3373ccad4fcbe104840fcb83e364f55438070e808d11ebe4996bc0476c4","Completed milestone reports 06B3–08A1; LEGACY_PRESENTATION_INVENTORY.csv","Enviro 3 weather/sky presentation adapter","Feature runtime; Replacement registry; Audio/UI","07C accepted visual baseline; save integration partial","PartiallyImplemented","07C accepted visual baseline; save integration partial","Non-persistent presentation; replacement keys required","None","None","Inventory validation pending","Presentation must remain replaceable","13C","Pending","Project-owned ID; runtime must not depend on donor names or hierarchy"
"P1.PRESENTATION.004","Presentation","Temporary donor world presentation baseline","Yes","Frozen04A1 revision msc-world-baseline-04a1.1-c3f2f337; GAME SHA-256 c3f2f3373ccad4fcbe104840fcb83e364f55438070e808d11ebe4996bc0476c4","Completed milestone reports 06B3–08A1; LEGACY_PRESENTATION_INVENTORY.csv","Temporary donor world presentation baseline","Feature runtime; Replacement registry; Audio/UI","M06B3 frozen/human accepted; not production art","Verified","M06B3 frozen/human accepted; not production art","Non-persistent presentation; replacement keys required","None","None","Inventory validation pending","Presentation must remain replaceable","14B","User accepted cited baseline","Project-owned ID; runtime must not depend on donor names or hierarchy"
"P1.PRESENTATION.005","Presentation","Temporary donor character presentation wrappers","Yes","Frozen04A1 revision msc-world-baseline-04a1.1-c3f2f337; GAME SHA-256 c3f2f3373ccad4fcbe104840fcb83e364f55438070e808d11ebe4996bc0476c4","Phase1CharacterPresentationManifest.json schema 3; LEGACY_PRESENTATION_INVENTORY.csv; MILESTONE_10B_R1_REPORT.md","Temporary donor character presentation wrappers","Feature runtime; Replacement registry; Audio/UI","Six project-owned wrapper prefabs generated locally from bounded donor body/accessory/clip slices","ImplementedUnverified","TemporaryDirectImport; ignored private RuntimeBaseline; stable binding and independent geometry/material/animation replacement IDs","Non-persistent presentation; npc.state remains independent","No 08A UI redesign; debug inspector/trace only","Project audio IDs defined; donor audio not imported","Schema-3 importer/build guard, NPC EditMode 9/9, PlayMode 1/1; post-calibration manual comparison pending","Only six local wrappers; full roster remains 10B","10B","Pending R1 manual comparison","No donor scripts/FSM/controllers/names at runtime; Phase 2 mesh/texture/animation replacement required"
"P1.PRESENTATION.006","Presentation","Temporary donor vehicle presentation wrappers","Yes","Frozen04A1 revision msc-world-baseline-04a1.1-c3f2f337; GAME SHA-256 c3f2f3373ccad4fcbe104840fcb83e364f55438070e808d11ebe4996bc0476c4","Completed milestone reports 06B3–08A1; LEGACY_PRESENTATION_INVENTORY.csv","Temporary donor vehicle presentation wrappers","Feature runtime; Replacement registry; Audio/UI","Only bounded prototype; full roster missing","PartiallyImplemented","Only bounded prototype; full roster missing","Non-persistent presentation; replacement keys required","None","None","Inventory validation pending","Presentation must remain replaceable","11A","Pending","Project-owned ID; runtime must not depend on donor names or hierarchy"
"P1.PRESENTATION.007","Presentation","Temporary donor item presentation wrappers","Yes","Frozen04A1 revision msc-world-baseline-04a1.1-c3f2f337; GAME SHA-256 c3f2f3373ccad4fcbe104840fcb83e364f55438070e808d11ebe4996bc0476c4","Completed milestone reports 06B3–08A1; LEGACY_PRESENTATION_INVENTORY.csv","Temporary donor item presentation wrappers","Feature runtime; Replacement registry; Audio/UI","09B removable ItemPresentationProvider with 46 GeneratedValidated TemporaryDirectImport bindings and project-owned proxy fallback.","PartiallyImplemented","46 reviewed wrappers / 90 synchronized meshes; 17 fallback material slots; ignored private RuntimeBaseline payload.","NotRequired: presentation has no gameplay authority; replacement keys preserve logical state","No donor UI runtime; existing project UI boundary remains authoritative","No donor audio imported by this item presentation pipeline","Presentation plan/build validator executed; manual visual comparison and public-build exclusion proof pending","Only 46 of 82 roster definitions have reviewed donor wrappers; remaining definitions use project-owned proxies; manual visual comparison pending.","09B","Pending","Project-owned ID; runtime must not depend on donor names or hierarchy. 09B documentation audit: runtime/catalog/presentation/save boundaries are recorded without a Verified claim."
"P1.PRESENTATION.008","Presentation","Legacy animation presentation with project-owned state authority","Yes","Frozen04A1 revision msc-world-baseline-04a1.1-c3f2f337; GAME SHA-256 c3f2f3373ccad4fcbe104840fcb83e364f55438070e808d11ebe4996bc0476c4","Phase1CharacterPresentationManifest.json schema 3; LEGACY_PRESENTATION_INVENTORY.csv; MILESTONE_10B_R1_REPORT.md","Legacy animation presentation with project-owned state authority","Feature runtime; Replacement registry; Audio/UI","Six reviewed event-free legacy clips mapped from project-owned activity states through Animation; no Animator/controller; Berryman keeps seated hand-only loop","ImplementedUnverified","TemporaryDirectImport clips inside removable wrapper prefabs","Non-persistent animation presentation derived from npc.state; animation is never save/gameplay authority","No player UI change","Project audio IDs only; donor audio not imported","AlwaysAnimate, sampled bone changes, NPC EditMode 9/9 and PlayMode 1/1; 10A motion accepted, R1 calibration manual pending","Six local clips only; full 10B mapping pending","10B","Pending R1 manual comparison","Project schedule/dialogue/save remains authoritative; no donor state machine runtime"
"P1.PRESENTATION.009","Presentation","Legacy gameplay audio inventory and event bindings","Yes","Frozen04A1 revision msc-world-baseline-04a1.1-c3f2f337; GAME SHA-256 c3f2f3373ccad4fcbe104840fcb83e364f55438070e808d11ebe4996bc0476c4","Completed milestone reports 06B3–08A1; LEGACY_PRESENTATION_INVENTORY.csv","Legacy gameplay audio inventory and event bindings","Feature runtime; Replacement registry; Audio/UI","52 events/32 RTPC/6 banks foundation; feature coverage incomplete","PartiallyImplemented","52 events/32 RTPC/6 banks foundation; feature coverage incomplete","Non-persistent presentation; replacement keys required","None","IAudioBackend/Wwise foundation","Inventory validation pending","Presentation must remain replaceable","13C","Pending","Project-owned ID; runtime must not depend on donor names or hierarchy"
"P1.PRESENTATION.010","Presentation","Accepted temporary donor materials with replacement debt","Yes","Frozen04A1 revision msc-world-baseline-04a1.1-c3f2f337; GAME SHA-256 c3f2f3373ccad4fcbe104840fcb83e364f55438070e808d11ebe4996bc0476c4","Completed milestone reports 06B3–08A1; LEGACY_PRESENTATION_INVENTORY.csv","Accepted temporary donor materials with replacement debt","Feature runtime; Replacement registry; Audio/UI","M08A1 material hardening user-accepted 2026-07-21","KnownDifferenceApproved","M08A1 material hardening user-accepted 2026-07-21","Non-persistent presentation; replacement keys required","None","None","Inventory validation pending","Temporary material quality accepted for Phase 1; production replacement Phase 2","14B","User accepted temporary material difference 2026-07-21","Project-owned ID; runtime must not depend on donor names or hierarchy"
"P1.NEEDS.015","Needs","Weight and locomotion coupling","Yes","Frozen04A1 revision msc-world-baseline-04a1.1-c3f2f337; GAME SHA-256 c3f2f3373ccad4fcbe104840fcb83e364f55438070e808d11ebe4996bc0476c4; PlayMakerGlobals SHA-256 0C232081E5DD2D6611D27CCD06274CBB31F5FABC5EF5E5F901B86D39DA25AFEC","GLOBALS PlayerWeight=83; SCALE/Gauge Measure FSM weight*-2.78 and 2 s easing; Running FSM coupling","Saved weight drives player physical load and visible bathroom scale; locomotion parity remains pending","GameTime; Player; Items; Save; Home; World streaming","Needs weight synchronizes into motor mass; five downward footprint samples choose a coherent upward-facing support only after 0.2 s confirmation and reject contradictory same-body side contacts; static ground and unrelated kinematic geometry block deeper bodies, while a nested installed panel routes load to its dynamic chassis ancestor; horizontal nudging requires an explicit available pickup capability; generated Satsuma isolates Player-layer chassis contact on a kinematic proxy while its dynamic chassis colliders exclude Player; home scale binds streamed gauge by stable ID and reads the same saved weight","ImplementedUnverified","Temporary donor gauge mesh driven by project-owned HomeWeightScalePresenter","Existing needs DTO persists weight and applies it before presentation binding; no migration","Weight/support diagnostics are test-visible; no 08A redesign","None","Full-project Unity 6000.3.11f1 locomotion PlayMode 23/23 passed; deterministic Satsuma builder 11A-V1d.60 passed; after that rebuild the exact generated collision contract EditMode 1/1 and instantiated Satsuma proxy PlayMode 2/2 passed; coverage includes sprung support, structural panel/chassis routing, static-ground occlusion, crouched compound-rocker rejection, pickup-only pushing and prevention of direct heavy-body momentum reversal","Dynamic-support loading, five-point support footprint and Satsuma Player collision isolation are project reimplementation; exact donor locomotion/vehicle suspension coupling remains unverified","09C","Pending","Scale and active Satsuma response require manual in-game acceptance, including hood/bootlid settling and diagonal walk/run/crouch contact at all four corners before and after rolling begins; broader donor running-weight rules remain open"
"P1.NEEDS.016","Needs","Mosquito allergy state","No","Frozen04A1 revision msc-world-baseline-04a1.1-c3f2f337; GAME SHA-256 c3f2f3373ccad4fcbe104840fcb83e364f55438070e808d11ebe4996bc0476c4","GLOBALS ALLERGY_MOSQUITO","Mosquito allergy state","GameTime; Player; Items; Save","Nothing; evidence only","Unknown","External frozen presentation evidence; no project wrapper","None","None","None","None","Existence does not prove reachability, rules, ordering or persistence","09C","Pending reachability/semantics capture","Project-owned opaque FeatureId"
"P1.NEEDS.017","Needs","Burns state and consequences","No","Frozen04A1 revision msc-world-baseline-04a1.1-c3f2f337; GAME SHA-256 c3f2f3373ccad4fcbe104840fcb83e364f55438070e808d11ebe4996bc0476c4","GLOBALS BURNS","Burns state and consequences","GameTime; Player; Items; Save","Nothing; evidence only","Unknown","External frozen presentation evidence; no project wrapper","None","None","None","None","Existence does not prove reachability, rules, ordering or persistence","09C","Pending reachability/semantics capture","Project-owned opaque FeatureId"
"P1.NEEDS.018","Needs","Berry-picking skill progression","No","Frozen04A1 revision msc-world-baseline-04a1.1-c3f2f337; GAME SHA-256 c3f2f3373ccad4fcbe104840fcb83e364f55438070e808d11ebe4996bc0476c4","GLOBALS BERRY_PICKING_SKILL","Berry-picking skill progression","GameTime; Player; Items; Save","Nothing; evidence only","Unknown","External frozen presentation evidence; no project wrapper","None","None","None","None","Existence does not prove reachability, rules, ordering or persistence","09C","Pending reachability/semantics capture","Project-owned opaque FeatureId"
"P1.HOME.101","Home","Food spoilage and refrigerator modifier","Yes","Frozen04A1 revision msc-world-baseline-04a1.1-c3f2f337; GAME SHA-256 c3f2f3373ccad4fcbe104840fcb83e364f55438070e808d11ebe4996bc0476c4","WOP food/fridge anchors and SpoilingRate","Food spoilage and refrigerator modifier","World anchors; Interaction; Items; Needs; Save","Nothing; evidence only","EvidenceCaptured","External frozen presentation evidence; no project wrapper","None","None","None","None","Exact time/resource/temperature/state transitions require behavioral capture","09C","Pending","Project-owned opaque FeatureId"
"P1.HOME.102","Home","Stove cooking","Yes","Frozen04A1 revision msc-world-baseline-04a1.1-c3f2f337; GAME SHA-256 c3f2f3373ccad4fcbe104840fcb83e364f55438070e808d11ebe4996bc0476c4","WOP stove/cooking anchors","Stove cooking","World anchors; Interaction; Items; Needs; Save","Nothing; evidence only","EvidenceCaptured","External frozen presentation evidence; no project wrapper","None","None","None","None","Exact time/resource/temperature/state transitions require behavioral capture","09C","Pending","Project-owned opaque FeatureId"
"P1.HOME.103","Home","Portable grill cooking","Yes","Frozen04A1 revision msc-world-baseline-04a1.1-c3f2f337; GAME SHA-256 c3f2f3373ccad4fcbe104840fcb83e364f55438070e808d11ebe4996bc0476c4","WOP portable grill anchors","Portable grill cooking","World anchors; Interaction; Items; Needs; Save","Nothing; evidence only","EvidenceCaptured","External frozen presentation evidence; no project wrapper","None","None","None","None","Exact time/resource/temperature/state transitions require behavioral capture","09C","Pending","Project-owned opaque FeatureId"
"P1.HOME.104","Home","Electric sauna heating","Yes","Frozen04A1 revision msc-world-baseline-04a1.1-c3f2f337; GAME SHA-256 c3f2f3373ccad4fcbe104840fcb83e364f55438070e808d11ebe4996bc0476c4","WOP electric sauna heater","Electric sauna heating","World anchors; Interaction; Items; Needs; Save","Project-owned electric-sauna power/timer and game-time-driven provisional heating/cooling foundation","PartiallyImplemented","Temporary donor heater geometry with project-owned interaction anchors; visible heat/steam pending","home.state schema 1 + save document 6 migration","home.status exposes timer, temperature and steam for diagnostics","No routed heater audio yet","Home/runtime and Bootstrap compilation; migration EditMode 3/3; manual calibration pending","Exact donor temperature, timing, utility use, player effects and presentation remain pending","09C","Pending","Duplicate detailed row shares the same project-owned home state authority as P1.HOME.003"
"P1.HOME.105","Home","Wood sauna heating/fire","Yes","Frozen04A1 revision msc-world-baseline-04a1.1-c3f2f337; GAME SHA-256 c3f2f3373ccad4fcbe104840fcb83e364f55438070e808d11ebe4996bc0476c4","WOP wood sauna heater","Wood sauna heating/fire","World anchors; Interaction; Items; Needs; Save","Nothing; evidence only","EvidenceCaptured","External frozen presentation evidence; no project wrapper","None","None","None","None","Exact time/resource/temperature/state transitions require behavioral capture","09C","Pending","Project-owned opaque FeatureId"
"P1.HOME.106","Home","Kilju brewing vessel and fermentation","Yes","Frozen04A1 revision msc-world-baseline-04a1.1-c3f2f337; GAME SHA-256 c3f2f3373ccad4fcbe104840fcb83e364f55438070e808d11ebe4996bc0476c4","WOP Kilju bucket/lid and brewing FSM evidence","Kilju brewing vessel and fermentation","World anchors; Interaction; Items; Needs; Save","Nothing; evidence only","EvidenceCaptured","External frozen presentation evidence; no project wrapper","None","None","None","None","Exact time/resource/temperature/state transitions require behavioral capture","09C","Pending","Project-owned opaque FeatureId"
"P1.HOME.107","Home","Fish trap placement/catch loop","Yes","Frozen04A1 revision msc-world-baseline-04a1.1-c3f2f337; GAME SHA-256 c3f2f3373ccad4fcbe104840fcb83e364f55438070e808d11ebe4996bc0476c4","WOP fish trap","Fish trap placement/catch loop","World anchors; Interaction; Items; Needs; Save","Nothing; evidence only","EvidenceCaptured","External frozen presentation evidence; no project wrapper","None","None","None","None","Exact time/resource/temperature/state transitions require behavioral capture","09C","Pending","Project-owned opaque FeatureId"
"P1.HOME.108","Home","Coffee brewing and serving","Yes","Frozen04A1 revision msc-world-baseline-04a1.1-c3f2f337; GAME SHA-256 c3f2f3373ccad4fcbe104840fcb83e364f55438070e808d11ebe4996bc0476c4","WOP coffee pan/cup","Coffee brewing and serving","World anchors; Interaction; Items; Needs; Save","Nothing; evidence only","EvidenceCaptured","External frozen presentation evidence; no project wrapper","None","None","None","None","Exact time/resource/temperature/state transitions require behavioral capture","09C","Pending","Project-owned opaque FeatureId"
"P1.HOME.109","Home","Mosquito repellent use/effect","Yes","Frozen04A1 revision msc-world-baseline-04a1.1-c3f2f337; GAME SHA-256 c3f2f3373ccad4fcbe104840fcb83e364f55438070e808d11ebe4996bc0476c4","WOP mosquito spray","Mosquito repellent use/effect","World anchors; Interaction; Items; Needs; Save","Nothing; evidence only","EvidenceCaptured","External frozen presentation evidence; no project wrapper","None","None","None","None","Exact time/resource/temperature/state transitions require behavioral capture","09C","Pending","Project-owned opaque FeatureId"
"P1.ITEM.101","Items","Sausages package — concrete definition/state","Yes","Frozen04A1 revision msc-world-baseline-04a1.1-c3f2f337; GAME SHA-256 c3f2f3373ccad4fcbe104840fcb83e364f55438070e808d11ebe4996bc0476c4","WOP:32707 SAUSAGES_PACKAGE; normalized .034/.0005 freshness rates","F on the physical package dispenses one loose sausage; the package starts with exactly four and is never eaten directly","Stable IDs; Interaction; World streaming; Save; authoritative game time; fridge environment","Data-driven perishable package owns four deterministic child stable IDs; each F removes and spawns one physical loose sausage which inherits package freshness.","PartiallyImplemented","GeneratedValidated TemporaryDirectImport wrapper; manual visual comparison pending","Package count, contained IDs, freshness/timestamp and pose use native item/world domains; explicit native round-trip passes, row-specific unloaded-cell proof pending","Status exposes remaining count and freshness through existing item feedback","No package-specific audio evidence; ordinary pickup/interaction audio boundary unchanged","Exact-four physical dispense, child freshness inheritance and native count/freshness/cook-state round-trip pass in Items suite","Manual donor presentation/use comparison and provisional spoiled effects remain pending.","09B","Pending","Parent P1.ITEM.008; runtime IDs remain separate from FeatureId; no Verified claim."
"P1.ITEM.102","Items","Macaroni box — concrete definition/state","Yes","Frozen04A1 revision msc-world-baseline-04a1.1-c3f2f337; GAME SHA-256 c3f2f3373ccad4fcbe104840fcb83e364f55438070e808d11ebe4996bc0476c4","WOP:20912 MACARON_BOX; normalized .032/.0004 freshness rates","One F starts whole-food consumption; the physical box remains until the 1.35-second logic action completes, then disappears","Stable IDs; Interaction; World streaming; Save; authoritative game time; fridge environment","Generic data-driven whole consumption and ambient/refrigerated freshness are live and do not invoke first-person arm presentation.","PartiallyImplemented","GeneratedValidated TemporaryDirectImport wrapper; manual visual comparison pending","Freshness/timestamp/consumed state and pose use native item/world domains; row-specific unloaded-cell proof pending","Existing item status reports freshness/spoiled state and consumption feedback","No definition-specific audio comparison/event coverage","Real PlayMode verifies physical-until-complete one-F consumption; catalog, no-arm and save boundaries pass focused suites","Manual donor presentation/use comparison and provisional spoiled effects remain pending.","09B","Pending","Parent P1.ITEM.008; runtime IDs remain separate from FeatureId; no Verified claim."
"P1.ITEM.103","Items","Pizza — concrete definition/state","Yes","Frozen04A1 revision msc-world-baseline-04a1.1-c3f2f337; GAME SHA-256 c3f2f3373ccad4fcbe104840fcb83e364f55438070e808d11ebe4996bc0476c4","WOP:6888 PIZZA; normalized .026/.0003 freshness rates","One F consumes the complete item after the shared timed action; closed powered fridge slows spoilage","Stable IDs; Interaction; World streaming; Save; authoritative game time; fridge environment","Generic data-driven whole consumption and ambient/refrigerated freshness are live and do not invoke first-person arm presentation.","PartiallyImplemented","GeneratedValidated TemporaryDirectImport wrapper; manual visual comparison pending","Freshness/timestamp/consumed state and pose use native item/world domains; row-specific unloaded-cell proof pending","Existing item status reports freshness/spoiled state and consumption feedback","No definition-specific audio comparison/event coverage","Catalog/rates, no-arm path, production fridge gates and native save boundaries pass focused suites","Manual donor presentation/use comparison and provisional spoiled effects remain pending.","09B","Pending","Parent P1.ITEM.008; runtime IDs remain separate from FeatureId; no Verified claim."
"P1.ITEM.104","Items","Potato chips — concrete definition/state","Yes","Frozen04A1 revision msc-world-baseline-04a1.1-c3f2f337; GAME SHA-256 c3f2f3373ccad4fcbe104840fcb83e364f55438070e808d11ebe4996bc0476c4","WOP:19832 POTATO_CHIPS","One F consumes the complete non-perishable item after the shared timed action","Stable IDs; Interaction; World streaming; Save","Generic data-driven whole consumption is live and does not invoke first-person arm presentation.","PartiallyImplemented","Project-owned proxy fallback; no reviewed donor wrapper for this definition","Consumed state and pose use native item/world domains; row-specific stream proof pending","Existing item consumption feedback","No definition-specific audio comparison/event coverage","Catalog, whole-food and no-arm paths pass focused suites","Reviewed presentation wrapper and direct donor use comparison remain pending.","09B","Pending","Parent P1.ITEM.008; runtime IDs remain separate from FeatureId; no Verified claim."
"P1.ITEM.105","Items","Milk — concrete definition/state","Yes","Frozen04A1 revision msc-world-baseline-04a1.1-c3f2f337; GAME SHA-256 c3f2f3373ccad4fcbe104840fcb83e364f55438070e808d11ebe4996bc0476c4","WOP:14979 MILK; normalized .06/.001 freshness rates","One F consumes the complete item through the shared timed action while the existing beer Drink viewmodel holds the real milk object; active closed fridge applies the captured reduced rate","Stable IDs; Interaction; World streaming; Save; authoritative game time; fridge environment; existing first-person Drink viewmodel","Data-driven whole consumption, authored Drink presentation and ambient/refrigerated freshness are live.","PartiallyImplemented","GeneratedValidated TemporaryDirectImport wrapper; real carried renderer is attached to DrinkGripAnchor","Freshness/timestamp/consumed state and pose use native item/world domains; row-specific unloaded-cell proof pending","Existing item status reports freshness/spoiled state and consumption feedback","Existing Drink event path; definition-specific audio comparison remains pending","Catalog rates, Drink routing, production fridge gates and native save boundaries pass focused suites","Exact donor effects, final grip alignment, spoiled effects and visual comparison remain provisional/manual.","09B","Pending","Parent P1.ITEM.008; runtime IDs remain separate from FeatureId; logic completion remains authoritative; no Verified claim."
"P1.ITEM.106","Items","Yeast — concrete definition/state","Yes","Frozen04A1 revision msc-world-baseline-04a1.1-c3f2f337; GAME SHA-256 c3f2f3373ccad4fcbe104840fcb83e364f55438070e808d11ebe4996bc0476c4","WOP:3647 YEAST","Yeast exists as a stable definition and physical instance where reachable","Stable IDs; Interaction; World streaming; Save","09B catalog definition plus mutable stable instance schema; generic action/state/save support exists, donor-specific use flow remains incomplete.","PartiallyImplemented","Project-owned proxy fallback; no reviewed donor wrapper for this definition","Partial: items.instances.native.v1 logical state + world.entities pose; row-specific round-trip/stream proof pending","ItemActionCompleted hook only; definition-specific feedback pending","No definition-specific audio comparison/event coverage","Catalog/state validation boundary present; executed row-specific use/save/stream and donor comparison pending","Generic state/persistence boundary exists; donor-specific transitions, UI/audio and executed row comparison remain pending.","09B","Pending","Parent category P1.ITEM.010; category Ingredient; instance IDs remain separate from FeatureId. 09B documentation audit: runtime/catalog/presentation/save boundaries are recorded without a Verified claim."
"P1.ITEM.107","Items","Sugar — concrete definition/state","Yes","Frozen04A1 revision msc-world-baseline-04a1.1-c3f2f337; GAME SHA-256 c3f2f3373ccad4fcbe104840fcb83e364f55438070e808d11ebe4996bc0476c4","WOP:16734 SUGAR","Sugar exists as a stable definition and physical instance where reachable","Stable IDs; Interaction; World streaming; Save","09B catalog definition plus mutable stable instance schema; generic action/state/save support exists, donor-specific use flow remains incomplete.","PartiallyImplemented","Project-owned proxy fallback; no reviewed donor wrapper for this definition","Partial: items.instances.native.v1 logical state + world.entities pose; row-specific round-trip/stream proof pending","ItemActionCompleted hook only; definition-specific feedback pending","No definition-specific audio comparison/event coverage","Catalog/state validation boundary present; executed row-specific use/save/stream and donor comparison pending","Generic state/persistence boundary exists; donor-specific transitions, UI/audio and executed row comparison remain pending.","09B","Pending","Parent category P1.ITEM.010; category Ingredient; instance IDs remain separate from FeatureId. 09B documentation audit: runtime/catalog/presentation/save boundaries are recorded without a Verified claim."
"P1.ITEM.108","Items","Juice concentrate — concrete definition/state","Yes","Frozen04A1 revision msc-world-baseline-04a1.1-c3f2f337; GAME SHA-256 c3f2f3373ccad4fcbe104840fcb83e364f55438070e808d11ebe4996bc0476c4","WOP:29022 JUICE_CONCENTRATE; GameObject/juice concentrate.prefab Use FSM dispatches Hand/Drink","One F starts timed whole-item drinking with the real bottle on the existing Drink grip; the physical item disappears only after logic completion","Stable IDs; Interaction; World streaming; Save; existing first-person Drink viewmodel","Data-driven whole consumption and authored Drink presentation are live.","PartiallyImplemented","GeneratedValidated TemporaryDirectImport two-mesh wrapper; real carried renderer is attached to DrinkGripAnchor","Consumed state and pose use native item/world domains; row-specific unloaded-cell proof pending","Shared drink and consumption feedback","Existing Drink event path; definition-specific audio comparison remains pending","Catalog profile, Drink routing and sanitized presentation validation pass; manual donor use/save/stream comparison pending","Exact effects, audio and manual grip/use comparison remain pending.","09B","Pending","Parent category P1.ITEM.010; donor FSM is BehavioralReference only; instance IDs remain separate from FeatureId; no Verified claim."
"P1.ITEM.109","Items","Coffee package — concrete definition/state","Yes","Frozen04A1 revision msc-world-baseline-04a1.1-c3f2f337; GAME SHA-256 c3f2f3373ccad4fcbe104840fcb83e364f55438070e808d11ebe4996bc0476c4","WOP:34272 COFFEE","Coffee package exists as a stable definition and physical instance where reachable","Stable IDs; Interaction; World streaming; Save","09B catalog definition plus mutable stable instance schema; generic action/state/save support exists, donor-specific use flow remains incomplete.","PartiallyImplemented","Project-owned proxy fallback; no reviewed donor wrapper for this definition","Partial: items.instances.native.v1 logical state + world.entities pose; row-specific round-trip/stream proof pending","ItemActionCompleted hook only; definition-specific feedback pending","No definition-specific audio comparison/event coverage","Catalog/state validation boundary present; executed row-specific use/save/stream and donor comparison pending","Content state is authored; donor Coffee-to-groundcoffee mapping remains unresolved.","09B","Pending","Parent category P1.ITEM.007; category Ingredient; instance IDs remain separate from FeatureId. 09B documentation audit: runtime/catalog/presentation/save boundaries are recorded without a Verified claim."
"P1.ITEM.110","Items","Charcoal — concrete definition/state","Yes","Frozen04A1 revision msc-world-baseline-04a1.1-c3f2f337; GAME SHA-256 c3f2f3373ccad4fcbe104840fcb83e364f55438070e808d11ebe4996bc0476c4","WOP:32178 CHARCOAL; grillcharcoal0 prefab Rigidbody","Charcoal exists as a stable definition and physical instance where reachable","Stable IDs; Interaction; World streaming; Save","Physical 1.8 kg package content pours into compatible data-driven combustion receivers through cavity overlap and an authored 80-degree tilt at 12 units/s.","PartiallyImplemented","GeneratedValidated TemporaryDirectImport charcoal wrapper; manual stream/rendered comparison pending","items.instances.native.v1 persists package/receiver content and world.entities persists pose; focused round-trip passed","Physical tilt/overlap state and grill content mesh provide project-owned feedback; dedicated stream VFX pending","Existing interaction/audio boundary retained; dedicated charcoal-pour Wwise event and manual mix pending","Physical overlap, upright rejection, 80-degree tilt, 12/s transfer and save-compatible state pass Items tests","Package 140, Rigidbody mass 1.8 kg, grill capacity 100 and Charcoal-to-grill mapping are resolved from reviewed donor evidence; no F transfer shortcut.","09B","Pending","Parent category P1.ITEM.013; category FuelConsumable; instance IDs remain separate from FeatureId. 09B documentation audit: runtime/catalog/presentation/save boundaries are recorded without a Verified claim."
"P1.ITEM.111","Items","Cigarettes — concrete definition/state","Yes","Frozen04A1 revision msc-world-baseline-04a1.1-c3f2f337; GAME SHA-256 c3f2f3373ccad4fcbe104840fcb83e364f55438070e808d11ebe4996bc0476c4","WOP:25935 CIGARETTES","Cigarettes exists as a stable definition and physical instance where reachable","Stable IDs; Interaction; World streaming; Save","09B catalog definition plus mutable stable instance schema; generic action/state/save support exists, donor-specific use flow remains incomplete.","PartiallyImplemented","Project-owned proxy fallback; no reviewed donor wrapper for this definition","Partial: items.instances.native.v1 logical state + world.entities pose; row-specific round-trip/stream proof pending","ItemActionCompleted hook only; definition-specific feedback pending","No definition-specific audio comparison/event coverage","Catalog/state validation boundary present; executed row-specific use/save/stream and donor comparison pending","Consumable state exists; exact cigarette effects and viewmodel/audio flow remain unresolved.","09B","Pending","Parent category P1.ITEM.007; category Consumable; instance IDs remain separate from FeatureId. 09B documentation audit: runtime/catalog/presentation/save boundaries are recorded without a Verified claim."
"P1.ITEM.112","Items","Mosquito spray — concrete definition/state","Yes","Frozen04A1 revision msc-world-baseline-04a1.1-c3f2f337; GAME SHA-256 c3f2f3373ccad4fcbe104840fcb83e364f55438070e808d11ebe4996bc0476c4","WOP:33924 MOSQUITO_SPRAY","Mosquito spray exists as a stable definition and physical instance where reachable","Stable IDs; Interaction; World streaming; Save","09B catalog definition plus mutable stable instance schema; generic action/state/save support exists, donor-specific use flow remains incomplete.","PartiallyImplemented","Project-owned proxy fallback; no reviewed donor wrapper for this definition","Partial: items.instances.native.v1 logical state + world.entities pose; row-specific round-trip/stream proof pending","ItemActionCompleted hook only; definition-specific feedback pending","No definition-specific audio comparison/event coverage","Catalog/state validation boundary present; executed row-specific use/save/stream and donor comparison pending","Generic state/persistence boundary exists; donor-specific transitions, UI/audio and executed row comparison remain pending.","09B","Pending","Parent category P1.ITEM.007; category Consumable; instance IDs remain separate from FeatureId. 09B documentation audit: runtime/catalog/presentation/save boundaries are recorded without a Verified claim."
"P1.ITEM.113","Items","Beer case — concrete definition/state","Yes","Frozen04A1 revision msc-world-baseline-04a1.1-c3f2f337; GAME SHA-256 c3f2f3373ccad4fcbe104840fcb83e364f55438070e808d11ebe4996bc0476c4","WOP:34454 BEER_CASE","Beer case exists as a stable definition and physical instance where reachable","Stable IDs; Interaction; World streaming; Save","09B catalog definition plus mutable stable instance schema; generic action/state/save support exists, donor-specific use flow remains incomplete.","PartiallyImplemented","GeneratedValidated TemporaryDirectImport wrapper; manual visual comparison pending","Partial: items.instances.native.v1 logical state + world.entities pose; row-specific round-trip/stream proof pending","ItemActionCompleted hook only; definition-specific feedback pending","No definition-specific audio comparison/event coverage","Catalog/state validation boundary present; executed row-specific use/save/stream and donor comparison pending","A 24-child deterministic container is authored; bottle disposition/presentation and full use flow remain unverified.","09B","Pending","Parent category P1.ITEM.007; category DrinkContainer; instance IDs remain separate from FeatureId. 09B documentation audit: runtime/catalog/presentation/save boundaries are recorded without a Verified claim."
"P1.ITEM.114","Items","Beer bottle — concrete definition/state","Yes","Frozen04A1 revision msc-world-baseline-04a1.1-c3f2f337; GAME SHA-256 c3f2f3373ccad4fcbe104840fcb83e364f55438070e808d11ebe4996bc0476c4","WOP:21509 BEER_BOTTLE","Beer bottle exists as a stable definition and physical instance where reachable","Stable IDs; Interaction; World streaming; Save","Stable physical bottle with partial liquid state, dynamic mass and continuous held consumption; empty bottle remains a physical carried item","PartiallyImplemented","Contained bottle visual is instantiated as the real WorldItemInstance and moved through a project-owned interruptible drink pose","Partial: items.instances.native.v1 liquid state + world.entities pose; focused partial-consumption behavior is covered","ItemActionCompleted publishes proportional use deltas; held-use lifecycle drives presentation","No definition-specific audio comparison/event coverage","Continuous held-use start/continue/release/depletion, proportional effects and retained empty bottle pass focused EditMode coverage","Exact donor drink speed, final authored clip and audio remain unresolved","09B","Pending","Parent category P1.ITEM.007; 09C extends the preserved 09B item/save boundary without changing stable identity"
"P1.ITEM.115","Items","Booze bottle — concrete definition/state","Yes","Frozen04A1 revision msc-world-baseline-04a1.1-c3f2f337; GAME SHA-256 c3f2f3373ccad4fcbe104840fcb83e364f55438070e808d11ebe4996bc0476c4","Exported prefab BOOZE_BOTTLE","Booze bottle exists as a stable definition and physical instance where reachable","Stable IDs; Interaction; World streaming; Save","09B catalog definition plus mutable stable instance schema; generic action/state/save support exists, donor-specific use flow remains incomplete.","PartiallyImplemented","Project-owned proxy fallback; no reviewed donor wrapper for this definition","Partial: items.instances.native.v1 logical state + world.entities pose; row-specific round-trip/stream proof pending","ItemActionCompleted hook only; definition-specific feedback pending","No definition-specific audio comparison/event coverage","Catalog/state validation boundary present; executed row-specific use/save/stream and donor comparison pending","Drink-container state exists; exact booze effects and presentation/use comparison remain unresolved.","09B","Pending","Parent category P1.ITEM.007; category DrinkContainer; instance IDs remain separate from FeatureId. 09B documentation audit: runtime/catalog/presentation/save boundaries are recorded without a Verified claim."
"P1.ITEM.116","Items","Loose sausage — concrete definition/state","Yes","Frozen04A1 revision msc-world-baseline-04a1.1-c3f2f337; GAME SHA-256 c3f2f3373ccad4fcbe104840fcb83e364f55438070e808d11ebe4996bc0476c4","GameObject/sausage0.prefab; Mesh/sausage_fresh.asset; Texture2D/sausage_package.png; normalized .034/.0005 rates, Grill 30 and Burn 10","A dispensed physical sausage can be carried, placed on a registered heat source and eaten with F; appearance/effects follow raw, cooked, burned or spoiled state","Stable IDs; Interaction; World streaming; Save; authoritative game time; generic heat sources","Loose sausage inherits package freshness, uses the sanitized reviewed donor mesh wrapper, cooks by contact at captured 30/10-second thresholds and consumes individually through the no-arm whole-food path.","PartiallyImplemented","GeneratedValidated TemporaryDirectImport wrapper replaces the cube proxy","Individual freshness/timestamp/cooking seconds/consumed state and pose use native item/world domains; explicit round-trip passes","Status reports freshness plus raw/cooked/burned/spoiled state","No definition-specific audio comparison/event coverage","Exact-four dispense, generated wrapper validation, freshness rates, cook transitions, state-selected effects and native count/freshness/cook-state round-trip pass","Cooked effects use captured values; burned/spoiled adverse values, state-tint fidelity and manual heat-surface comparison remain provisional/pending.","09B","Pending","Parent P1.ITEM.008; runtime IDs remain separate from FeatureId; no Verified claim."
"P1.ITEM.117","Items","Sausage and potatoes meal — concrete definition/state","Yes","Frozen04A1 revision msc-world-baseline-04a1.1-c3f2f337; GAME SHA-256 c3f2f3373ccad4fcbe104840fcb83e364f55438070e808d11ebe4996bc0476c4","Exported prefab SAUSAGE_POTATOES","Sausage and potatoes meal exists as a stable definition and physical instance where reachable","Stable IDs; Interaction; World streaming; Save","09B catalog definition plus mutable stable instance schema; generic action/state/save support exists, donor-specific use flow remains incomplete.","PartiallyImplemented","Project-owned proxy fallback; no reviewed donor wrapper for this definition","Partial: items.instances.native.v1 logical state + world.entities pose; row-specific round-trip/stream proof pending","ItemActionCompleted hook only; definition-specific feedback pending","No definition-specific audio comparison/event coverage","Catalog/state validation boundary present; executed row-specific use/save/stream and donor comparison pending","Feature-specific donor transitions and executed comparison remain pending.","09B","Pending","Parent category P1.ITEM.008; category Food; instance IDs remain separate from FeatureId. 09B documentation audit: runtime/catalog/presentation/save boundaries are recorded without a Verified claim."
"P1.ITEM.118","Items","Pike — concrete definition/state","Yes","Frozen04A1 revision msc-world-baseline-04a1.1-c3f2f337; GAME SHA-256 c3f2f3373ccad4fcbe104840fcb83e364f55438070e808d11ebe4996bc0476c4","Exported prefab PIKE","Pike exists as a stable definition and physical instance where reachable","Stable IDs; Interaction; World streaming; Save","09B catalog definition plus mutable stable instance schema; generic action/state/save support exists, donor-specific use flow remains incomplete.","PartiallyImplemented","Project-owned proxy fallback; no reviewed donor wrapper for this definition","Partial: items.instances.native.v1 logical state + world.entities pose; row-specific round-trip/stream proof pending","ItemActionCompleted hook only; definition-specific feedback pending","No definition-specific audio comparison/event coverage","Catalog/state validation boundary present; executed row-specific use/save/stream and donor comparison pending","Generic state/persistence boundary exists; donor-specific transitions, UI/audio and executed row comparison remain pending.","09B","Pending","Parent category P1.ITEM.009; category Perishable; instance IDs remain separate from FeatureId. 09B documentation audit: runtime/catalog/presentation/save boundaries are recorded without a Verified claim."
"P1.ITEM.119","Items","Moose meat — concrete definition/state","Yes","Frozen04A1 revision msc-world-baseline-04a1.1-c3f2f337; GAME SHA-256 c3f2f3373ccad4fcbe104840fcb83e364f55438070e808d11ebe4996bc0476c4","Exported prefab MOOSE_MEAT","Moose meat exists as a stable definition and physical instance where reachable","Stable IDs; Interaction; World streaming; Save","09B catalog definition plus mutable stable instance schema; generic action/state/save support exists, donor-specific use flow remains incomplete.","PartiallyImplemented","Project-owned proxy fallback; no reviewed donor wrapper for this definition","Partial: items.instances.native.v1 logical state + world.entities pose; row-specific round-trip/stream proof pending","ItemActionCompleted hook only; definition-specific feedback pending","No definition-specific audio comparison/event coverage","Catalog/state validation boundary present; executed row-specific use/save/stream and donor comparison pending","Generic state/persistence boundary exists; donor-specific transitions, UI/audio and executed row comparison remain pending.","09B","Pending","Parent category P1.ITEM.009; category Perishable; instance IDs remain separate from FeatureId. 09B documentation audit: runtime/catalog/presentation/save boundaries are recorded without a Verified claim."
"P1.ITEM.120","Items","Brake fluid — concrete definition/state","Yes","Frozen04A1 revision msc-world-baseline-04a1.1-c3f2f337; GAME SHA-256 c3f2f3373ccad4fcbe104840fcb83e364f55438070e808d11ebe4996bc0476c4","Shop array; CarProducts anchors","Brake fluid exists as a stable definition and physical instance where reachable","Stable IDs; Interaction; World streaming; Save","09B catalog definition plus mutable stable instance schema; generic action/state/save support exists, donor-specific use flow remains incomplete.","PartiallyImplemented","Project-owned proxy fallback; no reviewed donor wrapper for this definition","Partial: items.instances.native.v1 logical state + world.entities pose; row-specific round-trip/stream proof pending","ItemActionCompleted hook only; definition-specific feedback pending","No definition-specific audio comparison/event coverage","Catalog/state validation boundary present; executed row-specific use/save/stream and donor comparison pending","Generic state/persistence boundary exists; donor-specific transitions, UI/audio and executed row comparison remain pending.","09B","Pending","Parent category P1.ITEM.005; category ServiceFluid; instance IDs remain separate from FeatureId. 09B documentation audit: runtime/catalog/presentation/save boundaries are recorded without a Verified claim."
"P1.ITEM.121","Items","Coolant — concrete definition/state","Yes","Frozen04A1 revision msc-world-baseline-04a1.1-c3f2f337; GAME SHA-256 c3f2f3373ccad4fcbe104840fcb83e364f55438070e808d11ebe4996bc0476c4","Shop array; CarProducts anchors","Coolant exists as a stable definition and physical instance where reachable","Stable IDs; Interaction; World streaming; Save","09B catalog definition plus mutable stable instance schema; generic action/state/save support exists, donor-specific use flow remains incomplete.","PartiallyImplemented","Project-owned proxy fallback; no reviewed donor wrapper for this definition","Partial: items.instances.native.v1 logical state + world.entities pose; row-specific round-trip/stream proof pending","ItemActionCompleted hook only; definition-specific feedback pending","No definition-specific audio comparison/event coverage","Catalog/state validation boundary present; executed row-specific use/save/stream and donor comparison pending","Generic state/persistence boundary exists; donor-specific transitions, UI/audio and executed row comparison remain pending.","09B","Pending","Parent category P1.ITEM.005; category ServiceFluid; instance IDs remain separate from FeatureId. 09B documentation audit: runtime/catalog/presentation/save boundaries are recorded without a Verified claim."
"P1.ITEM.122","Items","Motor oil — concrete definition/state","Yes","Frozen04A1 revision msc-world-baseline-04a1.1-c3f2f337; GAME SHA-256 c3f2f3373ccad4fcbe104840fcb83e364f55438070e808d11ebe4996bc0476c4","Shop array; CarProducts anchors","Motor oil exists as a stable definition and physical instance where reachable","Stable IDs; Interaction; World streaming; Save","09B catalog definition plus mutable stable instance schema; generic action/state/save support exists, donor-specific use flow remains incomplete.","PartiallyImplemented","Project-owned proxy fallback; no reviewed donor wrapper for this definition","Partial: items.instances.native.v1 logical state + world.entities pose; row-specific round-trip/stream proof pending","ItemActionCompleted hook only; definition-specific feedback pending","No definition-specific audio comparison/event coverage","Catalog/state validation boundary present; executed row-specific use/save/stream and donor comparison pending","Generic state/persistence boundary exists; donor-specific transitions, UI/audio and executed row comparison remain pending.","09B","Pending","Parent category P1.ITEM.005; category ServiceFluid; instance IDs remain separate from FeatureId. 09B documentation audit: runtime/catalog/presentation/save boundaries are recorded without a Verified claim."
"P1.ITEM.123","Items","Two-stroke oil — concrete definition/state","Yes","Frozen04A1 revision msc-world-baseline-04a1.1-c3f2f337; GAME SHA-256 c3f2f3373ccad4fcbe104840fcb83e364f55438070e808d11ebe4996bc0476c4","Shop array; CarProducts anchors","Two-stroke oil exists as a stable definition and physical instance where reachable","Stable IDs; Interaction; World streaming; Save","09B catalog definition plus mutable stable instance schema; generic action/state/save support exists, donor-specific use flow remains incomplete.","PartiallyImplemented","Project-owned proxy fallback; no reviewed donor wrapper for this definition","Partial: items.instances.native.v1 logical state + world.entities pose; row-specific round-trip/stream proof pending","ItemActionCompleted hook only; definition-specific feedback pending","No definition-specific audio comparison/event coverage","Catalog/state validation boundary present; executed row-specific use/save/stream and donor comparison pending","Generic state/persistence boundary exists; donor-specific transitions, UI/audio and executed row comparison remain pending.","09B","Pending","Parent category P1.ITEM.005; category ServiceFluid; instance IDs remain separate from FeatureId. 09B documentation audit: runtime/catalog/presentation/save boundaries are recorded without a Verified claim."
"P1.ITEM.124","Items","Alternator belt — concrete definition/state","Yes","Frozen04A1 revision msc-world-baseline-04a1.1-c3f2f337; GAME SHA-256 c3f2f3373ccad4fcbe104840fcb83e364f55438070e808d11ebe4996bc0476c4","Shop array; CarProducts anchors","Alternator belt exists as a stable definition and physical instance where reachable","Stable IDs; Interaction; World streaming; Save","09B catalog definition plus mutable stable instance schema; generic action/state/save support exists, donor-specific use flow remains incomplete.","PartiallyImplemented","Project-owned proxy fallback; no reviewed donor wrapper for this definition","Partial: items.instances.native.v1 logical state + world.entities pose; row-specific round-trip/stream proof pending","ItemActionCompleted hook only; definition-specific feedback pending","No definition-specific audio comparison/event coverage","Catalog/state validation boundary present; executed row-specific use/save/stream and donor comparison pending","Generic state/persistence boundary exists; donor-specific transitions, UI/audio and executed row comparison remain pending.","09B","Pending","Parent category P1.ITEM.017; category VehiclePartSupply; instance IDs remain separate from FeatureId. 09B documentation audit: runtime/catalog/presentation/save boundaries are recorded without a Verified claim."
"P1.ITEM.125","Items","Oil filter — concrete definition/state","Yes","Frozen04A1 revision msc-world-baseline-04a1.1-c3f2f337; GAME SHA-256 c3f2f3373ccad4fcbe104840fcb83e364f55438070e808d11ebe4996bc0476c4","Shop array; CarProducts anchors","Oil filter exists as a stable definition and physical instance where reachable","Stable IDs; Interaction; World streaming; Save","09B catalog definition plus mutable stable instance schema; generic action/state/save support exists, donor-specific use flow remains incomplete.","PartiallyImplemented","Project-owned proxy fallback; no reviewed donor wrapper for this definition","Partial: items.instances.native.v1 logical state + world.entities pose; row-specific round-trip/stream proof pending","ItemActionCompleted hook only; definition-specific feedback pending","No definition-specific audio comparison/event coverage","Catalog/state validation boundary present; executed row-specific use/save/stream and donor comparison pending","Generic state/persistence boundary exists; donor-specific transitions, UI/audio and executed row comparison remain pending.","09B","Pending","Parent category P1.ITEM.017; category VehiclePartSupply; instance IDs remain separate from FeatureId. 09B documentation audit: runtime/catalog/presentation/save boundaries are recorded without a Verified claim."
"P1.ITEM.126","Items","Sparkplug box — concrete definition/state","Yes","Frozen04A1 revision msc-world-baseline-04a1.1-c3f2f337; GAME SHA-256 c3f2f3373ccad4fcbe104840fcb83e364f55438070e808d11ebe4996bc0476c4","Shop array; CarProducts anchors","Sparkplug box exists as a stable definition and physical instance where reachable","Stable IDs; Interaction; World streaming; Save","09B catalog definition plus mutable stable instance schema; generic action/state/save support exists, donor-specific use flow remains incomplete.","PartiallyImplemented","Project-owned proxy fallback; no reviewed donor wrapper for this definition","Partial: items.instances.native.v1 logical state + world.entities pose; row-specific round-trip/stream proof pending","ItemActionCompleted hook only; definition-specific feedback pending","No definition-specific audio comparison/event coverage","Catalog/state validation boundary present; executed row-specific use/save/stream and donor comparison pending","Generic state/persistence boundary exists; donor-specific transitions, UI/audio and executed row comparison remain pending.","09B","Pending","Parent category P1.ITEM.011; category VehiclePartSupply; instance IDs remain separate from FeatureId. 09B documentation audit: runtime/catalog/presentation/save boundaries are recorded without a Verified claim."
"P1.ITEM.127","Items","Lightbulb box — concrete definition/state","Yes","Frozen04A1 revision msc-world-baseline-04a1.1-c3f2f337; GAME SHA-256 c3f2f3373ccad4fcbe104840fcb83e364f55438070e808d11ebe4996bc0476c4","Shop array; CarProducts anchors","Lightbulb box exists as a stable definition and physical instance where reachable","Stable IDs; Interaction; World streaming; Save","09B catalog definition plus mutable stable instance schema; generic action/state/save support exists, donor-specific use flow remains incomplete.","PartiallyImplemented","Project-owned proxy fallback; no reviewed donor wrapper for this definition","Partial: items.instances.native.v1 logical state + world.entities pose; row-specific round-trip/stream proof pending","ItemActionCompleted hook only; definition-specific feedback pending","No definition-specific audio comparison/event coverage","Catalog/state validation boundary present; executed row-specific use/save/stream and donor comparison pending","Generic state/persistence boundary exists; donor-specific transitions, UI/audio and executed row comparison remain pending.","09B","Pending","Parent category P1.ITEM.011; category VehiclePartSupply; instance IDs remain separate from FeatureId. 09B documentation audit: runtime/catalog/presentation/save boundaries are recorded without a Verified claim."
"P1.ITEM.128","Items","Fuse package — concrete definition/state","Yes","Frozen04A1 revision msc-world-baseline-04a1.1-c3f2f337; GAME SHA-256 c3f2f3373ccad4fcbe104840fcb83e364f55438070e808d11ebe4996bc0476c4","Shop array; CarProducts anchors","Fuse package exists as a stable definition and physical instance where reachable","Stable IDs; Interaction; World streaming; Save","09B catalog definition plus mutable stable instance schema; generic action/state/save support exists, donor-specific use flow remains incomplete.","PartiallyImplemented","Project-owned proxy fallback; no reviewed donor wrapper for this definition","Partial: items.instances.native.v1 logical state + world.entities pose; row-specific round-trip/stream proof pending","ItemActionCompleted hook only; definition-specific feedback pending","No definition-specific audio comparison/event coverage","Catalog/state validation boundary present; executed row-specific use/save/stream and donor comparison pending","Generic state/persistence boundary exists; donor-specific transitions, UI/audio and executed row comparison remain pending.","09B","Pending","Parent category P1.ITEM.011; category VehiclePartSupply; instance IDs remain separate from FeatureId. 09B documentation audit: runtime/catalog/presentation/save boundaries are recorded without a Verified claim."
"P1.ITEM.129","Items","R20 battery — concrete definition/state","Yes","Frozen04A1 revision msc-world-baseline-04a1.1-c3f2f337; GAME SHA-256 c3f2f3373ccad4fcbe104840fcb83e364f55438070e808d11ebe4996bc0476c4","Shop array; CarProducts anchors","R20 battery exists as a stable definition and physical instance where reachable","Stable IDs; Interaction; World streaming; Save","09B catalog definition plus mutable stable instance schema; generic action/state/save support exists, donor-specific use flow remains incomplete.","PartiallyImplemented","Project-owned proxy fallback; no reviewed donor wrapper for this definition","Partial: items.instances.native.v1 logical state + world.entities pose; row-specific round-trip/stream proof pending","ItemActionCompleted hook only; definition-specific feedback pending","No definition-specific audio comparison/event coverage","Catalog/state validation boundary present; executed row-specific use/save/stream and donor comparison pending","Generic state/persistence boundary exists; donor-specific transitions, UI/audio and executed row comparison remain pending.","09B","Pending","Parent category P1.ITEM.011; category Battery; instance IDs remain separate from FeatureId. 09B documentation audit: runtime/catalog/presentation/save boundaries are recorded without a Verified claim."
"P1.ITEM.130","Items","Car battery — concrete definition/state","Yes","Frozen04A1 revision msc-world-baseline-04a1.1-c3f2f337; GAME SHA-256 c3f2f3373ccad4fcbe104840fcb83e364f55438070e808d11ebe4996bc0476c4","Shop array; CarProducts anchors","Car battery exists as a stable definition and physical instance where reachable","Stable IDs; Interaction; World streaming; Save","09B catalog definition plus mutable stable instance schema; generic action/state/save support exists, donor-specific use flow remains incomplete.","PartiallyImplemented","Project-owned proxy fallback; no reviewed donor wrapper for this definition","Partial: items.instances.native.v1 logical state + world.entities pose; row-specific round-trip/stream proof pending","ItemActionCompleted hook only; definition-specific feedback pending","No definition-specific audio comparison/event coverage","Catalog/state validation boundary present; executed row-specific use/save/stream and donor comparison pending","Generic state/persistence boundary exists; donor-specific transitions, UI/audio and executed row comparison remain pending.","09B","Pending","Parent category P1.ITEM.011; category Battery; instance IDs remain separate from FeatureId. 09B documentation audit: runtime/catalog/presentation/save boundaries are recorded without a Verified claim."
"P1.ITEM.131","Items","Fire extinguisher — concrete definition/state","Yes","Frozen04A1 revision msc-world-baseline-04a1.1-c3f2f337; GAME SHA-256 c3f2f3373ccad4fcbe104840fcb83e364f55438070e808d11ebe4996bc0476c4","Shop array; CarProducts anchors","Fire extinguisher exists as a stable definition and physical instance where reachable","Stable IDs; Interaction; World streaming; Save","09B catalog definition plus mutable stable instance schema; generic action/state/save support exists, donor-specific use flow remains incomplete.","PartiallyImplemented","Project-owned proxy fallback; no reviewed donor wrapper for this definition","Partial: items.instances.native.v1 logical state + world.entities pose; row-specific round-trip/stream proof pending","ItemActionCompleted hook only; definition-specific feedback pending","No definition-specific audio comparison/event coverage","Catalog/state validation boundary present; executed row-specific use/save/stream and donor comparison pending","Generic state/persistence boundary exists; donor-specific transitions, UI/audio and executed row comparison remain pending.","09B","Pending","Parent category P1.ITEM.012; category SafetySupply; instance IDs remain separate from FeatureId. 09B documentation audit: runtime/catalog/presentation/save boundaries are recorded without a Verified claim."
"P1.ITEM.132","Items","Spray paint variants — concrete definition/state","Yes","Frozen04A1 revision msc-world-baseline-04a1.1-c3f2f337; GAME SHA-256 c3f2f3373ccad4fcbe104840fcb83e364f55438070e808d11ebe4996bc0476c4","GAME shop paint variants","Spray paint variants exists as a stable definition and physical instance where reachable","Stable IDs; Interaction; World streaming; Save","09B catalog definition plus mutable stable instance schema; generic action/state/save support exists, donor-specific use flow remains incomplete.","PartiallyImplemented","Project-owned proxy fallback; no reviewed donor wrapper for this definition","Partial: items.instances.native.v1 logical state + world.entities pose; row-specific round-trip/stream proof pending","ItemActionCompleted hook only; definition-specific feedback pending","No definition-specific audio comparison/event coverage","Catalog/state validation boundary present; executed row-specific use/save/stream and donor comparison pending","Generic state/persistence boundary exists; donor-specific transitions, UI/audio and executed row comparison remain pending.","09B","Pending","Parent category P1.ITEM.017; category ServiceSupply; instance IDs remain separate from FeatureId. 09B documentation audit: runtime/catalog/presentation/save boundaries are recorded without a Verified claim."
"P1.ITEM.133","Items","Gasoline can — concrete definition/state","Yes","Frozen04A1 revision msc-world-baseline-04a1.1-c3f2f337; GAME SHA-256 c3f2f3373ccad4fcbe104840fcb83e364f55438070e808d11ebe4996bc0476c4","WOP:8644 GASOLINE_CAN","Gasoline can exists as a stable definition and physical instance where reachable","Stable IDs; Interaction; World streaming; Save","09B catalog definition plus mutable stable instance schema; generic action/state/save support exists, donor-specific use flow remains incomplete.","PartiallyImplemented","GeneratedValidated TemporaryDirectImport wrapper; manual visual comparison pending","Partial: items.instances.native.v1 logical state + world.entities pose; row-specific round-trip/stream proof pending","ItemActionCompleted hook only; definition-specific feedback pending","No definition-specific audio comparison/event coverage","Catalog/state validation boundary present; executed row-specific use/save/stream and donor comparison pending","Generic state/persistence boundary exists; donor-specific transitions, UI/audio and executed row comparison remain pending.","09B","Pending","Parent category P1.ITEM.004; category ToolContainer; instance IDs remain separate from FeatureId. 09B documentation audit: runtime/catalog/presentation/save boundaries are recorded without a Verified claim."
"P1.ITEM.134","Items","Diesel can — concrete definition/state","Yes","Frozen04A1 revision msc-world-baseline-04a1.1-c3f2f337; GAME SHA-256 c3f2f3373ccad4fcbe104840fcb83e364f55438070e808d11ebe4996bc0476c4","WOP:13272 DIESEL_CAN","Diesel can exists as a stable definition and physical instance where reachable","Stable IDs; Interaction; World streaming; Save","09B catalog definition plus mutable stable instance schema; generic action/state/save support exists, donor-specific use flow remains incomplete.","PartiallyImplemented","GeneratedValidated TemporaryDirectImport wrapper; manual visual comparison pending","Partial: items.instances.native.v1 logical state + world.entities pose; row-specific round-trip/stream proof pending","ItemActionCompleted hook only; definition-specific feedback pending","No definition-specific audio comparison/event coverage","Catalog/state validation boundary present; executed row-specific use/save/stream and donor comparison pending","Generic state/persistence boundary exists; donor-specific transitions, UI/audio and executed row comparison remain pending.","09B","Pending","Parent category P1.ITEM.004; category ToolContainer; instance IDs remain separate from FeatureId. 09B documentation audit: runtime/catalog/presentation/save boundaries are recorded without a Verified claim."
"P1.ITEM.135","Items","Axe — concrete definition/state","Yes","Frozen04A1 revision msc-world-baseline-04a1.1-c3f2f337; GAME SHA-256 c3f2f3373ccad4fcbe104840fcb83e364f55438070e808d11ebe4996bc0476c4","WOP:3472 AXE","Axe exists as a stable definition and physical instance where reachable","Stable IDs; Interaction; World streaming; Save","09B catalog definition plus mutable stable instance schema; generic action/state/save support exists, donor-specific use flow remains incomplete.","PartiallyImplemented","GeneratedValidated TemporaryDirectImport wrapper; manual visual comparison pending","Partial: items.instances.native.v1 logical state + world.entities pose; row-specific round-trip/stream proof pending","ItemActionCompleted hook only; definition-specific feedback pending","No definition-specific audio comparison/event coverage","Catalog/state validation boundary present; executed row-specific use/save/stream and donor comparison pending","Generic state/persistence boundary exists; donor-specific transitions, UI/audio and executed row comparison remain pending.","09B","Pending","Parent category P1.ITEM.003; category Tool; instance IDs remain separate from FeatureId. 09B documentation audit: runtime/catalog/presentation/save boundaries are recorded without a Verified claim."
"P1.ITEM.136","Items","Digging bar — concrete definition/state","Yes","Frozen04A1 revision msc-world-baseline-04a1.1-c3f2f337; GAME SHA-256 c3f2f3373ccad4fcbe104840fcb83e364f55438070e808d11ebe4996bc0476c4","WOP:23704 DIGGING_BAR","Digging bar exists as a stable definition and physical instance where reachable","Stable IDs; Interaction; World streaming; Save","09B catalog definition plus mutable stable instance schema; generic action/state/save support exists, donor-specific use flow remains incomplete.","PartiallyImplemented","GeneratedValidated TemporaryDirectImport wrapper; manual visual comparison pending","Partial: items.instances.native.v1 logical state + world.entities pose; row-specific round-trip/stream proof pending","ItemActionCompleted hook only; definition-specific feedback pending","No definition-specific audio comparison/event coverage","Catalog/state validation boundary present; executed row-specific use/save/stream and donor comparison pending","Generic state/persistence boundary exists; donor-specific transitions, UI/audio and executed row comparison remain pending.","09B","Pending","Parent category P1.ITEM.003; category Tool; instance IDs remain separate from FeatureId. 09B documentation audit: runtime/catalog/presentation/save boundaries are recorded without a Verified claim."
"P1.ITEM.137","Items","Sledgehammer — concrete definition/state","Yes","Frozen04A1 revision msc-world-baseline-04a1.1-c3f2f337; GAME SHA-256 c3f2f3373ccad4fcbe104840fcb83e364f55438070e808d11ebe4996bc0476c4","WOP:32029 SLEDGEHAMMER","Sledgehammer exists as a stable definition and physical instance where reachable","Stable IDs; Interaction; World streaming; Save","09B catalog definition plus mutable stable instance schema; generic action/state/save support exists, donor-specific use flow remains incomplete.","PartiallyImplemented","GeneratedValidated TemporaryDirectImport wrapper; manual visual comparison pending","Partial: items.instances.native.v1 logical state + world.entities pose; row-specific round-trip/stream proof pending","ItemActionCompleted hook only; definition-specific feedback pending","No definition-specific audio comparison/event coverage","Catalog/state validation boundary present; executed row-specific use/save/stream and donor comparison pending","Generic state/persistence boundary exists; donor-specific transitions, UI/audio and executed row comparison remain pending.","09B","Pending","Parent category P1.ITEM.003; category Tool; instance IDs remain separate from FeatureId. 09B documentation audit: runtime/catalog/presentation/save boundaries are recorded without a Verified claim."
"P1.ITEM.138","Items","Spanner set — concrete definition/state","Yes","Frozen04A1 revision msc-world-baseline-04a1.1-c3f2f337; GAME SHA-256 c3f2f3373ccad4fcbe104840fcb83e364f55438070e808d11ebe4996bc0476c4","WOP:33457 SPANNER_SET; donor lid pivot/open quaternion; spanner_box_open/close clips; Tools/spanner5..15 meshes","F opens/closes the physical case; LMB takes an individual compatible wrench","Stable IDs; Interaction; World streaming; Save; Vehicle assembly","Project-owned case controller uses evidenced 0.45/0.25 s motion and exposes eleven physical wrench identities 5..15; the case itself has no tool identity","PartiallyImplemented","GeneratedValidated TemporaryDirectImport case/lid/tool presentation behind a project-owned wrapper; manual visual comparison pending","items.instances.native.v1 persists case open state and dynamic restore/cell rematerialization; individual detached wrench manual save acceptance pending","Context action distinguishes opening the case from taking a wrench","No definition-specific audio comparison/event coverage","Presentation validator/build passed; targeted definition/open/save/stream EditMode 5/5","Auxiliary tools in the case remain presentation-only; manual ray access/alignment and audio comparison remain pending","09B","Pending","Parent category P1.ITEM.001; donor clips/FSMs are not runtime authority; instance IDs remain separate from FeatureId"
"P1.ITEM.139","Items","Wiring mess — concrete definition/state","Yes","Frozen04A1 revision msc-world-baseline-04a1.1-c3f2f337; GAME SHA-256 c3f2f3373ccad4fcbe104840fcb83e364f55438070e808d11ebe4996bc0476c4","WOP:29102 WIRING_MESS","Wiring mess exists as a stable definition and physical instance where reachable","Stable IDs; Interaction; World streaming; Save","09B catalog definition plus mutable stable instance schema; generic action/state/save support exists, donor-specific use flow remains incomplete.","PartiallyImplemented","GeneratedValidated TemporaryDirectImport wrapper; manual visual comparison pending","Partial: items.instances.native.v1 logical state + world.entities pose; row-specific round-trip/stream proof pending","ItemActionCompleted hook only; definition-specific feedback pending","No definition-specific audio comparison/event coverage","Catalog/state validation boundary present; executed row-specific use/save/stream and donor comparison pending","Generic state/persistence boundary exists; donor-specific transitions, UI/audio and executed row comparison remain pending.","09B","Pending","Parent category P1.ITEM.001; category Tool; instance IDs remain separate from FeatureId. 09B documentation audit: runtime/catalog/presentation/save boundaries are recorded without a Verified claim."
"P1.ITEM.140","Items","Car jack — concrete definition/state","Yes","Frozen04A1 revision msc-world-baseline-04a1.1-c3f2f337; GAME SHA-256 c3f2f3373ccad4fcbe104840fcb83e364f55438070e808d11ebe4996bc0476c4","WOP:71 CAR_JACK","Car jack exists as a stable definition and physical instance where reachable","Stable IDs; Interaction; World streaming; Save","09B catalog definition plus mutable stable instance schema; generic action/state/save support exists, donor-specific use flow remains incomplete.","PartiallyImplemented","GeneratedValidated TemporaryDirectImport wrapper; manual visual comparison pending","Partial: items.instances.native.v1 logical state + world.entities pose; row-specific round-trip/stream proof pending","ItemActionCompleted hook only; definition-specific feedback pending","No definition-specific audio comparison/event coverage","Catalog/state validation boundary present; executed row-specific use/save/stream and donor comparison pending","Generic state/persistence boundary exists; donor-specific transitions, UI/audio and executed row comparison remain pending.","09B","Pending","Parent category P1.ITEM.002; category Tool; instance IDs remain separate from FeatureId. 09B documentation audit: runtime/catalog/presentation/save boundaries are recorded without a Verified claim."
"P1.ITEM.141","Items","Floor jack — concrete definition/state","Yes","Frozen04A1 revision msc-world-baseline-04a1.1-c3f2f337; GAME SHA-256 c3f2f3373ccad4fcbe104840fcb83e364f55438070e808d11ebe4996bc0476c4","WOP:33712 FLOOR_JACK","Floor jack exists as a stable definition and physical instance where reachable","Stable IDs; Interaction; World streaming; Save","09B catalog definition plus mutable stable instance schema; generic action/state/save support exists, donor-specific use flow remains incomplete.","PartiallyImplemented","GeneratedValidated TemporaryDirectImport wrapper; manual visual comparison pending","Partial: items.instances.native.v1 logical state + world.entities pose; row-specific round-trip/stream proof pending","ItemActionCompleted hook only; definition-specific feedback pending","No definition-specific audio comparison/event coverage","Catalog/state validation boundary present; executed row-specific use/save/stream and donor comparison pending","Generic state/persistence boundary exists; donor-specific transitions, UI/audio and executed row comparison remain pending.","09B","Pending","Parent category P1.ITEM.002; category Tool; instance IDs remain separate from FeatureId. 09B documentation audit: runtime/catalog/presentation/save boundaries are recorded without a Verified claim."
"P1.ITEM.142","Items","Motor hoist — concrete definition/state","Yes","Frozen04A1 revision msc-world-baseline-04a1.1-c3f2f337; GAME SHA-256 c3f2f3373ccad4fcbe104840fcb83e364f55438070e808d11ebe4996bc0476c4","WOP:11154 MOTOR_HOIST","Motor hoist exists as a stable definition and physical instance where reachable","Stable IDs; Interaction; World streaming; Save","09B catalog definition plus mutable stable instance schema; generic action/state/save support exists, donor-specific use flow remains incomplete.","PartiallyImplemented","GeneratedValidated TemporaryDirectImport wrapper; manual visual comparison pending","Partial: items.instances.native.v1 logical state + world.entities pose; row-specific round-trip/stream proof pending","ItemActionCompleted hook only; definition-specific feedback pending","No definition-specific audio comparison/event coverage","Catalog/state validation boundary present; executed row-specific use/save/stream and donor comparison pending","Generic state/persistence boundary exists; donor-specific transitions, UI/audio and executed row comparison remain pending.","09B","Pending","Parent category P1.ITEM.002; category Tool; instance IDs remain separate from FeatureId. 09B documentation audit: runtime/catalog/presentation/save boundaries are recorded without a Verified claim."
"P1.ITEM.143","Items","Kilju bucket — concrete definition/state","Yes","Frozen04A1 revision msc-world-baseline-04a1.1-c3f2f337; GAME SHA-256 c3f2f3373ccad4fcbe104840fcb83e364f55438070e808d11ebe4996bc0476c4","WOP:20811 KILJU_BUCKET","Kilju bucket exists as a stable definition and physical instance where reachable","Stable IDs; Interaction; World streaming; Save","Bucket body remains pickup/liquid authority; the separate lid F target drives saved isOpen and state-owned content surfaces.","PartiallyImplemented","GeneratedValidated TemporaryDirectImport wrapper; manual visual comparison pending","items.instances.native.v1 persists liquid/open state and world.entities persists pose; focused state round-trip passed","Separate lid prompt/highlight and state-driven water/ingredient visibility are live","Existing interaction/audio boundary retained; dedicated lid Wwise comparison remains pending","Sanitized wrapper validation and independent lid/empty-content tests pass; manual collision/rendered comparison pending","Body F no longer toggles. Empty blue water/sugar/yeast helpers are hidden; lid hinge/travel are explicit project-owned behavior.","09B","Pending","Parent category P1.ITEM.010; category Container; instance IDs remain separate from FeatureId. 09B documentation audit: runtime/catalog/presentation/save boundaries are recorded without a Verified claim."
"P1.ITEM.144","Items","Kilju lid — concrete definition/state","Yes","Frozen04A1 revision msc-world-baseline-04a1.1-c3f2f337; GAME SHA-256 c3f2f3373ccad4fcbe104840fcb83e364f55438070e808d11ebe4996bc0476c4","WOP:35972 KILJU_LID","Kilju lid exists as a stable definition and physical instance where reachable","Stable IDs; Interaction; World streaming; Save","Canonical lid presentation is adopted by the bucket's project-owned hinge without replacing the independent stable item record.","PartiallyImplemented","GeneratedValidated TemporaryDirectImport wrapper; manual visual comparison pending","items.instances.native.v1 and world.entities retain the canonical lid record while bucket isOpen drives presentation","Bucket lid prompt/highlight and open/close state feedback are live","Existing interaction/audio boundary retained; dedicated lid Wwise comparison remains pending","Sanitized wrapper/stable companion validation and independent lid tests pass; manual collision/rendered comparison pending","Canonical stable entity 216a0dc4d7da58e5ae2fe6d1784ff54c remains authoritative; hinge is Reimplemented because donor lid is loose.","09B","Pending","Parent category P1.ITEM.010; category ContainerPart; instance IDs remain separate from FeatureId. 09B documentation audit: runtime/catalog/presentation/save boundaries are recorded without a Verified claim."
"P1.ITEM.145","Items","Sauna bucket — concrete definition/state","Yes","Frozen04A1 revision msc-world-baseline-04a1.1-c3f2f337; GAME SHA-256 c3f2f3373ccad4fcbe104840fcb83e364f55438070e808d11ebe4996bc0476c4","WOP:11173 SAUNA_BUCKET","Sauna bucket exists as a stable definition and physical instance where reachable","Stable IDs; Interaction; World streaming; Save","10 L always-open water container; fills continuously from physical tap/shower streams, transfers to compatible containers/sauna receiver and automatically drains through the typed spill path when tilted.","PartiallyImplemented","GeneratedValidated TemporaryDirectImport wrapper; flat donor Water insert is suppressed and calibrates a project-owned litres-driven closed HDRP water volume plus downward tilt stream; manual visual comparison pending","items.instances.native.v1 persists liquid ID/amount; world.entities persists pose; streamed round-trip pending","Typed liquid event/prompt coverage; locked volume UI pending","Definition-specific fill/pour/spill audio pending","Catalog, physical-fill, in-container-volume and tilt-drain tests passed within the focused 51/51 correction run","Ripple/flow audio, donor-rate calibration and manual visual comparison remain pending.","09B","Pending","Parent P1.ITEM.006; no open/close action; stable instance identity is independent of presentation."
"P1.ITEM.146","Items","Sauna dipper — concrete definition/state","Yes","Frozen04A1 revision msc-world-baseline-04a1.1-c3f2f337; GAME SHA-256 c3f2f3373ccad4fcbe104840fcb83e364f55438070e808d11ebe4996bc0476c4","WOP:9387 SAUNA_DIPPER","Sauna dipper exists as a stable definition and physical instance where reachable","Stable IDs; Interaction; World streaming; Save","0.5 L always-open water container; fills continuously from physical tap/shower streams, transfers through the project capability path, pours to the sauna receiver and automatically drains when tilted.","PartiallyImplemented","GeneratedValidated TemporaryDirectImport wrapper with project-owned litres-driven closed HDRP water volume and downward tilt stream; manual visual comparison pending","items.instances.native.v1 persists liquid ID/amount; world.entities persists pose; streamed round-trip pending","Typed liquid event/prompt coverage; locked volume UI pending","Definition-specific fill/pour/spill audio pending","Catalog, physical-fill, dynamic-volume and tilt-drain tests passed within the focused 51/51 correction run","Ripple/flow audio, donor-rate calibration and manual visual comparison remain pending.","09B","Pending","Parent P1.ITEM.006; no open/close action; stable instance identity is independent of presentation."
"P1.ITEM.147","Items","Wood carrier — concrete definition/state","Yes","Frozen04A1 revision msc-world-baseline-04a1.1-c3f2f337; GAME SHA-256 c3f2f3373ccad4fcbe104840fcb83e364f55438070e808d11ebe4996bc0476c4","WOP:7095 WOOD_CARRIER","Wood carrier exists as a stable definition and physical instance where reachable","Stable IDs; Interaction; World streaming; Save","09B catalog definition plus mutable stable instance schema; generic action/state/save support exists, donor-specific use flow remains incomplete.","PartiallyImplemented","GeneratedValidated TemporaryDirectImport wrapper; manual visual comparison pending","Partial: items.instances.native.v1 logical state + world.entities pose; row-specific round-trip/stream proof pending","ItemActionCompleted hook only; definition-specific feedback pending","No definition-specific audio comparison/event coverage","Catalog/state validation boundary present; executed row-specific use/save/stream and donor comparison pending","Generic state/persistence boundary exists; donor-specific transitions, UI/audio and executed row comparison remain pending.","09B","Pending","Parent category P1.ITEM.013; category CargoContainer; instance IDs remain separate from FeatureId. 09B documentation audit: runtime/catalog/presentation/save boundaries are recorded without a Verified claim."
"P1.ITEM.148","Items","Garbage barrel — concrete definition/state","Yes","Frozen04A1 revision msc-world-baseline-04a1.1-c3f2f337; GAME SHA-256 c3f2f3373ccad4fcbe104840fcb83e364f55438070e808d11ebe4996bc0476c4","WOP:7186 GARBAGE_BARREL","Garbage barrel exists as a stable definition and physical instance where reachable","Stable IDs; Interaction; World streaming; Save","Always-open one-way Ignite definition with a project-owned full-cavity burn scan; eligible thrown items become consumed after 2.5 seconds anywhere inside the lit hot cavity.","PartiallyImplemented","GeneratedValidated TemporaryDirectImport wrapper plus selectively imported six-layer Fire001 particles; project HDRP materials, continuous source-density emission, restored source scale and a lowered cavity origin; manual visual comparison pending","items.instances.native.v1 persists lit barrel and consumed item state; streamed round-trip pending","Поджечь/Горит prompt plus typed Ignited/Burned actions","Fire/burn-specific audio pending","Catalog, ignition/full-cavity burn/save checks passed within focused 51/51; resource/HDRP checks passed within focused 27/27; restored scale, zero-burst continuous 410 particles/second and lower-origin regression passed in focused Fluid EditMode 6/6","Final visual calibration/audio, disposable variants and manual streamed donor comparison pending.","09B","Pending","Parent P1.ITEM.018; open/close removed; critical-recovery items are intentionally not destroyed; Fire001 is user-supplied third-party presentation, not donor gameplay authority."
"P1.ITEM.149","Items","Portable grill — concrete definition/state","Yes","Frozen04A1 revision msc-world-baseline-04a1.1-c3f2f337; GAME SHA-256 c3f2f3373ccad4fcbe104840fcb83e364f55438070e808d11ebe4996bc0476c4","WOP:8021 PORTABLE_GRILL; normalized grill state values","Portable grill accepts physically poured charcoal, ignites by body F, transitions flame to embers and heats physically placed food","Stable IDs; Interaction; World streaming; Save; IItemHeatSource","ItemCombustionDefinition drives physical pour, ignition, flame/ember consumption and the existing generic ItemHeatSourceVolume.","PartiallyImplemented","GeneratedValidated TemporaryDirectImport wrapper; manual visual comparison pending","items.instances.native.v1 persists content/enabled/open/wet/burn-time and world.entities persists pose; focused state round-trip passed","Separate cover and body prompts, state-driven charcoal mesh and HDRP active-flame presentation","Existing interaction/audio boundary retained; dedicated pour/lid Wwise events and manual mix pending","Catalog, physical pour, ignition, 120-second flame, ember depletion, wet extinguish, cover and cooking transitions pass","Donor fuel lifecycle is transferred; global rain-to-local wet binding, dedicated audio, footprint and rendered comparison remain pending.","09B","Pending","Parent P1.ITEM.014; runtime IDs remain separate from FeatureId; no Verified claim."
"P1.ITEM.150","Items","Coffee pan — concrete definition/state","Yes","Frozen04A1 revision msc-world-baseline-04a1.1-c3f2f337; GAME SHA-256 c3f2f3373ccad4fcbe104840fcb83e364f55438070e808d11ebe4996bc0476c4","WOP:12113 COFFEE_PAN","Coffee pan exists as a stable definition and physical instance where reachable","Stable IDs; Interaction; World streaming; Save","09B catalog definition plus mutable stable instance schema; generic action/state/save support exists, donor-specific use flow remains incomplete.","PartiallyImplemented","GeneratedValidated TemporaryDirectImport wrapper; manual visual comparison pending","Partial: items.instances.native.v1 logical state + world.entities pose; row-specific round-trip/stream proof pending","ItemActionCompleted hook only; definition-specific feedback pending","No definition-specific audio comparison/event coverage","Catalog/state validation boundary present; executed row-specific use/save/stream and donor comparison pending","Generic state/persistence boundary exists; donor-specific transitions, UI/audio and executed row comparison remain pending.","09B","Pending","Parent category P1.ITEM.007; category Container; instance IDs remain separate from FeatureId. 09B documentation audit: runtime/catalog/presentation/save boundaries are recorded without a Verified claim."
"P1.ITEM.151","Items","Coffee cup — concrete definition/state","Yes","Frozen04A1 revision msc-world-baseline-04a1.1-c3f2f337; GAME SHA-256 c3f2f3373ccad4fcbe104840fcb83e364f55438070e808d11ebe4996bc0476c4","WOP:23943 COFFEE_CUP","Coffee cup exists as a stable definition and physical instance where reachable","Stable IDs; Interaction; World streaming; Save","09B catalog definition plus mutable stable instance schema; generic action/state/save support exists, donor-specific use flow remains incomplete.","PartiallyImplemented","GeneratedValidated TemporaryDirectImport wrapper; manual visual comparison pending","Partial: items.instances.native.v1 logical state + world.entities pose; row-specific round-trip/stream proof pending","ItemActionCompleted hook only; definition-specific feedback pending","No definition-specific audio comparison/event coverage","Catalog/state validation boundary present; executed row-specific use/save/stream and donor comparison pending","Generic state/persistence boundary exists; donor-specific transitions, UI/audio and executed row comparison remain pending.","09B","Pending","Parent category P1.ITEM.007; category Container; instance IDs remain separate from FeatureId. 09B documentation audit: runtime/catalog/presentation/save boundaries are recorded without a Verified claim."
"P1.ITEM.152","Items","Fish trap — concrete definition/state","Yes","Frozen04A1 revision msc-world-baseline-04a1.1-c3f2f337; GAME SHA-256 c3f2f3373ccad4fcbe104840fcb83e364f55438070e808d11ebe4996bc0476c4","WOP:20483 FISH_TRAP","Fish trap exists as a stable definition and physical instance where reachable","Stable IDs; Interaction; World streaming; Save","09B catalog definition plus mutable stable instance schema; generic action/state/save support exists, donor-specific use flow remains incomplete.","PartiallyImplemented","GeneratedValidated TemporaryDirectImport wrapper; manual visual comparison pending","Partial: items.instances.native.v1 logical state + world.entities pose; row-specific round-trip/stream proof pending","ItemActionCompleted hook only; definition-specific feedback pending","No definition-specific audio comparison/event coverage","Catalog/state validation boundary present; executed row-specific use/save/stream and donor comparison pending","Generic state/persistence boundary exists; donor-specific transitions, UI/audio and executed row comparison remain pending.","09B","Pending","Parent category P1.ITEM.009; category ToolContainer; instance IDs remain separate from FeatureId. 09B documentation audit: runtime/catalog/presentation/save boundaries are recorded without a Verified claim."
"P1.ITEM.153","Items","Flashlight — concrete definition/state","Yes","Frozen04A1 revision msc-world-baseline-04a1.1-c3f2f337; GAME SHA-256 c3f2f3373ccad4fcbe104840fcb83e364f55438070e808d11ebe4996bc0476c4","WOP:33221 FLASHLIGHT","Flashlight exists as a stable definition and physical instance where reachable","Stable IDs; Interaction; World streaming; Save","09B catalog definition plus mutable stable instance schema; generic action/state/save support exists, donor-specific use flow remains incomplete.","PartiallyImplemented","GeneratedValidated TemporaryDirectImport wrapper; manual visual comparison pending","Partial: items.instances.native.v1 logical state + world.entities pose; row-specific round-trip/stream proof pending","ItemActionCompleted hook only; definition-specific feedback pending","No definition-specific audio comparison/event coverage","Catalog/state validation boundary present; executed row-specific use/save/stream and donor comparison pending","Generic state/persistence boundary exists; donor-specific transitions, UI/audio and executed row comparison remain pending.","09B","Pending","Parent category P1.ITEM.014; category PortableDevice; instance IDs remain separate from FeatureId. 09B documentation audit: runtime/catalog/presentation/save boundaries are recorded without a Verified claim."
"P1.ITEM.154","Items","Lantern — concrete definition/state","Yes","Frozen04A1 revision msc-world-baseline-04a1.1-c3f2f337; GAME SHA-256 c3f2f3373ccad4fcbe104840fcb83e364f55438070e808d11ebe4996bc0476c4","WOP:5326 LANTERN","Lantern exists as a stable definition and physical instance where reachable","Stable IDs; Interaction; World streaming; Save","09B catalog definition plus mutable stable instance schema; generic action/state/save support exists, donor-specific use flow remains incomplete.","PartiallyImplemented","GeneratedValidated TemporaryDirectImport wrapper; manual visual comparison pending","Partial: items.instances.native.v1 logical state + world.entities pose; row-specific round-trip/stream proof pending","ItemActionCompleted hook only; definition-specific feedback pending","No definition-specific audio comparison/event coverage","Catalog/state validation boundary present; executed row-specific use/save/stream and donor comparison pending","Generic state/persistence boundary exists; donor-specific transitions, UI/audio and executed row comparison remain pending.","09B","Pending","Parent category P1.ITEM.014; category PortableDevice; instance IDs remain separate from FeatureId. 09B documentation audit: runtime/catalog/presentation/save boundaries are recorded without a Verified claim."
"P1.ITEM.155","Items","Helmet — concrete definition/state","Yes","Frozen04A1 revision msc-world-baseline-04a1.1-c3f2f337; GAME SHA-256 c3f2f3373ccad4fcbe104840fcb83e364f55438070e808d11ebe4996bc0476c4","WOP:31962 HELMET","Helmet exists as a stable definition and physical instance where reachable","Stable IDs; Interaction; World streaming; Save","09B stable item instance plus project-owned paint-applied, paint-matte and RGB state; HelmetPaintPresentation applies color/smoothness through a MaterialPropertyBlock without importing donor FSM authority.","PartiallyImplemented","GeneratedValidated TemporaryDirectImport wrapper now uses the hash-locked racing_accessories atlas; manual visual comparison pending","Partial: items.instances.native.v1 persists generic paint fields and world.entities.native.v2 owns dynamic pose/gravity; v10-to-v11 paint-state migration and automated logical-state tests pass, unloaded-cell/manual round-trip pending","ItemActionCompleted hook only; definition-specific feedback pending","No definition-specific audio comparison/event coverage","Executed Item/Save EditMode suite covers atomic paint state and v10-to-v11 migration; wearable/use, unloaded-stream and donor visual comparison pending","Exact spray-can targeting/color mapping, wearable behavior, UI/audio and manual donor comparison remain pending; no donor paint FSM is used.","09B","Pending","Parent category P1.ITEM.012; category WearableSafety; instance IDs remain separate from FeatureId. Temporary surface provenance is recorded in Phase1ItemSurfacePresentationManifest.json."
"P1.ITEM.156","Items","Radar detector — concrete definition/state","Yes","Frozen04A1 revision msc-world-baseline-04a1.1-c3f2f337; GAME SHA-256 c3f2f3373ccad4fcbe104840fcb83e364f55438070e808d11ebe4996bc0476c4","WOP:10329 RADAR_DETECTOR","Radar detector exists as a stable definition and physical instance where reachable","Stable IDs; Interaction; World streaming; Save","09B catalog definition plus mutable stable instance schema; generic action/state/save support exists, donor-specific use flow remains incomplete.","PartiallyImplemented","GeneratedValidated TemporaryDirectImport wrapper; manual visual comparison pending","Partial: items.instances.native.v1 logical state + world.entities pose; row-specific round-trip/stream proof pending","ItemActionCompleted hook only; definition-specific feedback pending","No definition-specific audio comparison/event coverage","Catalog/state validation boundary present; executed row-specific use/save/stream and donor comparison pending","Generic state/persistence boundary exists; donor-specific transitions, UI/audio and executed row comparison remain pending.","09B","Pending","Parent category P1.ITEM.014; category PortableDevice; instance IDs remain separate from FeatureId. 09B documentation audit: runtime/catalog/presentation/save boundaries are recorded without a Verified claim."
"P1.ITEM.157","Items","Portable radio — concrete definition/state","Yes","Frozen04A1 revision msc-world-baseline-04a1.1-c3f2f337; GAME SHA-256 c3f2f3373ccad4fcbe104840fcb83e364f55438070e808d11ebe4996bc0476c4","WOP:34307 PORTABLE_RADIO","Portable radio exists as a stable definition and physical instance where reachable","Stable IDs; Interaction; World streaming; Save","09B catalog definition plus mutable stable instance schema; generic action/state/save support exists, donor-specific use flow remains incomplete.","PartiallyImplemented","GeneratedValidated TemporaryDirectImport wrapper; manual visual comparison pending","Partial: items.instances.native.v1 logical state + world.entities pose; row-specific round-trip/stream proof pending","ItemActionCompleted hook only; definition-specific feedback pending","No definition-specific audio comparison/event coverage","Catalog/state validation boundary present; executed row-specific use/save/stream and donor comparison pending","Generic state/persistence boundary exists; donor-specific transitions, UI/audio and executed row comparison remain pending.","09B","Pending","Parent category P1.ITEM.014; category PortableDevice; instance IDs remain separate from FeatureId. 09B documentation audit: runtime/catalog/presentation/save boundaries are recorded without a Verified claim."
"P1.ITEM.158","Items","Camera — concrete definition/state","Yes","Frozen04A1 revision msc-world-baseline-04a1.1-c3f2f337; GAME SHA-256 c3f2f3373ccad4fcbe104840fcb83e364f55438070e808d11ebe4996bc0476c4","WOP:11211 CAMERA","Camera exists as a stable definition and physical instance where reachable","Stable IDs; Interaction; World streaming; Save","09B catalog definition plus mutable stable instance schema; generic action/state/save support exists, donor-specific use flow remains incomplete.","PartiallyImplemented","GeneratedValidated TemporaryDirectImport wrapper; manual visual comparison pending","Partial: items.instances.native.v1 logical state + world.entities pose; row-specific round-trip/stream proof pending","ItemActionCompleted hook only; definition-specific feedback pending","No definition-specific audio comparison/event coverage","Catalog/state validation boundary present; executed row-specific use/save/stream and donor comparison pending","Generic state/persistence boundary exists; donor-specific transitions, UI/audio and executed row comparison remain pending.","09B","Pending","Parent category P1.ITEM.014; category PortableDevice; instance IDs remain separate from FeatureId. 09B documentation audit: runtime/catalog/presentation/save boundaries are recorded without a Verified claim."
"P1.ITEM.159","Items","Floppy disk — concrete definition/state","Yes","Frozen04A1 revision msc-world-baseline-04a1.1-c3f2f337; GAME SHA-256 c3f2f3373ccad4fcbe104840fcb83e364f55438070e808d11ebe4996bc0476c4","WOP:23686 FLOPPY_DISK","Floppy disk exists as a stable definition and physical instance where reachable","Stable IDs; Interaction; World streaming; Save","09B catalog definition plus mutable stable instance schema; generic action/state/save support exists, donor-specific use flow remains incomplete.","PartiallyImplemented","GeneratedValidated TemporaryDirectImport wrapper; manual visual comparison pending","Partial: items.instances.native.v1 logical state + world.entities pose; row-specific round-trip/stream proof pending","ItemActionCompleted hook only; definition-specific feedback pending","No definition-specific audio comparison/event coverage","Catalog/state validation boundary present; executed row-specific use/save/stream and donor comparison pending","Generic state/persistence boundary exists; donor-specific transitions, UI/audio and executed row comparison remain pending.","09B","Pending","Parent category P1.ITEM.015; category PhysicalMedia; instance IDs remain separate from FeatureId. 09B documentation audit: runtime/catalog/presentation/save boundaries are recorded without a Verified claim."
"P1.ITEM.160","Items","CD set — concrete definition/state","Yes","Frozen04A1 revision msc-world-baseline-04a1.1-c3f2f337; GAME SHA-256 c3f2f3373ccad4fcbe104840fcb83e364f55438070e808d11ebe4996bc0476c4","WOP:20753 CD_SET","CD set exists as a stable definition and physical instance where reachable","Stable IDs; Interaction; World streaming; Save","09B catalog definition plus mutable stable instance schema; generic action/state/save support exists, donor-specific use flow remains incomplete.","PartiallyImplemented","Project-owned proxy fallback; no reviewed donor wrapper for this definition","Partial: items.instances.native.v1 logical state + world.entities pose; row-specific round-trip/stream proof pending","ItemActionCompleted hook only; definition-specific feedback pending","No definition-specific audio comparison/event coverage","Catalog/state validation boundary present; executed row-specific use/save/stream and donor comparison pending","Generic state/persistence boundary exists; donor-specific transitions, UI/audio and executed row comparison remain pending.","09B","Pending","Parent category P1.ITEM.015; category PhysicalMedia; instance IDs remain separate from FeatureId. 09B documentation audit: runtime/catalog/presentation/save boundaries are recorded without a Verified claim."
"P1.ITEM.161","Items","Notepad — concrete definition/state","Yes","Frozen04A1 revision msc-world-baseline-04a1.1-c3f2f337; GAME SHA-256 c3f2f3373ccad4fcbe104840fcb83e364f55438070e808d11ebe4996bc0476c4","WOP:35441 NOTEPAD","Notepad exists as a stable definition and physical instance where reachable","Stable IDs; Interaction; World streaming; Save","09B catalog definition plus mutable stable instance schema; generic action/state/save support exists, donor-specific use flow remains incomplete.","PartiallyImplemented","GeneratedValidated TemporaryDirectImport wrapper; manual visual comparison pending","Partial: items.instances.native.v1 logical state + world.entities pose; row-specific round-trip/stream proof pending","ItemActionCompleted hook only; definition-specific feedback pending","No definition-specific audio comparison/event coverage","Catalog/state validation boundary present; executed row-specific use/save/stream and donor comparison pending","Generic state/persistence boundary exists; donor-specific transitions, UI/audio and executed row comparison remain pending.","09B","Pending","Parent category P1.ITEM.015; category Readable; instance IDs remain separate from FeatureId. 09B documentation audit: runtime/catalog/presentation/save boundaries are recorded without a Verified claim."
"P1.ITEM.162","Items","Parts magazine — concrete definition/state","Yes","Frozen04A1 revision msc-world-baseline-04a1.1-c3f2f337; GAME SHA-256 c3f2f3373ccad4fcbe104840fcb83e364f55438070e808d11ebe4996bc0476c4","WOP:19692 PARTS_MAGAZINE","Parts magazine exists as a stable definition and physical instance where reachable","Stable IDs; Interaction; World streaming; Save","09B catalog definition plus mutable stable instance schema; generic action/state/save support exists, donor-specific use flow remains incomplete.","PartiallyImplemented","GeneratedValidated TemporaryDirectImport wrapper; manual visual comparison pending","Partial: items.instances.native.v1 logical state + world.entities pose; row-specific round-trip/stream proof pending","ItemActionCompleted hook only; definition-specific feedback pending","No definition-specific audio comparison/event coverage","Catalog/state validation boundary present; executed row-specific use/save/stream and donor comparison pending","Generic state/persistence boundary exists; donor-specific transitions, UI/audio and executed row comparison remain pending.","09B","Pending","Parent category P1.ITEM.015; category Readable; instance IDs remain separate from FeatureId. 09B documentation audit: runtime/catalog/presentation/save boundaries are recorded without a Verified claim."
"P1.ITEM.163","Items","TV remote — concrete definition/state","Yes","Frozen04A1 revision msc-world-baseline-04a1.1-c3f2f337; GAME SHA-256 c3f2f3373ccad4fcbe104840fcb83e364f55438070e808d11ebe4996bc0476c4","WOP:12839 TV_REMOTE","TV remote exists as a stable definition and physical instance where reachable","Stable IDs; Interaction; World streaming; Save","09B catalog definition plus mutable stable instance schema; generic action/state/save support exists, donor-specific use flow remains incomplete.","PartiallyImplemented","GeneratedValidated TemporaryDirectImport wrapper; manual visual comparison pending","Partial: items.instances.native.v1 logical state + world.entities pose; row-specific round-trip/stream proof pending","ItemActionCompleted hook only; definition-specific feedback pending","No definition-specific audio comparison/event coverage","Catalog/state validation boundary present; executed row-specific use/save/stream and donor comparison pending","Generic state/persistence boundary exists; donor-specific transitions, UI/audio and executed row comparison remain pending.","09B","Pending","Parent category P1.ITEM.014; category PortableDevice; instance IDs remain separate from FeatureId. 09B documentation audit: runtime/catalog/presentation/save boundaries are recorded without a Verified claim."
"P1.ITEM.164","Items","Audio CD 01 — concrete definition/state","Yes","Frozen04A1 revision msc-world-baseline-04a1.1-c3f2f337; GAME SHA-256 c3f2f3373ccad4fcbe104840fcb83e364f55438070e808d11ebe4996bc0476c4","WOP AUDIO_CD.01","Audio CD 01 exists as a stable definition and physical instance where reachable","Stable IDs; Interaction; World streaming; Save","09B catalog definition plus mutable stable instance schema; generic action/state/save support exists, donor-specific use flow remains incomplete.","PartiallyImplemented","GeneratedValidated TemporaryDirectImport wrapper; manual visual comparison pending","Partial: items.instances.native.v1 logical state + world.entities pose; row-specific round-trip/stream proof pending","ItemActionCompleted hook only; definition-specific feedback pending","No definition-specific audio comparison/event coverage","Catalog/state validation boundary present; executed row-specific use/save/stream and donor comparison pending","Generic state/persistence boundary exists; donor-specific transitions, UI/audio and executed row comparison remain pending.","09B","Pending","Parent category P1.ITEM.015; category PhysicalMedia; instance IDs remain separate from FeatureId. 09B documentation audit: runtime/catalog/presentation/save boundaries are recorded without a Verified claim."
"P1.ITEM.165","Items","Audio CD 02 — concrete definition/state","Yes","Frozen04A1 revision msc-world-baseline-04a1.1-c3f2f337; GAME SHA-256 c3f2f3373ccad4fcbe104840fcb83e364f55438070e808d11ebe4996bc0476c4","WOP AUDIO_CD.02","Audio CD 02 exists as a stable definition and physical instance where reachable","Stable IDs; Interaction; World streaming; Save","09B catalog definition plus mutable stable instance schema; generic action/state/save support exists, donor-specific use flow remains incomplete.","PartiallyImplemented","GeneratedValidated TemporaryDirectImport wrapper; manual visual comparison pending","Partial: items.instances.native.v1 logical state + world.entities pose; row-specific round-trip/stream proof pending","ItemActionCompleted hook only; definition-specific feedback pending","No definition-specific audio comparison/event coverage","Catalog/state validation boundary present; executed row-specific use/save/stream and donor comparison pending","Generic state/persistence boundary exists; donor-specific transitions, UI/audio and executed row comparison remain pending.","09B","Pending","Parent category P1.ITEM.015; category PhysicalMedia; instance IDs remain separate from FeatureId. 09B documentation audit: runtime/catalog/presentation/save boundaries are recorded without a Verified claim."
"P1.ITEM.166","Items","Audio CD 03 — concrete definition/state","Yes","Frozen04A1 revision msc-world-baseline-04a1.1-c3f2f337; GAME SHA-256 c3f2f3373ccad4fcbe104840fcb83e364f55438070e808d11ebe4996bc0476c4","WOP AUDIO_CD.03","Audio CD 03 exists as a stable definition and physical instance where reachable","Stable IDs; Interaction; World streaming; Save","09B catalog definition plus mutable stable instance schema; generic action/state/save support exists, donor-specific use flow remains incomplete.","PartiallyImplemented","GeneratedValidated TemporaryDirectImport wrapper; manual visual comparison pending","Partial: items.instances.native.v1 logical state + world.entities pose; row-specific round-trip/stream proof pending","ItemActionCompleted hook only; definition-specific feedback pending","No definition-specific audio comparison/event coverage","Catalog/state validation boundary present; executed row-specific use/save/stream and donor comparison pending","Physical media state exists; case/player membership and playback are downstream.","09B","Pending","Parent category P1.ITEM.015; category PhysicalMedia; instance IDs remain separate from FeatureId. 09B documentation audit: runtime/catalog/presentation/save boundaries are recorded without a Verified claim."
"P1.ITEM.167","Items","Audio CD case 01 — concrete definition/state","Yes","Frozen04A1 revision msc-world-baseline-04a1.1-c3f2f337; GAME SHA-256 c3f2f3373ccad4fcbe104840fcb83e364f55438070e808d11ebe4996bc0476c4","WOP CD case 01","Audio CD case 01 exists as a stable definition and physical instance where reachable","Stable IDs; Interaction; World streaming; Save","09B catalog definition plus mutable stable instance schema; generic action/state/save support exists, donor-specific use flow remains incomplete.","PartiallyImplemented","GeneratedValidated TemporaryDirectImport wrapper; manual visual comparison pending","Partial: items.instances.native.v1 logical state + world.entities pose; row-specific round-trip/stream proof pending","ItemActionCompleted hook only; definition-specific feedback pending","No definition-specific audio comparison/event coverage","Catalog/state validation boundary present; executed row-specific use/save/stream and donor comparison pending","Open container state exists; CD membership and player flow are incomplete.","09B","Pending","Parent category P1.ITEM.015; category PhysicalMediaContainer; instance IDs remain separate from FeatureId. 09B documentation audit: runtime/catalog/presentation/save boundaries are recorded without a Verified claim."
"P1.ITEM.168","Items","Audio CD case 02 — concrete definition/state","Yes","Frozen04A1 revision msc-world-baseline-04a1.1-c3f2f337; GAME SHA-256 c3f2f3373ccad4fcbe104840fcb83e364f55438070e808d11ebe4996bc0476c4","WOP CD case 02","Audio CD case 02 exists as a stable definition and physical instance where reachable","Stable IDs; Interaction; World streaming; Save","09B catalog definition plus mutable stable instance schema; generic action/state/save support exists, donor-specific use flow remains incomplete.","PartiallyImplemented","GeneratedValidated TemporaryDirectImport wrapper; manual visual comparison pending","Partial: items.instances.native.v1 logical state + world.entities pose; row-specific round-trip/stream proof pending","ItemActionCompleted hook only; definition-specific feedback pending","No definition-specific audio comparison/event coverage","Catalog/state validation boundary present; executed row-specific use/save/stream and donor comparison pending","Open container state exists; CD membership and player flow are incomplete.","09B","Pending","Parent category P1.ITEM.015; category PhysicalMediaContainer; instance IDs remain separate from FeatureId. 09B documentation audit: runtime/catalog/presentation/save boundaries are recorded without a Verified claim."
"P1.ITEM.169","Items","Audio CD case 03 — concrete definition/state","Yes","Frozen04A1 revision msc-world-baseline-04a1.1-c3f2f337; GAME SHA-256 c3f2f3373ccad4fcbe104840fcb83e364f55438070e808d11ebe4996bc0476c4","WOP CD case 03","Audio CD case 03 exists as a stable definition and physical instance where reachable","Stable IDs; Interaction; World streaming; Save","09B catalog definition plus mutable stable instance schema; generic action/state/save support exists, donor-specific use flow remains incomplete.","PartiallyImplemented","GeneratedValidated TemporaryDirectImport wrapper; manual visual comparison pending","Partial: items.instances.native.v1 logical state + world.entities pose; row-specific round-trip/stream proof pending","ItemActionCompleted hook only; definition-specific feedback pending","No definition-specific audio comparison/event coverage","Catalog/state validation boundary present; executed row-specific use/save/stream and donor comparison pending","Open container state exists; CD membership and player flow are incomplete.","09B","Pending","Parent category P1.ITEM.015; category PhysicalMediaContainer; instance IDs remain separate from FeatureId. 09B documentation audit: runtime/catalog/presentation/save boundaries are recorded without a Verified claim."
"P1.ITEM.170","Items","Sofa — concrete definition/state","Yes","Frozen04A1 revision msc-world-baseline-04a1.1-c3f2f337; GAME SHA-256 c3f2f3373ccad4fcbe104840fcb83e364f55438070e808d11ebe4996bc0476c4","WOP:15559 SOFA","Sofa exists as a stable definition and physical instance where reachable","Stable IDs; Interaction; World streaming; Save","09B catalog definition plus mutable stable instance schema; generic action/state/save support exists, donor-specific use flow remains incomplete.","PartiallyImplemented","GeneratedValidated TemporaryDirectImport wrapper; manual visual comparison pending","Partial: items.instances.native.v1 logical state + world.entities pose; row-specific round-trip/stream proof pending","ItemActionCompleted hook only; definition-specific feedback pending","No definition-specific audio comparison/event coverage","Catalog/state validation boundary present; executed row-specific use/save/stream and donor comparison pending","Physical cargo state exists; sofa sleep behavior belongs to 09C and remains absent.","09B","Pending","Parent category P1.ITEM.016; category MovableCargo; instance IDs remain separate from FeatureId. 09B documentation audit: runtime/catalog/presentation/save boundaries are recorded without a Verified claim."
"P1.ITEM.171","Items","Basketball — concrete definition/state","Yes","Frozen04A1 revision msc-world-baseline-04a1.1-c3f2f337; GAME SHA-256 c3f2f3373ccad4fcbe104840fcb83e364f55438070e808d11ebe4996bc0476c4","WOP:16522 BASKETBALL","Basketball exists as a stable definition and physical instance where reachable","Stable IDs; Interaction; World streaming; Save","09B stable item instance now uses a dynamic gravity-enabled Rigidbody, sphere collider, basketball-specific friction/bounce and VotV-style loose-body wake/release policy.","PartiallyImplemented","GeneratedValidated TemporaryDirectImport wrapper now uses hash-locked basketball albedo and normal textures; manual visual comparison pending","Partial: items.instances.native.v1 logical state + world.entities.native.v2 dynamic pose/gravity; v9-to-v10 gravity migration and automated throw regression pass, unloaded-cell/manual round-trip pending","ItemActionCompleted hook only; definition-specific feedback pending","No definition-specific audio comparison/event coverage","Executed Item/Save EditMode suite and targeted PlayMode pickup/throw test cover gravity restoration, collision and ball physics; donor tuning/stream comparison pending","Manual donor comparison, final bounce tuning, any basketball activity/scoring behavior, UI/audio and unloaded-stream proof remain pending.","09B","Pending","Parent category P1.ITEM.016; category SportsItem; instance IDs remain separate from FeatureId. Temporary surface provenance is recorded in Phase1ItemSurfacePresentationManifest.json."
"P1.ITEM.172","Items","Football — concrete definition/state","Yes","Frozen04A1 revision msc-world-baseline-04a1.1-c3f2f337; GAME SHA-256 c3f2f3373ccad4fcbe104840fcb83e364f55438070e808d11ebe4996bc0476c4","WOP:10009 FOOTBALL","Football exists as a stable definition and physical instance where reachable","Stable IDs; Interaction; World streaming; Save","09B catalog definition plus mutable stable instance schema; generic action/state/save support exists, donor-specific use flow remains incomplete.","PartiallyImplemented","GeneratedValidated TemporaryDirectImport wrapper; manual visual comparison pending","Partial: items.instances.native.v1 logical state + world.entities pose; row-specific round-trip/stream proof pending","ItemActionCompleted hook only; definition-specific feedback pending","No definition-specific audio comparison/event coverage","Catalog/state validation boundary present; executed row-specific use/save/stream and donor comparison pending","Generic state/persistence boundary exists; donor-specific transitions, UI/audio and executed row comparison remain pending.","09B","Pending","Parent category P1.ITEM.016; category SportsItem; instance IDs remain separate from FeatureId. 09B documentation audit: runtime/catalog/presentation/save boundaries are recorded without a Verified claim."
"P1.ITEM.173","Items","Firewood definition — concrete definition/state","Yes","Frozen04A1 revision msc-world-baseline-04a1.1-c3f2f337; GAME SHA-256 c3f2f3373ccad4fcbe104840fcb83e364f55438070e808d11ebe4996bc0476c4","Exported prefab FIREWOOD","Firewood definition exists as a stable definition and physical instance where reachable","Stable IDs; Interaction; World streaming; Save","09B catalog definition plus mutable stable instance schema; generic action/state/save support exists, donor-specific use flow remains incomplete.","PartiallyImplemented","Project-owned proxy fallback; no reviewed donor wrapper for this definition","Partial: items.instances.native.v1 logical state + world.entities pose; row-specific round-trip/stream proof pending","ItemActionCompleted hook only; definition-specific feedback pending","No definition-specific audio comparison/event coverage","Catalog/state validation boundary present; executed row-specific use/save/stream and donor comparison pending","Generic state/persistence boundary exists; donor-specific transitions, UI/audio and executed row comparison remain pending.","09B","Pending","Parent category P1.ITEM.013; category Cargo; instance IDs remain separate from FeatureId. 09B documentation audit: runtime/catalog/presentation/save boundaries are recorded without a Verified claim."
"P1.ITEM.174","Items","Shopping bag — concrete definition/state","Yes","Frozen04A1 revision msc-world-baseline-04a1.1-c3f2f337; GAME SHA-256 c3f2f3373ccad4fcbe104840fcb83e364f55438070e808d11ebe4996bc0476c4","Exported prefab SHOPPING_BAG","Shopping bag exists as a stable definition and physical instance where reachable","Stable IDs; Interaction; World streaming; Save","09B catalog definition plus mutable stable instance schema; generic action/state/save support exists, donor-specific use flow remains incomplete.","PartiallyImplemented","Project-owned proxy fallback; no reviewed donor wrapper for this definition","Partial: items.instances.native.v1 logical state + world.entities pose; row-specific round-trip/stream proof pending","ItemActionCompleted hook only; definition-specific feedback pending","No definition-specific audio comparison/event coverage","Catalog/state validation boundary present; executed row-specific use/save/stream and donor comparison pending","Open container state exists; shopping contents/acquisition flow is incomplete.","09B","Pending","Parent category P1.ITEM.018; category Container; instance IDs remain separate from FeatureId. 09B documentation audit: runtime/catalog/presentation/save boundaries are recorded without a Verified claim."
"P1.ITEM.175","Items","Berry box — concrete definition/state","Yes","Frozen04A1 revision msc-world-baseline-04a1.1-c3f2f337; GAME SHA-256 c3f2f3373ccad4fcbe104840fcb83e364f55438070e808d11ebe4996bc0476c4","Exported prefab BERRY_BOX","Berry box exists as a stable definition and physical instance where reachable","Stable IDs; Interaction; World streaming; Save","09B catalog definition plus mutable stable instance schema; generic action/state/save support exists, donor-specific use flow remains incomplete.","PartiallyImplemented","Project-owned proxy fallback; no reviewed donor wrapper for this definition","Partial: items.instances.native.v1 logical state + world.entities pose; row-specific round-trip/stream proof pending","ItemActionCompleted hook only; definition-specific feedback pending","No definition-specific audio comparison/event coverage","Catalog/state validation boundary present; executed row-specific use/save/stream and donor comparison pending","Open container state exists; berry contents/acquisition flow is incomplete.","09B","Pending","Parent category P1.ITEM.018; category Container; instance IDs remain separate from FeatureId. 09B documentation audit: runtime/catalog/presentation/save boundaries are recorded without a Verified claim."
"P1.ITEM.176","Items","Fireworks bag — concrete definition/state","Yes","Frozen04A1 revision msc-world-baseline-04a1.1-c3f2f337; GAME SHA-256 c3f2f3373ccad4fcbe104840fcb83e364f55438070e808d11ebe4996bc0476c4","WOP:6832 FIREWORKS_BAG","Fireworks bag exists as a stable definition and physical instance where reachable","Stable IDs; Interaction; World streaming; Save","09B catalog definition plus mutable stable instance schema; generic action/state/save support exists, donor-specific use flow remains incomplete.","PartiallyImplemented","GeneratedValidated TemporaryDirectImport wrapper; manual visual comparison pending","Partial: items.instances.native.v1 logical state + world.entities pose; row-specific round-trip/stream proof pending","ItemActionCompleted hook only; definition-specific feedback pending","No definition-specific audio comparison/event coverage","Catalog/state validation boundary present; executed row-specific use/save/stream and donor comparison pending","Open container state exists; rocket membership and firework use flow are incomplete.","09B","Pending","Parent category P1.ITEM.018; category ConsumableContainer; instance IDs remain separate from FeatureId. 09B documentation audit: runtime/catalog/presentation/save boundaries are recorded without a Verified claim."
"P1.ITEM.177","Items","Suitcase — concrete definition/state","Yes","Frozen04A1 revision msc-world-baseline-04a1.1-c3f2f337; GAME SHA-256 c3f2f3373ccad4fcbe104840fcb83e364f55438070e808d11ebe4996bc0476c4","WOP:9480 SUITCASE","Suitcase exists as a stable definition and physical instance where reachable","Stable IDs; Interaction; World streaming; Save","09B catalog definition plus mutable stable instance schema; generic action/state/save support exists, donor-specific use flow remains incomplete.","PartiallyImplemented","GeneratedValidated TemporaryDirectImport wrapper; manual visual comparison pending","Partial: items.instances.native.v1 logical state + world.entities pose; row-specific round-trip/stream proof pending","ItemActionCompleted hook only; definition-specific feedback pending","No definition-specific audio comparison/event coverage","Catalog/state validation boundary present; executed row-specific use/save/stream and donor comparison pending","Generic state/persistence boundary exists; donor-specific transitions, UI/audio and executed row comparison remain pending.","09B","Pending","Parent category P1.ITEM.016; category StoryCargo; instance IDs remain separate from FeatureId. 09B documentation audit: runtime/catalog/presentation/save boundaries are recorded without a Verified claim."
"P1.ITEM.178","Items","Rocket/firework object — concrete definition/state","Yes","Frozen04A1 revision msc-world-baseline-04a1.1-c3f2f337; GAME SHA-256 c3f2f3373ccad4fcbe104840fcb83e364f55438070e808d11ebe4996bc0476c4","Exported prefab ROCKET","Rocket/firework object exists as a stable definition and physical instance where reachable","Stable IDs; Interaction; World streaming; Save","09B catalog definition plus mutable stable instance schema; generic action/state/save support exists, donor-specific use flow remains incomplete.","PartiallyImplemented","Project-owned proxy fallback; no reviewed donor wrapper for this definition","Partial: items.instances.native.v1 logical state + world.entities pose; row-specific round-trip/stream proof pending","ItemActionCompleted hook only; definition-specific feedback pending","No definition-specific audio comparison/event coverage","Catalog/state validation boundary present; executed row-specific use/save/stream and donor comparison pending","Consumable state exists; ignition/flight/explosion behavior and presentation are missing.","09B","Pending","Parent category P1.ITEM.018; category Consumable; instance IDs remain separate from FeatureId. 09B documentation audit: runtime/catalog/presentation/save boundaries are recorded without a Verified claim."
"P1.ITEM.179","Items","Xmas lights — concrete definition/state","Yes","Frozen04A1 revision msc-world-baseline-04a1.1-c3f2f337; GAME SHA-256 c3f2f3373ccad4fcbe104840fcb83e364f55438070e808d11ebe4996bc0476c4","Exported prefab XMAS_LIGHTS","Xmas lights exists as a stable definition and physical instance where reachable","Stable IDs; Interaction; World streaming; Save","09B catalog definition plus mutable stable instance schema; generic action/state/save support exists, donor-specific use flow remains incomplete.","PartiallyImplemented","Project-owned proxy fallback; no reviewed donor wrapper for this definition","Partial: items.instances.native.v1 logical state + world.entities pose; row-specific round-trip/stream proof pending","ItemActionCompleted hook only; definition-specific feedback pending","No definition-specific audio comparison/event coverage","Catalog/state validation boundary present; executed row-specific use/save/stream and donor comparison pending","Physical state exists; decoration installation/power behavior and presentation are missing.","09B","Pending","Parent category P1.ITEM.016; category Decoration; instance IDs remain separate from FeatureId. 09B documentation audit: runtime/catalog/presentation/save boundaries are recorded without a Verified claim."
"P1.ITEM.180","Items","Trophy candidates — concrete definition/state","No","Frozen04A1 revision msc-world-baseline-04a1.1-c3f2f337; GAME SHA-256 c3f2f3373ccad4fcbe104840fcb83e364f55438070e808d11ebe4996bc0476c4","Exported trophy prefabs; reachability unproven","Trophy candidates exists as a stable definition and physical instance where reachable","Stable IDs; Interaction; World streaming; Save","09B optional catalog definition only; donor reachability and required-scope status are unproven.","Blocked","Project-owned proxy fallback; no reviewed donor wrapper for this definition","Uncovered: no authoritative reachable instance; generic schema capability is not coverage","ItemActionCompleted hook only; definition-specific feedback pending","No definition-specific audio comparison/event coverage","Blocked pending locked-donor reachability evidence","Donor reachability is unproven; keep outside required scope unless evidence changes.","09B","Pending","Parent category P1.ITEM.016; category Candidate; instance IDs remain separate from FeatureId. 09B documentation audit: runtime/catalog/presentation/save boundaries are recorded without a Verified claim."
"P1.ITEM.181","Items","Eyewear candidates — concrete definition/state","No","Frozen04A1 revision msc-world-baseline-04a1.1-c3f2f337; GAME SHA-256 c3f2f3373ccad4fcbe104840fcb83e364f55438070e808d11ebe4996bc0476c4","Exported eyewear prefabs; reachability unproven","Eyewear candidates exists as a stable definition and physical instance where reachable","Stable IDs; Interaction; World streaming; Save","09B optional catalog definition only; donor reachability and required-scope status are unproven.","Blocked","Project-owned proxy fallback; no reviewed donor wrapper for this definition","Uncovered: no authoritative reachable instance; generic schema capability is not coverage","ItemActionCompleted hook only; definition-specific feedback pending","No definition-specific audio comparison/event coverage","Blocked pending locked-donor reachability evidence","Donor reachability is unproven; keep outside required scope unless evidence changes.","09B","Pending","Parent category P1.ITEM.016; category Candidate; instance IDs remain separate from FeatureId. 09B documentation audit: runtime/catalog/presentation/save boundaries are recorded without a Verified claim."
"P1.ITEM.182","Items","Hat candidates — concrete definition/state","No","Frozen04A1 revision msc-world-baseline-04a1.1-c3f2f337; GAME SHA-256 c3f2f3373ccad4fcbe104840fcb83e364f55438070e808d11ebe4996bc0476c4","Exported hat prefabs; reachability unproven","Hat candidates exists as a stable definition and physical instance where reachable","Stable IDs; Interaction; World streaming; Save","09B optional catalog definition only; donor reachability and required-scope status are unproven.","Blocked","Project-owned proxy fallback; no reviewed donor wrapper for this definition","Uncovered: no authoritative reachable instance; generic schema capability is not coverage","ItemActionCompleted hook only; definition-specific feedback pending","No definition-specific audio comparison/event coverage","Blocked pending locked-donor reachability evidence","Donor reachability is unproven; keep outside required scope unless evidence changes.","09B","Pending","Parent category P1.ITEM.016; category Candidate; instance IDs remain separate from FeatureId. 09B documentation audit: runtime/catalog/presentation/save boundaries are recorded without a Verified claim."
"P1.NPC.101","NPC","Jokke wife — identity, schedule and state","Yes","Frozen04A1 revision msc-world-baseline-04a1.1-c3f2f337; GAME SHA-256 c3f2f3373ccad4fcbe104840fcb83e364f55438070e808d11ebe4996bc0476c4","Frozen HouseDrunk/LOD/Wife/Point, Lamore and wife1..6 audio evidence; no physical body in locked scene; NPC_ROSTER.csv","Jokke wife — identity, schedule and state","NPC foundation; World streaming; GameTime; Dialogue; Save; Jokke story","10B-R2 explicit StateOnly stable identity and exact converted state anchor","PartiallyImplemented","No wrapper by evidence; runtime rejects schedules/materialization for StateOnly characters","npc.state schema 2 in document v12 persists the relationship-state identity","No physical interaction target","Donor wife1..6 mapping pending","NPC EditMode 16/16 and save migration 3/3; story comparison pending","Relationship events/audio incomplete; no body was fabricated","10B","Pending","One non-physical identity; row is not Verified"
"P1.NPC.102","NPC","Cousin/KUSKI driver — identity, schedule and state","Yes","Frozen04A1 revision msc-world-baseline-04a1.1-c3f2f337; GAME SHA-256 c3f2f3373ccad4fcbe104840fcb83e364f55438070e808d11ebe4996bc0476c4","Frozen04A1 WOP individual authored instance/role evidence; NPC_ROSTER.csv","Cousin/KUSKI driver — identity, schedule and state","NPC foundation; World streaming; GameTime; Dialogue; Save","Nothing; evidence only","EvidenceCaptured","External frozen presentation evidence; no project wrapper","None","None","None","None","Existence does not prove reachability, rules, ordering or persistence","10B","Pending","Roster group StoryTraffic; one identity must not be duplicated across context bodies"
"P1.NPC.103","NPC","KYLAJANI passenger role — merged identity","No","Frozen04A1 revision msc-world-baseline-04a1.1-c3f2f337; GAME SHA-256 c3f2f3373ccad4fcbe104840fcb83e364f55438070e808d11ebe4996bc0476c4; user identified passenger as Suski","Frozen04A1 passenger role; NPC_ROSTER.csv","The passenger is Suski P1.NPC.006, not a second persistent person","NPC foundation; World streaming; Save","Merged into P1.NPC.006 passenger presentation state","Rejected","BetterMSC Suski passenger root inside Jani wrapper","Not applicable as an independent save row; Suski state is owned by P1.NPC.006 in document v13","None","Covered by Suski audio row","NPC EditMode validates a single identity across contexts","Duplicate persistent identity deliberately rejected","10B","Approved merge","Role evidence retained; no second character row"
"P1.NPC.104","NPC","Store drunk 01 — identity, schedule and state","Yes","Frozen04A1 revision msc-world-baseline-04a1.1-c3f2f337; GAME SHA-256 c3f2f3373ccad4fcbe104840fcb83e364f55438070e808d11ebe4996bc0476c4","Frozen04A1 WOP individual authored instance/role evidence; NPC_ROSTER.csv","Store drunk 01 — identity, schedule and state","NPC foundation; World streaming; GameTime; Dialogue; Save","Nothing; evidence only","EvidenceCaptured","External frozen presentation evidence; no project wrapper","None","None","None","None","Existence does not prove reachability, rules, ordering or persistence","10B","Pending","Roster group Ambient; one identity must not be duplicated across context bodies"
"P1.NPC.105","NPC","Store drunk 02 — identity, schedule and state","Yes","Frozen04A1 revision msc-world-baseline-04a1.1-c3f2f337; GAME SHA-256 c3f2f3373ccad4fcbe104840fcb83e364f55438070e808d11ebe4996bc0476c4","Frozen04A1 WOP individual authored instance/role evidence; NPC_ROSTER.csv","Store drunk 02 — identity, schedule and state","NPC foundation; World streaming; GameTime; Dialogue; Save","Nothing; evidence only","EvidenceCaptured","External frozen presentation evidence; no project wrapper","None","None","None","None","Existence does not prove reachability, rules, ordering or persistence","10B","Pending","Roster group Ambient; one identity must not be duplicated across context bodies"
"P1.NPC.106","NPC","House-party drunk 01 — identity, schedule and state","Yes","Frozen04A1 revision msc-world-baseline-04a1.1-c3f2f337; GAME SHA-256 c3f2f3373ccad4fcbe104840fcb83e364f55438070e808d11ebe4996bc0476c4","Frozen04A1 WOP individual authored instance/role evidence; NPC_ROSTER.csv","House-party drunk 01 — identity, schedule and state","NPC foundation; World streaming; GameTime; Dialogue; Save","Nothing; evidence only","EvidenceCaptured","External frozen presentation evidence; no project wrapper","None","None","None","None","Existence does not prove reachability, rules, ordering or persistence","10B","Pending","Roster group Event; one identity must not be duplicated across context bodies"
"P1.NPC.107","NPC","House-party drunk 02 — identity, schedule and state","Yes","Frozen04A1 revision msc-world-baseline-04a1.1-c3f2f337; GAME SHA-256 c3f2f3373ccad4fcbe104840fcb83e364f55438070e808d11ebe4996bc0476c4","Frozen04A1 WOP individual authored instance/role evidence; NPC_ROSTER.csv","House-party drunk 02 — identity, schedule and state","NPC foundation; World streaming; GameTime; Dialogue; Save","Nothing; evidence only","EvidenceCaptured","External frozen presentation evidence; no project wrapper","None","None","None","None","Existence does not prove reachability, rules, ordering or persistence","10B","Pending","Roster group Event; one identity must not be duplicated across context bodies"
"P1.NPC.108","NPC","Dancehall dancer couple 01 — identity, schedule and state","Yes","Frozen04A1 revision msc-world-baseline-04a1.1-c3f2f337; GAME SHA-256 c3f2f3373ccad4fcbe104840fcb83e364f55438070e808d11ebe4996bc0476c4","Frozen04A1 WOP individual authored instance/role evidence; NPC_ROSTER.csv","Dancehall dancer couple 01 — identity, schedule and state","NPC foundation; World streaming; GameTime; Dialogue; Save","Nothing; evidence only","EvidenceCaptured","External frozen presentation evidence; no project wrapper","None","None","None","None","Existence does not prove reachability, rules, ordering or persistence","10B","Pending","Roster group Event; one identity must not be duplicated across context bodies"
"P1.NPC.109","NPC","Dancehall dancer couple 02 — identity, schedule and state","Yes","Frozen04A1 revision msc-world-baseline-04a1.1-c3f2f337; GAME SHA-256 c3f2f3373ccad4fcbe104840fcb83e364f55438070e808d11ebe4996bc0476c4","Frozen04A1 WOP individual authored instance/role evidence; NPC_ROSTER.csv","Dancehall dancer couple 02 — identity, schedule and state","NPC foundation; World streaming; GameTime; Dialogue; Save","Nothing; evidence only","EvidenceCaptured","External frozen presentation evidence; no project wrapper","None","None","None","None","Existence does not prove reachability, rules, ordering or persistence","10B","Pending","Roster group Event; one identity must not be duplicated across context bodies"
"P1.NPC.110","NPC","Dancehall solo dancer — identity, schedule and state","Yes","Frozen04A1 revision msc-world-baseline-04a1.1-c3f2f337; GAME SHA-256 c3f2f3373ccad4fcbe104840fcb83e364f55438070e808d11ebe4996bc0476c4","Frozen04A1 WOP individual authored instance/role evidence; NPC_ROSTER.csv","Dancehall solo dancer — identity, schedule and state","NPC foundation; World streaming; GameTime; Dialogue; Save","Nothing; evidence only","EvidenceCaptured","External frozen presentation evidence; no project wrapper","None","None","None","None","Existence does not prove reachability, rules, ordering or persistence","10B","Pending","Roster group Event; one identity must not be duplicated across context bodies"
"P1.NPC.111","NPC","Dancehall additional fighter — identity, schedule and state","Yes","Frozen04A1 revision msc-world-baseline-04a1.1-c3f2f337; GAME SHA-256 c3f2f3373ccad4fcbe104840fcb83e364f55438070e808d11ebe4996bc0476c4","Frozen04A1 WOP individual authored instance/role evidence; NPC_ROSTER.csv","Dancehall additional fighter — identity, schedule and state","NPC foundation; World streaming; GameTime; Dialogue; Save","Nothing; evidence only","EvidenceCaptured","External frozen presentation evidence; no project wrapper","None","None","None","None","Existence does not prove reachability, rules, ordering or persistence","10B","Pending","Roster group Event; one identity must not be duplicated across context bodies"
"P1.NPC.112","NPC","Police CopHome2 — identity, schedule and state","Yes","Frozen04A1 revision msc-world-baseline-04a1.1-c3f2f337; GAME SHA-256 c3f2f3373ccad4fcbe104840fcb83e364f55438070e808d11ebe4996bc0476c4","Frozen04A1 WOP individual authored instance/role evidence; NPC_ROSTER.csv","Police CopHome2 — identity, schedule and state","NPC foundation; World streaming; GameTime; Dialogue; Save","Nothing; evidence only","EvidenceCaptured","External frozen presentation evidence; no project wrapper","None","None","None","None","Existence does not prove reachability, rules, ordering or persistence","10B","Pending","Roster group AuthorityInstance; one identity must not be duplicated across context bodies"
"P1.NPC.113","NPC","Police CopHome3 — identity, schedule and state","Yes","Frozen04A1 revision msc-world-baseline-04a1.1-c3f2f337; GAME SHA-256 c3f2f3373ccad4fcbe104840fcb83e364f55438070e808d11ebe4996bc0476c4","Frozen04A1 WOP individual authored instance/role evidence; NPC_ROSTER.csv","Police CopHome3 — identity, schedule and state","NPC foundation; World streaming; GameTime; Dialogue; Save","Nothing; evidence only","EvidenceCaptured","External frozen presentation evidence; no project wrapper","None","None","None","None","Existence does not prove reachability, rules, ordering or persistence","10B","Pending","Roster group AuthorityInstance; one identity must not be duplicated across context bodies"
"P1.NPC.114","NPC","Police CopHome4 — identity, schedule and state","Yes","Frozen04A1 revision msc-world-baseline-04a1.1-c3f2f337; GAME SHA-256 c3f2f3373ccad4fcbe104840fcb83e364f55438070e808d11ebe4996bc0476c4","Frozen04A1 WOP individual authored instance/role evidence; NPC_ROSTER.csv","Police CopHome4 — identity, schedule and state","NPC foundation; World streaming; GameTime; Dialogue; Save","Nothing; evidence only","EvidenceCaptured","External frozen presentation evidence; no project wrapper","None","None","None","None","Existence does not prove reachability, rules, ordering or persistence","10B","Pending","Roster group AuthorityInstance; one identity must not be duplicated across context bodies"
"P1.NPC.115","NPC","Police CopTeimo1 — identity, schedule and state","Yes","Frozen04A1 revision msc-world-baseline-04a1.1-c3f2f337; GAME SHA-256 c3f2f3373ccad4fcbe104840fcb83e364f55438070e808d11ebe4996bc0476c4","Frozen04A1 WOP individual authored instance/role evidence; NPC_ROSTER.csv","Police CopTeimo1 — identity, schedule and state","NPC foundation; World streaming; GameTime; Dialogue; Save","Nothing; evidence only","EvidenceCaptured","External frozen presentation evidence; no project wrapper","None","None","None","None","Existence does not prove reachability, rules, ordering or persistence","10B","Pending","Roster group AuthorityInstance; one identity must not be duplicated across context bodies"
"P1.NPC.116","NPC","Police CopTeimo2 — identity, schedule and state","Yes","Frozen04A1 revision msc-world-baseline-04a1.1-c3f2f337; GAME SHA-256 c3f2f3373ccad4fcbe104840fcb83e364f55438070e808d11ebe4996bc0476c4","Frozen04A1 WOP individual authored instance/role evidence; NPC_ROSTER.csv","Police CopTeimo2 — identity, schedule and state","NPC foundation; World streaming; GameTime; Dialogue; Save","Nothing; evidence only","EvidenceCaptured","External frozen presentation evidence; no project wrapper","None","None","None","None","Existence does not prove reachability, rules, ordering or persistence","10B","Pending","Roster group AuthorityInstance; one identity must not be duplicated across context bodies"
"P1.NPC.117","NPC","Police CopTeimo3 — identity, schedule and state","Yes","Frozen04A1 revision msc-world-baseline-04a1.1-c3f2f337; GAME SHA-256 c3f2f3373ccad4fcbe104840fcb83e364f55438070e808d11ebe4996bc0476c4","Frozen04A1 WOP individual authored instance/role evidence; NPC_ROSTER.csv","Police CopTeimo3 — identity, schedule and state","NPC foundation; World streaming; GameTime; Dialogue; Save","Nothing; evidence only","EvidenceCaptured","External frozen presentation evidence; no project wrapper","None","None","None","None","Existence does not prove reachability, rules, ordering or persistence","10B","Pending","Roster group AuthorityInstance; one identity must not be duplicated across context bodies"
"P1.NPC.118","NPC","Police CopRadar1 — identity, schedule and state","Yes","Frozen04A1 revision msc-world-baseline-04a1.1-c3f2f337; GAME SHA-256 c3f2f3373ccad4fcbe104840fcb83e364f55438070e808d11ebe4996bc0476c4","Frozen04A1 WOP individual authored instance/role evidence; NPC_ROSTER.csv","Police CopRadar1 — identity, schedule and state","NPC foundation; World streaming; GameTime; Dialogue; Save","Nothing; evidence only","EvidenceCaptured","External frozen presentation evidence; no project wrapper","None","None","None","None","Existence does not prove reachability, rules, ordering or persistence","10B","Pending","Roster group AuthorityInstance; one identity must not be duplicated across context bodies"
"P1.NPC.119","NPC","Police CopRadar2 — identity, schedule and state","Yes","Frozen04A1 revision msc-world-baseline-04a1.1-c3f2f337; GAME SHA-256 c3f2f3373ccad4fcbe104840fcb83e364f55438070e808d11ebe4996bc0476c4","Frozen04A1 WOP individual authored instance/role evidence; NPC_ROSTER.csv","Police CopRadar2 — identity, schedule and state","NPC foundation; World streaming; GameTime; Dialogue; Save","Nothing; evidence only","EvidenceCaptured","External frozen presentation evidence; no project wrapper","None","None","None","None","Existence does not prove reachability, rules, ordering or persistence","10B","Pending","Roster group AuthorityInstance; one identity must not be duplicated across context bodies"
"P1.NPC.120","NPC","Police CopAlc1 — identity, schedule and state","Yes","Frozen04A1 revision msc-world-baseline-04a1.1-c3f2f337; GAME SHA-256 c3f2f3373ccad4fcbe104840fcb83e364f55438070e808d11ebe4996bc0476c4","Frozen04A1 WOP individual authored instance/role evidence; NPC_ROSTER.csv","Police CopAlc1 — identity, schedule and state","NPC foundation; World streaming; GameTime; Dialogue; Save","Nothing; evidence only","EvidenceCaptured","External frozen presentation evidence; no project wrapper","None","None","None","None","Existence does not prove reachability, rules, ordering or persistence","10B","Pending","Roster group AuthorityInstance; one identity must not be duplicated across context bodies"
"P1.NPC.121","NPC","Police CopAlc2 — identity, schedule and state","Yes","Frozen04A1 revision msc-world-baseline-04a1.1-c3f2f337; GAME SHA-256 c3f2f3373ccad4fcbe104840fcb83e364f55438070e808d11ebe4996bc0476c4","Frozen04A1 WOP individual authored instance/role evidence; NPC_ROSTER.csv","Police CopAlc2 — identity, schedule and state","NPC foundation; World streaming; GameTime; Dialogue; Save","Nothing; evidence only","EvidenceCaptured","External frozen presentation evidence; no project wrapper","None","None","None","None","Existence does not prove reachability, rules, ordering or persistence","10B","Pending","Roster group AuthorityInstance; one identity must not be duplicated across context bodies"
"P1.NPC.122","NPC","Rally Saturday official — identity, schedule and state","Yes","Frozen04A1 revision msc-world-baseline-04a1.1-c3f2f337; GAME SHA-256 c3f2f3373ccad4fcbe104840fcb83e364f55438070e808d11ebe4996bc0476c4","Frozen04A1 WOP individual authored instance/role evidence; NPC_ROSTER.csv","Rally Saturday official — identity, schedule and state","NPC foundation; World streaming; GameTime; Dialogue; Save","Nothing; evidence only","EvidenceCaptured","External frozen presentation evidence; no project wrapper","None","None","None","None","Existence does not prove reachability, rules, ordering or persistence","10B","Pending","Roster group AuthorityInstance; one identity must not be duplicated across context bodies"
"P1.NPC.123","NPC","Rally Sunday official — identity, schedule and state","Yes","Frozen04A1 revision msc-world-baseline-04a1.1-c3f2f337; GAME SHA-256 c3f2f3373ccad4fcbe104840fcb83e364f55438070e808d11ebe4996bc0476c4","Frozen04A1 WOP individual authored instance/role evidence; NPC_ROSTER.csv","Rally Sunday official — identity, schedule and state","NPC foundation; World streaming; GameTime; Dialogue; Save","Nothing; evidence only","EvidenceCaptured","External frozen presentation evidence; no project wrapper","None","None","None","None","Existence does not prove reachability, rules, ordering or persistence","10B","Pending","Roster group AuthorityInstance; one identity must not be duplicated across context bodies"
"P1.NPC.124","NPC","Rally finish official — identity, schedule and state","Yes","Frozen04A1 revision msc-world-baseline-04a1.1-c3f2f337; GAME SHA-256 c3f2f3373ccad4fcbe104840fcb83e364f55438070e808d11ebe4996bc0476c4","Frozen04A1 WOP individual authored instance/role evidence; NPC_ROSTER.csv","Rally finish official — identity, schedule and state","NPC foundation; World streaming; GameTime; Dialogue; Save","Nothing; evidence only","EvidenceCaptured","External frozen presentation evidence; no project wrapper","None","None","None","None","Existence does not prove reachability, rules, ordering or persistence","10B","Pending","Roster group AuthorityInstance; one identity must not be duplicated across context bodies"
"P1.NPC.125","NPC","Drag starter — identity, schedule and state","Yes","Frozen04A1 revision msc-world-baseline-04a1.1-c3f2f337; GAME SHA-256 c3f2f3373ccad4fcbe104840fcb83e364f55438070e808d11ebe4996bc0476c4","Frozen04A1 WOP individual authored instance/role evidence; NPC_ROSTER.csv","Drag starter — identity, schedule and state","NPC foundation; World streaming; GameTime; Dialogue; Save","Nothing; evidence only","EvidenceCaptured","External frozen presentation evidence; no project wrapper","None","None","None","None","Existence does not prove reachability, rules, ordering or persistence","10B","Pending","Roster group EventInstance; one identity must not be duplicated across context bodies"
"P1.VEHICLE.101","Vehicles","Wreck 01 — persistent identity and role","Yes","Frozen04A1 revision msc-world-baseline-04a1.1-c3f2f337; GAME SHA-256 c3f2f3373ccad4fcbe104840fcb83e364f55438070e808d11ebe4996bc0476c4","Frozen04A1 WOP individual vehicle evidence; VEHICLE_ROSTER.csv","Wreck 01 — persistent identity and role","World; Vehicle runtime; Items; Save; Audio","Nothing; evidence only","EvidenceCaptured","External frozen presentation evidence; no project wrapper","None","None","None","None","Existence does not prove reachability, rules, ordering or persistence","11A","Pending","Vehicle class JobVehicle; grouped parent rows do not replace this identity"
"P1.VEHICLE.102","Vehicles","Wreck 02 — persistent identity and role","Yes","Frozen04A1 revision msc-world-baseline-04a1.1-c3f2f337; GAME SHA-256 c3f2f3373ccad4fcbe104840fcb83e364f55438070e808d11ebe4996bc0476c4","Frozen04A1 WOP individual vehicle evidence; VEHICLE_ROSTER.csv","Wreck 02 — persistent identity and role","World; Vehicle runtime; Items; Save; Audio","Nothing; evidence only","EvidenceCaptured","External frozen presentation evidence; no project wrapper","None","None","None","None","Existence does not prove reachability, rules, ordering or persistence","11A","Pending","Vehicle class JobVehicle; grouped parent rows do not replace this identity"
"P1.VEHICLE.103","Vehicles","Wreck 03 — persistent identity and role","Yes","Frozen04A1 revision msc-world-baseline-04a1.1-c3f2f337; GAME SHA-256 c3f2f3373ccad4fcbe104840fcb83e364f55438070e808d11ebe4996bc0476c4","Frozen04A1 WOP individual vehicle evidence; VEHICLE_ROSTER.csv","Wreck 03 — persistent identity and role","World; Vehicle runtime; Items; Save; Audio","Nothing; evidence only","EvidenceCaptured","External frozen presentation evidence; no project wrapper","None","None","None","None","Existence does not prove reachability, rules, ordering or persistence","11A","Pending","Vehicle class JobVehicle; grouped parent rows do not replace this identity"
"P1.VEHICLE.104","Vehicles","Wreck 04 — persistent identity and role","Yes","Frozen04A1 revision msc-world-baseline-04a1.1-c3f2f337; GAME SHA-256 c3f2f3373ccad4fcbe104840fcb83e364f55438070e808d11ebe4996bc0476c4","Frozen04A1 WOP individual vehicle evidence; VEHICLE_ROSTER.csv","Wreck 04 — persistent identity and role","World; Vehicle runtime; Items; Save; Audio","Nothing; evidence only","EvidenceCaptured","External frozen presentation evidence; no project wrapper","None","None","None","None","Existence does not prove reachability, rules, ordering or persistence","11A","Pending","Vehicle class JobVehicle; grouped parent rows do not replace this identity"
"P1.VEHICLE.105","Vehicles","AI boat 01 — persistent identity and role","Yes","Frozen04A1 revision msc-world-baseline-04a1.1-c3f2f337; GAME SHA-256 c3f2f3373ccad4fcbe104840fcb83e364f55438070e808d11ebe4996bc0476c4","Frozen04A1 WOP individual vehicle evidence; VEHICLE_ROSTER.csv","AI boat 01 — persistent identity and role","World; Vehicle runtime; Items; Save; Audio","Nothing; evidence only","EvidenceCaptured","External frozen presentation evidence; no project wrapper","None","None","None","None","Existence does not prove reachability, rules, ordering or persistence","11B","Pending","Vehicle class AmbientTraffic; grouped parent rows do not replace this identity"
"P1.VEHICLE.106","Vehicles","AI boat 02 — persistent identity and role","Yes","Frozen04A1 revision msc-world-baseline-04a1.1-c3f2f337; GAME SHA-256 c3f2f3373ccad4fcbe104840fcb83e364f55438070e808d11ebe4996bc0476c4","Frozen04A1 WOP individual vehicle evidence; VEHICLE_ROSTER.csv","AI boat 02 — persistent identity and role","World; Vehicle runtime; Items; Save; Audio","Nothing; evidence only","EvidenceCaptured","External frozen presentation evidence; no project wrapper","None","None","None","None","Existence does not prove reachability, rules, ordering or persistence","11B","Pending","Vehicle class AmbientTraffic; grouped parent rows do not replace this identity"
"P1.VEHICLE.107","Vehicles","Rally car 01 — persistent identity and role","Yes","Frozen04A1 revision msc-world-baseline-04a1.1-c3f2f337; GAME SHA-256 c3f2f3373ccad4fcbe104840fcb83e364f55438070e808d11ebe4996bc0476c4","Frozen04A1 WOP individual vehicle evidence; VEHICLE_ROSTER.csv","Rally car 01 — persistent identity and role","World; Vehicle runtime; Items; Save; Audio","Nothing; evidence only","EvidenceCaptured","External frozen presentation evidence; no project wrapper","None","None","None","None","Existence does not prove reachability, rules, ordering or persistence","13B","Pending","Vehicle class EventVehicle; grouped parent rows do not replace this identity"
"P1.VEHICLE.108","Vehicles","Rally car 02 — persistent identity and role","Yes","Frozen04A1 revision msc-world-baseline-04a1.1-c3f2f337; GAME SHA-256 c3f2f3373ccad4fcbe104840fcb83e364f55438070e808d11ebe4996bc0476c4","Frozen04A1 WOP individual vehicle evidence; VEHICLE_ROSTER.csv","Rally car 02 — persistent identity and role","World; Vehicle runtime; Items; Save; Audio","Nothing; evidence only","EvidenceCaptured","External frozen presentation evidence; no project wrapper","None","None","None","None","Existence does not prove reachability, rules, ordering or persistence","13B","Pending","Vehicle class EventVehicle; grouped parent rows do not replace this identity"
"P1.VEHICLE.109","Vehicles","Rally car 03 — persistent identity and role","Yes","Frozen04A1 revision msc-world-baseline-04a1.1-c3f2f337; GAME SHA-256 c3f2f3373ccad4fcbe104840fcb83e364f55438070e808d11ebe4996bc0476c4","Frozen04A1 WOP individual vehicle evidence; VEHICLE_ROSTER.csv","Rally car 03 — persistent identity and role","World; Vehicle runtime; Items; Save; Audio","Nothing; evidence only","EvidenceCaptured","External frozen presentation evidence; no project wrapper","None","None","None","None","Existence does not prove reachability, rules, ordering or persistence","13B","Pending","Vehicle class EventVehicle; grouped parent rows do not replace this identity"
"P1.VEHICLE.110","Vehicles","Drag car 01 — persistent identity and role","Yes","Frozen04A1 revision msc-world-baseline-04a1.1-c3f2f337; GAME SHA-256 c3f2f3373ccad4fcbe104840fcb83e364f55438070e808d11ebe4996bc0476c4","Frozen04A1 WOP individual vehicle evidence; VEHICLE_ROSTER.csv","Drag car 01 — persistent identity and role","World; Vehicle runtime; Items; Save; Audio","Nothing; evidence only","EvidenceCaptured","External frozen presentation evidence; no project wrapper","None","None","None","None","Existence does not prove reachability, rules, ordering or persistence","13C","Pending","Vehicle class EventVehicle; grouped parent rows do not replace this identity"
"P1.VEHICLE.111","Vehicles","Drag car 02 — persistent identity and role","Yes","Frozen04A1 revision msc-world-baseline-04a1.1-c3f2f337; GAME SHA-256 c3f2f3373ccad4fcbe104840fcb83e364f55438070e808d11ebe4996bc0476c4","Frozen04A1 WOP individual vehicle evidence; VEHICLE_ROSTER.csv","Drag car 02 — persistent identity and role","World; Vehicle runtime; Items; Save; Audio","Nothing; evidence only","EvidenceCaptured","External frozen presentation evidence; no project wrapper","None","None","None","None","Existence does not prove reachability, rules, ordering or persistence","13C","Pending","Vehicle class EventVehicle; grouped parent rows do not replace this identity"
"P1.VEHICLE.112","Vehicles","Dirt-rally Fittan — persistent identity and role","Yes","Frozen04A1 revision msc-world-baseline-04a1.1-c3f2f337; GAME SHA-256 c3f2f3373ccad4fcbe104840fcb83e364f55438070e808d11ebe4996bc0476c4","Frozen04A1 WOP individual vehicle evidence; VEHICLE_ROSTER.csv","Dirt-rally Fittan — persistent identity and role","World; Vehicle runtime; Items; Save; Audio","Nothing; evidence only","EvidenceCaptured","External frozen presentation evidence; no project wrapper","None","None","None","None","Existence does not prove reachability, rules, ordering or persistence","13B","Pending","Vehicle class EventVehicle; grouped parent rows do not replace this identity"
"P1.SERVICE.101","Services","Fleetari SKU: Body repair","Yes","Frozen04A1 revision msc-world-baseline-04a1.1-c3f2f337; GAME SHA-256 c3f2f3373ccad4fcbe104840fcb83e364f55438070e808d11ebe4996bc0476c4","Frozen04A1 WOP service key BODY_REPAIR","Player requests, pays, waits and receives body repair result","NPC; Economy; World; Items/Vehicles; Save","Nothing; evidence only","EvidenceCaptured","Fleetari/world geometry evidence only; transactional UI/audio missing","None","None","None","None","Price, duration, failure/cancel and exact result require capture","12A","Pending","Concrete service SKU; parent P1.SERVICE.005/P1.SERVICE.025"
"P1.SERVICE.102","Services","Fleetari SKU: Brake service","Yes","Frozen04A1 revision msc-world-baseline-04a1.1-c3f2f337; GAME SHA-256 c3f2f3373ccad4fcbe104840fcb83e364f55438070e808d11ebe4996bc0476c4","Frozen04A1 WOP service key BRAKES","Player requests, pays, waits and receives brake service result","NPC; Economy; World; Items/Vehicles; Save","Nothing; evidence only","EvidenceCaptured","Fleetari/world geometry evidence only; transactional UI/audio missing","None","None","None","None","Price, duration, failure/cancel and exact result require capture","12A","Pending","Concrete service SKU; parent P1.SERVICE.005/P1.SERVICE.025"
"P1.SERVICE.103","Services","Fleetari SKU: Engine adjustment","Yes","Frozen04A1 revision msc-world-baseline-04a1.1-c3f2f337; GAME SHA-256 c3f2f3373ccad4fcbe104840fcb83e364f55438070e808d11ebe4996bc0476c4","Frozen04A1 WOP service key ENGINE_ADJUST","Player requests, pays, waits and receives engine adjustment result","NPC; Economy; World; Items/Vehicles; Save","Nothing; evidence only","EvidenceCaptured","Fleetari/world geometry evidence only; transactional UI/audio missing","None","None","None","None","Price, duration, failure/cancel and exact result require capture","12A","Pending","Concrete service SKU; parent P1.SERVICE.005/P1.SERVICE.025"
"P1.SERVICE.104","Services","Fleetari SKU: Engine repair","Yes","Frozen04A1 revision msc-world-baseline-04a1.1-c3f2f337; GAME SHA-256 c3f2f3373ccad4fcbe104840fcb83e364f55438070e808d11ebe4996bc0476c4","Frozen04A1 WOP service key ENGINE_REPAIR","Player requests, pays, waits and receives engine repair result","NPC; Economy; World; Items/Vehicles; Save","Nothing; evidence only","EvidenceCaptured","Fleetari/world geometry evidence only; transactional UI/audio missing","None","None","None","None","Price, duration, failure/cancel and exact result require capture","12A","Pending","Concrete service SKU; parent P1.SERVICE.005/P1.SERVICE.025"
"P1.SERVICE.105","Services","Fleetari SKU: Engine tune","Yes","Frozen04A1 revision msc-world-baseline-04a1.1-c3f2f337; GAME SHA-256 c3f2f3373ccad4fcbe104840fcb83e364f55438070e808d11ebe4996bc0476c4","Frozen04A1 WOP service key ENGINE_TUNE","Player requests, pays, waits and receives engine tune result","NPC; Economy; World; Items/Vehicles; Save","Nothing; evidence only","EvidenceCaptured","Fleetari/world geometry evidence only; transactional UI/audio missing","None","None","None","None","Price, duration, failure/cancel and exact result require capture","12A","Pending","Concrete service SKU; parent P1.SERVICE.005/P1.SERVICE.025"
"P1.SERVICE.106","Services","Fleetari SKU: Gear linkage service","Yes","Frozen04A1 revision msc-world-baseline-04a1.1-c3f2f337; GAME SHA-256 c3f2f3373ccad4fcbe104840fcb83e364f55438070e808d11ebe4996bc0476c4","Frozen04A1 WOP service key GEAR_LINKAGE","Player requests, pays, waits and receives gear linkage service result","NPC; Economy; World; Items/Vehicles; Save","Nothing; evidence only","EvidenceCaptured","Fleetari/world geometry evidence only; transactional UI/audio missing","None","None","None","None","Price, duration, failure/cancel and exact result require capture","12A","Pending","Concrete service SKU; parent P1.SERVICE.005/P1.SERVICE.025"
"P1.SERVICE.107","Services","Fleetari SKU: Gear ratio change","Yes","Frozen04A1 revision msc-world-baseline-04a1.1-c3f2f337; GAME SHA-256 c3f2f3373ccad4fcbe104840fcb83e364f55438070e808d11ebe4996bc0476c4","Frozen04A1 WOP service key GEAR_RATIOS","Player requests, pays, waits and receives gear ratio change result","NPC; Economy; World; Items/Vehicles; Save","Nothing; evidence only","EvidenceCaptured","Fleetari/world geometry evidence only; transactional UI/audio missing","None","None","None","None","Price, duration, failure/cancel and exact result require capture","12A","Pending","Concrete service SKU; parent P1.SERVICE.005/P1.SERVICE.025"
"P1.SERVICE.108","Services","Fleetari SKU: N2O fill","Yes","Frozen04A1 revision msc-world-baseline-04a1.1-c3f2f337; GAME SHA-256 c3f2f3373ccad4fcbe104840fcb83e364f55438070e808d11ebe4996bc0476c4","Frozen04A1 WOP service key N2O_FILL","Player requests, pays, waits and receives n2o fill result","NPC; Economy; World; Items/Vehicles; Save","Nothing; evidence only","EvidenceCaptured","Fleetari/world geometry evidence only; transactional UI/audio missing","None","None","None","None","Price, duration, failure/cancel and exact result require capture","12A","Pending","Concrete service SKU; parent P1.SERVICE.005/P1.SERVICE.025"
"P1.SERVICE.109","Services","Fleetari SKU: Paint job","Yes","Frozen04A1 revision msc-world-baseline-04a1.1-c3f2f337; GAME SHA-256 c3f2f3373ccad4fcbe104840fcb83e364f55438070e808d11ebe4996bc0476c4","Frozen04A1 WOP service key PAINT","Player requests, pays, waits and receives paint job result","NPC; Economy; World; Items/Vehicles; Save","Nothing; evidence only","EvidenceCaptured","Fleetari/world geometry evidence only; transactional UI/audio missing","None","None","None","None","Price, duration, failure/cancel and exact result require capture","12A","Pending","Concrete service SKU; parent P1.SERVICE.005/P1.SERVICE.025"
"P1.SERVICE.110","Services","Fleetari SKU: Rim polish","Yes","Frozen04A1 revision msc-world-baseline-04a1.1-c3f2f337; GAME SHA-256 c3f2f3373ccad4fcbe104840fcb83e364f55438070e808d11ebe4996bc0476c4","Frozen04A1 WOP service key RIM_POLISH","Player requests, pays, waits and receives rim polish result","NPC; Economy; World; Items/Vehicles; Save","Nothing; evidence only","EvidenceCaptured","Fleetari/world geometry evidence only; transactional UI/audio missing","None","None","None","None","Price, duration, failure/cancel and exact result require capture","12A","Pending","Concrete service SKU; parent P1.SERVICE.005/P1.SERVICE.025"
"P1.SERVICE.111","Services","Fleetari SKU: Rollcage install","Yes","Frozen04A1 revision msc-world-baseline-04a1.1-c3f2f337; GAME SHA-256 c3f2f3373ccad4fcbe104840fcb83e364f55438070e808d11ebe4996bc0476c4","Frozen04A1 WOP service key ROLLCAGE_INSTALL","Player requests, pays, waits and receives rollcage install result","NPC; Economy; World; Items/Vehicles; Save","Nothing; evidence only","EvidenceCaptured","Fleetari/world geometry evidence only; transactional UI/audio missing","None","None","None","None","Price, duration, failure/cancel and exact result require capture","12A","Pending","Concrete service SKU; parent P1.SERVICE.005/P1.SERVICE.025"
"P1.SERVICE.112","Services","Fleetari SKU: Rollcage removal","Yes","Frozen04A1 revision msc-world-baseline-04a1.1-c3f2f337; GAME SHA-256 c3f2f3373ccad4fcbe104840fcb83e364f55438070e808d11ebe4996bc0476c4","Frozen04A1 WOP service key ROLLCAGE_REMOVE","Player requests, pays, waits and receives rollcage removal result","NPC; Economy; World; Items/Vehicles; Save","Nothing; evidence only","EvidenceCaptured","Fleetari/world geometry evidence only; transactional UI/audio missing","None","None","None","None","Price, duration, failure/cancel and exact result require capture","12A","Pending","Concrete service SKU; parent P1.SERVICE.005/P1.SERVICE.025"
"P1.SERVICE.113","Services","Fleetari SKU: Suspension repair","Yes","Frozen04A1 revision msc-world-baseline-04a1.1-c3f2f337; GAME SHA-256 c3f2f3373ccad4fcbe104840fcb83e364f55438070e808d11ebe4996bc0476c4","Frozen04A1 WOP service key SUSPENSION_REPAIR","Player requests, pays, waits and receives suspension repair result","NPC; Economy; World; Items/Vehicles; Save","Nothing; evidence only","EvidenceCaptured","Fleetari/world geometry evidence only; transactional UI/audio missing","None","None","None","None","Price, duration, failure/cancel and exact result require capture","12A","Pending","Concrete service SKU; parent P1.SERVICE.005/P1.SERVICE.025"
"P1.SERVICE.114","Services","Fleetari SKU: Tires Europeiska","Yes","Frozen04A1 revision msc-world-baseline-04a1.1-c3f2f337; GAME SHA-256 c3f2f3373ccad4fcbe104840fcb83e364f55438070e808d11ebe4996bc0476c4","Frozen04A1 WOP service key TIRES_EUROPEISKA","Player requests, pays, waits and receives tires europeiska result","NPC; Economy; World; Items/Vehicles; Save","Nothing; evidence only","EvidenceCaptured","Fleetari/world geometry evidence only; transactional UI/audio missing","None","None","None","None","Price, duration, failure/cancel and exact result require capture","12A","Pending","Concrete service SKU; parent P1.SERVICE.005/P1.SERVICE.025"
"P1.SERVICE.115","Services","Fleetari SKU: Tires Gommer","Yes","Frozen04A1 revision msc-world-baseline-04a1.1-c3f2f337; GAME SHA-256 c3f2f3373ccad4fcbe104840fcb83e364f55438070e808d11ebe4996bc0476c4","Frozen04A1 WOP service key TIRES_GOMMER","Player requests, pays, waits and receives tires gommer result","NPC; Economy; World; Items/Vehicles; Save","Nothing; evidence only","EvidenceCaptured","Fleetari/world geometry evidence only; transactional UI/audio missing","None","None","None","None","Price, duration, failure/cancel and exact result require capture","12A","Pending","Concrete service SKU; parent P1.SERVICE.005/P1.SERVICE.025"
"P1.SERVICE.116","Services","Fleetari SKU: Tires Standard","Yes","Frozen04A1 revision msc-world-baseline-04a1.1-c3f2f337; GAME SHA-256 c3f2f3373ccad4fcbe104840fcb83e364f55438070e808d11ebe4996bc0476c4","Frozen04A1 WOP service key TIRES_STANDARD","Player requests, pays, waits and receives tires standard result","NPC; Economy; World; Items/Vehicles; Save","Nothing; evidence only","EvidenceCaptured","Fleetari/world geometry evidence only; transactional UI/audio missing","None","None","None","None","Price, duration, failure/cancel and exact result require capture","12A","Pending","Concrete service SKU; parent P1.SERVICE.005/P1.SERVICE.025"
"P1.SERVICE.117","Services","Fleetari SKU: Tires Sutasiko","Yes","Frozen04A1 revision msc-world-baseline-04a1.1-c3f2f337; GAME SHA-256 c3f2f3373ccad4fcbe104840fcb83e364f55438070e808d11ebe4996bc0476c4","Frozen04A1 WOP service key TIRES_SUTASIKO","Player requests, pays, waits and receives tires sutasiko result","NPC; Economy; World; Items/Vehicles; Save","Nothing; evidence only","EvidenceCaptured","Fleetari/world geometry evidence only; transactional UI/audio missing","None","None","None","None","Price, duration, failure/cancel and exact result require capture","12A","Pending","Concrete service SKU; parent P1.SERVICE.005/P1.SERVICE.025"
"P1.SERVICE.118","Services","Fleetari SKU: Toe adjustment","Yes","Frozen04A1 revision msc-world-baseline-04a1.1-c3f2f337; GAME SHA-256 c3f2f3373ccad4fcbe104840fcb83e364f55438070e808d11ebe4996bc0476c4","Frozen04A1 WOP service key TOE","Player requests, pays, waits and receives toe adjustment result","NPC; Economy; World; Items/Vehicles; Save","Nothing; evidence only","EvidenceCaptured","Fleetari/world geometry evidence only; transactional UI/audio missing","None","None","None","None","Price, duration, failure/cancel and exact result require capture","12A","Pending","Concrete service SKU; parent P1.SERVICE.005/P1.SERVICE.025"
"P1.SERVICE.119","Services","Fleetari SKU: Windshield replacement","Yes","Frozen04A1 revision msc-world-baseline-04a1.1-c3f2f337; GAME SHA-256 c3f2f3373ccad4fcbe104840fcb83e364f55438070e808d11ebe4996bc0476c4","Frozen04A1 WOP service key WINDSHIELD","Player requests, pays, waits and receives windshield replacement result","NPC; Economy; World; Items/Vehicles; Save","Nothing; evidence only","EvidenceCaptured","Fleetari/world geometry evidence only; transactional UI/audio missing","None","None","None","None","Price, duration, failure/cancel and exact result require capture","12A","Pending","Concrete service SKU; parent P1.SERVICE.005/P1.SERVICE.025"
"P1.COMMS.101","Communications","Phone caller/event: Fleetari","Yes","Frozen04A1 revision msc-world-baseline-04a1.1-c3f2f337; GAME SHA-256 c3f2f3373ccad4fcbe104840fcb83e364f55438070e808d11ebe4996bc0476c4","Frozen04A1 WOP phone caller roster","Phone presents the Fleetari call/event only under donor conditions","GameTime; Economy; NPC; Save; UI/Audio","Nothing; evidence only","EvidenceCaptured","External frozen presentation evidence; no project wrapper","None","None","None","None","Caller existence does not prove reachability, schedule, dialogue or repeat rules","12A","Pending","Project-owned opaque FeatureId"
"P1.COMMS.102","Communications","Phone caller/event: Drunk lift","Yes","Frozen04A1 revision msc-world-baseline-04a1.1-c3f2f337; GAME SHA-256 c3f2f3373ccad4fcbe104840fcb83e364f55438070e808d11ebe4996bc0476c4","Frozen04A1 WOP phone caller roster","Phone presents the Drunk lift call/event only under donor conditions","GameTime; Economy; NPC; Save; UI/Audio","Nothing; evidence only","EvidenceCaptured","External frozen presentation evidence; no project wrapper","None","None","None","None","Caller existence does not prove reachability, schedule, dialogue or repeat rules","12A","Pending","Project-owned opaque FeatureId"
"P1.COMMS.103","Communications","Phone caller/event: Moving job","Yes","Frozen04A1 revision msc-world-baseline-04a1.1-c3f2f337; GAME SHA-256 c3f2f3373ccad4fcbe104840fcb83e364f55438070e808d11ebe4996bc0476c4","Frozen04A1 WOP phone caller roster","Phone presents the Moving job call/event only under donor conditions","GameTime; Economy; NPC; Save; UI/Audio","Nothing; evidence only","EvidenceCaptured","External frozen presentation evidence; no project wrapper","None","None","None","None","Caller existence does not prove reachability, schedule, dialogue or repeat rules","12A","Pending","Project-owned opaque FeatureId"
"P1.COMMS.104","Communications","Phone caller/event: Grandmother","Yes","Frozen04A1 revision msc-world-baseline-04a1.1-c3f2f337; GAME SHA-256 c3f2f3373ccad4fcbe104840fcb83e364f55438070e808d11ebe4996bc0476c4","Frozen04A1 WOP phone caller roster","Phone presents the Grandmother call/event only under donor conditions","GameTime; Economy; NPC; Save; UI/Audio","Nothing; evidence only","EvidenceCaptured","External frozen presentation evidence; no project wrapper","None","None","None","None","Caller existence does not prove reachability, schedule, dialogue or repeat rules","12A","Pending","Project-owned opaque FeatureId"
"P1.COMMS.105","Communications","Phone caller/event: Suski","Yes","Frozen04A1 revision msc-world-baseline-04a1.1-c3f2f337; GAME SHA-256 c3f2f3373ccad4fcbe104840fcb83e364f55438070e808d11ebe4996bc0476c4","Frozen04A1 WOP phone caller roster","Phone presents the Suski call/event only under donor conditions","GameTime; Economy; NPC; Save; UI/Audio","Nothing; evidence only","EvidenceCaptured","External frozen presentation evidence; no project wrapper","None","None","None","None","Caller existence does not prove reachability, schedule, dialogue or repeat rules","12A","Pending","Project-owned opaque FeatureId"
"P1.COMMS.106","Communications","Phone caller/event: Uncle","Yes","Frozen04A1 revision msc-world-baseline-04a1.1-c3f2f337; GAME SHA-256 c3f2f3373ccad4fcbe104840fcb83e364f55438070e808d11ebe4996bc0476c4","Frozen04A1 WOP phone caller roster","Phone presents the Uncle call/event only under donor conditions","GameTime; Economy; NPC; Save; UI/Audio","Nothing; evidence only","EvidenceCaptured","External frozen presentation evidence; no project wrapper","None","None","None","None","Caller existence does not prove reachability, schedule, dialogue or repeat rules","12A","Pending","Project-owned opaque FeatureId"
"P1.COMMS.107","Communications","Phone caller/event: Firewood customer","Yes","Frozen04A1 revision msc-world-baseline-04a1.1-c3f2f337; GAME SHA-256 c3f2f3373ccad4fcbe104840fcb83e364f55438070e808d11ebe4996bc0476c4","Frozen04A1 WOP phone caller roster","Phone presents the Firewood customer call/event only under donor conditions","GameTime; Economy; NPC; Save; UI/Audio","Nothing; evidence only","EvidenceCaptured","External frozen presentation evidence; no project wrapper","None","None","None","None","Caller existence does not prove reachability, schedule, dialogue or repeat rules","12A","Pending","Project-owned opaque FeatureId"
"P1.COMMS.108","Communications","Phone caller/event: Salesman","Yes","Frozen04A1 revision msc-world-baseline-04a1.1-c3f2f337; GAME SHA-256 c3f2f3373ccad4fcbe104840fcb83e364f55438070e808d11ebe4996bc0476c4","Frozen04A1 WOP phone caller roster","Phone presents the Salesman call/event only under donor conditions","GameTime; Economy; NPC; Save; UI/Audio","Nothing; evidence only","EvidenceCaptured","External frozen presentation evidence; no project wrapper","None","None","None","None","Caller existence does not prove reachability, schedule, dialogue or repeat rules","12A","Pending","Project-owned opaque FeatureId"
"P1.COMMS.109","Communications","Phone caller/event: Septic caller 01","Yes","Frozen04A1 revision msc-world-baseline-04a1.1-c3f2f337; GAME SHA-256 c3f2f3373ccad4fcbe104840fcb83e364f55438070e808d11ebe4996bc0476c4","Frozen04A1 WOP phone caller roster","Phone presents the Septic caller 01 call/event only under donor conditions","GameTime; Economy; NPC; Save; UI/Audio","Nothing; evidence only","EvidenceCaptured","External frozen presentation evidence; no project wrapper","None","None","None","None","Caller existence does not prove reachability, schedule, dialogue or repeat rules","12A","Pending","Project-owned opaque FeatureId"
"P1.COMMS.110","Communications","Phone caller/event: Septic caller 02","Yes","Frozen04A1 revision msc-world-baseline-04a1.1-c3f2f337; GAME SHA-256 c3f2f3373ccad4fcbe104840fcb83e364f55438070e808d11ebe4996bc0476c4","Frozen04A1 WOP phone caller roster","Phone presents the Septic caller 02 call/event only under donor conditions","GameTime; Economy; NPC; Save; UI/Audio","Nothing; evidence only","EvidenceCaptured","External frozen presentation evidence; no project wrapper","None","None","None","None","Caller existence does not prove reachability, schedule, dialogue or repeat rules","12A","Pending","Project-owned opaque FeatureId"
"P1.COMMS.111","Communications","Phone caller/event: Septic caller 03","Yes","Frozen04A1 revision msc-world-baseline-04a1.1-c3f2f337; GAME SHA-256 c3f2f3373ccad4fcbe104840fcb83e364f55438070e808d11ebe4996bc0476c4","Frozen04A1 WOP phone caller roster","Phone presents the Septic caller 03 call/event only under donor conditions","GameTime; Economy; NPC; Save; UI/Audio","Nothing; evidence only","EvidenceCaptured","External frozen presentation evidence; no project wrapper","None","None","None","None","Caller existence does not prove reachability, schedule, dialogue or repeat rules","12A","Pending","Project-owned opaque FeatureId"
"P1.COMMS.112","Communications","Phone caller/event: Septic caller 04","Yes","Frozen04A1 revision msc-world-baseline-04a1.1-c3f2f337; GAME SHA-256 c3f2f3373ccad4fcbe104840fcb83e364f55438070e808d11ebe4996bc0476c4","Frozen04A1 WOP phone caller roster","Phone presents the Septic caller 04 call/event only under donor conditions","GameTime; Economy; NPC; Save; UI/Audio","Nothing; evidence only","EvidenceCaptured","External frozen presentation evidence; no project wrapper","None","None","None","None","Caller existence does not prove reachability, schedule, dialogue or repeat rules","12A","Pending","Project-owned opaque FeatureId"
"P1.COMMS.113","Communications","Phone caller/event: Septic caller 05","Yes","Frozen04A1 revision msc-world-baseline-04a1.1-c3f2f337; GAME SHA-256 c3f2f3373ccad4fcbe104840fcb83e364f55438070e808d11ebe4996bc0476c4","Frozen04A1 WOP phone caller roster","Phone presents the Septic caller 05 call/event only under donor conditions","GameTime; Economy; NPC; Save; UI/Audio","Nothing; evidence only","EvidenceCaptured","External frozen presentation evidence; no project wrapper","None","None","None","None","Caller existence does not prove reachability, schedule, dialogue or repeat rules","12A","Pending","Project-owned opaque FeatureId"
"P1.COMMS.114","Communications","Phone caller/event: Septic caller 06","Yes","Frozen04A1 revision msc-world-baseline-04a1.1-c3f2f337; GAME SHA-256 c3f2f3373ccad4fcbe104840fcb83e364f55438070e808d11ebe4996bc0476c4","Frozen04A1 WOP phone caller roster","Phone presents the Septic caller 06 call/event only under donor conditions","GameTime; Economy; NPC; Save; UI/Audio","Nothing; evidence only","EvidenceCaptured","External frozen presentation evidence; no project wrapper","None","None","None","None","Caller existence does not prove reachability, schedule, dialogue or repeat rules","12A","Pending","Project-owned opaque FeatureId"
"P1.COMMS.115","Communications","Phone caller/event: Tohvakka/farmer","Yes","Frozen04A1 revision msc-world-baseline-04a1.1-c3f2f337; GAME SHA-256 c3f2f3373ccad4fcbe104840fcb83e364f55438070e808d11ebe4996bc0476c4","Frozen04A1 WOP phone caller roster","Phone presents the Tohvakka/farmer call/event only under donor conditions","GameTime; Economy; NPC; Save; UI/Audio","Nothing; evidence only","EvidenceCaptured","External frozen presentation evidence; no project wrapper","None","None","None","None","Caller existence does not prove reachability, schedule, dialogue or repeat rules","12A","Pending","Project-owned opaque FeatureId"
"P1.COMMS.116","Communications","Phone caller/event: Wrong number","Yes","Frozen04A1 revision msc-world-baseline-04a1.1-c3f2f337; GAME SHA-256 c3f2f3373ccad4fcbe104840fcb83e364f55438070e808d11ebe4996bc0476c4","Frozen04A1 WOP phone caller roster","Phone presents the Wrong number call/event only under donor conditions","GameTime; Economy; NPC; Save; UI/Audio","Nothing; evidence only","EvidenceCaptured","External frozen presentation evidence; no project wrapper","None","None","None","None","Caller existence does not prove reachability, schedule, dialogue or repeat rules","12A","Pending","Project-owned opaque FeatureId"
"P1.COMMS.117","Communications","Phone caller/event: No connection","Yes","Frozen04A1 revision msc-world-baseline-04a1.1-c3f2f337; GAME SHA-256 c3f2f3373ccad4fcbe104840fcb83e364f55438070e808d11ebe4996bc0476c4","Frozen04A1 WOP phone caller roster","Phone presents the No connection call/event only under donor conditions","GameTime; Economy; NPC; Save; UI/Audio","Nothing; evidence only","EvidenceCaptured","External frozen presentation evidence; no project wrapper","None","None","None","None","Caller existence does not prove reachability, schedule, dialogue or repeat rules","12A","Pending","Project-owned opaque FeatureId"
"P1.COMMS.118","Communications","Phone caller/event: Cheat/debug candidate","No","Frozen04A1 revision msc-world-baseline-04a1.1-c3f2f337; GAME SHA-256 c3f2f3373ccad4fcbe104840fcb83e364f55438070e808d11ebe4996bc0476c4","Frozen04A1 WOP phone caller roster","Phone presents the Cheat/debug candidate call/event only under donor conditions","GameTime; Economy; NPC; Save; UI/Audio","Nothing; evidence only","Unknown","External frozen presentation evidence; no project wrapper","None","None","None","None","Caller existence does not prove reachability, schedule, dialogue or repeat rules","12A","Pending private/debug reachability decision","Project-owned opaque FeatureId"
"P1.EVENT.101","Story","Prologue/intro sequence — reachability, conditions and outcomes","Yes","Frozen04A1 revision msc-world-baseline-04a1.1-c3f2f337; GAME SHA-256 c3f2f3373ccad4fcbe104840fcb83e364f55438070e808d11ebe4996bc0476c4","Frozen INTRO scene nodes","Prologue/intro sequence — reachability, conditions and outcomes","NPC; Jobs; GameTime; Save; UI/Audio","Nothing; evidence only","EvidenceCaptured","External frozen presentation evidence; no project wrapper","None","None","None","None","Exact ordering and branch guards require capture","13A","Pending","Project-owned opaque FeatureId"
"P1.EVENT.102","Story","Suski ending sequence — reachability, conditions and outcomes","Yes","Frozen04A1 revision msc-world-baseline-04a1.1-c3f2f337; GAME SHA-256 c3f2f3373ccad4fcbe104840fcb83e364f55438070e808d11ebe4996bc0476c4","Frozen ENDING nodes","Suski ending sequence — reachability, conditions and outcomes","NPC; Jobs; GameTime; Save; UI/Audio","Nothing; evidence only","EvidenceCaptured","External frozen presentation evidence; no project wrapper","None","None","None","None","Exact ordering and branch guards require capture","13A","Pending","Project-owned opaque FeatureId"
"P1.EVENT.103","Story","Jokke memorial grave state — reachability, conditions and outcomes","No","Frozen04A1 revision msc-world-baseline-04a1.1-c3f2f337; GAME SHA-256 c3f2f3373ccad4fcbe104840fcb83e364f55438070e808d11ebe4996bc0476c4","Frozen conditional/dormant memorial state","Jokke memorial grave state — reachability, conditions and outcomes","NPC; Jobs; GameTime; Save; UI/Audio","Nothing; evidence only","Unknown","External frozen presentation evidence; no project wrapper","None","None","None","None","Dormant serialized node is not proof of required reachable content","13A","Pending reachability decision","Project-owned opaque FeatureId"
"P1.EVENT.104","Story","Sirkka memorial grave state — reachability, conditions and outcomes","No","Frozen04A1 revision msc-world-baseline-04a1.1-c3f2f337; GAME SHA-256 c3f2f3373ccad4fcbe104840fcb83e364f55438070e808d11ebe4996bc0476c4","Frozen conditional/dormant memorial state","Sirkka memorial grave state — reachability, conditions and outcomes","NPC; Jobs; GameTime; Save; UI/Audio","Nothing; evidence only","Unknown","External frozen presentation evidence; no project wrapper","None","None","None","None","Dormant serialized node is not proof of required reachable content","13A","Pending reachability decision","Project-owned opaque FeatureId"
"P1.EVENT.105","Story","Suski memorial grave state — reachability, conditions and outcomes","No","Frozen04A1 revision msc-world-baseline-04a1.1-c3f2f337; GAME SHA-256 c3f2f3373ccad4fcbe104840fcb83e364f55438070e808d11ebe4996bc0476c4","Frozen conditional/dormant memorial state","Suski memorial grave state — reachability, conditions and outcomes","NPC; Jobs; GameTime; Save; UI/Audio","Nothing; evidence only","Unknown","External frozen presentation evidence; no project wrapper","None","None","None","None","Dormant serialized node is not proof of required reachable content","13A","Pending reachability decision","Project-owned opaque FeatureId"
"P1.AUTHORITY.101","Authority","Offense: Speeding — detection, fine and escalation","Yes","Frozen04A1 revision msc-world-baseline-04a1.1-c3f2f337; GAME SHA-256 c3f2f3373ccad4fcbe104840fcb83e364f55438070e808d11ebe4996bc0476c4","Frozen04A1 WOP reason node Speeding","Offense: Speeding — detection, fine and escalation","Vehicle; Economy; Story graph; Save","Nothing; evidence only","EvidenceCaptured","Police/UI/audio presentation missing","None","None","None","None","Exact detection threshold, fine calculation and escalation require capture","13B","Pending","Concrete offense ID under authority catalogue"
"P1.AUTHORITY.102","Authority","Offense: Speeding over 80 — detection, fine and escalation","Yes","Frozen04A1 revision msc-world-baseline-04a1.1-c3f2f337; GAME SHA-256 c3f2f3373ccad4fcbe104840fcb83e364f55438070e808d11ebe4996bc0476c4","Frozen04A1 WOP reason node Speeding80","Offense: Speeding over 80 — detection, fine and escalation","Vehicle; Economy; Story graph; Save","Nothing; evidence only","EvidenceCaptured","Police/UI/audio presentation missing","None","None","None","None","Exact detection threshold, fine calculation and escalation require capture","13B","Pending","Concrete offense ID under authority catalogue"
"P1.AUTHORITY.103","Authority","Offense: DUI — detection, fine and escalation","Yes","Frozen04A1 revision msc-world-baseline-04a1.1-c3f2f337; GAME SHA-256 c3f2f3373ccad4fcbe104840fcb83e364f55438070e808d11ebe4996bc0476c4","Frozen04A1 WOP reason node DUI","Offense: DUI — detection, fine and escalation","Vehicle; Economy; Story graph; Save","Nothing; evidence only","EvidenceCaptured","Police/UI/audio presentation missing","None","None","None","None","Exact detection threshold, fine calculation and escalation require capture","13B","Pending","Concrete offense ID under authority catalogue"
"P1.AUTHORITY.104","Authority","Offense: Environmental offense — detection, fine and escalation","Yes","Frozen04A1 revision msc-world-baseline-04a1.1-c3f2f337; GAME SHA-256 c3f2f3373ccad4fcbe104840fcb83e364f55438070e808d11ebe4996bc0476c4","Frozen04A1 WOP reason node Environment","Offense: Environmental offense — detection, fine and escalation","Vehicle; Economy; Story graph; Save","Nothing; evidence only","EvidenceCaptured","Police/UI/audio presentation missing","None","None","None","None","Exact detection threshold, fine calculation and escalation require capture","13B","Pending","Concrete offense ID under authority catalogue"
"P1.AUTHORITY.105","Authority","Offense: Wrong fuel offense — detection, fine and escalation","Yes","Frozen04A1 revision msc-world-baseline-04a1.1-c3f2f337; GAME SHA-256 c3f2f3373ccad4fcbe104840fcb83e364f55438070e808d11ebe4996bc0476c4","Frozen04A1 WOP reason node WrongFuel","Offense: Wrong fuel offense — detection, fine and escalation","Vehicle; Economy; Story graph; Save","Nothing; evidence only","EvidenceCaptured","Police/UI/audio presentation missing","None","None","None","None","Exact detection threshold, fine calculation and escalation require capture","13B","Pending","Concrete offense ID under authority catalogue"
"P1.AUTHORITY.106","Authority","Offense: Helmet violation — detection, fine and escalation","Yes","Frozen04A1 revision msc-world-baseline-04a1.1-c3f2f337; GAME SHA-256 c3f2f3373ccad4fcbe104840fcb83e364f55438070e808d11ebe4996bc0476c4","Frozen04A1 WOP reason node Helmet","Offense: Helmet violation — detection, fine and escalation","Vehicle; Economy; Story graph; Save","Nothing; evidence only","EvidenceCaptured","Police/UI/audio presentation missing","None","None","None","None","Exact detection threshold, fine calculation and escalation require capture","13B","Pending","Concrete offense ID under authority catalogue"
"P1.AUTHORITY.107","Authority","Offense: Ignoring stop order — detection, fine and escalation","Yes","Frozen04A1 revision msc-world-baseline-04a1.1-c3f2f337; GAME SHA-256 c3f2f3373ccad4fcbe104840fcb83e364f55438070e808d11ebe4996bc0476c4","Frozen04A1 WOP reason node IgnoreStop","Offense: Ignoring stop order — detection, fine and escalation","Vehicle; Economy; Story graph; Save","Nothing; evidence only","EvidenceCaptured","Police/UI/audio presentation missing","None","None","None","None","Exact detection threshold, fine calculation and escalation require capture","13B","Pending","Concrete offense ID under authority catalogue"
"P1.AUTHORITY.108","Authority","Offense: Motorcycle class violation — detection, fine and escalation","Yes","Frozen04A1 revision msc-world-baseline-04a1.1-c3f2f337; GAME SHA-256 c3f2f3373ccad4fcbe104840fcb83e364f55438070e808d11ebe4996bc0476c4","Frozen04A1 WOP reason node MotorcycleClass","Offense: Motorcycle class violation — detection, fine and escalation","Vehicle; Economy; Story graph; Save","Nothing; evidence only","EvidenceCaptured","Police/UI/audio presentation missing","None","None","None","None","Exact detection threshold, fine calculation and escalation require capture","13B","Pending","Concrete offense ID under authority catalogue"
"P1.AUTHORITY.109","Authority","Offense: No inspection — detection, fine and escalation","Yes","Frozen04A1 revision msc-world-baseline-04a1.1-c3f2f337; GAME SHA-256 c3f2f3373ccad4fcbe104840fcb83e364f55438070e808d11ebe4996bc0476c4","Frozen04A1 WOP reason node NoInspection","Offense: No inspection — detection, fine and escalation","Vehicle; Economy; Story graph; Save","Nothing; evidence only","EvidenceCaptured","Police/UI/audio presentation missing","None","None","None","None","Exact detection threshold, fine calculation and escalation require capture","13B","Pending","Concrete offense ID under authority catalogue"
"P1.AUTHORITY.110","Authority","Offense: No plates — detection, fine and escalation","Yes","Frozen04A1 revision msc-world-baseline-04a1.1-c3f2f337; GAME SHA-256 c3f2f3373ccad4fcbe104840fcb83e364f55438070e808d11ebe4996bc0476c4","Frozen04A1 WOP reason node NoPlates","Offense: No plates — detection, fine and escalation","Vehicle; Economy; Story graph; Save","Nothing; evidence only","EvidenceCaptured","Police/UI/audio presentation missing","None","None","None","None","Exact detection threshold, fine calculation and escalation require capture","13B","Pending","Concrete offense ID under authority catalogue"
"P1.AUTHORITY.111","Authority","Offense: Officer attack — detection, fine and escalation","Yes","Frozen04A1 revision msc-world-baseline-04a1.1-c3f2f337; GAME SHA-256 c3f2f3373ccad4fcbe104840fcb83e364f55438070e808d11ebe4996bc0476c4","Frozen04A1 WOP reason node OfficerAttack","Offense: Officer attack — detection, fine and escalation","Vehicle; Economy; Story graph; Save","Nothing; evidence only","EvidenceCaptured","Police/UI/audio presentation missing","None","None","None","None","Exact detection threshold, fine calculation and escalation require capture","13B","Pending","Concrete offense ID under authority catalogue"
"P1.AUTHORITY.112","Authority","Offense: Radar detector offense — detection, fine and escalation","Yes","Frozen04A1 revision msc-world-baseline-04a1.1-c3f2f337; GAME SHA-256 c3f2f3373ccad4fcbe104840fcb83e364f55438070e808d11ebe4996bc0476c4","Frozen04A1 WOP reason node RadarDetector","Offense: Radar detector offense — detection, fine and escalation","Vehicle; Economy; Story graph; Save","Nothing; evidence only","EvidenceCaptured","Police/UI/audio presentation missing","None","None","None","None","Exact detection threshold, fine calculation and escalation require capture","13B","Pending","Concrete offense ID under authority catalogue"
"P1.AUTHORITY.113","Authority","Offense: Seatbelt violation — detection, fine and escalation","Yes","Frozen04A1 revision msc-world-baseline-04a1.1-c3f2f337; GAME SHA-256 c3f2f3373ccad4fcbe104840fcb83e364f55438070e808d11ebe4996bc0476c4","Frozen04A1 WOP reason node Seatbelt","Offense: Seatbelt violation — detection, fine and escalation","Vehicle; Economy; Story graph; Save","Nothing; evidence only","EvidenceCaptured","Police/UI/audio presentation missing","None","None","None","None","Exact detection threshold, fine calculation and escalation require capture","13B","Pending","Concrete offense ID under authority catalogue"
"P1.AUTHORITY.114","Authority","Offense: Taxation offense — detection, fine and escalation","Yes","Frozen04A1 revision msc-world-baseline-04a1.1-c3f2f337; GAME SHA-256 c3f2f3373ccad4fcbe104840fcb83e364f55438070e808d11ebe4996bc0476c4","Frozen04A1 WOP reason node Taxation","Offense: Taxation offense — detection, fine and escalation","Vehicle; Economy; Story graph; Save","Nothing; evidence only","EvidenceCaptured","Police/UI/audio presentation missing","None","None","None","None","Exact detection threshold, fine calculation and escalation require capture","13B","Pending","Concrete offense ID under authority catalogue"
"P1.MEDIA.101","Media","Computer title: Kaappis Fishgame","Yes","Frozen04A1 revision msc-world-baseline-04a1.1-c3f2f337; GAME SHA-256 c3f2f3373ccad4fcbe104840fcb83e364f55438070e808d11ebe4996bc0476c4","Frozen04A1 WOP named PC title evidence","Reachable computer title Kaappis Fishgame has donor rules/input/audio and exit flow","World; Interaction; Audio/UI; Save","Nothing; evidence only","EvidenceCaptured","External frozen presentation evidence; no project wrapper","None","None","None","None","Named asset proves existence only; full loop/reachability/save unknown","13C","Pending","Project-owned opaque FeatureId"
"P1.MEDIA.102","Media","Computer title: Grilli","Yes","Frozen04A1 revision msc-world-baseline-04a1.1-c3f2f337; GAME SHA-256 c3f2f3373ccad4fcbe104840fcb83e364f55438070e808d11ebe4996bc0476c4","Frozen04A1 WOP named PC title evidence","Reachable computer title Grilli has donor rules/input/audio and exit flow","World; Interaction; Audio/UI; Save","Nothing; evidence only","EvidenceCaptured","External frozen presentation evidence; no project wrapper","None","None","None","None","Named asset proves existence only; full loop/reachability/save unknown","13C","Pending","Project-owned opaque FeatureId"
"P1.MEDIA.103","Media","Computer title: Rally95","Yes","Frozen04A1 revision msc-world-baseline-04a1.1-c3f2f337; GAME SHA-256 c3f2f3373ccad4fcbe104840fcb83e364f55438070e808d11ebe4996bc0476c4","Frozen04A1 WOP named PC title evidence","Reachable computer title Rally95 has donor rules/input/audio and exit flow","World; Interaction; Audio/UI; Save","Nothing; evidence only","EvidenceCaptured","External frozen presentation evidence; no project wrapper","None","None","None","None","Named asset proves existence only; full loop/reachability/save unknown","13C","Pending","Project-owned opaque FeatureId"
"P1.MEDIA.104","Media","Computer title: Wildvest","Yes","Frozen04A1 revision msc-world-baseline-04a1.1-c3f2f337; GAME SHA-256 c3f2f3373ccad4fcbe104840fcb83e364f55438070e808d11ebe4996bc0476c4","Frozen04A1 WOP named PC title evidence","Reachable computer title Wildvest has donor rules/input/audio and exit flow","World; Interaction; Audio/UI; Save","Nothing; evidence only","EvidenceCaptured","External frozen presentation evidence; no project wrapper","None","None","None","None","Named asset proves existence only; full loop/reachability/save unknown","13C","Pending","Project-owned opaque FeatureId"
"P1.MEDIA.105","Media","Computer title: Procyon Propilkki","Yes","Frozen04A1 revision msc-world-baseline-04a1.1-c3f2f337; GAME SHA-256 c3f2f3373ccad4fcbe104840fcb83e364f55438070e808d11ebe4996bc0476c4","Frozen04A1 WOP named PC title evidence","Reachable computer title Procyon Propilkki has donor rules/input/audio and exit flow","World; Interaction; Audio/UI; Save","Nothing; evidence only","EvidenceCaptured","External frozen presentation evidence; no project wrapper","None","None","None","None","Named asset proves existence only; full loop/reachability/save unknown","13C","Pending","Project-owned opaque FeatureId"
"P1.MEDIA.106","Media","Computer title: Rami Filosofiapeli","Yes","Frozen04A1 revision msc-world-baseline-04a1.1-c3f2f337; GAME SHA-256 c3f2f3373ccad4fcbe104840fcb83e364f55438070e808d11ebe4996bc0476c4","Frozen04A1 WOP named PC title evidence","Reachable computer title Rami Filosofiapeli has donor rules/input/audio and exit flow","World; Interaction; Audio/UI; Save","Nothing; evidence only","EvidenceCaptured","External frozen presentation evidence; no project wrapper","None","None","None","None","Named asset proves existence only; full loop/reachability/save unknown","13C","Pending","Project-owned opaque FeatureId"
"P1.MEDIA.107","Media","Computer title: Rami JFK","Yes","Frozen04A1 revision msc-world-baseline-04a1.1-c3f2f337; GAME SHA-256 c3f2f3373ccad4fcbe104840fcb83e364f55438070e808d11ebe4996bc0476c4","Frozen04A1 WOP named PC title evidence","Reachable computer title Rami JFK has donor rules/input/audio and exit flow","World; Interaction; Audio/UI; Save","Nothing; evidence only","EvidenceCaptured","External frozen presentation evidence; no project wrapper","None","None","None","None","Named asset proves existence only; full loop/reachability/save unknown","13C","Pending","Project-owned opaque FeatureId"
"P1.MEDIA.108","Media","Computer title: Rami Joulupukki","Yes","Frozen04A1 revision msc-world-baseline-04a1.1-c3f2f337; GAME SHA-256 c3f2f3373ccad4fcbe104840fcb83e364f55438070e808d11ebe4996bc0476c4","Frozen04A1 WOP named PC title evidence","Reachable computer title Rami Joulupukki has donor rules/input/audio and exit flow","World; Interaction; Audio/UI; Save","Nothing; evidence only","EvidenceCaptured","External frozen presentation evidence; no project wrapper","None","None","None","None","Named asset proves existence only; full loop/reachability/save unknown","13C","Pending","Project-owned opaque FeatureId"
"P1.MEDIA.109","Media","Computer title: Rami Massacre","Yes","Frozen04A1 revision msc-world-baseline-04a1.1-c3f2f337; GAME SHA-256 c3f2f3373ccad4fcbe104840fcb83e364f55438070e808d11ebe4996bc0476c4","Frozen04A1 WOP named PC title evidence","Reachable computer title Rami Massacre has donor rules/input/audio and exit flow","World; Interaction; Audio/UI; Save","Nothing; evidence only","EvidenceCaptured","External frozen presentation evidence; no project wrapper","None","None","None","None","Named asset proves existence only; full loop/reachability/save unknown","13C","Pending","Project-owned opaque FeatureId"
"P1.MEDIA.110","Media","Computer title: Rami Ojasta","Yes","Frozen04A1 revision msc-world-baseline-04a1.1-c3f2f337; GAME SHA-256 c3f2f3373ccad4fcbe104840fcb83e364f55438070e808d11ebe4996bc0476c4","Frozen04A1 WOP named PC title evidence","Reachable computer title Rami Ojasta has donor rules/input/audio and exit flow","World; Interaction; Audio/UI; Save","Nothing; evidence only","EvidenceCaptured","External frozen presentation evidence; no project wrapper","None","None","None","None","Named asset proves existence only; full loop/reachability/save unknown","13C","Pending","Project-owned opaque FeatureId"
"P1.MEDIA.111","Media","Computer title: Rami PasiInvaders","Yes","Frozen04A1 revision msc-world-baseline-04a1.1-c3f2f337; GAME SHA-256 c3f2f3373ccad4fcbe104840fcb83e364f55438070e808d11ebe4996bc0476c4","Frozen04A1 WOP named PC title evidence","Reachable computer title Rami PasiInvaders has donor rules/input/audio and exit flow","World; Interaction; Audio/UI; Save","Nothing; evidence only","EvidenceCaptured","External frozen presentation evidence; no project wrapper","None","None","None","None","Named asset proves existence only; full loop/reachability/save unknown","13C","Pending","Project-owned opaque FeatureId"
"P1.MEDIA.112","Media","Computer title: Rami Pieno","Yes","Frozen04A1 revision msc-world-baseline-04a1.1-c3f2f337; GAME SHA-256 c3f2f3373ccad4fcbe104840fcb83e364f55438070e808d11ebe4996bc0476c4","Frozen04A1 WOP named PC title evidence","Reachable computer title Rami Pieno has donor rules/input/audio and exit flow","World; Interaction; Audio/UI; Save","Nothing; evidence only","EvidenceCaptured","External frozen presentation evidence; no project wrapper","None","None","None","None","Named asset proves existence only; full loop/reachability/save unknown","13C","Pending","Project-owned opaque FeatureId"
"P1.MEDIA.113","Media","Computer title: Rami Rapula","Yes","Frozen04A1 revision msc-world-baseline-04a1.1-c3f2f337; GAME SHA-256 c3f2f3373ccad4fcbe104840fcb83e364f55438070e808d11ebe4996bc0476c4","Frozen04A1 WOP named PC title evidence","Reachable computer title Rami Rapula has donor rules/input/audio and exit flow","World; Interaction; Audio/UI; Save","Nothing; evidence only","EvidenceCaptured","External frozen presentation evidence; no project wrapper","None","None","None","None","Named asset proves existence only; full loop/reachability/save unknown","13C","Pending","Project-owned opaque FeatureId"
"P1.MEDIA.114","Media","Computer title: Rami RunTheGauntlet","Yes","Frozen04A1 revision msc-world-baseline-04a1.1-c3f2f337; GAME SHA-256 c3f2f3373ccad4fcbe104840fcb83e364f55438070e808d11ebe4996bc0476c4","Frozen04A1 WOP named PC title evidence","Reachable computer title Rami RunTheGauntlet has donor rules/input/audio and exit flow","World; Interaction; Audio/UI; Save","Nothing; evidence only","EvidenceCaptured","External frozen presentation evidence; no project wrapper","None","None","None","None","Named asset proves existence only; full loop/reachability/save unknown","13C","Pending","Project-owned opaque FeatureId"
"P1.MEDIA.115","Media","Computer title: Rami SimppaJokke","Yes","Frozen04A1 revision msc-world-baseline-04a1.1-c3f2f337; GAME SHA-256 c3f2f3373ccad4fcbe104840fcb83e364f55438070e808d11ebe4996bc0476c4","Frozen04A1 WOP named PC title evidence","Reachable computer title Rami SimppaJokke has donor rules/input/audio and exit flow","World; Interaction; Audio/UI; Save","Nothing; evidence only","EvidenceCaptured","External frozen presentation evidence; no project wrapper","None","None","None","None","Named asset proves existence only; full loop/reachability/save unknown","13C","Pending","Project-owned opaque FeatureId"
"P1.MEDIA.116","Media","Computer title: Rami Sormileikki","Yes","Frozen04A1 revision msc-world-baseline-04a1.1-c3f2f337; GAME SHA-256 c3f2f3373ccad4fcbe104840fcb83e364f55438070e808d11ebe4996bc0476c4","Frozen04A1 WOP named PC title evidence","Reachable computer title Rami Sormileikki has donor rules/input/audio and exit flow","World; Interaction; Audio/UI; Save","Nothing; evidence only","EvidenceCaptured","External frozen presentation evidence; no project wrapper","None","None","None","None","Named asset proves existence only; full loop/reachability/save unknown","13C","Pending","Project-owned opaque FeatureId"
"P1.MEDIA.117","Media","Computer title: Rami WorldsMan","Yes","Frozen04A1 revision msc-world-baseline-04a1.1-c3f2f337; GAME SHA-256 c3f2f3373ccad4fcbe104840fcb83e364f55438070e808d11ebe4996bc0476c4","Frozen04A1 WOP named PC title evidence","Reachable computer title Rami WorldsMan has donor rules/input/audio and exit flow","World; Interaction; Audio/UI; Save","Nothing; evidence only","EvidenceCaptured","External frozen presentation evidence; no project wrapper","None","None","None","None","Named asset proves existence only; full loop/reachability/save unknown","13C","Pending","Project-owned opaque FeatureId"
"P1.MEDIA.118","Media","Lottery system","Yes","Frozen04A1 revision msc-world-baseline-04a1.1-c3f2f337; GAME SHA-256 c3f2f3373ccad4fcbe104840fcb83e364f55438070e808d11ebe4996bc0476c4","Frozen WOP lottery evidence","Lottery system","World; Interaction; Audio/UI; Save","Nothing; evidence only","EvidenceCaptured","External frozen presentation evidence; no project wrapper","None","None","None","None","Existence does not prove reachability, rules, ordering or persistence","13C","Pending","Project-owned opaque FeatureId"
"P1.MEDIA.119","Media","Basketball activity","Yes","Frozen04A1 revision msc-world-baseline-04a1.1-c3f2f337; GAME SHA-256 c3f2f3373ccad4fcbe104840fcb83e364f55438070e808d11ebe4996bc0476c4","WOP basketball/hoop evidence","Basketball activity","World; Interaction; Audio/UI; Save","Nothing; evidence only","EvidenceCaptured","External frozen presentation evidence; no project wrapper","None","None","None","None","Existence does not prove reachability, rules, ordering or persistence","13C","Pending","Project-owned opaque FeatureId"
"P1.MEDIA.120","Media","Teletext pages 100–502","Yes","Frozen04A1 revision msc-world-baseline-04a1.1-c3f2f337; GAME SHA-256 c3f2f3373ccad4fcbe104840fcb83e364f55438070e808d11ebe4996bc0476c4","Frozen WOP Teletext and page nodes","Teletext pages 100–502","World; Interaction; Audio/UI; Save","Nothing; evidence only","EvidenceCaptured","External frozen presentation evidence; no project wrapper","None","None","None","None","Existence does not prove reachability, rules, ordering or persistence","13C","Pending","Project-owned opaque FeatureId"
"P1.MEDIA.121","Media","Rally TV broadcast","Yes","Frozen04A1 revision msc-world-baseline-04a1.1-c3f2f337; GAME SHA-256 c3f2f3373ccad4fcbe104840fcb83e364f55438070e808d11ebe4996bc0476c4","Frozen WOP RallyTV","Rally TV broadcast","World; Interaction; Audio/UI; Save","Nothing; evidence only","EvidenceCaptured","External frozen presentation evidence; no project wrapper","None","None","None","None","Existence does not prove reachability, rules, ordering or persistence","13C","Pending","Project-owned opaque FeatureId"
"P1.MEDIA.122","Media","Film: Topless Gun","Yes","Frozen04A1 revision msc-world-baseline-04a1.1-c3f2f337; GAME SHA-256 c3f2f3373ccad4fcbe104840fcb83e364f55438070e808d11ebe4996bc0476c4","Frozen GAME film node","Film: Topless Gun","World; Interaction; Audio/UI; Save","Nothing; evidence only","EvidenceCaptured","External frozen presentation evidence; no project wrapper","None","None","None","None","Existence does not prove reachability, rules, ordering or persistence","13C","Pending","Project-owned opaque FeatureId"
"P1.MEDIA.123","Media","Film: Marjatta","Yes","Frozen04A1 revision msc-world-baseline-04a1.1-c3f2f337; GAME SHA-256 c3f2f3373ccad4fcbe104840fcb83e364f55438070e808d11ebe4996bc0476c4","Frozen GAME film node","Film: Marjatta","World; Interaction; Audio/UI; Save","Nothing; evidence only","EvidenceCaptured","External frozen presentation evidence; no project wrapper","None","None","None","None","Existence does not prove reachability, rules, ordering or persistence","13C","Pending","Project-owned opaque FeatureId"
"P1.MEDIA.124","Media","Radio channel 01","Yes","Frozen04A1 revision msc-world-baseline-04a1.1-c3f2f337; GAME SHA-256 c3f2f3373ccad4fcbe104840fcb83e364f55438070e808d11ebe4996bc0476c4","Frozen radio channel node","Radio channel 01","World; Interaction; Audio/UI; Save","Nothing; evidence only","EvidenceCaptured","External frozen presentation evidence; no project wrapper","None","None","None","None","Existence does not prove reachability, rules, ordering or persistence","13C","Pending","Project-owned opaque FeatureId"
"P1.MEDIA.125","Media","Radio channel 02","Yes","Frozen04A1 revision msc-world-baseline-04a1.1-c3f2f337; GAME SHA-256 c3f2f3373ccad4fcbe104840fcb83e364f55438070e808d11ebe4996bc0476c4","Frozen radio channel node","Radio channel 02","World; Interaction; Audio/UI; Save","Nothing; evidence only","EvidenceCaptured","External frozen presentation evidence; no project wrapper","None","None","None","None","Existence does not prove reachability, rules, ordering or persistence","13C","Pending","Project-owned opaque FeatureId"
"P1.MEDIA.126","Media","Radio channel 03","Yes","Frozen04A1 revision msc-world-baseline-04a1.1-c3f2f337; GAME SHA-256 c3f2f3373ccad4fcbe104840fcb83e364f55438070e808d11ebe4996bc0476c4","Frozen radio channel node","Radio channel 03","World; Interaction; Audio/UI; Save","Nothing; evidence only","EvidenceCaptured","External frozen presentation evidence; no project wrapper","None","None","None","None","Existence does not prove reachability, rules, ordering or persistence","13C","Pending","Project-owned opaque FeatureId"
"P1.MEDIA.127","Media","Radio channel 04","Yes","Frozen04A1 revision msc-world-baseline-04a1.1-c3f2f337; GAME SHA-256 c3f2f3373ccad4fcbe104840fcb83e364f55438070e808d11ebe4996bc0476c4","Frozen radio channel node","Radio channel 04","World; Interaction; Audio/UI; Save","Nothing; evidence only","EvidenceCaptured","External frozen presentation evidence; no project wrapper","None","None","None","None","Existence does not prove reachability, rules, ordering or persistence","13C","Pending","Project-owned opaque FeatureId"
"P1.MEDIA.128","Media","Named radio program 01 — schedule/content","Yes","Frozen04A1 revision msc-world-baseline-04a1.1-c3f2f337; GAME SHA-256 c3f2f3373ccad4fcbe104840fcb83e364f55438070e808d11ebe4996bc0476c4","Frozen GAME named radio-program nodes range 5456361–5459968","Named radio program 01 — schedule/content","World; Interaction; Audio/UI; Save","Nothing; evidence only","EvidenceCaptured","External frozen presentation evidence; no project wrapper","None","None","None","None","Program identity/content and broadcast schedule require extraction/capture","13C","Pending","Project-owned opaque FeatureId"
"P1.MEDIA.129","Media","Named radio program 02 — schedule/content","Yes","Frozen04A1 revision msc-world-baseline-04a1.1-c3f2f337; GAME SHA-256 c3f2f3373ccad4fcbe104840fcb83e364f55438070e808d11ebe4996bc0476c4","Frozen GAME named radio-program nodes range 5456361–5459968","Named radio program 02 — schedule/content","World; Interaction; Audio/UI; Save","Nothing; evidence only","EvidenceCaptured","External frozen presentation evidence; no project wrapper","None","None","None","None","Program identity/content and broadcast schedule require extraction/capture","13C","Pending","Project-owned opaque FeatureId"
"P1.MEDIA.130","Media","Named radio program 03 — schedule/content","Yes","Frozen04A1 revision msc-world-baseline-04a1.1-c3f2f337; GAME SHA-256 c3f2f3373ccad4fcbe104840fcb83e364f55438070e808d11ebe4996bc0476c4","Frozen GAME named radio-program nodes range 5456361–5459968","Named radio program 03 — schedule/content","World; Interaction; Audio/UI; Save","Nothing; evidence only","EvidenceCaptured","External frozen presentation evidence; no project wrapper","None","None","None","None","Program identity/content and broadcast schedule require extraction/capture","13C","Pending","Project-owned opaque FeatureId"
"P1.MEDIA.131","Media","Named radio program 04 — schedule/content","Yes","Frozen04A1 revision msc-world-baseline-04a1.1-c3f2f337; GAME SHA-256 c3f2f3373ccad4fcbe104840fcb83e364f55438070e808d11ebe4996bc0476c4","Frozen GAME named radio-program nodes range 5456361–5459968","Named radio program 04 — schedule/content","World; Interaction; Audio/UI; Save","Nothing; evidence only","EvidenceCaptured","External frozen presentation evidence; no project wrapper","None","None","None","None","Program identity/content and broadcast schedule require extraction/capture","13C","Pending","Project-owned opaque FeatureId"
"P1.MEDIA.132","Media","Named radio program 05 — schedule/content","Yes","Frozen04A1 revision msc-world-baseline-04a1.1-c3f2f337; GAME SHA-256 c3f2f3373ccad4fcbe104840fcb83e364f55438070e808d11ebe4996bc0476c4","Frozen GAME named radio-program nodes range 5456361–5459968","Named radio program 05 — schedule/content","World; Interaction; Audio/UI; Save","Nothing; evidence only","EvidenceCaptured","External frozen presentation evidence; no project wrapper","None","None","None","None","Program identity/content and broadcast schedule require extraction/capture","13C","Pending","Project-owned opaque FeatureId"
"P1.MEDIA.133","Media","Named radio program 06 — schedule/content","Yes","Frozen04A1 revision msc-world-baseline-04a1.1-c3f2f337; GAME SHA-256 c3f2f3373ccad4fcbe104840fcb83e364f55438070e808d11ebe4996bc0476c4","Frozen GAME named radio-program nodes range 5456361–5459968","Named radio program 06 — schedule/content","World; Interaction; Audio/UI; Save","Nothing; evidence only","EvidenceCaptured","External frozen presentation evidence; no project wrapper","None","None","None","None","Program identity/content and broadcast schedule require extraction/capture","13C","Pending","Project-owned opaque FeatureId"
"P1.MEDIA.134","Media","Named radio program 07 — schedule/content","Yes","Frozen04A1 revision msc-world-baseline-04a1.1-c3f2f337; GAME SHA-256 c3f2f3373ccad4fcbe104840fcb83e364f55438070e808d11ebe4996bc0476c4","Frozen GAME named radio-program nodes range 5456361–5459968","Named radio program 07 — schedule/content","World; Interaction; Audio/UI; Save","Nothing; evidence only","EvidenceCaptured","External frozen presentation evidence; no project wrapper","None","None","None","None","Program identity/content and broadcast schedule require extraction/capture","13C","Pending","Project-owned opaque FeatureId"
"P1.MEDIA.135","Media","Named radio program 08 — schedule/content","Yes","Frozen04A1 revision msc-world-baseline-04a1.1-c3f2f337; GAME SHA-256 c3f2f3373ccad4fcbe104840fcb83e364f55438070e808d11ebe4996bc0476c4","Frozen GAME named radio-program nodes range 5456361–5459968","Named radio program 08 — schedule/content","World; Interaction; Audio/UI; Save","Nothing; evidence only","EvidenceCaptured","External frozen presentation evidence; no project wrapper","None","None","None","None","Program identity/content and broadcast schedule require extraction/capture","13C","Pending","Project-owned opaque FeatureId"
"P1.MEDIA.136","Media","Named radio program 09 — schedule/content","Yes","Frozen04A1 revision msc-world-baseline-04a1.1-c3f2f337; GAME SHA-256 c3f2f3373ccad4fcbe104840fcb83e364f55438070e808d11ebe4996bc0476c4","Frozen GAME named radio-program nodes range 5456361–5459968","Named radio program 09 — schedule/content","World; Interaction; Audio/UI; Save","Nothing; evidence only","EvidenceCaptured","External frozen presentation evidence; no project wrapper","None","None","None","None","Program identity/content and broadcast schedule require extraction/capture","13C","Pending","Project-owned opaque FeatureId"
"P1.MEDIA.137","Media","Named radio program 10 — schedule/content","Yes","Frozen04A1 revision msc-world-baseline-04a1.1-c3f2f337; GAME SHA-256 c3f2f3373ccad4fcbe104840fcb83e364f55438070e808d11ebe4996bc0476c4","Frozen GAME named radio-program nodes range 5456361–5459968","Named radio program 10 — schedule/content","World; Interaction; Audio/UI; Save","Nothing; evidence only","EvidenceCaptured","External frozen presentation evidence; no project wrapper","None","None","None","None","Program identity/content and broadcast schedule require extraction/capture","13C","Pending","Project-owned opaque FeatureId"
"P1.MEDIA.138","Media","Named radio program 11 — schedule/content","Yes","Frozen04A1 revision msc-world-baseline-04a1.1-c3f2f337; GAME SHA-256 c3f2f3373ccad4fcbe104840fcb83e364f55438070e808d11ebe4996bc0476c4","Frozen GAME named radio-program nodes range 5456361–5459968","Named radio program 11 — schedule/content","World; Interaction; Audio/UI; Save","Nothing; evidence only","EvidenceCaptured","External frozen presentation evidence; no project wrapper","None","None","None","None","Program identity/content and broadcast schedule require extraction/capture","13C","Pending","Project-owned opaque FeatureId"
"P1.MEDIA.139","Media","Named radio program 12 — schedule/content","Yes","Frozen04A1 revision msc-world-baseline-04a1.1-c3f2f337; GAME SHA-256 c3f2f3373ccad4fcbe104840fcb83e364f55438070e808d11ebe4996bc0476c4","Frozen GAME named radio-program nodes range 5456361–5459968","Named radio program 12 — schedule/content","World; Interaction; Audio/UI; Save","Nothing; evidence only","EvidenceCaptured","External frozen presentation evidence; no project wrapper","None","None","None","None","Program identity/content and broadcast schedule require extraction/capture","13C","Pending","Project-owned opaque FeatureId"
"P1.MEDIA.140","Media","Named radio program 13 — schedule/content","Yes","Frozen04A1 revision msc-world-baseline-04a1.1-c3f2f337; GAME SHA-256 c3f2f3373ccad4fcbe104840fcb83e364f55438070e808d11ebe4996bc0476c4","Frozen GAME named radio-program nodes range 5456361–5459968","Named radio program 13 — schedule/content","World; Interaction; Audio/UI; Save","Nothing; evidence only","EvidenceCaptured","External frozen presentation evidence; no project wrapper","None","None","None","None","Program identity/content and broadcast schedule require extraction/capture","13C","Pending","Project-owned opaque FeatureId"
