ColliderStableId,EntityStableId,SourceHierarchyPath,ObjectName,SemanticCategory,ColliderType,SourceEnabled,SourceIsTrigger,SourceConvex,RuntimeConvex,SourceHasRigidbodyInAncestry,MeshGuid,MeshFileId,EffectiveActive,Disposition,Included,OwnershipPolicy,CollisionLayer,PhysicsMaterial,Reason,Classification,SourceRevisionId,PolicyVersion
0075307fdeef1690df364da84a11a6f4,ed6736caae30d7cda40a991a35b7bda9,YARD/Building/MIDDLEROOM/washingmachine,washingmachine,BuildingExterior,BoxCollider,1,0,0,0,0,,0,1,IncludedStaticWorldSolid,1,CellLegacy,WorldSolid,Assets/Game/World/Content/Physics/WorldSolidZeroBounce.physicMaterial,Reviewed static-world solid collider from the frozen M04A1 source table.,TemporaryDirectImport,msc-world-baseline-04a1.1-c3f2f337,08A1.6
0077aef2909956cc007957bdda56c706,84fc4473e119c0809278213f2d4e9830,STORE/VideoPoker/GameLogic/Buttons/Hold5,Hold5,ColliderOnly,SphereCollider,1,1,0,0,1,,0,1,ExcludedTrigger,0,Excluded,,,Trigger volumes are not imported by the solid pass.,TemporaryDirectImport,msc-world-baseline-04a1.1-c3f2f337,08A1.6
0085180aa6be4f91d4df43837e666fbb,e9fd1c1f1ffe9428d0bb2f67285b6c6a,REPAIRSHOP/LOD/Garbage/Tractor/valmet_tire_front,valmet_tire_front,BuildingExterior,BoxCollider,1,0,0,0,0,,0,1,IncludedStaticWorldSolid,1,CellLegacy,WorldSolid,Assets/Game/World/Content/Physics/WorldSolidZeroBounce.physicMaterial,Reviewed static-world solid collider from the frozen M04A1 source table.,TemporaryDirectImport,msc-world-baseline-04a1.1-c3f2f337,08A1.6
00edfa6f3de7023111e9feb2a81e5cb6,f614228df4e121ee50d8e5d7d1618cda,STORE/LOD/GFX_Store/SlotMachine/LockButtos/LockRoll3,LockRoll3,ColliderOnly,SphereCollider,1,1,0,0,0,,0,1,ExcludedTrigger,0,Excluded,,,Trigger volumes are not imported by the solid pass.,TemporaryDirectImport,msc-world-baseline-04a1.1-c3f2f337,08A1.6
0114bd18f6b2f2b8dfc0b44ccfe6a8ec,296ecdf3548032e23de7218148e51db3,STORE/TeimoInShop/Pivot/TeimoCollider,TeimoCollider,Landmark,CapsuleCollider,1,0,0,0,1,,0,1,ExcludedActorOrPlayer,0,Excluded,,,"Actor, NPC, skeleton or player-owned collision belongs to a later project-owned gameplay presenter.",TemporaryDirectImport,msc-world-baseline-04a1.1-c3f2f337,08A1.6
0130becabc88396f9cd065e2154c1867,8d2d20230e7a0eb7d2dbb21d3c5cf860,JAIL/MESh/wcbowl,wcbowl,BuildingExterior,BoxCollider,1,0,0,0,0,,0,0,ExcludedInactive,0,Excluded,,,The collider owner is inactive through the frozen donor hierarchy.,TemporaryDirectImport,msc-world-baseline-04a1.1-c3f2f337,08A1.6
015276bc92aea97c863518e79d9996c4,94973f2d925df67d7f5cfae58a9e94ee,WATERFACILITY/LOD/garage_doors_open 1/glass,glass,BuildingExterior,MeshCollider,1,0,0,0,0,3b2335d1f61c88d46a614f0b5c941a5b,4300000,0,ExcludedDoorRequiresBinding,0,Excluded,,,A door cannot become a static blocker before a project-owned hinge/interaction binding is authored.,TemporaryDirectImport,msc-world-baseline-04a1.1-c3f2f337,08A1.6
0194b4037f4ec01c7e07ca04e573e7bd,f05ab19c5dd53f089f8fdb25c3b7c3bd,DANCEHALL/Functions/FIGHTER/Fighter/Pivot/Char/skeleton/pelvis/spine_middle/spine_upper/collar_right/shoulder_right/arm_right/hand_right/FighterFist,FighterFist,ColliderOnly,SphereCollider,1,0,0,0,1,,0,0,ExcludedInactive,0,Excluded,,,The collider owner is inactive through the frozen donor hierarchy.,TemporaryDirectImport,msc-world-baseline-04a1.1-c3f2f337,08A1.6
01973865688327082abaa6d0d75e2b2f,a1244c409eb6360ec8d6b0450482853d,JAIL/RemotePivot/tv remote control(itemx),tv remote control(itemx),ColliderOnly,BoxCollider,1,0,0,0,1,,0,0,ExcludedInactive,0,Excluded,,,The collider owner is inactive through the frozen donor hierarchy.,TemporaryDirectImport,msc-world-baseline-04a1.1-c3f2f337,08A1.6
01c3402f3d3f59b0464454ea0147d68f,60947e1e97028638935c61fb29fc3a76,PERAJARVI/HouseWhite/StaticCarPOLSA/Collider,Collider,ColliderOnly,MeshCollider,1,0,1,0,0,9f08dd8e962b3b34f8957432d4aabd39,4300000,1,IncludedStaticWorldSolid,1,CellLegacy,WorldSolid,Assets/Game/World/Content/Physics/WorldSolidZeroBounce.physicMaterial,Reviewed static-world solid collider from the frozen M04A1 source table.,TemporaryDirectImport,msc-world-baseline-04a1.1-c3f2f337,08A1.6
01c66afd0a0cc20990bdb6ee8ce7912b,6e4952c095ac437f254d56d8ac14564d,SOCCER/goal2/Colliders/coll,coll,ColliderOnly,CapsuleCollider,1,0,0,0,1,,0,1,ExcludedDynamicRequiresPresenter,0,Excluded,,,The collider is owned by a donor Rigidbody on itself or an ancestor and requires a project-owned dynamic presenter instead of a frozen static blocker.,TemporaryDirectImport,msc-world-baseline-04a1.1-c3f2f337,08A1.6
01d7f3c03d945a27743de6a6e2cb3e03,05caebe959bca8cc5fa3696af92fdab7,THEATRE/LOD/theatre_set,theatre_set,ColliderOnly,BoxCollider,1,0,0,0,0,,0,1,IncludedStaticWorldSolid,1,CellLegacy,WorldSolid,Assets/Game/World/Content/Physics/WorldSolidZeroBounce.physicMaterial,Reviewed static-world solid collider from the frozen M04A1 source table.,TemporaryDirectImport,msc-world-baseline-04a1.1-c3f2f337,08A1.6
01edf1c72b36d5862cddb4294bf25e1a,d5b063b0be6ec3b13fd27da141bb7a2f,THEATRE/LOD/Furniture/chair/chair_pillow,chair_pillow,BuildingExterior,BoxCollider,1,0,0,0,1,,0,1,ExcludedDynamicRequiresPresenter,0,Excluded,,,The collider is owned by a donor Rigidbody on itself or an ancestor and requires a project-owned dynamic presenter instead of a frozen static blocker.,TemporaryDirectImport,msc-world-baseline-04a1.1-c3f2f337,08A1.6
01f10cc445da6bd79340a95a030b791f,fd63df2a1a2ba1d63672987707ec2909,MAP/Buildings/DINGONBIISI/autiotalo/mesh/buildingvino_Cube.003_None_plaster.jpg 1,buildingvino_Cube.003_None_plaster.jpg 1,StaticProp,MeshCollider,1,0,0,0,0,81d7bb80f2a549a4899614e5e906502d,4300000,1,IncludedStaticWorldSolid,1,CellLegacy,WorldSolid,Assets/Game/World/Content/Physics/WorldSolidZeroBounce.physicMaterial,Reviewed static-world solid collider from the frozen M04A1 source table.,TemporaryDirectImport,msc-world-baseline-04a1.1-c3f2f337,08A1.6
024f401fb6d07f84f43257a33eff2f01,28f58f4e5e9101227e34be38df73521e,YARD/Building/BEDROOM2/bedtabl,bedtabl,BuildingInterior,BoxCollider,1,0,0,0,0,,0,1,IncludedStaticWorldSolid,1,CellLegacy,WorldSolid,Assets/Game/World/Content/Physics/WorldSolidZeroBounce.physicMaterial,Reviewed static-world solid collider from the frozen M04A1 source table.,TemporaryDirectImport,msc-world-baseline-04a1.1-c3f2f337,08A1.6
0310f0c146df9827d19c6c8ae198d8f3,625a2152fd02969281aab5809f3a3b27,RALLY/PartsSalesman/Functions/Parts/BuyFuelpump,BuyFuelpump,ColliderOnly,SphereCollider,1,1,0,0,0,,0,1,ExcludedTrigger,0,Excluded,,,Trigger volumes are not imported by the solid pass.,TemporaryDirectImport,msc-world-baseline-04a1.1-c3f2f337,08A1.6
031c44bbdc173c3493b7894da10d28af,769054c1a8373a47c328a14d4e77aa33,DANCEHALL/Functions/BAND/SYNTH/synth/synth,synth,BuildingExterior,BoxCollider,1,0,0,0,0,,0,0,ExcludedInactive,0,Excluded,,,The collider owner is inactive through the frozen donor hierarchy.,TemporaryDirectImport,msc-world-baseline-04a1.1-c3f2f337,08A1.6
0324006f32edf15bc07d5b5571555286,0ec7cbdb145a711a3d717183bf5c93bb,PERAJARVI/HouseSmall3/building3_roof,building3_roof,Roof,MeshCollider,1,0,1,0,0,a8d86623009a0f945b8f47a3b6c11d25,4300000,1,IncludedStaticWorldSolid,1,CellLegacy,WorldSolid,Assets/Game/World/Content/Physics/WorldSolidZeroBounce.physicMaterial,Reviewed static-world solid collider from the frozen M04A1 source table.,TemporaryDirectImport,msc-world-baseline-04a1.1-c3f2f337,08A1.6
03525ad9e1b107c0b3aeb5b867da9249,556f6daf3829d08da6931f916beb765b,JAIL/MESh/chair,chair,BuildingExterior,BoxCollider,1,0,0,0,0,,0,0,ExcludedInactive,0,Excluded,,,The collider owner is inactive through the frozen donor hierarchy.,TemporaryDirectImport,msc-world-baseline-04a1.1-c3f2f337,08A1.6
037aa039fbe548cdd1e9bf3960c8c5e9,123af7b86ede4a604f3c9f630022cf2f,YARD/Building/Garage/GarageDoors/DoorRight/Coll,Coll,ColliderOnly,BoxCollider,1,0,0,0,1,,0,1,ExcludedDoorRequiresBinding,0,Excluded,,,A door cannot become a static blocker before a project-owned hinge/interaction binding is authored.,TemporaryDirectImport,msc-world-baseline-04a1.1-c3f2f337,08A1.6
03827a4378159935b7d9f6f0b94bbb06,9b5653b1e71e295d0cf367bf65825c3a,STORE/StoreCashRegister/Register,Register,BuildingExterior,SphereCollider,1,1,0,0,0,,0,1,ExcludedTrigger,0,Excluded,,,Trigger volumes are not imported by the solid pass.,TemporaryDirectImport,msc-world-baseline-04a1.1-c3f2f337,08A1.6
03883efe58198d1cf69260032efd8782,2277f58500025a6260b73f7f5fd6d9d6,PERAJARVI/HouseWhite/hedge,hedge,BuildingExterior,MeshCollider,1,0,1,0,0,9c6458347eea44a42b431025cf59f4cc,4300000,1,IncludedStaticWorldSolid,1,CellLegacy,WorldSolid,Assets/Game/World/Content/Physics/WorldSolidZeroBounce.physicMaterial,Reviewed static-world solid collider from the frozen M04A1 source table.,TemporaryDirectImport,msc-world-baseline-04a1.1-c3f2f337,08A1.6
03c51740af369ab28b23c4c16cba6b0b,497057f17a75176635564273bae03128,STORE/LOD/ShopFunctions/Switches/switch_door,switch_door,Door,SphereCollider,1,1,0,0,0,,0,1,ExcludedTrigger,0,Excluded,,,Trigger volumes are not imported by the solid pass.,TemporaryDirectImport,msc-world-baseline-04a1.1-c3f2f337,08A1.6
03f75ac75c8ec7cf17754ef7668f55b8,fe00ea9d9a8bffd02c6b6813e1300d6c,CABIN/LOD/Logging/log(Clone)/log(Clone),log(Clone),BuildingExterior,BoxCollider,1,0,0,0,1,,0,1,ExcludedDynamicRequiresPresenter,0,Excluded,,,The collider is owned by a donor Rigidbody on itself or an ancestor and requires a project-owned dynamic presenter instead of a frozen static blocker.,TemporaryDirectImport,msc-world-baseline-04a1.1-c3f2f337,08A1.6
04009f5e480d208b6ad8dc712d7c50b9,9e468a9d386e39e159594dc587c8d1d5,STORE/LOD/ActivateBar/DrunksBar/Drunk2/skeleton/pelvis/spine_middle/spine_upper/collar_right/shoulder_right,shoulder_right,ColliderOnly,CapsuleCollider,1,0,0,0,1,,0,1,ExcludedActorOrPlayer,0,Excluded,,,"Actor, NPC, skeleton or player-owned collision belongs to a later project-owned gameplay presenter.",TemporaryDirectImport,msc-world-baseline-04a1.1-c3f2f337,08A1.6
04530b38995d658b9dd794c426d8b77e,8addc528b9dfdf00fb88b43839648f6e,YARD/PlayerMailBox/EnvelopeComputerSpawn/envelope(xxxxx),envelope(xxxxx),BuildingExterior,BoxCollider,1,0,0,0,1,,0,0,ExcludedInactive,0,Excluded,,,The collider owner is inactive through the frozen donor hierarchy.,TemporaryDirectImport,msc-world-baseline-04a1.1-c3f2f337,08A1.6
04b01375eaf441fd89b015f614c20c38,3618da4e925308b079faed193540700e,CABIN/LOD/Logging/Pölkky,Pölkky,ColliderOnly,BoxCollider,1,0,0,0,0,,0,1,IncludedStaticWorldSolid,1,CellLegacy,WorldSolid,Assets/Game/World/Content/Physics/WorldSolidZeroBounce.physicMaterial,Reviewed static-world solid collider from the frozen M04A1 source table.,TemporaryDirectImport,msc-world-baseline-04a1.1-c3f2f337,08A1.6
04b1f0a81c9eaa1679657e89a385d385,873e823ebe5d131239f5c46bf5915a14,COTTAGE/MESH/Cottage_lauteet/coll,coll,ColliderOnly,BoxCollider,1,0,0,0,0,,0,1,IncludedStaticWorldSolid,1,CellLegacy,WorldSolid,Assets/Game/World/Content/Physics/WorldSolidZeroBounce.physicMaterial,Reviewed static-world solid collider from the frozen M04A1 source table.,TemporaryDirectImport,msc-world-baseline-04a1.1-c3f2f337,08A1.6
04b74e873cc21ab8cb8f5ba0068f203a,46aa8a99f75af5e8b03308480ab8f16a,MISC/MAITO/grabthishere,grabthishere,ColliderOnly,SphereCollider,1,0,0,0,1,,0,0,ExcludedInactive,0,Excluded,,,The collider owner is inactive through the frozen donor hierarchy.,TemporaryDirectImport,msc-world-baseline-04a1.1-c3f2f337,08A1.6
050694dc1b97fe9d34bee8215e64eb42,982b2d589dab00db9f0fef65519cc665,REPAIRSHOP/LOD/ToolCart/Drawer,Drawer,BuildingExterior,CapsuleCollider,1,1,0,0,1,,0,1,ExcludedTrigger,0,Excluded,,,Trigger volumes are not imported by the solid pass.,TemporaryDirectImport,msc-world-baseline-04a1.1-c3f2f337,08A1.6
056fea2f173225c2e70af9d77300477d,2a617b0f4b1e5e28eed2e359b5a26c14,COTTAGE/LOD/Glass/glass 3,glass 3,BuildingExterior,BoxCollider,1,0,0,0,0,,0,1,IncludedStaticWorldSolid,1,CellLegacy,WorldSolid,Assets/Game/World/Content/Physics/WorldSolidZeroBounce.physicMaterial,Reviewed static-world solid collider from the frozen M04A1 source table.,TemporaryDirectImport,msc-world-baseline-04a1.1-c3f2f337,08A1.6
059e8f12bde8a2a68a01b471b82cb742,b158d742148a89c9f7cdbd3b58eda604,MAP/Buildings/DINGONBIISI/autiotalo/LOD/NoRain,NoRain,ColliderOnly,MeshCollider,1,0,0,0,0,0000000000000000e000000000000000,10210,1,ExcludedBuiltinMeshRequiresMapping,0,Excluded,,,The donor collider references a Unity built-in mesh; no render-mesh fallback is permitted.,TemporaryDirectImport,msc-world-baseline-04a1.1-c3f2f337,08A1.6
05c12dcf5379cde246d59a0a1c1ddb95,5a0c3cdfa019627c011bfa4e92d33d6b,INSPECTION/Functions/register plate(Clone),register plate(Clone),BuildingExterior,BoxCollider,1,0,0,0,1,,0,0,ExcludedInactive,0,Excluded,,,The collider owner is inactive through the frozen donor hierarchy.,TemporaryDirectImport,msc-world-baseline-04a1.1-c3f2f337,08A1.6
05c74353d5e781fcced1a7bf9737e8c8,adce8bad766e4ca661ead5061ab6b41c,YARD/PlayerMailBox/Hatch/Pivot/Use,Use,ColliderOnly,BoxCollider,1,1,0,0,0,,0,1,ExcludedTrigger,0,Excluded,,,Trigger volumes are not imported by the solid pass.,TemporaryDirectImport,msc-world-baseline-04a1.1-c3f2f337,08A1.6
05ce1e058cd363169b2162f96f5c9106,c49e33017c4cbe743ed47cd4287b68f0,STORE/LOD/GFX_Pub/pub_desk,pub_desk,BuildingExterior,BoxCollider,1,0,0,0,0,,0,1,IncludedStaticWorldSolid,1,CellLegacy,WorldSolid,Assets/Game/World/Content/Physics/WorldSolidZeroBounce.physicMaterial,Reviewed static-world solid collider from the frozen M04A1 source table.,TemporaryDirectImport,msc-world-baseline-04a1.1-c3f2f337,08A1.6
05d171f1c91f2c59b6987483bf939cbe,c8ab3a6be963fe64af420dd93e78007b,STORE/LOD/GFX_Store/store_outside2,store_outside2,BuildingExterior,MeshCollider,1,0,0,0,0,ff60fadbd51a5964aab684e288a2551d,4300000,1,IncludedStaticWorldSolid,1,CellLegacy,WorldSolid,Assets/Game/World/Content/Physics/WorldSolidZeroBounce.physicMaterial,Reviewed static-world solid collider from the frozen M04A1 source table.,TemporaryDirectImport,msc-world-baseline-04a1.1-c3f2f337,08A1.6
05eaba76f0fdf3866e142ba4f5958354,03cf1941c4e51cfdcd332b7a9850d81c,YARD/Building/KITCHEN/OvenStove/SausageTrigger,SausageTrigger,ColliderOnly,SphereCollider,1,1,0,0,0,,0,1,ExcludedTrigger,0,Excluded,,,Trigger volumes are not imported by the solid pass.,TemporaryDirectImport,msc-world-baseline-04a1.1-c3f2f337,08A1.6
0616ae257bc016b07213328b67012b02,a790366bae3c4ebd257a43da33cbebdf,YARD/Building/KITCHEN/OvenStove/HotPlate1/GrillTrigger,GrillTrigger,ColliderOnly,SphereCollider,1,1,0,0,0,,0,0,ExcludedTrigger,0,Excluded,,,Trigger volumes are not imported by the solid pass.,TemporaryDirectImport,msc-world-baseline-04a1.1-c3f2f337,08A1.6
0657bb879cfd7b2a66b0b097361c2b47,908fbb8c4eb6ac9aa6429c47216cd1df,MAP/MESH/LogwallLarge,LogwallLarge,StaticProp,MeshCollider,1,0,1,0,0,02cdb7667d9ca4d49b627702944f9953,4300000,1,IncludedStaticWorldSolid,1,TrulyGlobalLegacy,WorldSolid,Assets/Game/World/Content/Physics/WorldSolidZeroBounce.physicMaterial,Reviewed static-world solid collider from the frozen M04A1 source table.,TemporaryDirectImport,msc-world-baseline-04a1.1-c3f2f337,08A1.6
0685d9de704e2a861f6423beb95181bd,2063849d6b8807e66a8a773359877a1a,YARD/Building/KITCHEN/OvenStove/HotPlate3/GrillTrigger,GrillTrigger,ColliderOnly,SphereCollider,1,1,0,0,0,,0,0,ExcludedTrigger,0,Excluded,,,Trigger volumes are not imported by the solid pass.,TemporaryDirectImport,msc-world-baseline-04a1.1-c3f2f337,08A1.6
0694250c8758778aff1308f1afb7d761,5321706220112780baeed0bbe56912b3,MAP/StreetLights/3/LOD/lightpole,lightpole,UtilityPole,CapsuleCollider,1,0,0,0,0,,0,1,IncludedStaticWorldSolid,1,CellLegacy,WorldSolid,Assets/Game/World/Content/Physics/WorldSolidZeroBounce.physicMaterial,Reviewed static-world solid collider from the frozen M04A1 source table.,TemporaryDirectImport,msc-world-baseline-04a1.1-c3f2f337,08A1.6
069937b54937144f34ebb1b13f23c494,fd6af920e38e4103f71d45a3003226f1,COTTAGE/LOD/Doors/DoorFront1/Pivot/mesh,mesh,BuildingExterior,BoxCollider,1,0,0,0,0,,0,1,ExcludedDoorRequiresBinding,0,Excluded,,,A door cannot become a static blocker before a project-owned hinge/interaction binding is authored.,TemporaryDirectImport,msc-world-baseline-04a1.1-c3f2f337,08A1.6
06f712059f02391957f88faf43a66a95,45ee85fc1b86adb42afaca228581b531,DANCEHALL/Functions/BAND/pa,pa,BuildingExterior,BoxCollider,1,0,0,0,0,,0,0,ExcludedInactive,0,Excluded,,,The collider owner is inactive through the frozen donor hierarchy.,TemporaryDirectImport,msc-world-baseline-04a1.1-c3f2f337,08A1.6
0702311af43d6267bd5c5d3c584af1c5,0c46b7733bbb3ae38815fde33e588a52,MAP/Buildings/BarnOld/lato_roof,lato_roof,Roof,MeshCollider,1,0,0,0,0,6f49787c3bbcf9e4f8b8c2b28ee9bd6f,4300000,1,IncludedStaticWorldSolid,1,CellLegacy,WorldSolid,Assets/Game/World/Content/Physics/WorldSolidZeroBounce.physicMaterial,Reviewed static-world solid collider from the frozen M04A1 source table.,TemporaryDirectImport,msc-world-baseline-04a1.1-c3f2f337,08A1.6
076ced89bb69d98f1b5c2155a0d091af,2bbe87ba17cfef3c55a663e7b24b3d1f,STORE/VideoPoker/GameLogic/Buttons/InsertCoin,InsertCoin,ColliderOnly,SphereCollider,1,1,0,0,1,,0,1,ExcludedTrigger,0,Excluded,,,Trigger volumes are not imported by the solid pass.,TemporaryDirectImport,msc-world-baseline-04a1.1-c3f2f337,08A1.6
07941a8b73bfa4de8a2c8516f436d245,25057fd6fde8cf4fc464fe909c9e4632,YARD/Building/LIVINGROOM/LOD_livingroom/Ryijy 2,Ryijy 2,BuildingInterior,MeshCollider,1,0,0,0,0,0000000000000000e000000000000000,10210,1,ExcludedBuiltinMeshRequiresMapping,0,Excluded,,,The donor collider references a Unity built-in mesh; no render-mesh fallback is permitted.,TemporaryDirectImport,msc-world-baseline-04a1.1-c3f2f337,08A1.6
07a08e289846a697137617e552f4bbd4,62f287254fb4fa9ca3908dd2ee090b26,COTTAGE/Cottage_sofa/coll,coll,ColliderOnly,BoxCollider,1,0,0,0,0,,0,1,IncludedStaticWorldSolid,1,CellLegacy,WorldSolid,Assets/Game/World/Content/Physics/WorldSolidZeroBounce.physicMaterial,Reviewed static-world solid collider from the frozen M04A1 source table.,TemporaryDirectImport,msc-world-baseline-04a1.1-c3f2f337,08A1.6
07bbfa6c23c5993c98b1119b155cfea6,745c7d4504e4b7540a62c8e708a89d27,YARD/Building/LIVINGROOM/LOD_livingroom/MAP/Darts/Shit5,Shit5,BuildingInterior,SphereCollider,1,1,0,0,0,,0,0,ExcludedTrigger,0,Excluded,,,Trigger volumes are not imported by the solid pass.,TemporaryDirectImport,msc-world-baseline-04a1.1-c3f2f337,08A1.6
07e2022feaef58e994319dafb17df5c6,c57ea490179fd03b13072ec6786abb9f,YARD/Building/SAUNA/Sauna/Kiuas/ButtonTime,ButtonTime,ColliderOnly,SphereCollider,1,1,0,0,0,,0,1,ExcludedTrigger,0,Excluded,,,Trigger volumes are not imported by the solid pass.,TemporaryDirectImport,msc-world-baseline-04a1.1-c3f2f337,08A1.6
07ffe802ad625f18c92580e4fc9736c0,946f0e56092a7384e87cde9780402662,YARD/PlayerMailBox/LetterProcyon,LetterProcyon,ColliderOnly,CapsuleCollider,1,1,0,0,0,,0,0,ExcludedTrigger,0,Excluded,,,Trigger volumes are not imported by the solid pass.,TemporaryDirectImport,msc-world-baseline-04a1.1-c3f2f337,08A1.6
083b4fb59183d7d686725fb6cbc526af,138bfb0a2df7daef4d5ce40330dfef76,YARD/UNCLE/Building/houseuncle_roof,houseuncle_roof,Roof,MeshCollider,1,0,0,0,0,24b999d61e5fb38448347861c8585570,4300000,1,IncludedStaticWorldSolid,1,CellLegacy,WorldSolid,Assets/Game/World/Content/Physics/WorldSolidZeroBounce.physicMaterial,Reviewed static-world solid collider from the frozen M04A1 source table.,TemporaryDirectImport,msc-world-baseline-04a1.1-c3f2f337,08A1.6
0868a1030354b1d2f79093deff7c12c8,840ba7b32e26c8328c377cb6757a1656,DANCEHALL/Functions/DanceCouple,DanceCouple,ColliderOnly,CapsuleCollider,1,0,0,0,1,,0,0,ExcludedInactive,0,Excluded,,,The collider owner is inactive through the frozen donor hierarchy.,TemporaryDirectImport,msc-world-baseline-04a1.1-c3f2f337,08A1.6
08ed3823825dfb4b548536becbb76564,2d13ed1c44fea48f57004661acdf572d,YARD/Building/KITCHEN/kitchen_sokkeli/coll,coll,ColliderOnly,BoxCollider,1,0,0,0,0,,0,1,IncludedStaticWorldSolid,1,CellLegacy,WorldSolid,Assets/Game/World/Content/Physics/WorldSolidZeroBounce.physicMaterial,Reviewed static-world solid collider from the frozen M04A1 source table.,TemporaryDirectImport,msc-world-baseline-04a1.1-c3f2f337,08A1.6
08f9b153c28c9e3e7783b6df9434b845,4d31d93f9a9fb2ae2a58947cc149a6aa,MAP/MESH/RAILROAD/RailCol,RailCol,ColliderOnly,BoxCollider,1,0,0,0,0,,0,1,IncludedStaticWorldSolid,1,TrulyGlobalLegacy,WorldSolid,Assets/Game/World/Content/Physics/WorldSolidZeroBounce.physicMaterial,Reviewed static-world solid collider from the frozen M04A1 source table.,TemporaryDirectImport,msc-world-baseline-04a1.1-c3f2f337,08A1.6
097eee23ffe4759db04cf9731834f8c9,8d1c1f6f2e77d1091b0855aa96c7429c,CABIN/BurntHouse/burtn_house_rumble,burtn_house_rumble,BuildingExterior,MeshCollider,1,0,0,0,0,a162060ffcd327a40b94e9e2187b57d2,4300000,1,IncludedStaticWorldSolid,1,CellLegacy,WorldSolid,Assets/Game/World/Content/Physics/WorldSolidZeroBounce.physicMaterial,Reviewed static-world solid collider from the frozen M04A1 source table.,TemporaryDirectImport,msc-world-baseline-04a1.1-c3f2f337,08A1.6
09a3e82b4dfcbeab1f90001dabb18e9d,a615fdf7131a547ef72bb91b42929246,STORE/LOD/ActivateStore/CarProducts/Sparkplugs,Sparkplugs,ColliderOnly,SphereCollider,1,1,0,0,0,,0,1,ExcludedTrigger,0,Excluded,,,Trigger volumes are not imported by the solid pass.,TemporaryDirectImport,msc-world-baseline-04a1.1-c3f2f337,08A1.6
09f4a31ec11133d518e3d56d534f760e,20dbf5bce6cbd8e6c58cac68504bac38,MAP/Buildings/DINGONBIISI/autiotalo/LOD/WaterWell/Functions/ParticleDrink/WaterTap,WaterTap,Water,CapsuleCollider,1,0,0,0,0,,0,0,ExcludedInactive,0,Excluded,,,The collider owner is inactive through the frozen donor hierarchy.,TemporaryDirectImport,msc-world-baseline-04a1.1-c3f2f337,08A1.6
0a75f0b72b7b7a425077fda29b072fc5,8a07c83dcce8b695f39df087b864677b,INSPECTION/Functions/garage_doors_open/glass,glass,BuildingExterior,MeshCollider,1,0,0,0,0,3b2335d1f61c88d46a614f0b5c941a5b,4300000,0,ExcludedDoorRequiresBinding,0,Excluded,,,A door cannot become a static blocker before a project-owned hinge/interaction binding is authored.,TemporaryDirectImport,msc-world-baseline-04a1.1-c3f2f337,08A1.6
0aaae2050409f43eb4318563aae50e0f,2662a3c3bf9d28b68329a9c098f23de0,PERAJARVI/CHURCH/Church/collider,collider,ColliderOnly,MeshCollider,1,0,0,0,0,d07d8fc06ff61de43ba609dc466b0de0,4300000,1,IncludedStaticWorldSolid,1,CellLegacy,WorldSolid,Assets/Game/World/Content/Physics/WorldSolidZeroBounce.physicMaterial,Reviewed static-world solid collider from the frozen M04A1 source table.,TemporaryDirectImport,msc-world-baseline-04a1.1-c3f2f337,08A1.6
0ac1fffdcfc9b529fd608f89600fe906,e911405807e637166c7c6dd3e653888f,MAP/Buildings/Barn/lato_roof,lato_roof,Roof,MeshCollider,1,0,1,0,0,73acff30fd9546d42a5637f3fdcd2f20,4300000,1,IncludedStaticWorldSolid,1,CellLegacy,WorldSolid,Assets/Game/World/Content/Physics/WorldSolidZeroBounce.physicMaterial,Reviewed static-world solid collider from the frozen M04A1 source table.,TemporaryDirectImport,msc-world-baseline-04a1.1-c3f2f337,08A1.6
0ad4e02668f006226c458ecd0be22a47,55892703b1efca54dd9ab7c2d9973931,COTTAGE/LOD/Cottage_windows,Cottage_windows,Window,MeshCollider,1,0,0,0,0,5ae40d2530a3464418278760f140ef7c,4300000,1,IncludedStaticWorldSolid,1,CellLegacy,WorldSolid,Assets/Game/World/Content/Physics/WorldSolidZeroBounce.physicMaterial,Reviewed static-world solid collider from the frozen M04A1 source table.,TemporaryDirectImport,msc-world-baseline-04a1.1-c3f2f337,08A1.6
0ae88a3da38af1e0a003d3a69854b0b3,299e74699f391a0060e9d8d94f7d5554,YARD/Building/Colliders/coll,coll,ColliderOnly,BoxCollider,1,0,0,0,0,,0,1,IncludedSafetyCriticalGlobal,1,GlobalLegacy,WorldSolid,Assets/Game/World/Content/Physics/WorldSolidZeroBounce.physicMaterial,Home spawn structural safety,TemporaryDirectImport,msc-world-baseline-04a1.1-c3f2f337,08A1.6
0b0beb879f03583cf9e412075531b23a,a973421802d865ce809b71a0853e26f1,YARD/MachineHall/Logging/Pölkky,Pölkky,ColliderOnly,BoxCollider,1,0,0,0,0,,0,1,IncludedStaticWorldSolid,1,CellLegacy,WorldSolid,Assets/Game/World/Content/Physics/WorldSolidZeroBounce.physicMaterial,Reviewed static-world solid collider from the frozen M04A1 source table.,TemporaryDirectImport,msc-world-baseline-04a1.1-c3f2f337,08A1.6
0b6db7d01e9262afacf364ef8c326a43,3b8bdc9f7312421b8fca966f1891bd45,THEATRE/LOD/Furniture/chair,chair,BuildingExterior,BoxCollider,1,0,0,0,1,,0,1,ExcludedDynamicRequiresPresenter,0,Excluded,,,The collider is owned by a donor Rigidbody on itself or an ancestor and requires a project-owned dynamic presenter instead of a frozen static blocker.,TemporaryDirectImport,msc-world-baseline-04a1.1-c3f2f337,08A1.6
0b9fde3a7108fed7eaecb0a12b99c7a7,62c2dc584bea26e4f543f0424bd33cab,STORE/LOD/GFX_Store/SlotMachine/slot_machine 1,slot_machine 1,BuildingExterior,MeshCollider,1,0,1,0,0,06f8ab6638f11af4989294b2a1f5259c,4300000,1,IncludedStaticWorldSolid,1,CellLegacy,WorldSolid,Assets/Game/World/Content/Physics/WorldSolidZeroBounce.physicMaterial,Reviewed static-world solid collider from the frozen M04A1 source table.,TemporaryDirectImport,msc-world-baseline-04a1.1-c3f2f337,08A1.6
0bc2eb8ff21dee8e1e7534927376f94b,89f754a6751134cf3ccb463f5865894d,RALLY/Sunday/StartArea/Sender 1/Move/RagDoll,RagDoll,ColliderOnly,BoxCollider,1,0,0,0,1,,0,0,ExcludedInactive,0,Excluded,,,The collider owner is inactive through the frozen donor hierarchy.,TemporaryDirectImport,msc-world-baseline-04a1.1-c3f2f337,08A1.6
0bd45946cdf0d41d318acb117efd8a3c,816b0031e01d82074d0de2c4392e3fc7,DANCEHALL/Functions/FIGHTER/Fighter/Pivot/Char/skeleton/pelvis,pelvis,ColliderOnly,CapsuleCollider,1,0,0,0,1,,0,0,ExcludedInactive,0,Excluded,,,The collider owner is inactive through the frozen donor hierarchy.,TemporaryDirectImport,msc-world-baseline-04a1.1-c3f2f337,08A1.6
0be5d9f58cd87c76311e09fbab69a3f3,a0323e5f689af1c31e4371b230ac3718,STORE/LOD/GFX_Pub/BreakableWindowsPub/store_windows_broken/store_windows_broken_003,store_windows_broken_003,Window,MeshCollider,1,0,1,0,1,363b62886ec071443b9b42c139c64255,4300000,0,ExcludedInactive,0,Excluded,,,The collider owner is inactive through the frozen donor hierarchy.,TemporaryDirectImport,msc-world-baseline-04a1.1-c3f2f337,08A1.6
0be615c03a0c8683eb3eebe264fdb3dc,ef902dda3c2de8e99bc463224d73d5c7,YARD/Building/Dynamics/FuseTable/Gauge/kwh_meter,kwh_meter,BuildingExterior,BoxCollider,1,0,0,0,0,,0,1,IncludedStaticWorldSolid,1,CellLegacy,WorldSolid,Assets/Game/World/Content/Physics/WorldSolidZeroBounce.physicMaterial,Reviewed static-world solid collider from the frozen M04A1 source table.,TemporaryDirectImport,msc-world-baseline-04a1.1-c3f2f337,08A1.6
0c89b83f83b95a84a65aa5ac49b76f8c,560c606c98de594dcdbfe02353be732e,RALLY/Scenery/Objects/Trailer/coll,coll,ColliderOnly,MeshCollider,1,0,1,0,0,c89692127bfac01468924e506bd442d3,4300000,0,ExcludedInactive,0,Excluded,,,The collider owner is inactive through the frozen donor hierarchy.,TemporaryDirectImport,msc-world-baseline-04a1.1-c3f2f337,08A1.6
0cc7b7825bd2b3ec0dafe01bf0ef17bc,4c4e4b1ccf1e6491016f2423ea5f4035,STORE/LOD/GFX_Store/SlotMachine/Buttons/Cashout,Cashout,ColliderOnly,SphereCollider,1,1,0,0,0,,0,1,ExcludedTrigger,0,Excluded,,,Trigger volumes are not imported by the solid pass.,TemporaryDirectImport,msc-world-baseline-04a1.1-c3f2f337,08A1.6
0ce5d9d59bc5a7f7dbb893f91ca5380e,84b21f894bf2e357f71a0f0caf61c42d,YARD/Building/Colliders/coll,coll,ColliderOnly,BoxCollider,1,0,0,0,0,,0,1,IncludedSafetyCriticalGlobal,1,GlobalLegacy,WorldSolid,Assets/Game/World/Content/Physics/WorldSolidZeroBounce.physicMaterial,Home spawn structural safety,TemporaryDirectImport,msc-world-baseline-04a1.1-c3f2f337,08A1.6
0d07ea2eb508c50ff28f77e2ce7fcae7,91b0d095689cf2be904dde3248aee137,PERAJARVI/TerraceHouse/LOD1/ConcretePig,ConcretePig,BuildingExterior,BoxCollider,1,0,0,0,0,,0,1,IncludedStaticWorldSolid,1,CellLegacy,WorldSolid,Assets/Game/World/Content/Physics/WorldSolidZeroBounce.physicMaterial,Reviewed static-world solid collider from the frozen M04A1 source table.,TemporaryDirectImport,msc-world-baseline-04a1.1-c3f2f337,08A1.6
0d39f9b77ecbaafc40f5d9300e3aeb35,b7830d173ff9e790f697173172c4612f,DANCEHALL/Functions/FIGHTER/Fighter/Pivot/Char/skeleton/pelvis/spine_middle/spine_upper/collar_left/shoulder_left/arm_left/hand_left/finger_left/bottle/booze(Clone),booze(Clone),BuildingExterior,BoxCollider,1,0,0,0,1,,0,0,ExcludedInactive,0,Excluded,,,The collider owner is inactive through the frozen donor hierarchy.,TemporaryDirectImport,msc-world-baseline-04a1.1-c3f2f337,08A1.6
0d46a3990aae213995a41fb024b389df,c5a83cc2525c48b5e7231ff5f294cfce,MAP/StreetLights/1/LOD/lightpole,lightpole,UtilityPole,CapsuleCollider,1,0,0,0,0,,0,1,IncludedStaticWorldSolid,1,CellLegacy,WorldSolid,Assets/Game/World/Content/Physics/WorldSolidZeroBounce.physicMaterial,Reviewed static-world solid collider from the frozen M04A1 source table.,TemporaryDirectImport,msc-world-baseline-04a1.1-c3f2f337,08A1.6
0d508d68a792a17e7dd643af3254f3d8,e7ef95b24e6188fd811ab58bacc2ab5a,PERAJARVI/HouseWhite/hedge,hedge,BuildingExterior,MeshCollider,1,0,1,0,0,9c6458347eea44a42b431025cf59f4cc,4300000,1,IncludedStaticWorldSolid,1,CellLegacy,WorldSolid,Assets/Game/World/Content/Physics/WorldSolidZeroBounce.physicMaterial,Reviewed static-world solid collider from the frozen M04A1 source table.,TemporaryDirectImport,msc-world-baseline-04a1.1-c3f2f337,08A1.6
0d72e11895c304fb795475d16314b189,baf40b3e34c5a154cfc7cec05bf2caae,YARD/Building/LIVINGROOM/chair_wood/chair_pillow,chair_pillow,BuildingInterior,BoxCollider,1,0,0,0,0,,0,1,IncludedStaticWorldSolid,1,CellLegacy,WorldSolid,Assets/Game/World/Content/Physics/WorldSolidZeroBounce.physicMaterial,Reviewed static-world solid collider from the frozen M04A1 source table.,TemporaryDirectImport,msc-world-baseline-04a1.1-c3f2f337,08A1.6
0dcbc27374e245562702b875a1225dc8,88dc706ad5cd08c6a9aeac760877da81,STORE/VideoPoker/GameLogic/Buttons/TakeWin,TakeWin,ColliderOnly,SphereCollider,1,1,0,0,1,,0,1,ExcludedTrigger,0,Excluded,,,Trigger volumes are not imported by the solid pass.,TemporaryDirectImport,msc-world-baseline-04a1.1-c3f2f337,08A1.6
0df77786465fe63d3acebb32e3204b44,2fcf475bce9b5e1c196d8efb07d49480,DANCEHALL/Functions/FIGHTER/Fighter/Pivot/ThrowBody/PlayerRigid,PlayerRigid,ColliderOnly,CapsuleCollider,1,0,0,0,1,,0,0,ExcludedInactive,0,Excluded,,,The collider owner is inactive through the frozen donor hierarchy.,TemporaryDirectImport,msc-world-baseline-04a1.1-c3f2f337,08A1.6
0e0590c658afbc3b345af846c844742f,a8feef242b33428de78d5f2294d8f231,PERAJARVI/TerraceHouse/LOD1/hedge,hedge,BuildingExterior,MeshCollider,1,0,1,0,0,9c6458347eea44a42b431025cf59f4cc,4300000,1,IncludedStaticWorldSolid,1,CellLegacy,WorldSolid,Assets/Game/World/Content/Physics/WorldSolidZeroBounce.physicMaterial,Reviewed static-world solid collider from the frozen M04A1 source table.,TemporaryDirectImport,msc-world-baseline-04a1.1-c3f2f337,08A1.6
0e3368538627e33f6a25d734ca009249,0e02b89e75254a889a0aeeac1de86aff,YARD/Building/Dynamics/LightSwitches/switch_garage,switch_garage,BuildingExterior,SphereCollider,1,1,0,0,0,,0,1,ExcludedTrigger,0,Excluded,,,Trigger volumes are not imported by the solid pass.,TemporaryDirectImport,msc-world-baseline-04a1.1-c3f2f337,08A1.6
0f0f5c8cc7e867fdbedb3b37889fcc5f,602a3f22d19072d04ada73828b08b3eb,YARD/Building/LOD/VenttiPigHouse/Capsule,Capsule,ColliderOnly,CapsuleCollider,1,0,0,0,0,,0,0,ExcludedInactive,0,Excluded,,,The collider owner is inactive through the frozen donor hierarchy.,TemporaryDirectImport,msc-world-baseline-04a1.1-c3f2f337,08A1.6
0f3ca203b1b1b07c1e1b8f831a474768,29301400e6e951d3bd64b3d5b0889f8f,RALLY/Scenery/Objects/RallyTent,RallyTent,InteractivePropCandidate,MeshCollider,1,0,0,0,0,c76ea44239aae9a42a3dde47d87633cc,4300000,0,ExcludedInactive,0,Excluded,,,The collider owner is inactive through the frozen donor hierarchy.,TemporaryDirectImport,msc-world-baseline-04a1.1-c3f2f337,08A1.6
1006e016ce57074aa35ef4e94a7f925d,f43b2cb53e71714c607b36b38d024417,YARD/Building/LIVINGROOM/Telephone/Cord/ModemCords/ModemCordOut/Trigger,Trigger,ColliderOnly,SphereCollider,1,1,0,0,0,,0,0,ExcludedTrigger,0,Excluded,,,Trigger volumes are not imported by the solid pass.,TemporaryDirectImport,msc-world-baseline-04a1.1-c3f2f337,08A1.6
10231c557cfc4ae400989d97766727ab,5bf8a6f52c9dd9b60786fd26392d05c6,YARD/PlayerMailBox/EnvelopeCrimeEnvironment,EnvelopeCrimeEnvironment,ColliderOnly,CapsuleCollider,1,1,0,0,0,,0,0,ExcludedTrigger,0,Excluded,,,Trigger volumes are not imported by the solid pass.,TemporaryDirectImport,msc-world-baseline-04a1.1-c3f2f337,08A1.6
104b54f36d18a6f4937ea24e574949f9,ff7b3ab9d5bbf236e81b2df70712ff5d,COTTAGE/Logging/Pölkky/PlayerOnlyColl,PlayerOnlyColl,ColliderOnly,CapsuleCollider,1,0,0,0,0,,0,1,IncludedStaticWorldSolid,1,CellLegacy,WorldSolid,Assets/Game/World/Content/Physics/WorldSolidZeroBounce.physicMaterial,Reviewed static-world solid collider from the frozen M04A1 source table.,TemporaryDirectImport,msc-world-baseline-04a1.1-c3f2f337,08A1.6
1054ffbd298087b6a1332696cf781a0f,d9f0351279081ef61ce80809687971e0,DANCEHALL/Functions/GUARD/Guard/ThrowBody/PlayerRigid,PlayerRigid,ColliderOnly,CapsuleCollider,1,0,0,0,1,,0,0,ExcludedInactive,0,Excluded,,,The collider owner is inactive through the frozen donor hierarchy.,TemporaryDirectImport,msc-world-baseline-04a1.1-c3f2f337,08A1.6
10d0afb09bbea5858b468f584fa29567,abe355fd82387f8937da17bd99c197c6,DANCEHALL/Functions/Dancer/Pivot/pelvis/spine_mid/shoulders(xxxxx)/collar_right/shoulder(right)/arm(right),arm(right),ColliderOnly,CapsuleCollider,1,0,0,0,1,,0,0,ExcludedInactive,0,Excluded,,,The collider owner is inactive through the frozen donor hierarchy.,TemporaryDirectImport,msc-world-baseline-04a1.1-c3f2f337,08A1.6
10dce2084fa1dacf3431d861b7816550,b5421a21d9b9bee0e9bafaec6071750d,MAP/BusStop/coll,coll,ColliderOnly,MeshCollider,1,0,1,0,1,23b41cb8660230a4e963ec37d8eef155,4300000,1,ExcludedDynamicRequiresPresenter,0,Excluded,,,The collider is owned by a donor Rigidbody on itself or an ancestor and requires a project-owned dynamic presenter instead of a frozen static blocker.,TemporaryDirectImport,msc-world-baseline-04a1.1-c3f2f337,08A1.6
11210d62cf6855dc29e5fb3b3f1ba4f5,9c014a9bd6b4b409885def4ea9ae20ed,REPAIRSHOP/JunkCar4/Parts/grille gt(Clone)/Bolts/BoltPM,BoltPM,ColliderOnly,SphereCollider,0,1,0,0,1,,0,0,ExcludedDisabled,0,Excluded,,,The donor collider component is disabled.,TemporaryDirectImport,msc-world-baseline-04a1.1-c3f2f337,08A1.6
113479baba54f8ab44f4b02437c29fd1,d56087f24fc256a9ec5b8878b0de5a94,STORE/LOD/GFX_Pub/FridgeNappo,FridgeNappo,ColliderOnly,BoxCollider,1,0,0,0,0,,0,1,IncludedStaticWorldSolid,1,CellLegacy,WorldSolid,Assets/Game/World/Content/Physics/WorldSolidZeroBounce.physicMaterial,Reviewed static-world solid collider from the frozen M04A1 source table.,TemporaryDirectImport,msc-world-baseline-04a1.1-c3f2f337,08A1.6
11663de26dd56567bb9505ad82dbad98,ac5dc93b5e7769129db02018cc1aadb7,STORE/LOD/Pumps/gasoline_pumps_roof,gasoline_pumps_roof,Roof,BoxCollider,1,0,0,0,0,,0,1,IncludedStaticWorldSolid,1,CellLegacy,WorldSolid,Assets/Game/World/Content/Physics/WorldSolidZeroBounce.physicMaterial,Reviewed static-world solid collider from the frozen M04A1 source table.,TemporaryDirectImport,msc-world-baseline-04a1.1-c3f2f337,08A1.6
1168d81a30bd7c3e8a9189d9e2141719,6544d84b9cab9c28847992b30e8ef276,INSPECTION/Functions/BuyTaxSticker,BuyTaxSticker,ColliderOnly,SphereCollider,1,1,0,0,0,,0,1,ExcludedTrigger,0,Excluded,,,Trigger volumes are not imported by the solid pass.,TemporaryDirectImport,msc-world-baseline-04a1.1-c3f2f337,08A1.6
118ffbfec871ce4416fb67420e2b4e12,6e971474d25efcaac90741632654f866,MAP/Buildings/DINGONBIISI/autiotalo/LOD/oven,oven,StaticProp,CapsuleCollider,1,0,0,0,0,,0,1,IncludedStaticWorldSolid,1,CellLegacy,WorldSolid,Assets/Game/World/Content/Physics/WorldSolidZeroBounce.physicMaterial,Reviewed static-world solid collider from the frozen M04A1 source table.,TemporaryDirectImport,msc-world-baseline-04a1.1-c3f2f337,08A1.6
11d5671e8862c2380b8650d4ded0133f,467565e00a765310831573c8059f5168,REPAIRSHOP/LOD/Office/Furniture/office_locker 2,office_locker 2,BuildingExterior,BoxCollider,1,0,0,0,0,,0,1,IncludedStaticWorldSolid,1,CellLegacy,WorldSolid,Assets/Game/World/Content/Physics/WorldSolidZeroBounce.physicMaterial,Reviewed static-world solid collider from the frozen M04A1 source table.,TemporaryDirectImport,msc-world-baseline-04a1.1-c3f2f337,08A1.6
11faa26e5bfc6b75f9ac5de2d7f99e40,cdb5de1ef30e14b29f3027da04f0e214,MISC/holiday present(Clon2)/Parts/turbo(Clone),turbo(Clone),InteractivePropCandidate,BoxCollider,1,0,0,0,1,,0,0,ExcludedInactive,0,Excluded,,,The collider owner is inactive through the frozen donor hierarchy.,TemporaryDirectImport,msc-world-baseline-04a1.1-c3f2f337,08A1.6
1219e5e86241775ea22a075f4752d33b,a6b749b529dfb41a27d7cb63e00a5d29,PERAJARVI/TerraceHouse/Colliders/coll_kitchen,coll_kitchen,ColliderOnly,BoxCollider,1,0,0,0,0,,0,1,IncludedStaticWorldSolid,1,CellLegacy,WorldSolid,Assets/Game/World/Content/Physics/WorldSolidZeroBounce.physicMaterial,Reviewed static-world solid collider from the frozen M04A1 source table.,TemporaryDirectImport,msc-world-baseline-04a1.1-c3f2f337,08A1.6
123bc5bc8e8792e5a48eac94bb188e54,68a144e6b5826aa667733b2cabc00c1a,PERAJARVI/TerraceHouse/Apartments/LOD2/LOD/WC/Shower/shower_metal,shower_metal,BuildingExterior,BoxCollider,1,0,0,0,0,,0,1,IncludedStaticWorldSolid,1,CellLegacy,WorldSolid,Assets/Game/World/Content/Physics/WorldSolidZeroBounce.physicMaterial,Reviewed static-world solid collider from the frozen M04A1 source table.,TemporaryDirectImport,msc-world-baseline-04a1.1-c3f2f337,08A1.6
124af93cc4d46b089e2bf3563cc67909,dbc8ebe5c201702a10ee99c37f49fbd5,STORE/MESH/Collider,Collider,ColliderOnly,BoxCollider,1,0,0,0,0,,0,1,IncludedStaticWorldSolid,1,CellLegacy,WorldSolid,Assets/Game/World/Content/Physics/WorldSolidZeroBounce.physicMaterial,Reviewed static-world solid collider from the frozen M04A1 source table.,TemporaryDirectImport,msc-world-baseline-04a1.1-c3f2f337,08A1.6
126900e7841a6008ba4a76563979af2c,35b0cc9875cd6c47958aac73994c4908,RALLY/PartsSalesman/Functions/Parts/BuyHeadgasket,BuyHeadgasket,ColliderOnly,SphereCollider,1,1,0,0,0,,0,1,ExcludedTrigger,0,Excluded,,,Trigger volumes are not imported by the solid pass.,TemporaryDirectImport,msc-world-baseline-04a1.1-c3f2f337,08A1.6
1279bb9d8d8db670572cd7188139670f,20a31d10452b8e8b9017b25747e2f2b7,DANCEHALL/Building/dancehut_wall,dancehut_wall,BuildingExterior,CapsuleCollider,1,0,0,0,0,,0,1,IncludedStaticWorldSolid,1,CellLegacy,WorldSolid,Assets/Game/World/Content/Physics/WorldSolidZeroBounce.physicMaterial,Reviewed static-world solid collider from the frozen M04A1 source table.,TemporaryDirectImport,msc-world-baseline-04a1.1-c3f2f337,08A1.6
12a3e163404160cb539abfdf190c71f0,cb01ace10f605a79de39069b7e159fbf,MAP/MESH/BRIDGE_highway,BRIDGE_highway,Bridge,MeshCollider,1,0,0,0,0,9226fb0fed4998441953257b48e9d8b0,4300000,1,IncludedSafetyCriticalGlobal,1,GlobalLegacy,WorldSurface,Assets/Game/World/Content/Physics/WorldSurfaceZeroBounce.physicMaterial,Continuous highway bridge traversal,TemporaryDirectImport,msc-world-baseline-04a1.1-c3f2f337,08A1.6
12ffe6efd25d422e18c7d07a3916792c,88151bf40a95c67d2ca6a92be945c89b,COTTAGE/SHITHOUSE,SHITHOUSE,BuildingExterior,MeshCollider,1,0,0,0,0,1ac3f59845feda24db983c19e6cb56b9,4300000,1,IncludedStaticWorldSolid,1,CellLegacy,WorldSolid,Assets/Game/World/Content/Physics/WorldSolidZeroBounce.physicMaterial,Reviewed static-world solid collider from the frozen M04A1 source table.,TemporaryDirectImport,msc-world-baseline-04a1.1-c3f2f337,08A1.6
13ba51e3bee8ca69d41f3a31aa6b0eec,9ffa73cbae6caa07f0d1655f4e5cee1e,WATERFACILITY/MESH/collider,collider,ColliderOnly,MeshCollider,1,0,0,0,0,51cf7254713ada942a9629ef2953e34e,4300000,1,IncludedStaticWorldSolid,1,CellLegacy,WorldSolid,Assets/Game/World/Content/Physics/WorldSolidZeroBounce.physicMaterial,Reviewed static-world solid collider from the frozen M04A1 source table.,TemporaryDirectImport,msc-world-baseline-04a1.1-c3f2f337,08A1.6
13d4a92504cef30962bd8e266abe1164,1d35d1ae616e8488b23b6020f3c32085,MAP/Buildings/DINGONBIISI/autiotalo/LOD/door,door,Door,BoxCollider,1,0,0,0,0,,0,1,ExcludedDoorRequiresBinding,0,Excluded,,,A door cannot become a static blocker before a project-owned hinge/interaction binding is authored.,TemporaryDirectImport,msc-world-baseline-04a1.1-c3f2f337,08A1.6
14028b242b4359aa990ed3c9021b53f0,c7d41a47731c4032da0dcdfb02aa381e,MAP/Buildings/DINGONBIISI/autiotalo/LOD/Table,Table,StaticProp,BoxCollider,1,0,0,0,1,,0,1,ExcludedDynamicRequiresPresenter,0,Excluded,,,The collider is owned by a donor Rigidbody on itself or an ancestor and requires a project-owned dynamic presenter instead of a frozen static blocker.,TemporaryDirectImport,msc-world-baseline-04a1.1-c3f2f337,08A1.6
1425a4692ba1de27e1e160db77981f47,d252e1024d1afd3e5a958aaa831a6715,SOCCER/goal2/Goal2Trigger,Goal2Trigger,ColliderOnly,MeshCollider,1,1,1,0,1,0000000000000000e000000000000000,10210,1,ExcludedTrigger,0,Excluded,,,Trigger volumes are not imported by the solid pass.,TemporaryDirectImport,msc-world-baseline-04a1.1-c3f2f337,08A1.6
144c9ce7383708c01c06b7d110bd5d0d,61e373bdbb2e3edc0cb4ea108df902ff,PERAJARVI/School/FlagPole,FlagPole,BuildingExterior,CapsuleCollider,1,0,0,0,0,,0,1,IncludedStaticWorldSolid,1,CellLegacy,WorldSolid,Assets/Game/World/Content/Physics/WorldSolidZeroBounce.physicMaterial,Reviewed static-world solid collider from the frozen M04A1 source table.,TemporaryDirectImport,msc-world-baseline-04a1.1-c3f2f337,08A1.6
145a085c3aaf5bdc97386ea64b37fc67,b435f6403a0457a3b014dc49ff2dd930,PERAJARVI/TerraceHouse/Apartments/LOD2/DoorsApartment1/DoorRear/Pivot/house_door1,house_door1,Door,BoxCollider,1,0,0,0,1,,0,1,ExcludedDoorRequiresBinding,0,Excluded,,,A door cannot become a static blocker before a project-owned hinge/interaction binding is authored.,TemporaryDirectImport,msc-world-baseline-04a1.1-c3f2f337,08A1.6
146db93e22e4e91ccb4925e72509cd53,db88acab0c6736061d56168d955d41a2,YARD/Building/LIVINGROOM/LOD_livingroom/bottlehide,bottlehide,BuildingInterior,BoxCollider,1,0,0,0,0,,0,1,IncludedStaticWorldSolid,1,CellLegacy,WorldSolid,Assets/Game/World/Content/Physics/WorldSolidZeroBounce.physicMaterial,Reviewed static-world solid collider from the frozen M04A1 source table.,TemporaryDirectImport,msc-world-baseline-04a1.1-c3f2f337,08A1.6
1472519200e34eae93b87ba76e72ab93,a0407593db013e6bc5be12969b97c576,YARD/Building/KITCHEN/kitchen_sink,kitchen_sink,BuildingInterior,MeshCollider,1,0,0,0,0,8d3a2c8fe7faec04082b101adaf84fb4,4300000,1,IncludedStaticWorldSolid,1,CellLegacy,WorldSolid,Assets/Game/World/Content/Physics/WorldSolidZeroBounce.physicMaterial,Reviewed static-world solid collider from the frozen M04A1 source table.,TemporaryDirectImport,msc-world-baseline-04a1.1-c3f2f337,08A1.6
149443c7b9ba7588e3afe98351ec142b,06ff4fd5b3322a2cac22f4cffbf0f68f,JAIL/RadioPivot/radio(Clone)/Channel,Channel,ColliderOnly,CapsuleCollider,1,1,0,0,1,,0,0,ExcludedTrigger,0,Excluded,,,Trigger volumes are not imported by the solid pass.,TemporaryDirectImport,msc-world-baseline-04a1.1-c3f2f337,08A1.6
14985a3301875996bc43101f9759c6e3,f2a4a7b9693e4ac8665afe0c734f69f6,DRAGRACE/LOD/DRAGSTRIP/DragTiming/Bounds/Middle,Middle,ColliderOnly,MeshCollider,1,1,1,0,0,0000000000000000e000000000000000,10210,0,ExcludedTrigger,0,Excluded,,,Trigger volumes are not imported by the solid pass.,TemporaryDirectImport,msc-world-baseline-04a1.1-c3f2f337,08A1.6
149a073329227b5e7839aa741993687b,5d354efe3fd0545c5690301ac3b7889c,YARD/UNCLE/Building/houseuncle_hallway,houseuncle_hallway,BuildingExterior,MeshCollider,1,0,0,0,0,5d7c31d7e2f37eb45b64b2a0736b8752,4300000,1,IncludedStaticWorldSolid,1,CellLegacy,WorldSolid,Assets/Game/World/Content/Physics/WorldSolidZeroBounce.physicMaterial,Reviewed static-world solid collider from the frozen M04A1 source table.,TemporaryDirectImport,msc-world-baseline-04a1.1-c3f2f337,08A1.6
14a3a7a42ea0a0a1be854fe42bfcf5ec,43bb15d191786a4595682cda3b363870,COTTAGE/LOD/chair1x,chair1x,BuildingExterior,MeshCollider,1,0,1,0,0,252207d5052d4b948b0de1a769852450,4300000,1,IncludedStaticWorldSolid,1,CellLegacy,WorldSolid,Assets/Game/World/Content/Physics/WorldSolidZeroBounce.physicMaterial,Reviewed static-world solid collider from the frozen M04A1 source table.,TemporaryDirectImport,msc-world-baseline-04a1.1-c3f2f337,08A1.6
14a4e8a40675fdc610c83f3387bfc48e,ec73bd3143d8a7f9b0c219046666f54b,STORE/LOD/ActivateStore/CarProducts/Coolant,Coolant,ColliderOnly,CapsuleCollider,1,1,0,0,0,,0,1,ExcludedTrigger,0,Excluded,,,Trigger volumes are not imported by the solid pass.,TemporaryDirectImport,msc-world-baseline-04a1.1-c3f2f337,08A1.6
14fdc3ac2e8b15b81d3e375e860c5a31,85094feaac60370ebd4f41228dd63abf,YARD/Building/KITCHEN/kitchen_sokkeli/coll,coll,ColliderOnly,BoxCollider,1,0,0,0,0,,0,1,IncludedStaticWorldSolid,1,CellLegacy,WorldSolid,Assets/Game/World/Content/Physics/WorldSolidZeroBounce.physicMaterial,Reviewed static-world solid collider from the frozen M04A1 source table.,TemporaryDirectImport,msc-world-baseline-04a1.1-c3f2f337,08A1.6
1502192f56e64ec39af0db85cf78b963,054599ae8d48df7b888982e4873e8609,STORE/LOD/Post Box,Post Box,BuildingExterior,MeshCollider,1,0,0,0,0,2456a633822e38d49a8adecbc2ff350a,4300000,1,IncludedStaticWorldSolid,1,CellLegacy,WorldSolid,Assets/Game/World/Content/Physics/WorldSolidZeroBounce.physicMaterial,Reviewed static-world solid collider from the frozen M04A1 source table.,TemporaryDirectImport,msc-world-baseline-04a1.1-c3f2f337,08A1.6
1563992b3f7028da86b962d1f6d75e9c,a8c94aa3d0578f38ae9d193fd2f71ed8,STORE/LOD/ActivateBar/DrunksBar/Drunk1/skeleton/thig_right,thig_right,ColliderOnly,CapsuleCollider,1,0,0,0,0,,0,1,ExcludedActorOrPlayer,0,Excluded,,,"Actor, NPC, skeleton or player-owned collision belongs to a later project-owned gameplay presenter.",TemporaryDirectImport,msc-world-baseline-04a1.1-c3f2f337,08A1.6
15966769b49908ed4c38f84f5e0e4371,6816f58cd642cf7246b8676179bc45fb,STORE/LOD/ActivateStore/SpraycanProducts/Spray05,Spray05,ColliderOnly,CapsuleCollider,1,1,0,0,0,,0,1,ExcludedTrigger,0,Excluded,,,Trigger volumes are not imported by the solid pass.,TemporaryDirectImport,msc-world-baseline-04a1.1-c3f2f337,08A1.6
15b0488a95303debe8e32d4df3f97ba8,a6e43b6fb1fdc7172a8d7cf64217343c,RALLY/PartsSalesman/Functions/pressu,pressu,StaticProp,BoxCollider,1,0,0,0,0,,0,1,IncludedStaticWorldSolid,1,CellLegacy,WorldSolid,Assets/Game/World/Content/Physics/WorldSolidZeroBounce.physicMaterial,Reviewed static-world solid collider from the frozen M04A1 source table.,TemporaryDirectImport,msc-world-baseline-04a1.1-c3f2f337,08A1.6
15e5001731ab7587afd3fa8aaa1fc516,aae83ef5efe7d2fb9004dd1606389c55,RALLY/Saturday/TimingSaturday/Checkpoint04,Checkpoint04,ColliderOnly,MeshCollider,1,1,1,0,1,0000000000000000e000000000000000,10210,0,ExcludedTrigger,0,Excluded,,,Trigger volumes are not imported by the solid pass.,TemporaryDirectImport,msc-world-baseline-04a1.1-c3f2f337,08A1.6
16660ab7887a2e39440c498dd76d1793,845f246ec6a2a1787b59d17538158b6b,RYKIPOHJA/BuildingsLOD/FlagPole,FlagPole,BuildingExterior,CapsuleCollider,1,0,0,0,0,,0,1,IncludedStaticWorldSolid,1,CellLegacy,WorldSolid,Assets/Game/World/Content/Physics/WorldSolidZeroBounce.physicMaterial,Reviewed static-world solid collider from the frozen M04A1 source table.,TemporaryDirectImport,msc-world-baseline-04a1.1-c3f2f337,08A1.6
16ed75731a1e4680e30546fd3a9ef5d7,ab9791423918c2258c01836a942c0542,MAP/Buildings/DINGONBIISI/autiotalo/mesh/buildingvino_Cube.003_None_wood.jpg,buildingvino_Cube.003_None_wood.jpg,StaticProp,MeshCollider,1,0,0,0,0,f257bc319fbc5b944b14e32e6ceee74e,4300000,1,IncludedStaticWorldSolid,1,CellLegacy,WorldSolid,Assets/Game/World/Content/Physics/WorldSolidZeroBounce.physicMaterial,Reviewed static-world solid collider from the frozen M04A1 source table.,TemporaryDirectImport,msc-world-baseline-04a1.1-c3f2f337,08A1.6
17444a020847e9ac2f05ce71bfa7690c,7cfad4d8b9c6c6363aeae842ecc7f2bb,COTTAGE/LOD/Chair,Chair,BuildingExterior,BoxCollider,1,0,0,0,0,,0,1,IncludedStaticWorldSolid,1,CellLegacy,WorldSolid,Assets/Game/World/Content/Physics/WorldSolidZeroBounce.physicMaterial,Reviewed static-world solid collider from the frozen M04A1 source table.,TemporaryDirectImport,msc-world-baseline-04a1.1-c3f2f337,08A1.6
174bce503aba32266fda16a7e5b4df99,577a2736c7aabb42a5a43bf51745fd37,YARD/Building/Garage/BatteryCharger/ChargerBuzz/ElectricShockPoint,ElectricShockPoint,ColliderOnly,SphereCollider,1,0,0,0,1,,0,0,ExcludedInactive,0,Excluded,,,The collider owner is inactive through the frozen donor hierarchy.,TemporaryDirectImport,msc-world-baseline-04a1.1-c3f2f337,08A1.6
180932fd7ca58182fecdc262120bb2b4,502c5dd942c7fcaed7877838df68bc87,YARD/Building/LIVINGROOM/hat_shelf,hat_shelf,BuildingInterior,BoxCollider,1,0,0,0,0,,0,1,IncludedStaticWorldSolid,1,CellLegacy,WorldSolid,Assets/Game/World/Content/Physics/WorldSolidZeroBounce.physicMaterial,Reviewed static-world solid collider from the frozen M04A1 source table.,TemporaryDirectImport,msc-world-baseline-04a1.1-c3f2f337,08A1.6
182feda42e366f999222d33918968587,e766d5715f59c7a186e841062feae90d,YARD/Building/HOUSEFIRE/Bathroom/ParticleFire/FireTrigger,FireTrigger,ColliderOnly,CapsuleCollider,1,1,0,0,0,,0,0,ExcludedTrigger,0,Excluded,,,Trigger volumes are not imported by the solid pass.,TemporaryDirectImport,msc-world-baseline-04a1.1-c3f2f337,08A1.6
187611d7207a80e2a9a28d30892fa491,31a694eb35f0b62a48cf37e8859d2ffb,THEATRE/LOD/Open/Audience/SigneTheatre,SigneTheatre,ColliderOnly,CapsuleCollider,1,0,0,0,0,,0,0,ExcludedInactive,0,Excluded,,,The collider owner is inactive through the frozen donor hierarchy.,TemporaryDirectImport,msc-world-baseline-04a1.1-c3f2f337,08A1.6
18994f1bfae554d028f5df5260931028,5cecc322a88c2c3ae268042c91507f9d,YARD/Building/LIVINGROOM/Fireplace/Grilling/HiillosMesh,HiillosMesh,BuildingInterior,MeshCollider,1,0,1,0,0,81461df4a9d3b99439d87d07c6680cd9,4300000,1,IncludedStaticWorldSolid,1,CellLegacy,WorldSolid,Assets/Game/World/Content/Physics/WorldSolidZeroBounce.physicMaterial,Reviewed static-world solid collider from the frozen M04A1 source table.,TemporaryDirectImport,msc-world-baseline-04a1.1-c3f2f337,08A1.6
18c7d02362fd1403c91e7dc2c305bdcb,786bf6f79e4b1f19560bebc6a44a5a03,MAP/Buildings/Barn/coll,coll,ColliderOnly,BoxCollider,1,0,0,0,0,,0,1,IncludedStaticWorldSolid,1,CellLegacy,WorldSolid,Assets/Game/World/Content/Physics/WorldSolidZeroBounce.physicMaterial,Reviewed static-world solid collider from the frozen M04A1 source table.,TemporaryDirectImport,msc-world-baseline-04a1.1-c3f2f337,08A1.6
18f9ef2817049cdb3dd396d3c705b0bb,e939b9de0ad25369c024e0d3a84168f3,PERAJARVI/HouseRintama2/Fence/fence 2,fence 2,Fence,BoxCollider,1,0,0,0,0,,0,1,IncludedStaticWorldSolid,1,CellLegacy,WorldSolid,Assets/Game/World/Content/Physics/WorldSolidZeroBounce.physicMaterial,Reviewed static-world solid collider from the frozen M04A1 source table.,TemporaryDirectImport,msc-world-baseline-04a1.1-c3f2f337,08A1.6
197b94ad4ce3eecc265249b03e653a25,9bae60e14ee9162468297ec2171039a8,REPAIRSHOP/Building/Door1Closed/garage_door 1,garage_door 1,Door,BoxCollider,1,0,0,0,0,,0,1,ExcludedDoorRequiresBinding,0,Excluded,,,A door cannot become a static blocker before a project-owned hinge/interaction binding is authored.,TemporaryDirectImport,msc-world-baseline-04a1.1-c3f2f337,08A1.6
1995635fd13fe939db2a7b57b8e5b205,9208bbbe890e5bfd69597288ac7686c1,DANCEHALL/Building/painting,painting,BuildingExterior,MeshCollider,1,0,0,0,0,475bb938743e36e4e973ea2f7fdfbdec,4300000,1,IncludedStaticWorldSolid,1,CellLegacy,WorldSolid,Assets/Game/World/Content/Physics/WorldSolidZeroBounce.physicMaterial,Reviewed static-world solid collider from the frozen M04A1 source table.,TemporaryDirectImport,msc-world-baseline-04a1.1-c3f2f337,08A1.6
19a5d6cd8503665779e2be6f7ff71dd0,634f2fdc236a347cafa3fdc67016038e,COTTAGE/Fireplace/Flame/FireEffects/FireTrigger,FireTrigger,ColliderOnly,SphereCollider,1,1,0,0,0,,0,0,ExcludedTrigger,0,Excluded,,,Trigger volumes are not imported by the solid pass.,TemporaryDirectImport,msc-world-baseline-04a1.1-c3f2f337,08A1.6
19b555c243676724c55aa7625ac66503,fe9f05a895ea3c3fd18811a5b5713b68,YARD/MachineHall/Logging/Pölkky/PlayerOnlyColl,PlayerOnlyColl,ColliderOnly,CapsuleCollider,1,0,0,0,0,,0,1,IncludedStaticWorldSolid,1,CellLegacy,WorldSolid,Assets/Game/World/Content/Physics/WorldSolidZeroBounce.physicMaterial,Reviewed static-world solid collider from the frozen M04A1 source table.,TemporaryDirectImport,msc-world-baseline-04a1.1-c3f2f337,08A1.6
1a04fd75bea34a5089805ab06c8d8003,61d92d0eb0edf5e1b944678686fa6276,MAP/WaterWell/Functions/ParticleDrink/WaterTap,WaterTap,Water,CapsuleCollider,1,0,0,0,0,,0,0,ExcludedInactive,0,Excluded,,,The collider owner is inactive through the frozen donor hierarchy.,TemporaryDirectImport,msc-world-baseline-04a1.1-c3f2f337,08A1.6
1a34d394372269ff8f027468c115c39e,5ae197d28ffd2c9b70d6e38a04af62cb,CABIN/Cabin/Mesh/saunahouse_floor,saunahouse_floor,Floor,MeshCollider,1,0,0,0,0,5189ee7c461bdf547aa6325f6faaeb26,4300000,1,IncludedStaticWorldSolid,1,CellLegacy,WorldSurface,Assets/Game/World/Content/Physics/WorldSurfaceZeroBounce.physicMaterial,Reviewed static-world solid collider from the frozen M04A1 source table.,TemporaryDirectImport,msc-world-baseline-04a1.1-c3f2f337,08A1.6
1a37a140438d61e00b3000e8c5c481e5,f7aab339cfde1dddce8680c07fcce0ac,CABIN/Cabin/woodstove/woodstove,woodstove,BuildingExterior,BoxCollider,1,0,0,0,0,,0,1,IncludedStaticWorldSolid,1,CellLegacy,WorldSolid,Assets/Game/World/Content/Physics/WorldSolidZeroBounce.physicMaterial,Reviewed static-world solid collider from the frozen M04A1 source table.,TemporaryDirectImport,msc-world-baseline-04a1.1-c3f2f337,08A1.6
1a416408847c7ec0bb0192090ebcef82,d51dd683dd610ffeeb8155a738eb1f32,MAP/Buildings/Barn/lato_roof,lato_roof,Roof,MeshCollider,1,0,1,0,0,73acff30fd9546d42a5637f3fdcd2f20,4300000,1,IncludedStaticWorldSolid,1,CellLegacy,WorldSolid,Assets/Game/World/Content/Physics/WorldSolidZeroBounce.physicMaterial,Reviewed static-world solid collider from the frozen M04A1 source table.,TemporaryDirectImport,msc-world-baseline-04a1.1-c3f2f337,08A1.6
1a4f8c15755ec57e654e1711af1422c9,c6536c6071b3b00c137ee1a2338d0d29,STORE/LOD/GFX_Pub/BreakableWindowsPub/store_windows_broken/store_windows_broken_002,store_windows_broken_002,Window,MeshCollider,1,0,1,0,1,85efc8df986313f4da94eccd611d86df,4300000,0,ExcludedInactive,0,Excluded,,,The collider owner is inactive through the frozen donor hierarchy.,TemporaryDirectImport,msc-world-baseline-04a1.1-c3f2f337,08A1.6
1a74e8a8e828d5f0da5e40f1b4fbf863,98db8e7a4bde48e037b06d1467078f3f,MISC/MAITO/Cube 6,Cube 6,InteractivePropCandidate,BoxCollider,1,0,0,0,1,,0,0,ExcludedInactive,0,Excluded,,,The collider owner is inactive through the frozen donor hierarchy.,TemporaryDirectImport,msc-world-baseline-04a1.1-c3f2f337,08A1.6
1aed684f5e54f36c5faa316af717cc9b,4d31d93f9a9fb2ae2a58947cc149a6aa,MAP/MESH/RAILROAD/RailCol,RailCol,ColliderOnly,BoxCollider,1,0,0,0,0,,0,1,IncludedStaticWorldSolid,1,TrulyGlobalLegacy,WorldSolid,Assets/Game/World/Content/Physics/WorldSolidZeroBounce.physicMaterial,Reviewed static-world solid collider from the frozen M04A1 source table.,TemporaryDirectImport,msc-world-baseline-04a1.1-c3f2f337,08A1.6
1b0dcf01a3e7abd4e6090853c769fb4c,fa05ad0c580f0f2426c42f1a62ddf31a,REPAIRSHOP/JunkCar4/Parts/wheel_steel5/Bolts/BoltPM,BoltPM,ColliderOnly,SphereCollider,0,1,0,0,1,,0,0,ExcludedDisabled,0,Excluded,,,The donor collider component is disabled.,TemporaryDirectImport,msc-world-baseline-04a1.1-c3f2f337,08A1.6
1b4a9b2c4fb6cfe9088dcbb260762bb0,15a472b34b39d98090fff3179bd9f0cd,COTTAGE/Logging/log(Clone),log(Clone),BuildingExterior,BoxCollider,1,0,0,0,1,,0,1,ExcludedDynamicRequiresPresenter,0,Excluded,,,The collider is owned by a donor Rigidbody on itself or an ancestor and requires a project-owned dynamic presenter instead of a frozen static blocker.,TemporaryDirectImport,msc-world-baseline-04a1.1-c3f2f337,08A1.6
1bd9014a34e812d76451cf9672a79316,9e314af78b18d5581e9f9fcd2a960dec,COTTAGE/LOD/Doors/DoorFront2/Pivot/mesh,mesh,BuildingExterior,BoxCollider,1,0,0,0,0,,0,1,ExcludedDoorRequiresBinding,0,Excluded,,,A door cannot become a static blocker before a project-owned hinge/interaction binding is authored.,TemporaryDirectImport,msc-world-baseline-04a1.1-c3f2f337,08A1.6
1be21012fbaab213f4cb298e1b029664,7a0e9fea98eaa01e072b0adeb848a2f1,STORE/LOD/GFX_Pub/PubCashRegister/Register,Register,BuildingExterior,SphereCollider,1,1,0,0,0,,0,1,ExcludedTrigger,0,Excluded,,,Trigger volumes are not imported by the solid pass.,TemporaryDirectImport,msc-world-baseline-04a1.1-c3f2f337,08A1.6
1c21af32fccbc542f47933a55f2b1d77,4c4143c1a23b44cb0f91e130b70f87af,JAIL/Sleep/SleepTrigger,SleepTrigger,ColliderOnly,SphereCollider,1,1,0,0,0,,0,0,ExcludedTrigger,0,Excluded,,,Trigger volumes are not imported by the solid pass.,TemporaryDirectImport,msc-world-baseline-04a1.1-c3f2f337,08A1.6
1c3c9b57fe6ee7f803bc6dc177b201d1,3e794b220aa2535bff53ad0f2119e97f,SOCCER/LOD/KID1/Offset/Pivot/skeleton/thig_left/knee_left,knee_left,ColliderOnly,CapsuleCollider,1,0,0,0,1,,0,1,ExcludedActorOrPlayer,0,Excluded,,,"Actor, NPC, skeleton or player-owned collision belongs to a later project-owned gameplay presenter.",TemporaryDirectImport,msc-world-baseline-04a1.1-c3f2f337,08A1.6
1c7fd3a2b2ea2cce829d56f1bfbc065b,ec1a3695cdcdd679f260aedebd735c27,YARD/Building/Dynamics/FuseTable/Fusetable/Fuse6Pivot/fuseholder06,fuseholder06,ColliderOnly,BoxCollider,1,0,0,0,1,,0,1,ExcludedDynamicRequiresPresenter,0,Excluded,,,The collider is owned by a donor Rigidbody on itself or an ancestor and requires a project-owned dynamic presenter instead of a frozen static blocker.,TemporaryDirectImport,msc-world-baseline-04a1.1-c3f2f337,08A1.6
1c86b26dfe988437273532f6c504e5c5,124708fd0812c31d5979e408a3968ac2,STORE/AdvertSpawn/teimo advert pile(itemx),teimo advert pile(itemx),Landmark,BoxCollider,1,0,0,0,1,,0,0,ExcludedInactive,0,Excluded,,,The collider owner is inactive through the frozen donor hierarchy.,TemporaryDirectImport,msc-world-baseline-04a1.1-c3f2f337,08A1.6
1c8d42886ac90babdd041c1974dbc60c,676aa27e4dbe4857057ffd035a0599ac,COTTAGE/Grill/Fireplace/SetFire,SetFire,ColliderOnly,SphereCollider,1,1,0,0,0,,0,0,ExcludedTrigger,0,Excluded,,,Trigger volumes are not imported by the solid pass.,TemporaryDirectImport,msc-world-baseline-04a1.1-c3f2f337,08A1.6
1c9a956af57d878d13a40a595619039d,6c3ac602d3f586908513e92d53feac33,REPAIRSHOP/LOD/Garbage/truck_cabin,truck_cabin,BuildingExterior,BoxCollider,1,0,0,0,0,,0,1,IncludedStaticWorldSolid,1,CellLegacy,WorldSolid,Assets/Game/World/Content/Physics/WorldSolidZeroBounce.physicMaterial,Reviewed static-world solid collider from the frozen M04A1 source table.,TemporaryDirectImport,msc-world-baseline-04a1.1-c3f2f337,08A1.6
1d0479458f8fa41f6db1a613833886f7,8b7d9ae911c40ec7eb4a20acb55dcebf,REPAIRSHOP/LOD/ToolCart/Drawer/Tools/Spanners/spanner(5)(Clone),spanner(5)(Clone),ColliderOnly,CapsuleCollider,1,1,0,0,1,,0,0,ExcludedTrigger,0,Excluded,,,Trigger volumes are not imported by the solid pass.,TemporaryDirectImport,msc-world-baseline-04a1.1-c3f2f337,08A1.6
1d0bbc95881b06a65b78fa6ef45be6b0,28c2bfc978db71c22e4c1d6563bc3c03,YARD/Building/Dynamics/FuseTable/Fusetable/Fuse4Pivot/fuseholder04/FuseTrigger,FuseTrigger,ColliderOnly,SphereCollider,1,1,0,0,1,,0,0,ExcludedTrigger,0,Excluded,,,Trigger volumes are not imported by the solid pass.,TemporaryDirectImport,msc-world-baseline-04a1.1-c3f2f337,08A1.6
1da0b4fe2b10581626d5b7a61b7a5601,e00e6e2e630ac7cae906d03ab353a818,MAP/Buildings/BarnOld/lato_door2,lato_door2,Door,MeshCollider,1,0,0,0,0,674089cef54eb1848aa7b631f582142f,4300000,1,ExcludedDoorRequiresBinding,0,Excluded,,,A door cannot become a static blocker before a project-owned hinge/interaction binding is authored.,TemporaryDirectImport,msc-world-baseline-04a1.1-c3f2f337,08A1.6
1dc5dc6fada5e63eac84c15cc1b6b507,a448d3c2e9c5ddb5b948b79571d7f5af,JAIL/MESh/LIGHT/switch_jailcell,switch_jailcell,ColliderOnly,SphereCollider,1,1,0,0,0,,0,0,ExcludedTrigger,0,Excluded,,,Trigger volumes are not imported by the solid pass.,TemporaryDirectImport,msc-world-baseline-04a1.1-c3f2f337,08A1.6
1ddc845270572a6ff4db728e41b8e373,7effc6837f84784aae6350b1a5eb8242,YARD/Building/BEDROOM1/COMPUTER/Computer/Meshes/386_speakers(xxxxx),386_speakers(xxxxx),BuildingInterior,BoxCollider,1,0,0,0,0,,0,0,ExcludedInactive,0,Excluded,,,The collider owner is inactive through the frozen donor hierarchy.,TemporaryDirectImport,msc-world-baseline-04a1.1-c3f2f337,08A1.6
1e00327f1032d77d388a1189741bc415,68523285a8adecec8acb1bbd4145df58,DANCEHALL/Functions/BAND/DRUMS/drumset,drumset,BuildingExterior,MeshCollider,1,0,1,0,0,e05f1b8a244a29f4c994acf4ec6df806,4300000,0,ExcludedInactive,0,Excluded,,,The collider owner is inactive through the frozen donor hierarchy.,TemporaryDirectImport,msc-world-baseline-04a1.1-c3f2f337,08A1.6
1e10cc3445ff934ca58df58cfa399ac8,0f14bbbc6bd4cf4d1cdac8a92165db04,YARD/Building/MIDDLEROOM/LOD_middleroom/homo_004,homo_004,BuildingExterior,BoxCollider,1,0,0,0,0,,0,1,IncludedStaticWorldSolid,1,CellLegacy,WorldSolid,Assets/Game/World/Content/Physics/WorldSolidZeroBounce.physicMaterial,Reviewed static-world solid collider from the frozen M04A1 source table.,TemporaryDirectImport,msc-world-baseline-04a1.1-c3f2f337,08A1.6
1e1d2c58b804c240de05b29c8d8e8d3a,91d30a027ebbd8b9e0213529d8e61e18,PERAJARVI/School/school_collider,school_collider,ColliderOnly,MeshCollider,1,0,0,0,0,89e66454fa93d464aa817f6c0626d85e,4300000,1,IncludedStaticWorldSolid,1,CellLegacy,WorldSolid,Assets/Game/World/Content/Physics/WorldSolidZeroBounce.physicMaterial,Reviewed static-world solid collider from the frozen M04A1 source table.,TemporaryDirectImport,msc-world-baseline-04a1.1-c3f2f337,08A1.6
1e2e42c5a2ae3691844f3c7cdb8d3808,a09a456ec420e40858255821c4f9f25a,DRAGRACE/LOD/DRAGSTRIP/Drag2/dragcar2/CarColliderAI,CarColliderAI,ColliderOnly,MeshCollider,1,0,1,0,1,27ebda14c8893524eba883d55fb02821,4300000,0,ExcludedInactive,0,Excluded,,,The collider owner is inactive through the frozen donor hierarchy.,TemporaryDirectImport,msc-world-baseline-04a1.1-c3f2f337,08A1.6
1e65d590f010dfaefa52155c4c76f472,c21124645574fc06b9890ef82c8e1ef1,INSPECTION/Functions/register plate(Clone),register plate(Clone),BuildingExterior,BoxCollider,1,0,0,0,1,,0,0,ExcludedInactive,0,Excluded,,,The collider owner is inactive through the frozen donor hierarchy.,TemporaryDirectImport,msc-world-baseline-04a1.1-c3f2f337,08A1.6
1e8e993920961a6dabfb2bb6fe1d960a,f04cffe7d7987442b9841c06a8cdf34b,YARD/Building/BATHROOM/DoorBathroom/Pivot/house_door1,house_door1,Door,BoxCollider,1,0,0,0,1,,0,1,ExcludedDoorRequiresBinding,0,Excluded,,,A door cannot become a static blocker before a project-owned hinge/interaction binding is authored.,TemporaryDirectImport,msc-world-baseline-04a1.1-c3f2f337,08A1.6
1eb95efde812a3d7e245026c86bf4b1a,60e3699e85576588f544ff8af75fbe51,DANCEHALL/Building/NoRain,NoRain,ColliderOnly,MeshCollider,1,0,0,0,0,f00f0c9268243424e881e18fc92a3ab9,4300000,1,ExcludedWeatherShelterVolume,0,Excluded,,,"The donor NoRain mesh is a weather/shelter query volume, not a physical static wall.",TemporaryDirectImport,msc-world-baseline-04a1.1-c3f2f337,08A1.6
1ed91d0fc1303d20a24daa8de85c471b,7e68807ac6f51712bcb60b37e8ca26e7,CABIN/Cabin/Ventti/PIG/VenttiPig/Pivot/Char/skeleton,skeleton,ColliderOnly,CapsuleCollider,1,0,0,0,1,,0,1,ExcludedActorOrPlayer,0,Excluded,,,"Actor, NPC, skeleton or player-owned collision belongs to a later project-owned gameplay presenter.",TemporaryDirectImport,msc-world-baseline-04a1.1-c3f2f337,08A1.6
1f055094a560e4f17f560de1bc2be89a,3d720fae958bb4e19a210fcf30001fe1,CABIN/Cabin/Mesh/saunahouse_windows,saunahouse_windows,Window,MeshCollider,1,0,0,0,0,1238b691cdc8f30479240aeda9a40b3a,4300000,1,IncludedStaticWorldSolid,1,CellLegacy,WorldSolid,Assets/Game/World/Content/Physics/WorldSolidZeroBounce.physicMaterial,Reviewed static-world solid collider from the frozen M04A1 source table.,TemporaryDirectImport,msc-world-baseline-04a1.1-c3f2f337,08A1.6
1f3b862b5b213af24a0382cbb4357f9d,af2cc3059280e39a6b2bc1f2c294f5fa,MAP/Buildings/DINGONBIISI/autiotalo/mesh/buildingvino_Cube.003_None_Roof_black.jpg,buildingvino_Cube.003_None_Roof_black.jpg,Roof,MeshCollider,1,0,0,0,0,1f87182e9015d864a9098d947ed5905e,4300000,1,IncludedStaticWorldSolid,1,CellLegacy,WorldSolid,Assets/Game/World/Content/Physics/WorldSolidZeroBounce.physicMaterial,Reviewed static-world solid collider from the frozen M04A1 source table.,TemporaryDirectImport,msc-world-baseline-04a1.1-c3f2f337,08A1.6
1f64d02781f14361ebed39a43af1b8ac,1c7045795e8cfb11edd4b7b8c31b36fa,MAP/Buildings/BarnOld/lato_roof,lato_roof,Roof,MeshCollider,1,0,0,0,0,6f49787c3bbcf9e4f8b8c2b28ee9bd6f,4300000,1,IncludedStaticWorldSolid,1,CellLegacy,WorldSolid,Assets/Game/World/Content/Physics/WorldSolidZeroBounce.physicMaterial,Reviewed static-world solid collider from the frozen M04A1 source table.,TemporaryDirectImport,msc-world-baseline-04a1.1-c3f2f337,08A1.6
1f7ecccce324648da1639024693007cd,43c2fc63ffce9b649d98c09a2c4278d1,REPAIRSHOP/LOD/NoRain,NoRain,ColliderOnly,MeshCollider,1,0,0,0,0,0000000000000000e000000000000000,10210,1,ExcludedBuiltinMeshRequiresMapping,0,Excluded,,,The donor collider references a Unity built-in mesh; no render-mesh fallback is permitted.,TemporaryDirectImport,msc-world-baseline-04a1.1-c3f2f337,08A1.6
1f9b6ee58d92e08a9094bb49b8540372,6a0b3ff9c87fe88db3fdb3d7fd324ec6,REPAIRSHOP/JunkCar4/Parts/rpm gauge(Clone),rpm gauge(Clone),BuildingExterior,BoxCollider,1,0,0,0,1,,0,0,ExcludedInactive,0,Excluded,,,The collider owner is inactive through the frozen donor hierarchy.,TemporaryDirectImport,msc-world-baseline-04a1.1-c3f2f337,08A1.6
1fd2c31f9dde830184bcc3a506b7e447,45b243decc7f3e19dd362e4fd6fafa7f,DRAGRACE/LOD/DRAGSTRIP/DragTiming/Bounds/Left,Left,ColliderOnly,MeshCollider,1,1,1,0,0,0000000000000000e000000000000000,10210,0,ExcludedTrigger,0,Excluded,,,Trigger volumes are not imported by the solid pass.,TemporaryDirectImport,msc-world-baseline-04a1.1-c3f2f337,08A1.6
1fe65af9eeb6a88b4e71b88e44da1d04,63469f2df1f8e8e8460d03f76327f7e1,YARD/Building/KITCHEN/Fridge/Pivot/Handle,Handle,ColliderOnly,SphereCollider,1,1,0,0,0,,0,1,ExcludedTrigger,0,Excluded,,,Trigger volumes are not imported by the solid pass.,TemporaryDirectImport,msc-world-baseline-04a1.1-c3f2f337,08A1.6
1ff966524dedaa81224ae4aeeb2e5ed1,bb867fd0910fb3bb2521077bb863abcb,MAP/Buildings/BarnOld/lato_roof,lato_roof,Roof,MeshCollider,1,0,0,0,0,6f49787c3bbcf9e4f8b8c2b28ee9bd6f,4300000,1,IncludedStaticWorldSolid,1,CellLegacy,WorldSolid,Assets/Game/World/Content/Physics/WorldSolidZeroBounce.physicMaterial,Reviewed static-world solid collider from the frozen M04A1 source table.,TemporaryDirectImport,msc-world-baseline-04a1.1-c3f2f337,08A1.6
202977d5e1a66af2b46077ded3d8932e,ab61984b7c9737916dace7200a30785a,STORE/LOD/GFX_Store/WoodSheetStore,WoodSheetStore,BuildingExterior,BoxCollider,1,0,0,0,0,,0,0,ExcludedInactive,0,Excluded,,,The collider owner is inactive through the frozen donor hierarchy.,TemporaryDirectImport,msc-world-baseline-04a1.1-c3f2f337,08A1.6
2067e0a9488ccf8b3c89d598e9ae8d93,6b02900c4ee1efa155200fc132b3287e,PERAJARVI/HouseRintamaCrazy/Fence/fence 1,fence 1,Fence,BoxCollider,1,0,0,0,0,,0,1,IncludedStaticWorldSolid,1,CellLegacy,WorldSolid,Assets/Game/World/Content/Physics/WorldSolidZeroBounce.physicMaterial,Reviewed static-world solid collider from the frozen M04A1 source table.,TemporaryDirectImport,msc-world-baseline-04a1.1-c3f2f337,08A1.6
20cae5f2f4d7542109a06efbd8300fb5,e4b0c0d6f666e57089e70fcad000197d,DRAGRACE/Objects/Tent2/Results,Results,StaticProp,BoxCollider,1,0,0,0,0,,0,1,IncludedStaticWorldSolid,1,CellLegacy,WorldSolid,Assets/Game/World/Content/Physics/WorldSolidZeroBounce.physicMaterial,Reviewed static-world solid collider from the frozen M04A1 source table.,TemporaryDirectImport,msc-world-baseline-04a1.1-c3f2f337,08A1.6
212ed709d9fe18a053a16e4665e0ad13,c474c2d0de17df77006aea17d46dcd28,YARD/Building/Colliders/coll,coll,ColliderOnly,BoxCollider,1,0,0,0,0,,0,1,IncludedSafetyCriticalGlobal,1,GlobalLegacy,WorldSolid,Assets/Game/World/Content/Physics/WorldSolidZeroBounce.physicMaterial,Home spawn structural safety,TemporaryDirectImport,msc-world-baseline-04a1.1-c3f2f337,08A1.6
2171793075ded81eb0cff75c50687d3b,8ab9b5e2fae9fcfca641e8bac785a5e5,COTTAGE/Sauna/Stove/StoveTrigger,StoveTrigger,ColliderOnly,BoxCollider,1,0,0,0,1,,0,1,ExcludedDynamicRequiresPresenter,0,Excluded,,,The collider is owned by a donor Rigidbody on itself or an ancestor and requires a project-owned dynamic presenter instead of a frozen static blocker.,TemporaryDirectImport,msc-world-baseline-04a1.1-c3f2f337,08A1.6
2193e41ee3f5e14304c09bcfb87af805,46289d5d43af3e91c0f55982bbf6e94c,YARD/ChickenHouse/chicken_house_tank,chicken_house_tank,BuildingExterior,BoxCollider,1,0,0,0,0,,0,1,IncludedStaticWorldSolid,1,CellLegacy,WorldSolid,Assets/Game/World/Content/Physics/WorldSolidZeroBounce.physicMaterial,Reviewed static-world solid collider from the frozen M04A1 source table.,TemporaryDirectImport,msc-world-baseline-04a1.1-c3f2f337,08A1.6
2198768bf02f3db8e4ba281726c0e6a5,428a24a7fa19ef081b3fd1b743db7817,CABIN/LOD/WaterWell/Functions/ParticleDrink/WaterTap,WaterTap,ColliderOnly,CapsuleCollider,1,0,0,0,0,,0,0,ExcludedInactive,0,Excluded,,,The collider owner is inactive through the frozen donor hierarchy.,TemporaryDirectImport,msc-world-baseline-04a1.1-c3f2f337,08A1.6
21a3d8115a298874cf2448a6f6fc5cfd,f37a4a3e7a480598469f982808a14d6d,MAP/MESH/RAILROAD_TUNNEL/Info,Info,StaticProp,BoxCollider,1,0,0,0,0,,0,1,IncludedStaticWorldSolid,1,TrulyGlobalLegacy,WorldSolid,Assets/Game/World/Content/Physics/WorldSolidZeroBounce.physicMaterial,Reviewed static-world solid collider from the frozen M04A1 source table.,TemporaryDirectImport,msc-world-baseline-04a1.1-c3f2f337,08A1.6
21b563d7454abeee8745d8f4203914fe,38adfee9cd64d03c4cb3f2d7cbb8b73d,STORE/MESH/Collider,Collider,ColliderOnly,BoxCollider,1,0,0,0,0,,0,1,IncludedStaticWorldSolid,1,CellLegacy,WorldSolid,Assets/Game/World/Content/Physics/WorldSolidZeroBounce.physicMaterial,Reviewed static-world solid collider from the frozen M04A1 source table.,TemporaryDirectImport,msc-world-baseline-04a1.1-c3f2f337,08A1.6
21f9bc82f1d12ddafc8a9f9db1529127,11d61aedb4dcf8b8854bd9484f944140,PERAJARVI/TerraceHouse/Apartments/LOD2/rowhouse_glass,rowhouse_glass,BuildingExterior,MeshCollider,1,0,0,0,0,428be041af02fe048beee07206c12258,4300000,1,IncludedStaticWorldSolid,1,CellLegacy,WorldSolid,Assets/Game/World/Content/Physics/WorldSolidZeroBounce.physicMaterial,Reviewed static-world solid collider from the frozen M04A1 source table.,TemporaryDirectImport,msc-world-baseline-04a1.1-c3f2f337,08A1.6
2223a649e21a9905b6b8a137e198c89e,f1f672115bc7fa1ba7112da7165577c6,COTTAGE/MESH/cottage_floor1,cottage_floor1,Floor,MeshCollider,1,0,0,0,0,9bef0d85e3c4e6c449bc7393cb2c138c,4300000,1,IncludedStaticWorldSolid,1,CellLegacy,WorldSurface,Assets/Game/World/Content/Physics/WorldSurfaceZeroBounce.physicMaterial,Reviewed static-world solid collider from the frozen M04A1 source table.,TemporaryDirectImport,msc-world-baseline-04a1.1-c3f2f337,08A1.6
227dc91f290749545711ddb6a09336db,b9f8dbb71eb31af9e2a76825fd25c60f,YARD/Building/LIVINGROOM/LOD_livingroom/woodtrain,woodtrain,BuildingInterior,BoxCollider,1,0,0,0,0,,0,1,IncludedStaticWorldSolid,1,CellLegacy,WorldSolid,Assets/Game/World/Content/Physics/WorldSolidZeroBounce.physicMaterial,Reviewed static-world solid collider from the frozen M04A1 source table.,TemporaryDirectImport,msc-world-baseline-04a1.1-c3f2f337,08A1.6
229e88de4c30ae834206ad6c6a6509f2,f9bc2999ba83757cc29eba65df23adda,SOCCER/DistanceSphere1,DistanceSphere1,ColliderOnly,SphereCollider,1,1,0,0,0,,0,0,ExcludedTrigger,0,Excluded,,,Trigger volumes are not imported by the solid pass.,TemporaryDirectImport,msc-world-baseline-04a1.1-c3f2f337,08A1.6
22a610e9711a6cd893bd03013ad2e595,a209136682ef9a10d53ed151b27254cd,REPAIRSHOP/JunkCar2/HookRear,HookRear,ColliderOnly,SphereCollider,1,1,0,0,1,,0,1,ExcludedTrigger,0,Excluded,,,Trigger volumes are not imported by the solid pass.,TemporaryDirectImport,msc-world-baseline-04a1.1-c3f2f337,08A1.6
22d95f29c40804bf69b7cae06602a950,9c5d1f176cabbc3945c75ebc533e5b36,YARD/Building/LIVINGROOM/DoorFront/Pivot/house_door1,house_door1,Door,BoxCollider,1,0,0,0,1,,0,1,ExcludedDoorRequiresBinding,0,Excluded,,,A door cannot become a static blocker before a project-owned hinge/interaction binding is authored.,TemporaryDirectImport,msc-world-baseline-04a1.1-c3f2f337,08A1.6
2325f4ce0afd4360069ceb171b4589b3,8e3d98a02b2ec4881486a24eeaaea249,JAIL/MESh/jail_bed/jail_bed,jail_bed,BuildingExterior,BoxCollider,1,0,0,0,0,,0,0,ExcludedInactive,0,Excluded,,,The collider owner is inactive through the frozen donor hierarchy.,TemporaryDirectImport,msc-world-baseline-04a1.1-c3f2f337,08A1.6
236e809ef7a6d8aed092a7fa3caf7c77,7f2416a20757950f6174bc3296e202a6,COTTAGE/Logging/Pölkky/LogCheck,LogCheck,ColliderOnly,SphereCollider,1,1,0,0,0,,0,1,ExcludedTrigger,0,Excluded,,,Trigger volumes are not imported by the solid pass.,TemporaryDirectImport,msc-world-baseline-04a1.1-c3f2f337,08A1.6
2415a288950851919f758ed31242546e,285aaaba92245f601c6e4a12ebc1c2af,DRAGRACE/LOD/DRAGSTRIP/DragTiming/LaneLeft/330ft,330ft,ColliderOnly,MeshCollider,1,1,1,0,0,0000000000000000e000000000000000,10210,0,ExcludedTrigger,0,Excluded,,,Trigger volumes are not imported by the solid pass.,TemporaryDirectImport,msc-world-baseline-04a1.1-c3f2f337,08A1.6
243cd88e16e70ed8e4f32660d1b9d9e7,8d9a3b519217a9f5d13149f3fe8bc8be,STORE/LOD/ShopFunctions/Switches/switch_pumps,switch_pumps,ColliderOnly,SphereCollider,1,1,0,0,0,,0,1,ExcludedTrigger,0,Excluded,,,Trigger volumes are not imported by the solid pass.,TemporaryDirectImport,msc-world-baseline-04a1.1-c3f2f337,08A1.6
2473e8ebce6bb620a4e1a9c6be005caf,778f47b027d66ac19672203485a5e32e,STORE/MESH/Collider,Collider,ColliderOnly,BoxCollider,1,0,0,0,0,,0,1,IncludedStaticWorldSolid,1,CellLegacy,WorldSolid,Assets/Game/World/Content/Physics/WorldSolidZeroBounce.physicMaterial,Reviewed static-world solid collider from the frozen M04A1 source table.,TemporaryDirectImport,msc-world-baseline-04a1.1-c3f2f337,08A1.6
249eca25cc7e536100de218b1b014af2,f3734f5d2f744b20741abd564e1d34db,MAP/Buildings/Barn/lato_roof,lato_roof,Roof,MeshCollider,1,0,1,0,0,73acff30fd9546d42a5637f3fdcd2f20,4300000,1,IncludedStaticWorldSolid,1,CellLegacy,WorldSolid,Assets/Game/World/Content/Physics/WorldSolidZeroBounce.physicMaterial,Reviewed static-world solid collider from the frozen M04A1 source table.,TemporaryDirectImport,msc-world-baseline-04a1.1-c3f2f337,08A1.6
253df8413bae05bbc2b7dfc231673a47,ad05e77d06a45bc125a4fc56967a51eb,MAP/Buildings/BarnOld_junk/lato_wall,lato_wall,StaticProp,MeshCollider,1,0,0,0,0,053d62eabcd943945a4c29fd71a4d82b,4300000,1,IncludedStaticWorldSolid,1,CellLegacy,WorldSolid,Assets/Game/World/Content/Physics/WorldSolidZeroBounce.physicMaterial,Reviewed static-world solid collider from the frozen M04A1 source table.,TemporaryDirectImport,msc-world-baseline-04a1.1-c3f2f337,08A1.6
257227f851fe5b720fbcb8466c95b049,85308ad8f03792eb09e72ffc449cd606,SOCCER/goal2/Colliders/coll,coll,ColliderOnly,CapsuleCollider,1,0,0,0,1,,0,1,ExcludedDynamicRequiresPresenter,0,Excluded,,,The collider is owned by a donor Rigidbody on itself or an ancestor and requires a project-owned dynamic presenter instead of a frozen static blocker.,TemporaryDirectImport,msc-world-baseline-04a1.1-c3f2f337,08A1.6
25dfef31900147706dba77e87681252b,2f785b45bfabd0495966219d344faacb,STORE/LOD/DoorStore/Pivot/Handle,Handle,ColliderOnly,SphereCollider,1,1,0,0,0,,0,1,ExcludedTrigger,0,Excluded,,,Trigger volumes are not imported by the solid pass.,TemporaryDirectImport,msc-world-baseline-04a1.1-c3f2f337,08A1.6
25ffd40451208066c657fb0086421c8a,c0591942980feb580304887c99b247f2,RALLY/PartsSalesman/Functions/Parts/BuyCrankshaft,BuyCrankshaft,ColliderOnly,SphereCollider,1,1,0,0,0,,0,1,ExcludedTrigger,0,Excluded,,,Trigger volumes are not imported by the solid pass.,TemporaryDirectImport,msc-world-baseline-04a1.1-c3f2f337,08A1.6
260a7dbf8e8e858bf55358ec9c218eea,f7aab339cfde1dddce8680c07fcce0ac,CABIN/Cabin/woodstove/woodstove,woodstove,BuildingExterior,BoxCollider,1,0,0,0,0,,0,1,IncludedStaticWorldSolid,1,CellLegacy,WorldSolid,Assets/Game/World/Content/Physics/WorldSolidZeroBounce.physicMaterial,Reviewed static-world solid collider from the frozen M04A1 source table.,TemporaryDirectImport,msc-world-baseline-04a1.1-c3f2f337,08A1.6
2611a76aa4f7b587e461700238f1c9de,936b77eb886f44ff1af799fd964c218f,MAP/Buildings/Barn/lato_roof,lato_roof,Roof,MeshCollider,1,0,1,0,0,73acff30fd9546d42a5637f3fdcd2f20,4300000,1,IncludedStaticWorldSolid,1,CellLegacy,WorldSolid,Assets/Game/World/Content/Physics/WorldSolidZeroBounce.physicMaterial,Reviewed static-world solid collider from the frozen M04A1 source table.,TemporaryDirectImport,msc-world-baseline-04a1.1-c3f2f337,08A1.6
26400d242aefe52d268972bf6ec6c179,e0770ea954ffd63a43e2d826d18c40be,DANCEHALL/Building/PlayerColl,PlayerColl,ColliderOnly,BoxCollider,1,0,0,0,0,,0,1,IncludedStaticWorldSolid,1,CellLegacy,WorldSolid,Assets/Game/World/Content/Physics/WorldSolidZeroBounce.physicMaterial,Reviewed static-world solid collider from the frozen M04A1 source table.,TemporaryDirectImport,msc-world-baseline-04a1.1-c3f2f337,08A1.6
267c815979d634576201159fc2ebccc0,735c560ba3bc6019099d902c3aa67bb3,YARD/UNCLE/Home/UncleDrinking/Uncle/Pivot/Char/HumanCollider,HumanCollider,ColliderOnly,CapsuleCollider,1,0,0,0,0,,0,0,ExcludedInactive,0,Excluded,,,The collider owner is inactive through the frozen donor hierarchy.,TemporaryDirectImport,msc-world-baseline-04a1.1-c3f2f337,08A1.6
269384f586687b11b27715a2aa0f470a,3b882f48375fe00c95c87ffb9e7afd1c,JAIL/PlayerColl,PlayerColl,ColliderOnly,BoxCollider,1,0,0,0,0,,0,0,ExcludedInactive,0,Excluded,,,The collider owner is inactive through the frozen donor hierarchy.,TemporaryDirectImport,msc-world-baseline-04a1.1-c3f2f337,08A1.6
269c51aa0fa389cf4c85917703385b88,fe3e5cc8d6e5bdd7ac081f380f8057a8,PERAJARVI/HouseOld3/roof_lining,roof_lining,Roof,MeshCollider,1,0,1,0,0,6561ec2a31d25d04c84a6af793a0b8a6,4300000,1,IncludedStaticWorldSolid,1,CellLegacy,WorldSolid,Assets/Game/World/Content/Physics/WorldSolidZeroBounce.physicMaterial,Reviewed static-world solid collider from the frozen M04A1 source table.,TemporaryDirectImport,msc-world-baseline-04a1.1-c3f2f337,08A1.6
26bcb31a9189858a16fdcab2435bb911,c2b775474751925da4392c39bdf96e64,YARD/Building/MIDDLEROOM/DoorMiddleroom/Pivot/house_door1,house_door1,Door,BoxCollider,1,0,0,0,1,,0,1,ExcludedDoorRequiresBinding,0,Excluded,,,A door cannot become a static blocker before a project-owned hinge/interaction binding is authored.,TemporaryDirectImport,msc-world-baseline-04a1.1-c3f2f337,08A1.6
26e33f805af9cf4c8c2924ef61b44788,fe7968e4db5709506831b8749660a968,YARD/Building/KITCHEN/Pantry/wood,wood,BuildingInterior,BoxCollider,1,0,0,0,0,,0,1,IncludedStaticWorldSolid,1,CellLegacy,WorldSolid,Assets/Game/World/Content/Physics/WorldSolidZeroBounce.physicMaterial,Reviewed static-world solid collider from the frozen M04A1 source table.,TemporaryDirectImport,msc-world-baseline-04a1.1-c3f2f337,08A1.6
26edd2858ff7f1c2af7a192d6d69df9f,3551552ce645575d010ecf720d78a06f,YARD/Building/LIVINGROOM/tvtable,tvtable,BuildingInterior,BoxCollider,1,0,0,0,0,,0,1,IncludedStaticWorldSolid,1,CellLegacy,WorldSolid,Assets/Game/World/Content/Physics/WorldSolidZeroBounce.physicMaterial,Reviewed static-world solid collider from the frozen M04A1 source table.,TemporaryDirectImport,msc-world-baseline-04a1.1-c3f2f337,08A1.6
27001db6d3c4d071c7be4fa14bc76e27,598d32f0a2b76eb89a6ab8cf648745d0,YARD/Building/BEDROOM2/bed_base/bed_soft,bed_soft,BuildingInterior,BoxCollider,1,0,0,0,0,,0,1,IncludedStaticWorldSolid,1,CellLegacy,WorldSolid,Assets/Game/World/Content/Physics/WorldSolidZeroBounce.physicMaterial,Reviewed static-world solid collider from the frozen M04A1 source table.,TemporaryDirectImport,msc-world-baseline-04a1.1-c3f2f337,08A1.6
27320c543f6eaa1886a3cc970cc953c5,7f58db50d66c7308da0ce198f6821c56,STORE/LOD/GFX_Pub/BreakableWindowsPub/store_windows_broken/store_windows_broken_008,store_windows_broken_008,Window,MeshCollider,1,0,1,0,1,9102e4e9b92224f43a0f2827651cfd5b,4300000,0,ExcludedInactive,0,Excluded,,,The collider owner is inactive through the frozen donor hierarchy.,TemporaryDirectImport,msc-world-baseline-04a1.1-c3f2f337,08A1.6
2752198a1df5a557b3b11450d63eb496,d15ae33edd9dde268e80c4126cd0c83f,YARD/Building/Dynamics/FuseTable/Fusetable/Fuse2Pivot/fuseholder02,fuseholder02,ColliderOnly,BoxCollider,1,0,0,0,1,,0,1,ExcludedDynamicRequiresPresenter,0,Excluded,,,The collider is owned by a donor Rigidbody on itself or an ancestor and requires a project-owned dynamic presenter instead of a frozen static blocker.,TemporaryDirectImport,msc-world-baseline-04a1.1-c3f2f337,08A1.6
27757730b1c3a68f79f12917a4a47e00,bad14562b401ef058ab555a2bded203a,SOCCER/goal1/Goal1Trigger,Goal1Trigger,ColliderOnly,MeshCollider,1,1,1,0,1,0000000000000000e000000000000000,10210,1,ExcludedTrigger,0,Excluded,,,Trigger volumes are not imported by the solid pass.,TemporaryDirectImport,msc-world-baseline-04a1.1-c3f2f337,08A1.6
2779872827b2fe4d699cceba912ef19e,c9996a12220060b4152c162b1fee8f9a,YARD/Building/Dynamics/FuseTable/Fusetable/Fuse3Pivot/fuseholder03/FuseTrigger,FuseTrigger,ColliderOnly,SphereCollider,1,1,0,0,1,,0,0,ExcludedTrigger,0,Excluded,,,Trigger volumes are not imported by the solid pass.,TemporaryDirectImport,msc-world-baseline-04a1.1-c3f2f337,08A1.6
27d1a6100d5c0d8e8da6a626ce6ee286,f873bbb3fdeb66fecaa405172d16efe5,INSPECTION/LOD/Door/mesh,mesh,BuildingExterior,BoxCollider,1,0,0,0,0,,0,1,ExcludedDoorRequiresBinding,0,Excluded,,,A door cannot become a static blocker before a project-owned hinge/interaction binding is authored.,TemporaryDirectImport,msc-world-baseline-04a1.1-c3f2f337,08A1.6
27fa53bd4496785bbe7946fd4d484196,4d35d94baf24eddb3d4f1dd9ea0e2043,THEATRE/LOD/Furniture/table,table,BuildingExterior,BoxCollider,1,0,0,0,1,,0,1,ExcludedDynamicRequiresPresenter,0,Excluded,,,The collider is owned by a donor Rigidbody on itself or an ancestor and requires a project-owned dynamic presenter instead of a frozen static blocker.,TemporaryDirectImport,msc-world-baseline-04a1.1-c3f2f337,08A1.6
28020d59fc56357bd74d629b9a4e5a4e,bdc14f5eebb70cad6733cf6152988d40,RALLY/Saturday/StartArea/StartAreaObjects/RegisterFormSaturday,RegisterFormSaturday,InteractivePropCandidate,BoxCollider,1,0,0,0,0,,0,0,ExcludedInactive,0,Excluded,,,The collider owner is inactive through the frozen donor hierarchy.,TemporaryDirectImport,msc-world-baseline-04a1.1-c3f2f337,08A1.6
2803d91ebfd07d262cf4420c30ac93fa,ae53a2fc29d384bc3ff74475935a514b,REPAIRSHOP/LOD/ToolCart/Drawer/Tools/Spanners/spanner(9)(Clone),spanner(9)(Clone),ColliderOnly,CapsuleCollider,1,1,0,0,1,,0,0,ExcludedTrigger,0,Excluded,,,Trigger volumes are not imported by the solid pass.,TemporaryDirectImport,msc-world-baseline-04a1.1-c3f2f337,08A1.6
280839cd3d87f197bc58e68d3df418b6,8bd6e2e616edd4f5d39f0d77b44abab8,INSPECTION/Functions/Recipiet,Recipiet,BuildingExterior,BoxCollider,1,0,0,0,0,,0,0,ExcludedInactive,0,Excluded,,,The collider owner is inactive through the frozen donor hierarchy.,TemporaryDirectImport,msc-world-baseline-04a1.1-c3f2f337,08A1.6
280c357f27bae6dc40f136e1b6c586cb,d1b124d614edee506331e827a57dad47,MAP/PierRiver/coll,coll,ColliderOnly,BoxCollider,1,0,0,0,0,,0,1,IncludedStaticWorldSolid,1,CellLegacy,WorldSolid,Assets/Game/World/Content/Physics/WorldSolidZeroBounce.physicMaterial,Reviewed static-world solid collider from the frozen M04A1 source table.,TemporaryDirectImport,msc-world-baseline-04a1.1-c3f2f337,08A1.6
2815bcbca380eb8164abebfcafd13dc2,0d840f10ee4871d130dd6ff86a162696,RALLY/Saturday/TimingSaturday/Checkpoint02,Checkpoint02,ColliderOnly,MeshCollider,1,1,1,0,1,0000000000000000e000000000000000,10210,0,ExcludedTrigger,0,Excluded,,,Trigger volumes are not imported by the solid pass.,TemporaryDirectImport,msc-world-baseline-04a1.1-c3f2f337,08A1.6
28360ea568ff84dc6a1284c10aada560,e276c7baf746c433ded5f2a971b500e8,DRAGRACE/Objects/ScoreScreenRight,ScoreScreenRight,StaticProp,BoxCollider,1,0,0,0,0,,0,1,IncludedStaticWorldSolid,1,CellLegacy,WorldSolid,Assets/Game/World/Content/Physics/WorldSolidZeroBounce.physicMaterial,Reviewed static-world solid collider from the frozen M04A1 source table.,TemporaryDirectImport,msc-world-baseline-04a1.1-c3f2f337,08A1.6
283c66383b534cd32de6d38c76cdb697,073ead895a8b044f3fe1658a558d9be5,RALLY/PartsSalesman/Functions/Parts/BuyPiston4,BuyPiston4,ColliderOnly,SphereCollider,1,1,0,0,0,,0,1,ExcludedTrigger,0,Excluded,,,Trigger volumes are not imported by the solid pass.,TemporaryDirectImport,msc-world-baseline-04a1.1-c3f2f337,08A1.6
283e9460d1464d58e0d17759605f020f,f2cdc6671a30987b48ea601b41382025,MISC/MAITO/Cube 2,Cube 2,ColliderOnly,CapsuleCollider,1,0,0,0,1,,0,0,ExcludedInactive,0,Excluded,,,The collider owner is inactive through the frozen donor hierarchy.,TemporaryDirectImport,msc-world-baseline-04a1.1-c3f2f337,08A1.6
28a30356f111e5176e52a39419b648fe,d0e7b8ea0a0ebc9d7b171c23aacc71dd,DANCEHALL/Functions/DanceCouple/Dancer1/Pivot/pelvis/spine_mid/shoulders(xxxxx),shoulders(xxxxx),ColliderOnly,CapsuleCollider,0,0,0,0,1,,0,0,ExcludedDisabled,0,Excluded,,,The donor collider component is disabled.,TemporaryDirectImport,msc-world-baseline-04a1.1-c3f2f337,08A1.6
28a34d745d4d1bd4467290717ce30da7,ad75f09583ddab1067f6989d61e3a176,YARD/Building/Dynamics/FuseTable/Fusetable/Fuse3,Fuse3,ColliderOnly,SphereCollider,1,1,0,0,0,,0,1,ExcludedTrigger,0,Excluded,,,Trigger volumes are not imported by the solid pass.,TemporaryDirectImport,msc-world-baseline-04a1.1-c3f2f337,08A1.6
28ae7a25508109ce88ba70c4f5ebf6e4,aad355a1aa3f8daca7a7d6c34163abeb,YARD/Building/KITCHEN/Pantry/wood,wood,BuildingInterior,BoxCollider,1,0,0,0,0,,0,1,IncludedStaticWorldSolid,1,CellLegacy,WorldSolid,Assets/Game/World/Content/Physics/WorldSolidZeroBounce.physicMaterial,Reviewed static-world solid collider from the frozen M04A1 source table.,TemporaryDirectImport,msc-world-baseline-04a1.1-c3f2f337,08A1.6
28f4797ac8370f1e5507facaa98f4810,5d08a14db82480a0cb0d694cba6c080d,JAIL/SAVEGAME,SAVEGAME,ColliderOnly,SphereCollider,1,1,0,0,0,,0,0,ExcludedTrigger,0,Excluded,,,Trigger volumes are not imported by the solid pass.,TemporaryDirectImport,msc-world-baseline-04a1.1-c3f2f337,08A1.6
28fc2db07d62169d21cc5a1018072794,4107f713fea1acd697e4e42ca6be5eb8,REPAIRSHOP/JunkCar4/HookRear,HookRear,ColliderOnly,SphereCollider,1,1,0,0,1,,0,1,ExcludedTrigger,0,Excluded,,,Trigger volumes are not imported by the solid pass.,TemporaryDirectImport,msc-world-baseline-04a1.1-c3f2f337,08A1.6
290ab3c3210133e4739a7768453e0480,0f9564a745ca964c426d87d5bdc333d2,PERAJARVI/HouseRintama2/Fence/fence 3,fence 3,Fence,BoxCollider,1,0,0,0,0,,0,1,IncludedStaticWorldSolid,1,CellLegacy,WorldSolid,Assets/Game/World/Content/Physics/WorldSolidZeroBounce.physicMaterial,Reviewed static-world solid collider from the frozen M04A1 source table.,TemporaryDirectImport,msc-world-baseline-04a1.1-c3f2f337,08A1.6
293af5dd4bb32c7c9d598a5137b1331d,1b8cd2ef14b64a6ccf472c8e4fb38bdd,WATERFACILITY/LOD/Functions/Servant/Pivot/Collider,Collider,ColliderOnly,CapsuleCollider,1,0,0,0,1,,0,1,ExcludedActorOrPlayer,0,Excluded,,,"Actor, NPC, skeleton or player-owned collision belongs to a later project-owned gameplay presenter.",TemporaryDirectImport,msc-world-baseline-04a1.1-c3f2f337,08A1.6
29ce6efd4c03e3daaeb0e8f2c0fd4260,1d50e7313ee1bdc52fbbf6ea10a3efa3,REPAIRSHOP/SatsumaSpawns/Spawn,Spawn,SpawnMarker,BoxCollider,0,0,0,0,0,,0,1,ExcludedDisabled,0,Excluded,,,The donor collider component is disabled.,TemporaryDirectImport,msc-world-baseline-04a1.1-c3f2f337,08A1.6
2a65b7fb70af48a0962753ff6f6badbb,0bb9fed7d00332aee895ca2aed7c852f,DRAGRACE/LOD/DRAGSTRIP/DragTiming/LaneLeft/Stageline1,Stageline1,ColliderOnly,MeshCollider,1,1,1,0,0,0000000000000000e000000000000000,10210,0,ExcludedTrigger,0,Excluded,,,Trigger volumes are not imported by the solid pass.,TemporaryDirectImport,msc-world-baseline-04a1.1-c3f2f337,08A1.6
2a9b563ceb08c4418c1ea8a2ef11b1f4,23863f3f220332ec3d493e6aab12b0e4,STORE/LOD/GFX_Pub/BreakableWindowsPub/store_windows_broken/store_windows_broken_006,store_windows_broken_006,Window,MeshCollider,1,0,1,0,1,1b28be4c8c333c549af83be18acd1a7f,4300000,0,ExcludedInactive,0,Excluded,,,The collider owner is inactive through the frozen donor hierarchy.,TemporaryDirectImport,msc-world-baseline-04a1.1-c3f2f337,08A1.6
2ac9480e2f08b13983fce7b899744228,f4763f205c8475241be031afaab556ef,MAP/Buildings/DINGONBIISI/autiotalo/mesh/buildingvino_Cube.003_None,buildingvino_Cube.003_None,StaticProp,MeshCollider,1,0,0,0,0,ffd9b4fa675ff8d4ba830e7da0d7d390,4300000,1,IncludedStaticWorldSolid,1,CellLegacy,WorldSolid,Assets/Game/World/Content/Physics/WorldSolidZeroBounce.physicMaterial,Reviewed static-world solid collider from the frozen M04A1 source table.,TemporaryDirectImport,msc-world-baseline-04a1.1-c3f2f337,08A1.6
2b34434147f3f8cd766f06dc616afc50,3b73723e315b44cd2b20df6ae743fe6c,YARD/Building/LIVINGROOM/LOD_livingroom/MAP/Darts/Haybale,Haybale,BuildingInterior,SphereCollider,1,1,0,0,0,,0,0,ExcludedTrigger,0,Excluded,,,Trigger volumes are not imported by the solid pass.,TemporaryDirectImport,msc-world-baseline-04a1.1-c3f2f337,08A1.6
2b4b401226a16337458e4b0889ec5ed5,193846dfed97c8c45da5ec0620a140ba,THEATRE/Colliders/coll,coll,ColliderOnly,BoxCollider,1,0,0,0,0,,0,1,IncludedStaticWorldSolid,1,CellLegacy,WorldSolid,Assets/Game/World/Content/Physics/WorldSolidZeroBounce.physicMaterial,Reviewed static-world solid collider from the frozen M04A1 source table.,TemporaryDirectImport,msc-world-baseline-04a1.1-c3f2f337,08A1.6
2b93d4b66087634e21b8a8936704b049,e37e4ca58f3697274d8b6414a37ccb69,YARD/Building/LIVINGROOM/TV/ElectricShockPoint,ElectricShockPoint,ColliderOnly,BoxCollider,1,0,0,0,1,,0,1,ExcludedDynamicRequiresPresenter,0,Excluded,,,The collider is owned by a donor Rigidbody on itself or an ancestor and requires a project-owned dynamic presenter instead of a frozen static blocker.,TemporaryDirectImport,msc-world-baseline-04a1.1-c3f2f337,08A1.6
2bc650eaacb7b0becb8aef8cb1dc585b,0de3bcb7c7c2b4f7f4c1e958f4b1fff5,MISC/MAITO/Cube 3,Cube 3,InteractivePropCandidate,BoxCollider,1,0,0,0,1,,0,0,ExcludedInactive,0,Excluded,,,The collider owner is inactive through the frozen donor hierarchy.,TemporaryDirectImport,msc-world-baseline-04a1.1-c3f2f337,08A1.6
2bdccb54632cdd227b00be0d2ebc07b7,b7183d3bbce5addbe430b031e7b539e0,PERAJARVI/TerraceHouse/Apartments_empty/Colliders/Cube,Cube,ColliderOnly,BoxCollider,1,0,0,0,0,,0,1,IncludedStaticWorldSolid,1,CellLegacy,WorldSolid,Assets/Game/World/Content/Physics/WorldSolidZeroBounce.physicMaterial,Reviewed static-world solid collider from the frozen M04A1 source table.,TemporaryDirectImport,msc-world-baseline-04a1.1-c3f2f337,08A1.6
2be7107e60e13e13271ce361080ff642,faf65ad9072c996489a0e6dafbe32e78,REPAIRSHOP/SatsumaSpawns/Spawn,Spawn,SpawnMarker,BoxCollider,0,0,0,0,0,,0,1,ExcludedDisabled,0,Excluded,,,The donor collider component is disabled.,TemporaryDirectImport,msc-world-baseline-04a1.1-c3f2f337,08A1.6
2bf3cab858a04c067e5025ad7dce7180,89571229780a2063db4d19e71bfa8f0b,PERAJARVI/HouseOld1/Fence/fence 2,fence 2,Fence,BoxCollider,1,0,0,0,0,,0,1,IncludedStaticWorldSolid,1,CellLegacy,WorldSolid,Assets/Game/World/Content/Physics/WorldSolidZeroBounce.physicMaterial,Reviewed static-world solid collider from the frozen M04A1 source table.,TemporaryDirectImport,msc-world-baseline-04a1.1-c3f2f337,08A1.6
2c0d413204d26871d3d7d6ee09b14120,8f479d664c1d6b9674316066c5a7dfa6,STORE/GeneralItems/n2obottle/Dynamics/Handle,Handle,ColliderOnly,SphereCollider,1,1,0,0,1,,0,0,ExcludedTrigger,0,Excluded,,,Trigger volumes are not imported by the solid pass.,TemporaryDirectImport,msc-world-baseline-04a1.1-c3f2f337,08A1.6
2c1afa5b40400c6e7a804efc5ed7e2d2,e0fa39e1ceeed93727dd86e749c6d115,MAP/PierHome/coll,coll,ColliderOnly,BoxCollider,1,0,0,0,0,,0,1,IncludedStaticWorldSolid,1,CellLegacy,WorldSolid,Assets/Game/World/Content/Physics/WorldSolidZeroBounce.physicMaterial,Reviewed static-world solid collider from the frozen M04A1 source table.,TemporaryDirectImport,msc-world-baseline-04a1.1-c3f2f337,08A1.6
2c1cffb0781cecf038e7110fd0924990,64e847a8b193c3a035a8b938afd3260a,DRAGRACE/LOD/DRAGSTRIP/DragTiming/ResetlaneLeft,ResetlaneLeft,ColliderOnly,MeshCollider,1,1,1,0,0,0000000000000000e000000000000000,10210,0,ExcludedTrigger,0,Excluded,,,Trigger volumes are not imported by the solid pass.,TemporaryDirectImport,msc-world-baseline-04a1.1-c3f2f337,08A1.6
2c37001a4a6cbfd990c846cddc25c35b,075eb221a32b3b9807f15cc92a154f39,COTTAGE/LOD/Sleep/SleepTrigger,SleepTrigger,ColliderOnly,SphereCollider,1,1,0,0,0,,0,1,ExcludedTrigger,0,Excluded,,,Trigger volumes are not imported by the solid pass.,TemporaryDirectImport,msc-world-baseline-04a1.1-c3f2f337,08A1.6
2c46bb7bf467aef93b808458921faa8b,b041d98b994092bc52e8f6957bfd99f0,STORE/MESH/store_roof,store_roof,Roof,MeshCollider,1,0,0,0,0,6ca56e6a14d994c4fb03272f89aae268,4300000,1,IncludedStaticWorldSolid,1,CellLegacy,WorldSolid,Assets/Game/World/Content/Physics/WorldSolidZeroBounce.physicMaterial,Reviewed static-world solid collider from the frozen M04A1 source table.,TemporaryDirectImport,msc-world-baseline-04a1.1-c3f2f337,08A1.6
2c584ad462c54f5162c2b1b68918ffc0,024e649bbd8be5cbe03c8ac4bf357d24,YARD/Building/BATHROOM/Shower/Shower/WaterTap,WaterTap,ColliderOnly,CapsuleCollider,1,0,0,0,0,,0,0,ExcludedInactive,0,Excluded,,,The collider owner is inactive through the frozen donor hierarchy.,TemporaryDirectImport,msc-world-baseline-04a1.1-c3f2f337,08A1.6
2c6d5327abf905f5af15afa208c0ffc2,693869013859fd1f8ef7128c1382127a,DANCEHALL/Functions/DanceCouple/Dancer1/Pivot,Pivot,ColliderOnly,BoxCollider,1,0,0,0,1,,0,0,ExcludedInactive,0,Excluded,,,The collider owner is inactive through the frozen donor hierarchy.,TemporaryDirectImport,msc-world-baseline-04a1.1-c3f2f337,08A1.6
2c84474ad1d76b12ee4794afac13308c,9cd5ed4a8166d327cd6343fa8c274d20,YARD/Building/Colliders/coll,coll,ColliderOnly,BoxCollider,1,0,0,0,0,,0,1,IncludedSafetyCriticalGlobal,1,GlobalLegacy,WorldSolid,Assets/Game/World/Content/Physics/WorldSolidZeroBounce.physicMaterial,Home spawn structural safety,TemporaryDirectImport,msc-world-baseline-04a1.1-c3f2f337,08A1.6
2c8c55d3cc27652ed56ff3eb758dba34,83055e7c3b7aa29e3f8ff8e7104e8922,JAIL/MESh/table(Clone),table(Clone),BuildingExterior,BoxCollider,1,0,0,0,0,,0,0,ExcludedInactive,0,Excluded,,,The collider owner is inactive through the frozen donor hierarchy.,TemporaryDirectImport,msc-world-baseline-04a1.1-c3f2f337,08A1.6
2c93b9fffb6c68fafa44ee349d59f551,edb3ce7fd532a2950857e27956cce779,COTTAGE/LOD/Doors/DoorSauna/Pivot/mesh,mesh,BuildingExterior,BoxCollider,1,0,0,0,0,,0,1,ExcludedDoorRequiresBinding,0,Excluded,,,A door cannot become a static blocker before a project-owned hinge/interaction binding is authored.,TemporaryDirectImport,msc-world-baseline-04a1.1-c3f2f337,08A1.6
2ca6b408c8daeb8f6ae2b39d9fa7009c,4bb072bb095570d5315c475342279879,MAP/MESH/TERRAIN_OBJ/Roadside,Roadside,Road,MeshCollider,1,0,0,0,0,963d44d96ebb7d04cbe1ad1dafdb9c13,4300000,1,IncludedSafetyCriticalGlobal,1,GlobalLegacy,WorldSurface,Assets/Game/World/Content/Physics/WorldSurfaceZeroBounce.physicMaterial,Continuous roadside traversal,TemporaryDirectImport,msc-world-baseline-04a1.1-c3f2f337,08A1.6
2d55d3afa4c090b194c8529ba1f55d6c,b1380299ba96cd550e47d0e17f77dffa,MAP/Buildings/BarnOld/lato_door2,lato_door2,Door,MeshCollider,1,0,0,0,0,674089cef54eb1848aa7b631f582142f,4300000,1,ExcludedDoorRequiresBinding,0,Excluded,,,A door cannot become a static blocker before a project-owned hinge/interaction binding is authored.,TemporaryDirectImport,msc-world-baseline-04a1.1-c3f2f337,08A1.6
2dce39660ae3db46a67f8ec522e20e1e,3bb4ff0a80753e54e684d5d0e9ab6758,MAP/Buildings/BarnOld/lato_door2,lato_door2,Door,MeshCollider,1,0,0,0,0,674089cef54eb1848aa7b631f582142f,4300000,1,ExcludedDoorRequiresBinding,0,Excluded,,,A door cannot become a static blocker before a project-owned hinge/interaction binding is authored.,TemporaryDirectImport,msc-world-baseline-04a1.1-c3f2f337,08A1.6
2df14a9bca9e46702180dc83ac9954c0,baf40b3e34c5a154cfc7cec05bf2caae,YARD/Building/LIVINGROOM/chair_wood/chair_pillow,chair_pillow,BuildingInterior,BoxCollider,1,0,0,0,0,,0,1,IncludedStaticWorldSolid,1,CellLegacy,WorldSolid,Assets/Game/World/Content/Physics/WorldSolidZeroBounce.physicMaterial,Reviewed static-world solid collider from the frozen M04A1 source table.,TemporaryDirectImport,msc-world-baseline-04a1.1-c3f2f337,08A1.6
2e2a3b27ff169d56b90d4d5b49ff439c,66df74590e7d6d431abc96dba2e9adb7,MAP/Buildings/DINGONBIISI/autiotalo/mesh/buildingvino_Cube.003_None_wallpaper.jpg,buildingvino_Cube.003_None_wallpaper.jpg,StaticProp,MeshCollider,1,0,0,0,0,95c17aa2143c65249bcee2f1616fd7e8,4300000,1,IncludedStaticWorldSolid,1,CellLegacy,WorldSolid,Assets/Game/World/Content/Physics/WorldSolidZeroBounce.physicMaterial,Reviewed static-world solid collider from the frozen M04A1 source table.,TemporaryDirectImport,msc-world-baseline-04a1.1-c3f2f337,08A1.6
2e440efa3694a596adb46cee72f5e661,ccde60f217041c95bee78f676be4eaa6,MAP/StreetLights/2/LOD/lightpole,lightpole,UtilityPole,CapsuleCollider,1,0,0,0,0,,0,1,IncludedStaticWorldSolid,1,CellLegacy,WorldSolid,Assets/Game/World/Content/Physics/WorldSolidZeroBounce.physicMaterial,Reviewed static-world solid collider from the frozen M04A1 source table.,TemporaryDirectImport,msc-world-baseline-04a1.1-c3f2f337,08A1.6
2e90b86ae0980e30b35454b94c76505c,997c0dce490a56097f1f67c2d69c3ed5,YARD/Building/LIVINGROOM/chair_wood/chair_pillow,chair_pillow,BuildingInterior,BoxCollider,1,0,0,0,0,,0,1,IncludedStaticWorldSolid,1,CellLegacy,WorldSolid,Assets/Game/World/Content/Physics/WorldSolidZeroBounce.physicMaterial,Reviewed static-world solid collider from the frozen M04A1 source table.,TemporaryDirectImport,msc-world-baseline-04a1.1-c3f2f337,08A1.6
2eeeac325532c0a5a33494938261197e,62df1eda22a1c7a56cfa4bc12bdd2188,DRAGRACE/LOD/DRAGSTRIP/DragTiming/LaneRight/Bluelane,Bluelane,ColliderOnly,MeshCollider,1,1,1,0,0,0000000000000000e000000000000000,10210,0,ExcludedTrigger,0,Excluded,,,Trigger volumes are not imported by the solid pass.,TemporaryDirectImport,msc-world-baseline-04a1.1-c3f2f337,08A1.6
2eef07d77b482ac4b752635a6c85c84d,b0e6b18053d6f274377a81a4d0792ec5,YARD/Building/BEDROOM1/LOD_bedroom1/WindowBedroomDark/coll,coll,ColliderOnly,BoxCollider,1,0,0,0,0,,0,0,ExcludedInactive,0,Excluded,,,The collider owner is inactive through the frozen donor hierarchy.,TemporaryDirectImport,msc-world-baseline-04a1.1-c3f2f337,08A1.6
2f041260aaee0c608eaa70334dd67b04,4ed8ebc3a71d9c895789064ca46e358f,COTTAGE/Grill/grill_brick,grill_brick,BuildingExterior,MeshCollider,1,0,0,0,0,7356c2a89a8223841aa348e6996d8058,4300000,1,IncludedStaticWorldSolid,1,CellLegacy,WorldSolid,Assets/Game/World/Content/Physics/WorldSolidZeroBounce.physicMaterial,Reviewed static-world solid collider from the frozen M04A1 source table.,TemporaryDirectImport,msc-world-baseline-04a1.1-c3f2f337,08A1.6
2fbdd92d300b51bc5936e870cdc855b3,125f0d1f1acc0f09286e3f89ab15a2dd,MAP/Buildings/BarnOld/lato_wall,lato_wall,StaticProp,MeshCollider,1,0,0,0,0,053d62eabcd943945a4c29fd71a4d82b,4300000,1,IncludedStaticWorldSolid,1,CellLegacy,WorldSolid,Assets/Game/World/Content/Physics/WorldSolidZeroBounce.physicMaterial,Reviewed static-world solid collider from the frozen M04A1 source table.,TemporaryDirectImport,msc-world-baseline-04a1.1-c3f2f337,08A1.6
2fda0845209887f8b862769a8689b15d,2ce6fc70e2673afeb9850b69d4d8405f,YARD/UNCLE/LOD/garden_chair/CrouchTrigger,CrouchTrigger,ColliderOnly,CapsuleCollider,1,1,0,0,0,,0,1,ExcludedTrigger,0,Excluded,,,Trigger volumes are not imported by the solid pass.,TemporaryDirectImport,msc-world-baseline-04a1.1-c3f2f337,08A1.6
2ff3736425228dd4559e439b285fcf13,e71dc6773dcc580ff8fcddf5b56414a4,REPAIRSHOP/LOD/Store/ShopCashRegister/Register,Register,BuildingExterior,SphereCollider,1,1,0,0,0,,0,1,ExcludedTrigger,0,Excluded,,,Trigger volumes are not imported by the solid pass.,TemporaryDirectImport,msc-world-baseline-04a1.1-c3f2f337,08A1.6
3013d34423ccc7f0c756b1ef398eab46,83a9b95d1aa3c92e971d0f76f8509876,YARD/Building/LIVINGROOM/LOD_livingroom/NoRain,NoRain,ColliderOnly,MeshCollider,1,0,0,0,0,0000000000000000e000000000000000,10210,1,ExcludedBuiltinMeshRequiresMapping,0,Excluded,,,The donor collider references a Unity built-in mesh; no render-mesh fallback is permitted.,TemporaryDirectImport,msc-world-baseline-04a1.1-c3f2f337,08A1.6
303f971324a28aad9958f3e7fab7d0a9,1d2e264981873aa720f6877d923d4f28,YARD/Building/BEDROOM2/DoorBedroom2/Pivot/house_door1,house_door1,Door,BoxCollider,1,0,0,0,1,,0,1,ExcludedDoorRequiresBinding,0,Excluded,,,A door cannot become a static blocker before a project-owned hinge/interaction binding is authored.,TemporaryDirectImport,msc-world-baseline-04a1.1-c3f2f337,08A1.6
307cf7db95ea549f0d9df1a95102016e,ac5dc93b5e7769129db02018cc1aadb7,STORE/LOD/Pumps/gasoline_pumps_roof,gasoline_pumps_roof,Roof,BoxCollider,1,0,0,0,0,,0,1,IncludedStaticWorldSolid,1,CellLegacy,WorldSolid,Assets/Game/World/Content/Physics/WorldSolidZeroBounce.physicMaterial,Reviewed static-world solid collider from the frozen M04A1 source table.,TemporaryDirectImport,msc-world-baseline-04a1.1-c3f2f337,08A1.6
30844742a6f85b84ce5453a0a7837ff0,d62d97ce2bad7df69fa914a3afc6b5bb,COTTAGE/Logging/Logwall,Logwall,BuildingExterior,MeshCollider,1,0,1,0,0,920d13f4ebc6a87448a3ddb0b583c289,4300000,1,IncludedStaticWorldSolid,1,CellLegacy,WorldSolid,Assets/Game/World/Content/Physics/WorldSolidZeroBounce.physicMaterial,Reviewed static-world solid collider from the frozen M04A1 source table.,TemporaryDirectImport,msc-world-baseline-04a1.1-c3f2f337,08A1.6
30f23cbb11e5837bb7fb883ceda1d2cd,38c950922bb2a3d930b45bfa775d7229,COTTAGE/Grill/Fireplace/Grilling/GrillTrigger,GrillTrigger,ColliderOnly,CapsuleCollider,1,1,0,0,0,,0,0,ExcludedTrigger,0,Excluded,,,Trigger volumes are not imported by the solid pass.,TemporaryDirectImport,msc-world-baseline-04a1.1-c3f2f337,08A1.6
3102c97f36e6db60604760729afd6b3b,2a8c7033025dc0e38940b27e5a42af58,STORE/LOD/GFX_Pub/chair_pub 4/CrouchTrigger,CrouchTrigger,ColliderOnly,CapsuleCollider,1,1,0,0,1,,0,1,ExcludedTrigger,0,Excluded,,,Trigger volumes are not imported by the solid pass.,TemporaryDirectImport,msc-world-baseline-04a1.1-c3f2f337,08A1.6
3147922b9ab79511433896c2df63b55e,71378f4009cd1693d00472fb01c53372,COTTAGE/Logging/Pölkky,Pölkky,ColliderOnly,BoxCollider,1,0,0,0,0,,0,1,IncludedStaticWorldSolid,1,CellLegacy,WorldSolid,Assets/Game/World/Content/Physics/WorldSolidZeroBounce.physicMaterial,Reviewed static-world solid collider from the frozen M04A1 source table.,TemporaryDirectImport,msc-world-baseline-04a1.1-c3f2f337,08A1.6
316474f53b3f4f79a76e900c924a9414,161f1947ab0236ca3cc8f38f5eafd13f,LANDFILL/SHITHOUSE,SHITHOUSE,BuildingExterior,MeshCollider,1,0,0,0,0,1ac3f59845feda24db983c19e6cb56b9,4300000,1,IncludedStaticWorldSolid,1,CellLegacy,WorldSolid,Assets/Game/World/Content/Physics/WorldSolidZeroBounce.physicMaterial,Reviewed static-world solid collider from the frozen M04A1 source table.,TemporaryDirectImport,msc-world-baseline-04a1.1-c3f2f337,08A1.6
31f2b006f40f34007ef93cad686ab4a2,5a3fc8f5a901a3a1a3607ac5140413a5,YARD/Building/Dynamics/LightSwitches/switch_wc,switch_wc,ColliderOnly,SphereCollider,1,1,0,0,0,,0,1,ExcludedTrigger,0,Excluded,,,Trigger volumes are not imported by the solid pass.,TemporaryDirectImport,msc-world-baseline-04a1.1-c3f2f337,08A1.6
320754e0529e14c310d85e3aa389823b,ac5dc93b5e7769129db02018cc1aadb7,STORE/LOD/Pumps/gasoline_pumps_roof,gasoline_pumps_roof,Roof,BoxCollider,1,0,0,0,0,,0,1,IncludedStaticWorldSolid,1,CellLegacy,WorldSolid,Assets/Game/World/Content/Physics/WorldSolidZeroBounce.physicMaterial,Reviewed static-world solid collider from the frozen M04A1 source table.,TemporaryDirectImport,msc-world-baseline-04a1.1-c3f2f337,08A1.6
320edb3902475643a78ca996ef40be3b,0689fc7453bcc8a4217567da74475186,STORE/MESH/store_outside,store_outside,BuildingExterior,MeshCollider,1,0,0,0,0,43a63c26fc84fc2418444ed3215067d7,4300000,1,IncludedStaticWorldSolid,1,CellLegacy,WorldSolid,Assets/Game/World/Content/Physics/WorldSolidZeroBounce.physicMaterial,Reviewed static-world solid collider from the frozen M04A1 source table.,TemporaryDirectImport,msc-world-baseline-04a1.1-c3f2f337,08A1.6
3215aadde09bc5b68e3a1696dcb2217f,aacf86382d5420e2e754eae8c165d418,INSPECTION/LOD/Door/Handle,Handle,ColliderOnly,SphereCollider,1,1,0,0,0,,0,1,ExcludedTrigger,0,Excluded,,,Trigger volumes are not imported by the solid pass.,TemporaryDirectImport,msc-world-baseline-04a1.1-c3f2f337,08A1.6
3215e1ac363325e902a8b29f28d1ef4b,33658e21a2b069a67c26dde585ac948c,COTTAGE/kitchen_table 1,kitchen_table 1,BuildingInterior,BoxCollider,1,0,0,0,0,,0,1,IncludedStaticWorldSolid,1,CellLegacy,WorldSolid,Assets/Game/World/Content/Physics/WorldSolidZeroBounce.physicMaterial,Reviewed static-world solid collider from the frozen M04A1 source table.,TemporaryDirectImport,msc-world-baseline-04a1.1-c3f2f337,08A1.6
321aaeeea33369dce77bd20d5dbab0e9,146d0813d8788029ce98c61b9f15f7a9,MAP/Buildings/BarnOld/lato_roof,lato_roof,Roof,MeshCollider,1,0,0,0,0,6f49787c3bbcf9e4f8b8c2b28ee9bd6f,4300000,1,IncludedStaticWorldSolid,1,CellLegacy,WorldSolid,Assets/Game/World/Content/Physics/WorldSolidZeroBounce.physicMaterial,Reviewed static-world solid collider from the frozen M04A1 source table.,TemporaryDirectImport,msc-world-baseline-04a1.1-c3f2f337,08A1.6
326fde3a7ebb3e620e1e68258f157e1a,a03bebce4b4c56b1bcc3f706bcdb1ec3,CABIN/Shed/Doors/DoorRight/Mesh,Mesh,BuildingExterior,BoxCollider,1,0,0,0,1,,0,1,ExcludedDoorRequiresBinding,0,Excluded,,,A door cannot become a static blocker before a project-owned hinge/interaction binding is authored.,TemporaryDirectImport,msc-world-baseline-04a1.1-c3f2f337,08A1.6
32e0ae03427be412fa358964edf5869f,5a7e7f0bec5b967ac3391f5b0d71c473,MAP/MESH/FOLIAGE/TREEWALL_LOW/worldsmostsimplefix,worldsmostsimplefix,ColliderOnly,BoxCollider,1,0,0,0,0,,0,1,IncludedStaticWorldSolid,1,TrulyGlobalLegacy,WorldSolid,Assets/Game/World/Content/Physics/WorldSolidZeroBounce.physicMaterial,Reviewed static-world solid collider from the frozen M04A1 source table.,TemporaryDirectImport,msc-world-baseline-04a1.1-c3f2f337,08A1.6
330e5f7e7266e003c873fcb60ef0c88a,7d03df11e04bc4ec0ca99bff0ec372a8,MAP/Buildings/BarnOld/lato_wall,lato_wall,StaticProp,MeshCollider,1,0,0,0,0,053d62eabcd943945a4c29fd71a4d82b,4300000,1,IncludedStaticWorldSolid,1,CellLegacy,WorldSolid,Assets/Game/World/Content/Physics/WorldSolidZeroBounce.physicMaterial,Reviewed static-world solid collider from the frozen M04A1 source table.,TemporaryDirectImport,msc-world-baseline-04a1.1-c3f2f337,08A1.6
332470b790ae70eda7cb255ee21bca90,4ffd59096b553e219984478d72089562,PERAJARVI/HouseRintama2/Fence/fence 1,fence 1,Fence,BoxCollider,1,0,0,0,0,,0,1,IncludedStaticWorldSolid,1,CellLegacy,WorldSolid,Assets/Game/World/Content/Physics/WorldSolidZeroBounce.physicMaterial,Reviewed static-world solid collider from the frozen M04A1 source table.,TemporaryDirectImport,msc-world-baseline-04a1.1-c3f2f337,08A1.6
33651ac2385e44c28675617593c45c03,34d566cdf062102a5a36dccd3fbbdcc8,STORE/RagDoll,RagDoll,ColliderOnly,BoxCollider,1,0,0,0,1,,0,0,ExcludedInactive,0,Excluded,,,The collider owner is inactive through the frozen donor hierarchy.,TemporaryDirectImport,msc-world-baseline-04a1.1-c3f2f337,08A1.6
33dd28ec789c139d1a5c5a00bc249dd9,dbd1914c53f2de83c15f3aa59ffbd0c3,WATERFACILITY/LOD/shit,shit,BuildingExterior,BoxCollider,1,0,0,0,0,,0,1,IncludedStaticWorldSolid,1,CellLegacy,WorldSolid,Assets/Game/World/Content/Physics/WorldSolidZeroBounce.physicMaterial,Reviewed static-world solid collider from the frozen M04A1 source table.,TemporaryDirectImport,msc-world-baseline-04a1.1-c3f2f337,08A1.6
3423c56736bf8290ab8a11eeb8e2f2b5,811e4c0460f35931bbab77463306ed30,REPAIRSHOP/LOD/Office/Furniture/garage_shelf_bars 5,garage_shelf_bars 5,BuildingExterior,BoxCollider,1,0,0,0,0,,0,1,IncludedStaticWorldSolid,1,CellLegacy,WorldSolid,Assets/Game/World/Content/Physics/WorldSolidZeroBounce.physicMaterial,Reviewed static-world solid collider from the frozen M04A1 source table.,TemporaryDirectImport,msc-world-baseline-04a1.1-c3f2f337,08A1.6
3434abf5490f560ba7f1e3350beaf885,c8226115b57fa97125e818a436e5ae1a,STORE/LOD/ActivateBar/OrderList/1,1,ColliderOnly,CapsuleCollider,1,1,0,0,0,,0,1,ExcludedTrigger,0,Excluded,,,Trigger volumes are not imported by the solid pass.,TemporaryDirectImport,msc-world-baseline-04a1.1-c3f2f337,08A1.6
3449ecfded3a605806178b4785d41372,a2f0dc4ecc65235298a3726293401d72,STORE/LOD/Fence 2/fence,fence,Fence,BoxCollider,1,0,0,0,0,,0,1,IncludedStaticWorldSolid,1,CellLegacy,WorldSolid,Assets/Game/World/Content/Physics/WorldSolidZeroBounce.physicMaterial,Reviewed static-world solid collider from the frozen M04A1 source table.,TemporaryDirectImport,msc-world-baseline-04a1.1-c3f2f337,08A1.6
34f3bccbebf79be07380c8619e9c1670,1976027f4792dbf94bee10d8801bac5a,REPAIRSHOP/LOD/ToolCart/Drawer/Tools/Spanners/spanner(6)(Clone),spanner(6)(Clone),ColliderOnly,CapsuleCollider,1,1,0,0,1,,0,0,ExcludedTrigger,0,Excluded,,,Trigger volumes are not imported by the solid pass.,TemporaryDirectImport,msc-world-baseline-04a1.1-c3f2f337,08A1.6
354f9d269d108fcee206c53a94b3c549,9ba147385d3ada1d0d924a3581f75aad,YARD/Building/BEDROOM1/COMPUTER/Computer/Meshes/386_monitor(xxxxx)/ElectricShockPoint,ElectricShockPoint,ColliderOnly,SphereCollider,1,0,0,0,1,,0,0,ExcludedInactive,0,Excluded,,,The collider owner is inactive through the frozen donor hierarchy.,TemporaryDirectImport,msc-world-baseline-04a1.1-c3f2f337,08A1.6
359bd4340434b032da1a9115bad2c5e4,f5e9913a4744eb00fc979dc165d24982,THEATRE/LOD/Open/PLAY/ActorsDisable/MARA/PIVOT/skeleton/pelvis/spine_middle/spine_upper/collar_left/shoulder_left/arm_left/hand_left,hand_left,ColliderOnly,SphereCollider,1,0,0,0,1,,0,0,ExcludedInactive,0,Excluded,,,The collider owner is inactive through the frozen donor hierarchy.,TemporaryDirectImport,msc-world-baseline-04a1.1-c3f2f337,08A1.6
35bda522729c7a1b647ffe38816f55a3,98a9d13bb77e0cda94d283466bb0a0f6,REPAIRSHOP/JunkCar4/Parts/wheel_steel5,wheel_steel5,BuildingExterior,MeshCollider,1,0,1,0,1,ae86a5ed032c0cb44849965a2c79bbdf,4300000,0,ExcludedInactive,0,Excluded,,,The collider owner is inactive through the frozen donor hierarchy.,TemporaryDirectImport,msc-world-baseline-04a1.1-c3f2f337,08A1.6
35e3f68a2c1f5c8007b8c852e22d2612,7e4d089323dd4857c758ff51c76ea0e2,STORE/LOD/ShopFunctions/ShoppingBagSpawn/shopping bagx,shopping bagx,BuildingExterior,CapsuleCollider,1,0,0,0,1,,0,0,ExcludedInactive,0,Excluded,,,The collider owner is inactive through the frozen donor hierarchy.,TemporaryDirectImport,msc-world-baseline-04a1.1-c3f2f337,08A1.6
361c5d2d63993a2a2542d5f85f10a09f,79acd8ba7eaefb30dd415bbed58ff1e8,MAP/Buildings/BarnOld/lato_door2,lato_door2,Door,MeshCollider,1,0,0,0,0,674089cef54eb1848aa7b631f582142f,4300000,1,ExcludedDoorRequiresBinding,0,Excluded,,,A door cannot become a static blocker before a project-owned hinge/interaction binding is authored.,TemporaryDirectImport,msc-world-baseline-04a1.1-c3f2f337,08A1.6
361cc195e0f7926b5bdef6095e6e525f,7a5142a475bebec8982b770fb1ca5ec3,RALLY/Scenery/Objects/RallyTent,RallyTent,InteractivePropCandidate,MeshCollider,1,0,0,0,0,c76ea44239aae9a42a3dde47d87633cc,4300000,0,ExcludedInactive,0,Excluded,,,The collider owner is inactive through the frozen donor hierarchy.,TemporaryDirectImport,msc-world-baseline-04a1.1-c3f2f337,08A1.6
367151222f473963fd8968a35642fb5d,f13f20042f3ca99d746015a55651aea2,YARD/Building/KITCHEN/Pantry/wood,wood,BuildingInterior,BoxCollider,1,0,0,0,0,,0,1,IncludedStaticWorldSolid,1,CellLegacy,WorldSolid,Assets/Game/World/Content/Physics/WorldSolidZeroBounce.physicMaterial,Reviewed static-world solid collider from the frozen M04A1 source table.,TemporaryDirectImport,msc-world-baseline-04a1.1-c3f2f337,08A1.6
368c8c856e9a3df9b0ca795debf00a37,3ae4176bb5286a21454595188e8a30d1,REPAIRSHOP/LOD/ToolCart/Drawer/Tools/Spanners/spanner(7)(Clone),spanner(7)(Clone),ColliderOnly,CapsuleCollider,1,1,0,0,1,,0,0,ExcludedTrigger,0,Excluded,,,Trigger volumes are not imported by the solid pass.,TemporaryDirectImport,msc-world-baseline-04a1.1-c3f2f337,08A1.6
36b95e7cc072ee991c2b75558d23ce1e,da73eea3b73460adee71333a5fa6acc3,MAP/Buildings/DINGONBIISI/autiotalo/LOD/AtticCrouchTrigger,AtticCrouchTrigger,ColliderOnly,CapsuleCollider,1,1,0,0,0,,0,1,ExcludedTrigger,0,Excluded,,,Trigger volumes are not imported by the solid pass.,TemporaryDirectImport,msc-world-baseline-04a1.1-c3f2f337,08A1.6
36bc3a303c6f0084bc97bb943c18a3ef,c9e1e7aaee49435390a6d89a79970856,MAP/StreetLights/1/LOD/lightpole,lightpole,UtilityPole,CapsuleCollider,1,0,0,0,0,,0,1,IncludedStaticWorldSolid,1,CellLegacy,WorldSolid,Assets/Game/World/Content/Physics/WorldSolidZeroBounce.physicMaterial,Reviewed static-world solid collider from the frozen M04A1 source table.,TemporaryDirectImport,msc-world-baseline-04a1.1-c3f2f337,08A1.6
36e3c5b7a6215bd65cf7defc9d353e3c,ddf26f3e0405a4f78fbf88fe0ab45b03,YARD/UNCLE/Shed/shed_roof_metal,shed_roof_metal,Roof,MeshCollider,1,0,0,0,0,f347bbb21f21c0747b9e45700ad06e52,4300000,1,IncludedStaticWorldSolid,1,CellLegacy,WorldSolid,Assets/Game/World/Content/Physics/WorldSolidZeroBounce.physicMaterial,Reviewed static-world solid collider from the frozen M04A1 source table.,TemporaryDirectImport,msc-world-baseline-04a1.1-c3f2f337,08A1.6
36f11ae0e9e59be996188a6204d68414,42bcd71dd7850d9622768df6c86a6f29,CABIN/Cabin/Door/Pivot/saunahouse_door,saunahouse_door,Door,BoxCollider,1,0,0,0,0,,0,1,ExcludedDoorRequiresBinding,0,Excluded,,,A door cannot become a static blocker before a project-owned hinge/interaction binding is authored.,TemporaryDirectImport,msc-world-baseline-04a1.1-c3f2f337,08A1.6
37a1517c1daa2d31c9505c04361d37bf,1e5ad27c24261d8b31f5dc99b2e38ee9,COTTAGE/LOD/Cottage_roof_inner,Cottage_roof_inner,Roof,MeshCollider,1,0,0,0,0,0e8a1c13b14fa1f4ca601a3160c3620d,4300000,1,IncludedStaticWorldSolid,1,CellLegacy,WorldSolid,Assets/Game/World/Content/Physics/WorldSolidZeroBounce.physicMaterial,Reviewed static-world solid collider from the frozen M04A1 source table.,TemporaryDirectImport,msc-world-baseline-04a1.1-c3f2f337,08A1.6
3849fe87a9334cca02d870da31ede29b,6d410afa73d7f9460e5edef8c2cecd2b,JAIL/MESh/floor_coll,floor_coll,Floor,BoxCollider,1,0,0,0,0,,0,0,ExcludedInactive,0,Excluded,,,The collider owner is inactive through the frozen donor hierarchy.,TemporaryDirectImport,msc-world-baseline-04a1.1-c3f2f337,08A1.6
385caab894cb4501d7dcfeaf12e3cddb,27040e9aa1d2747967bd78aa9858c3d7,DANCEHALL/Functions/Dancer,Dancer,ColliderOnly,CapsuleCollider,1,0,0,0,1,,0,0,ExcludedInactive,0,Excluded,,,The collider owner is inactive through the frozen donor hierarchy.,TemporaryDirectImport,msc-world-baseline-04a1.1-c3f2f337,08A1.6
387c0c9af91e232c806c872dd36cad14,c0c82efc84f32163752b811d33e0bf06,REPAIRSHOP/JunkCar4/Parts/wheel_steel5/Bolts/BoltPM,BoltPM,ColliderOnly,SphereCollider,0,1,0,0,1,,0,0,ExcludedDisabled,0,Excluded,,,The donor collider component is disabled.,TemporaryDirectImport,msc-world-baseline-04a1.1-c3f2f337,08A1.6
3894a295cf4bfee1f0f817cb65c2ac5c,d6cc3cccb7a770af400414a913517c44,DANCEHALL/Functions/DanceCouple/Dancer2/Pivot,Pivot,ColliderOnly,BoxCollider,1,0,0,0,1,,0,0,ExcludedInactive,0,Excluded,,,The collider owner is inactive through the frozen donor hierarchy.,TemporaryDirectImport,msc-world-baseline-04a1.1-c3f2f337,08A1.6
38b08e23e6e98b7f1fd87267be0621a7,6a54da2979a8d9e6770191def25f7589,MAP/Buildings/BarnOld/lato_wall,lato_wall,StaticProp,MeshCollider,1,0,0,0,0,053d62eabcd943945a4c29fd71a4d82b,4300000,1,IncludedStaticWorldSolid,1,CellLegacy,WorldSolid,Assets/Game/World/Content/Physics/WorldSolidZeroBounce.physicMaterial,Reviewed static-world solid collider from the frozen M04A1 source table.,TemporaryDirectImport,msc-world-baseline-04a1.1-c3f2f337,08A1.6
38fb9bf150bc8daaab08610feec22d5c,a7ed48e26d30cb129377fac1000cba75,PERAJARVI/HouseRintama2/rintama_coll,rintama_coll,ColliderOnly,MeshCollider,1,0,0,0,0,3cefb6c736c51b64bba9438a96ddd54b,4300000,1,IncludedStaticWorldSolid,1,CellLegacy,WorldSolid,Assets/Game/World/Content/Physics/WorldSolidZeroBounce.physicMaterial,Reviewed static-world solid collider from the frozen M04A1 source table.,TemporaryDirectImport,msc-world-baseline-04a1.1-c3f2f337,08A1.6
3911460aa410fa04fa57cf7b9a0fb966,cdc9871155d94760fe71dd53e081a22d,YARD/Building/KITCHEN/kitchen_sokkeli/coll,coll,ColliderOnly,BoxCollider,1,0,0,0,0,,0,1,IncludedStaticWorldSolid,1,CellLegacy,WorldSolid,Assets/Game/World/Content/Physics/WorldSolidZeroBounce.physicMaterial,Reviewed static-world solid collider from the frozen M04A1 source table.,TemporaryDirectImport,msc-world-baseline-04a1.1-c3f2f337,08A1.6
3937c429d96ba08b81a5683fadeafb3a,6e770644c850498c808c9c7964c09e86,JAIL/TV/Switch,Switch,ColliderOnly,SphereCollider,1,1,0,0,0,,0,0,ExcludedTrigger,0,Excluded,,,Trigger volumes are not imported by the solid pass.,TemporaryDirectImport,msc-world-baseline-04a1.1-c3f2f337,08A1.6
394853341a463cf500246c900322e58e,0a6af5f7ba97935bb3761145e6167a45,YARD/Building/Garage/Shelfs/coll,coll,ColliderOnly,BoxCollider,1,0,0,0,0,,0,1,IncludedStaticWorldSolid,1,CellLegacy,WorldSolid,Assets/Game/World/Content/Physics/WorldSolidZeroBounce.physicMaterial,Reviewed static-world solid collider from the frozen M04A1 source table.,TemporaryDirectImport,msc-world-baseline-04a1.1-c3f2f337,08A1.6
39a8c6c090a0d0afa807d950b6e0a530,4efef1ac08dd6afe213ba9beea33d7d6,MISC/potato box(xxxxx),potato box(xxxxx),InteractivePropCandidate,BoxCollider,1,0,0,0,1,,0,0,ExcludedInactive,0,Excluded,,,The collider owner is inactive through the frozen donor hierarchy.,TemporaryDirectImport,msc-world-baseline-04a1.1-c3f2f337,08A1.6
39e9f7f17217031a9e5d7e54eed013fa,aae8053182f2074e0f104fe2819aec25,DANCEHALL/Functions/DanceCouple/Dancer1/Pivot/pelvis/spine_mid/shoulders(xxxxx)/collar_right/shoulder(right),shoulder(right),ColliderOnly,CapsuleCollider,0,0,0,0,1,,0,0,ExcludedDisabled,0,Excluded,,,The donor collider component is disabled.,TemporaryDirectImport,msc-world-baseline-04a1.1-c3f2f337,08A1.6
3a0ffafb1930dab2c938b779506e29cc,4f6ba2a1b6e93da40762568a4479911a,MAP/BusStop/coll,coll,ColliderOnly,MeshCollider,1,0,1,0,1,4b921c1e5bdabce49915aa12c30e55e5,4300000,1,ExcludedDynamicRequiresPresenter,0,Excluded,,,The collider is owned by a donor Rigidbody on itself or an ancestor and requires a project-owned dynamic presenter instead of a frozen static blocker.,TemporaryDirectImport,msc-world-baseline-04a1.1-c3f2f337,08A1.6
3a36fb87be34d5ca9e20b4c68a3c9c1e,c0a5ded25fa865f257613b9ae16f48e3,MAP/Buildings/BarnOld/lato_door1,lato_door1,Door,MeshCollider,1,0,0,0,0,0eb4d0a4cf353594d80da35acc3e37d1,4300000,1,ExcludedDoorRequiresBinding,0,Excluded,,,A door cannot become a static blocker before a project-owned hinge/interaction binding is authored.,TemporaryDirectImport,msc-world-baseline-04a1.1-c3f2f337,08A1.6
3a7dbe3d3355865ed44cff77a2d17be5,62baf5836244e43fde82119cde1bb400,MAP/MESH/TERRAIN_OBJ/Landfill,Landfill,Landmark,MeshCollider,1,0,0,0,0,6b434b582f5806e4db9918f2e3cec13e,4300000,1,IncludedStaticWorldSolid,1,TrulyGlobalLegacy,WorldSurface,Assets/Game/World/Content/Physics/WorldSurfaceZeroBounce.physicMaterial,Reviewed static-world solid collider from the frozen M04A1 source table.,TemporaryDirectImport,msc-world-baseline-04a1.1-c3f2f337,08A1.6
3a809c2978009bf1a24033a69ad3450e,90f9de5b142c92c0fb69968de4a120c6,COTTAGE/Sauna/Stove/StoveDoor/door,door,Door,BoxCollider,1,0,0,0,0,,0,1,ExcludedDoorRequiresBinding,0,Excluded,,,A door cannot become a static blocker before a project-owned hinge/interaction binding is authored.,TemporaryDirectImport,msc-world-baseline-04a1.1-c3f2f337,08A1.6
3aa2e221c598f8ce3dd5a875224bd2bb,ffe20603da65959b5fb2ea6834996f71,RYKIPOHJA/ChickenHouse 3/chicken_house_walls,chicken_house_walls,BuildingExterior,BoxCollider,1,0,0,0,0,,0,1,IncludedStaticWorldSolid,1,CellLegacy,WorldSolid,Assets/Game/World/Content/Physics/WorldSolidZeroBounce.physicMaterial,Reviewed static-world solid collider from the frozen M04A1 source table.,TemporaryDirectImport,msc-world-baseline-04a1.1-c3f2f337,08A1.6
3abb809c08e2d92973d565d53fa7da0f,1ea0de8bae86d4790a1999b1379934b5,PERAJARVI/TerraceHouse/LOD1/hedge,hedge,BuildingExterior,MeshCollider,1,0,1,0,0,9c6458347eea44a42b431025cf59f4cc,4300000,1,IncludedStaticWorldSolid,1,CellLegacy,WorldSolid,Assets/Game/World/Content/Physics/WorldSolidZeroBounce.physicMaterial,Reviewed static-world solid collider from the frozen M04A1 source table.,TemporaryDirectImport,msc-world-baseline-04a1.1-c3f2f337,08A1.6
3ada75c0d3f4e4e4ebde8fa113e16641,580cd23ab5dab56d3db240e55f4220f1,STORE/LOD/SHITHOUSE,SHITHOUSE,BuildingExterior,MeshCollider,1,0,0,0,0,1ac3f59845feda24db983c19e6cb56b9,4300000,1,IncludedStaticWorldSolid,1,CellLegacy,WorldSolid,Assets/Game/World/Content/Physics/WorldSolidZeroBounce.physicMaterial,Reviewed static-world solid collider from the frozen M04A1 source table.,TemporaryDirectImport,msc-world-baseline-04a1.1-c3f2f337,08A1.6
3b138baae4e042a10c8ec5804b407eff,c12c4a143a3228213a604626bd8a265c,STORE/VideoPoker/GameLogic/Buttons/Hold2,Hold2,ColliderOnly,SphereCollider,1,1,0,0,1,,0,1,ExcludedTrigger,0,Excluded,,,Trigger volumes are not imported by the solid pass.,TemporaryDirectImport,msc-world-baseline-04a1.1-c3f2f337,08A1.6
3b17545f1b5500501249aef576fe8b3c,189c18f5c03542dcb173967e2f925f66,MAP/MESH/TERRAIN_OBJ/Rockwall,Rockwall,Rock,MeshCollider,1,0,0,0,0,b0cc0366dde151e4586a4e155a6fed71,4300000,1,IncludedStaticWorldSolid,1,TrulyGlobalLegacy,WorldSurface,Assets/Game/World/Content/Physics/WorldSurfaceZeroBounce.physicMaterial,Reviewed static-world solid collider from the frozen M04A1 source table.,TemporaryDirectImport,msc-world-baseline-04a1.1-c3f2f337,08A1.6
3b1ad181768f03faf8df230f52f8481f,4d416f57f8272716ca39fd238bd78b04,MAP/BusStop/coll,coll,ColliderOnly,MeshCollider,1,0,1,0,1,4b921c1e5bdabce49915aa12c30e55e5,4300000,1,ExcludedDynamicRequiresPresenter,0,Excluded,,,The collider is owned by a donor Rigidbody on itself or an ancestor and requires a project-owned dynamic presenter instead of a frozen static blocker.,TemporaryDirectImport,msc-world-baseline-04a1.1-c3f2f337,08A1.6
3b1e77ae54edbda1c63c868c77638fe8,e2604862b704aee4ef16f683016e38a7,REPAIRSHOP/Building/coll,coll,ColliderOnly,MeshCollider,1,0,0,0,0,d19ca02407325574eaeb7b09a030d453,4300000,1,IncludedStaticWorldSolid,1,CellLegacy,WorldSolid,Assets/Game/World/Content/Physics/WorldSolidZeroBounce.physicMaterial,Reviewed static-world solid collider from the frozen M04A1 source table.,TemporaryDirectImport,msc-world-baseline-04a1.1-c3f2f337,08A1.6
3b3a2f48964ceb2b8b24d2f0e2993678,47ef3eda37c9cedef90873f489a77961,MAP/MESH/TERRAIN_OBJ/Pavement,Pavement,StaticProp,MeshCollider,1,0,0,0,0,c2115de4b3424934db4848a43a444e54,4300000,1,IncludedSafetyCriticalGlobal,1,GlobalLegacy,WorldSurface,Assets/Game/World/Content/Physics/WorldSurfaceZeroBounce.physicMaterial,Continuous pavement traversal,TemporaryDirectImport,msc-world-baseline-04a1.1-c3f2f337,08A1.6
3b3f07fe441884d99f264cc3104b8d1f,3dd648cd2592e825fbe98d862f8e8778,MAP/Buildings/DINGONBIISI/autiotalo/LOD/FrontDoor/PivotRight/right,right,StaticProp,BoxCollider,1,0,0,0,1,,0,1,ExcludedDoorRequiresBinding,0,Excluded,,,A door cannot become a static blocker before a project-owned hinge/interaction binding is authored.,TemporaryDirectImport,msc-world-baseline-04a1.1-c3f2f337,08A1.6
3bcbb87ab222c92fa1ae644335afcc5e,6ccfd48a8989de050ec083cb97470cce,YARD/Building/LIVINGROOM/sofa_wood/sofa_pillow,sofa_pillow,BuildingInterior,BoxCollider,1,0,0,0,0,,0,1,IncludedStaticWorldSolid,1,CellLegacy,WorldSolid,Assets/Game/World/Content/Physics/WorldSolidZeroBounce.physicMaterial,Reviewed static-world solid collider from the frozen M04A1 source table.,TemporaryDirectImport,msc-world-baseline-04a1.1-c3f2f337,08A1.6
3c4d036a4ca554c17f845721a03cdf5f,660b4219e0c551666de07dc611486b8b,YARD/Building/BEDROOM1/COMPUTER/Computer/TriggerPlayMode,TriggerPlayMode,ColliderOnly,CapsuleCollider,1,1,0,0,0,,0,0,ExcludedTrigger,0,Excluded,,,Trigger volumes are not imported by the solid pass.,TemporaryDirectImport,msc-world-baseline-04a1.1-c3f2f337,08A1.6
3c734b6722d96dd9be2200311c4eb76a,a90610b88552bc415f3f9476642d8a7a,YARD/Building/MIDDLEROOM/LOD_middleroom/hotwaterkeeper,hotwaterkeeper,BuildingExterior,BoxCollider,1,0,0,0,0,,0,1,IncludedStaticWorldSolid,1,CellLegacy,WorldSolid,Assets/Game/World/Content/Physics/WorldSolidZeroBounce.physicMaterial,Reviewed static-world solid collider from the frozen M04A1 source table.,TemporaryDirectImport,msc-world-baseline-04a1.1-c3f2f337,08A1.6
3c940060bc2d0672f405ef1025a00db4,7682a9acdbbd27484cd698d24833cc64,PERAJARVI/HouseWhite/hedge,hedge,BuildingExterior,MeshCollider,1,0,1,0,0,9c6458347eea44a42b431025cf59f4cc,4300000,1,IncludedStaticWorldSolid,1,CellLegacy,WorldSolid,Assets/Game/World/Content/Physics/WorldSolidZeroBounce.physicMaterial,Reviewed static-world solid collider from the frozen M04A1 source table.,TemporaryDirectImport,msc-world-baseline-04a1.1-c3f2f337,08A1.6
3c9b00d41d56860b1756936a5f5b7b9e,88757067c1721abb98fd3b802e1e2591,INSPECTION/LOD/inspection_desk,inspection_desk,BuildingExterior,MeshCollider,1,0,0,0,0,13da2d1831cf3d745aab6cfa3cc685ad,4300000,1,IncludedStaticWorldSolid,1,CellLegacy,WorldSolid,Assets/Game/World/Content/Physics/WorldSolidZeroBounce.physicMaterial,Reviewed static-world solid collider from the frozen M04A1 source table.,TemporaryDirectImport,msc-world-baseline-04a1.1-c3f2f337,08A1.6
3ca132631cdb44c457ebefc6093f4efd,4ff8e219d75e928a0ca4b3293bca4bf0,YARD/Building/Dynamics/FuseTable/Fusetable/Fuse5Pivot/fuseholder05,fuseholder05,ColliderOnly,BoxCollider,1,0,0,0,1,,0,1,ExcludedDynamicRequiresPresenter,0,Excluded,,,The collider is owned by a donor Rigidbody on itself or an ancestor and requires a project-owned dynamic presenter instead of a frozen static blocker.,TemporaryDirectImport,msc-world-baseline-04a1.1-c3f2f337,08A1.6
3cfd57b4febed89acbb22cd0085a37b8,6d80c4338e5f84642cbd15b03e4eeaf0,YARD/Building/Dynamics/FuseTable/Fusetable/Fuse7Pivot/fuseholder07,fuseholder07,ColliderOnly,BoxCollider,1,0,0,0,1,,0,1,ExcludedDynamicRequiresPresenter,0,Excluded,,,The collider is owned by a donor Rigidbody on itself or an ancestor and requires a project-owned dynamic presenter instead of a frozen static blocker.,TemporaryDirectImport,msc-world-baseline-04a1.1-c3f2f337,08A1.6
3d4842bc612c4c9ea517102ce6a170bb,75448f8621d2206217a4219ca6d50778,YARD/Building/LOD/NoRain,NoRain,ColliderOnly,MeshCollider,1,0,0,0,0,0000000000000000e000000000000000,10210,1,ExcludedBuiltinMeshRequiresMapping,0,Excluded,,,The donor collider references a Unity built-in mesh; no render-mesh fallback is permitted.,TemporaryDirectImport,msc-world-baseline-04a1.1-c3f2f337,08A1.6
3d615dda452e272c2452045c6e953e82,1d09a11c5048cf95bde92da046540d3b,RALLY/Sunday/StartArea/StaticCarVICTRO/Collider,Collider,ColliderOnly,MeshCollider,1,0,1,0,0,ae65d605e5c7c0247927db03cec1e41f,4300000,0,ExcludedInactive,0,Excluded,,,The collider owner is inactive through the frozen donor hierarchy.,TemporaryDirectImport,msc-world-baseline-04a1.1-c3f2f337,08A1.6
3d6841bb98001ec360ee036004561657,b5d64ba671b060f1f2d5d1988b8d06dc,PERAJARVI/School/SportHut 1/sport_hut_wall,sport_hut_wall,BuildingExterior,MeshCollider,1,0,1,0,0,971949461d862a54586098c9b526632a,4300000,1,IncludedStaticWorldSolid,1,CellLegacy,WorldSolid,Assets/Game/World/Content/Physics/WorldSolidZeroBounce.physicMaterial,Reviewed static-world solid collider from the frozen M04A1 source table.,TemporaryDirectImport,msc-world-baseline-04a1.1-c3f2f337,08A1.6
3d6d4f25ae1b525c21049afdee78cc7d,ecebf673601eba82e0bc815c4f7ef25a,REPAIRSHOP/LOD/ToolCart/Drawer/Tools/Spanners/spanner(14)(Clone),spanner(14)(Clone),ColliderOnly,CapsuleCollider,1,1,0,0,1,,0,0,ExcludedTrigger,0,Excluded,,,Trigger volumes are not imported by the solid pass.,TemporaryDirectImport,msc-world-baseline-04a1.1-c3f2f337,08A1.6
3d874e3de1f365ade6fb973afd9a5ee5,d7021e2e4c84cacd5f2ae70b02cd61a2,JAIL/MESh/jail_door/jail_door,jail_door,Door,BoxCollider,1,0,0,0,0,,0,0,ExcludedDoorRequiresBinding,0,Excluded,,,A door cannot become a static blocker before a project-owned hinge/interaction binding is authored.,TemporaryDirectImport,msc-world-baseline-04a1.1-c3f2f337,08A1.6
3da2ca19c9b23a8ade899f1c38cf2f00,38f547477bf6c6e69ea47c4ea93a479a,MAP/SkijumpHill/grass,grass,VegetationGrass,MeshCollider,1,0,0,0,0,8ea2d67f39c58124cb2c999ecca371db,4300000,1,IncludedSafetyCriticalGlobal,1,GlobalLegacy,WorldSurface,Assets/Game/World/Content/Physics/WorldSurfaceZeroBounce.physicMaterial,Ski hill traversal without split,TemporaryDirectImport,msc-world-baseline-04a1.1-c3f2f337,08A1.6
3dadafe4c7b5dcd953226ef14798f7e7,9d315a3ddf915c91693ce94ec5789361,INSPECTION/Functions/garage_doors_closed,garage_doors_closed,Door,BoxCollider,1,0,0,0,0,,0,1,ExcludedDoorRequiresBinding,0,Excluded,,,A door cannot become a static blocker before a project-owned hinge/interaction binding is authored.,TemporaryDirectImport,msc-world-baseline-04a1.1-c3f2f337,08A1.6
3e1486ca6637ae45e5902613ddb368db,e4fc3a22439b2788e280404f1d96e3d6,LANDFILL/lightpole 2,lightpole 2,UtilityPole,CapsuleCollider,1,0,0,0,0,,0,1,IncludedStaticWorldSolid,1,CellLegacy,WorldSolid,Assets/Game/World/Content/Physics/WorldSolidZeroBounce.physicMaterial,Reviewed static-world solid collider from the frozen M04A1 source table.,TemporaryDirectImport,msc-world-baseline-04a1.1-c3f2f337,08A1.6
3e6975bf5aed1d2a08c338b42018c50b,ed6d6ae9e48454443e9ba5b3772afbdd,STORE/LOD/ActivateStore/FoodProducts/Chips,Chips,ColliderOnly,CapsuleCollider,1,1,0,0,0,,0,1,ExcludedTrigger,0,Excluded,,,Trigger volumes are not imported by the solid pass.,TemporaryDirectImport,msc-world-baseline-04a1.1-c3f2f337,08A1.6
3e7ecf903a6e526edadbf276b2cda2f0,502af5a0764c0e999e6c808081fab562,DANCEHALL/Functions/Dancer/Pivot/pelvis/spine_mid/shoulders(xxxxx),shoulders(xxxxx),ColliderOnly,CapsuleCollider,1,0,0,0,1,,0,0,ExcludedInactive,0,Excluded,,,The collider owner is inactive through the frozen donor hierarchy.,TemporaryDirectImport,msc-world-baseline-04a1.1-c3f2f337,08A1.6
3e7fb9127c048e3e6d6a917c92d42ed9,1e5b92bee327969d2c9d9972bb738062,YARD/Building/Dynamics/LightSwitches/switch_bedroomBoy,switch_bedroomBoy,ColliderOnly,SphereCollider,1,1,0,0,0,,0,1,ExcludedTrigger,0,Excluded,,,Trigger volumes are not imported by the solid pass.,TemporaryDirectImport,msc-world-baseline-04a1.1-c3f2f337,08A1.6
3eaff8019aaee1b9648f3fedc7451918,0dc677fa1042aecfbef36cc6b0bb9cb8,REPAIRSHOP/LOD/ToolCart/Drawer/Tools/sparkplug wrench(Clone),sparkplug wrench(Clone),ColliderOnly,CapsuleCollider,1,1,0,0,1,,0,0,ExcludedTrigger,0,Excluded,,,Trigger volumes are not imported by the solid pass.,TemporaryDirectImport,msc-world-baseline-04a1.1-c3f2f337,08A1.6
3ebe547ed37a6c4f29144622905e9bb7,2e8300d0e1093fff7e14aaa4a8650319,DANCEHALL/Doors/DoorRight/dancehut_doorright,dancehut_doorright,Door,BoxCollider,1,0,0,0,1,,0,1,ExcludedDoorRequiresBinding,0,Excluded,,,A door cannot become a static blocker before a project-owned hinge/interaction binding is authored.,TemporaryDirectImport,msc-world-baseline-04a1.1-c3f2f337,08A1.6
3eea288f28aa764e3ecdcac9f01c74e1,3a10ec90699ab4232a5dcbe57b363840,RALLY/Saturday/StartArea/Sender/Move/HumanTriggerCrime,HumanTriggerCrime,ColliderOnly,CapsuleCollider,1,1,0,0,0,,0,0,ExcludedTrigger,0,Excluded,,,Trigger volumes are not imported by the solid pass.,TemporaryDirectImport,msc-world-baseline-04a1.1-c3f2f337,08A1.6
3f453b667b36ae5ce95bd111ecb13412,66624d49ffd794c86a95cfa6a06a2373,MAP/ConstructionSite/concretepole,concretepole,StaticProp,BoxCollider,1,0,0,0,0,,0,1,IncludedStaticWorldSolid,1,CellLegacy,WorldSolid,Assets/Game/World/Content/Physics/WorldSolidZeroBounce.physicMaterial,Reviewed static-world solid collider from the frozen M04A1 source table.,TemporaryDirectImport,msc-world-baseline-04a1.1-c3f2f337,08A1.6
3f4d8833a2b1b21c356d67d91b43d1e2,396e2984f6c0cedfd92922bda1a20dd3,MAP/MESH/RAILROAD/PLANKS,PLANKS,StaticProp,MeshCollider,1,0,0,0,0,69df7c237187f3b429e5b523919e6c42,4300000,1,IncludedStaticWorldSolid,1,TrulyGlobalLegacy,WorldSurface,Assets/Game/World/Content/Physics/WorldSurfaceZeroBounce.physicMaterial,Reviewed static-world solid collider from the frozen M04A1 source table.,TemporaryDirectImport,msc-world-baseline-04a1.1-c3f2f337,08A1.6
3f7e42b5013b0987348abe1faa057b75,f40e89d2a27068b51b71a9282e720c8a,DANCEHALL/Building/dancehut_windows,dancehut_windows,Window,MeshCollider,1,0,0,0,0,e17f155a01ab60f49960b241d7414810,4300000,1,IncludedStaticWorldSolid,1,CellLegacy,WorldSolid,Assets/Game/World/Content/Physics/WorldSolidZeroBounce.physicMaterial,Reviewed static-world solid collider from the frozen M04A1 source table.,TemporaryDirectImport,msc-world-baseline-04a1.1-c3f2f337,08A1.6
3fa689b7402b74c6b71bd5fb8276d7ee,92b8ed173b903a9423a027d8b7626756,REPAIRSHOP/LOD/Store/Parts/BuyCrankshaft,BuyCrankshaft,ColliderOnly,SphereCollider,1,1,0,0,0,,0,1,ExcludedTrigger,0,Excluded,,,Trigger volumes are not imported by the solid pass.,TemporaryDirectImport,msc-world-baseline-04a1.1-c3f2f337,08A1.6
3faae2c003406596b4e54c03b6a0ae0d,6fe1f19c78811adff00158bbb499da48,MISC/xmas lights(Clone),xmas lights(Clone),InteractivePropCandidate,BoxCollider,1,0,0,0,1,,0,1,ExcludedCategory,0,Excluded,,,The semantic category is outside the reviewed static-world collision set.,TemporaryDirectImport,msc-world-baseline-04a1.1-c3f2f337,08A1.6
3fcace4c59c23b4d776a3f05fbeb9d63,b0393c5a1c9189b95deb3fbf7f1b79b4,YARD/Building/KITCHEN/DoorPantry/Pivot/house_door1,house_door1,Door,BoxCollider,1,0,0,0,1,,0,1,ExcludedDoorRequiresBinding,0,Excluded,,,A door cannot become a static blocker before a project-owned hinge/interaction binding is authored.,TemporaryDirectImport,msc-world-baseline-04a1.1-c3f2f337,08A1.6
3fec934dc3a966c0a615e775d997a523,1edb3df6173faf896c91dfae73983abc,YARD/Building/KITCHEN/OvenStove/HotPlate4/FireTrigger,FireTrigger,ColliderOnly,SphereCollider,1,1,0,0,0,,0,0,ExcludedTrigger,0,Excluded,,,Trigger volumes are not imported by the solid pass.,TemporaryDirectImport,msc-world-baseline-04a1.1-c3f2f337,08A1.6
408abec6600c6d8fd138745288960437,563cb3597bfdd9712890ede3da0d1e99,YARD/Building/BEDROOM1/ATK Table/coll,coll,ColliderOnly,BoxCollider,1,0,0,0,0,,0,1,IncludedStaticWorldSolid,1,CellLegacy,WorldSolid,Assets/Game/World/Content/Physics/WorldSolidZeroBounce.physicMaterial,Reviewed static-world solid collider from the frozen M04A1 source table.,TemporaryDirectImport,msc-world-baseline-04a1.1-c3f2f337,08A1.6
40cfa3aa2e77bfabd5d235bf10bc34dc,9a9b0a20c510dbd90143f09ec454963c,REPAIRSHOP/LOD/Dyno/Ropes/Mesh/CarLeft,CarLeft,ColliderOnly,SphereCollider,1,1,0,0,1,,0,0,ExcludedTrigger,0,Excluded,,,Trigger volumes are not imported by the solid pass.,TemporaryDirectImport,msc-world-baseline-04a1.1-c3f2f337,08A1.6
40dab8d43c0021890e178c2290a96c02,86c3b499bd42896da13ddc1193e00bc4,MAP/MESH/FOLIAGE/TREEWALL_HI/treewallcoll,treewallcoll,VegetationTree,MeshCollider,1,0,0,0,0,1d92c1a93f283c44585d061c8555b7ae,4300000,0,ExcludedInactive,0,Excluded,,,The collider owner is inactive through the frozen donor hierarchy.,TemporaryDirectImport,msc-world-baseline-04a1.1-c3f2f337,08A1.6
40f3ab5718672b45f386a01cdab687c0,7c307d6d0325f1904e5dba2131df6d64,REPAIRSHOP/JunkCar2/HookFront,HookFront,ColliderOnly,SphereCollider,1,1,0,0,1,,0,1,ExcludedTrigger,0,Excluded,,,Trigger volumes are not imported by the solid pass.,TemporaryDirectImport,msc-world-baseline-04a1.1-c3f2f337,08A1.6
41077e839e93d6d3f6aa3ed9252d460c,2d365d9421057563532f04e6a4128aae,MAP/Buildings/DINGONBIISI/autiotalo/LOD/NoRain,NoRain,ColliderOnly,MeshCollider,1,0,0,0,0,0000000000000000e000000000000000,10210,1,ExcludedBuiltinMeshRequiresMapping,0,Excluded,,,The donor collider references a Unity built-in mesh; no render-mesh fallback is permitted.,TemporaryDirectImport,msc-world-baseline-04a1.1-c3f2f337,08A1.6
410bfd64d50b4d25f725a8e2721bba3d,cc6dadbe5265a9d277a42313d2b996aa,COTTAGE/MESH/Cottage_porsch/coll,coll,ColliderOnly,BoxCollider,1,0,0,0,0,,0,1,IncludedStaticWorldSolid,1,CellLegacy,WorldSolid,Assets/Game/World/Content/Physics/WorldSolidZeroBounce.physicMaterial,Reviewed static-world solid collider from the frozen M04A1 source table.,TemporaryDirectImport,msc-world-baseline-04a1.1-c3f2f337,08A1.6
4148dc19d5539e62fc980f5a69e6dacb,872c9a40f4508afde87f39e7cf59a00c,YARD/Building/LIVINGROOM/Fireplace/Grilling/GrillTrigger,GrillTrigger,ColliderOnly,SphereCollider,1,1,0,0,0,,0,0,ExcludedTrigger,0,Excluded,,,Trigger volumes are not imported by the solid pass.,TemporaryDirectImport,msc-world-baseline-04a1.1-c3f2f337,08A1.6
41585b486a627bf555e7efefac4fdb45,cc03ce519dfbdc4e7a1b9d23c9a48489,RALLY/PartsSalesman/Functions/Parts/BuyPiston1,BuyPiston1,ColliderOnly,SphereCollider,1,1,0,0,0,,0,1,ExcludedTrigger,0,Excluded,,,Trigger volumes are not imported by the solid pass.,TemporaryDirectImport,msc-world-baseline-04a1.1-c3f2f337,08A1.6
41dd1fee06f0980ae4b4ff9cf89aaabd,8304dd56877284c0c1c92c2951eecdfe,REPAIRSHOP/LOD/floor jack(itemx)/Trigger,Trigger,ColliderOnly,CapsuleCollider,1,1,0,0,1,,0,1,ExcludedTrigger,0,Excluded,,,Trigger volumes are not imported by the solid pass.,TemporaryDirectImport,msc-world-baseline-04a1.1-c3f2f337,08A1.6
41dde93d416e1a8188bf38191bb17014,8999f7656b1aabf11554bebf3194d87a,MAP/Buildings/DINGONBIISI/autiotalo/LOD/AtticCrouchTrigger,AtticCrouchTrigger,ColliderOnly,CapsuleCollider,1,1,0,0,0,,0,1,ExcludedTrigger,0,Excluded,,,Trigger volumes are not imported by the solid pass.,TemporaryDirectImport,msc-world-baseline-04a1.1-c3f2f337,08A1.6
422ba6002780580c428363fe72934af1,8b880708c15dfca8ce597179f8201a0d,STORE/LOD/GFX_Store/BreakableWindows/store_windows_broken/store_windows_broken_008,store_windows_broken_008,Window,MeshCollider,1,0,1,0,1,1c7407e80bc1a714a973659517447fa8,4300000,0,ExcludedInactive,0,Excluded,,,The collider owner is inactive through the frozen donor hierarchy.,TemporaryDirectImport,msc-world-baseline-04a1.1-c3f2f337,08A1.6
4240ba31397b937061ab5642be6126a0,cf9f08a78b1c8c358bd46ddd8e9fe5bc,MAP/Buildings/BarnOld/lato_roof,lato_roof,Roof,MeshCollider,1,0,0,0,0,6f49787c3bbcf9e4f8b8c2b28ee9bd6f,4300000,1,IncludedStaticWorldSolid,1,CellLegacy,WorldSolid,Assets/Game/World/Content/Physics/WorldSolidZeroBounce.physicMaterial,Reviewed static-world solid collider from the frozen M04A1 source table.,TemporaryDirectImport,msc-world-baseline-04a1.1-c3f2f337,08A1.6
426399c1e388825b41b0df7b8cee09b7,bccdf1a7a2e7334eb171b769aa0d35bf,MAP/Buildings/DINGONBIISI/autiotalo/mesh/buildingvino_Cube.003_None_messybrick.jpg,buildingvino_Cube.003_None_messybrick.jpg,StaticProp,MeshCollider,1,0,0,0,0,8e5d81ee5eac31d4784c6792295930d5,4300000,1,IncludedStaticWorldSolid,1,CellLegacy,WorldSolid,Assets/Game/World/Content/Physics/WorldSolidZeroBounce.physicMaterial,Reviewed static-world solid collider from the frozen M04A1 source table.,TemporaryDirectImport,msc-world-baseline-04a1.1-c3f2f337,08A1.6
4265c7373bb1f0dfd17c1e99abd39275,92ce533a82bc4be8d02443cfbc8f89e8,STORE/LOD/ActivateStore/CarProducts/BrakeFluid,BrakeFluid,ColliderOnly,CapsuleCollider,1,1,0,0,0,,0,1,ExcludedTrigger,0,Excluded,,,Trigger volumes are not imported by the solid pass.,TemporaryDirectImport,msc-world-baseline-04a1.1-c3f2f337,08A1.6
4268e67481b805313a92ce1ac02d362e,6549e834884ee5311b78820deaace68e,THEATRE/LOD/Open/PLAY/ActorsDisable/COP/PIVOT/skeleton/pelvis/spine_middle/spine_upper/collar_left/shoulder_left/arm_left/hand_left,hand_left,ColliderOnly,SphereCollider,1,0,0,0,1,,0,0,ExcludedInactive,0,Excluded,,,The collider owner is inactive through the frozen donor hierarchy.,TemporaryDirectImport,msc-world-baseline-04a1.1-c3f2f337,08A1.6
4273f8579b39cb59a2b9e12b86285080,be1d9faa5c873863ea33f270fd3ec250,YARD/Building/LIVINGROOM/TV/TVScreen,TVScreen,BuildingInterior,BoxCollider,1,1,0,0,0,,0,1,ExcludedTrigger,0,Excluded,,,Trigger volumes are not imported by the solid pass.,TemporaryDirectImport,msc-world-baseline-04a1.1-c3f2f337,08A1.6
4292aab837a66c5073d2e9f8865b0468,765d95c9edd527483dc1c82b17de9cb5,STORE/LOD/SHITHOUSE/SavePivot/SAVEGAME,SAVEGAME,ColliderOnly,SphereCollider,1,1,0,0,0,,0,1,ExcludedTrigger,0,Excluded,,,Trigger volumes are not imported by the solid pass.,TemporaryDirectImport,msc-world-baseline-04a1.1-c3f2f337,08A1.6
42a5b4862a5027c15b740ff3c6ba8588,0d702ba7bf60435734f019cf21ff0459,MAP/ConstructionSite/cableroll,cableroll,StaticProp,BoxCollider,1,0,0,0,0,,0,1,IncludedStaticWorldSolid,1,CellLegacy,WorldSolid,Assets/Game/World/Content/Physics/WorldSolidZeroBounce.physicMaterial,Reviewed static-world solid collider from the frozen M04A1 source table.,TemporaryDirectImport,msc-world-baseline-04a1.1-c3f2f337,08A1.6
42b3cd1560ea8ad1b25b71ac8c5489ea,a97a763bc28fdd8a56836cae02bb19ae,COTTAGE/LOD/WaterWell/Functions/ParticleDrink/WaterTap,WaterTap,ColliderOnly,CapsuleCollider,1,0,0,0,0,,0,0,ExcludedInactive,0,Excluded,,,The collider owner is inactive through the frozen donor hierarchy.,TemporaryDirectImport,msc-world-baseline-04a1.1-c3f2f337,08A1.6
42bacba7ab0829217064966399d5e0d6,0298292be5e5e92d7bfadd64cdd098c0,SOCCER/goal1/Colliders/coll,coll,ColliderOnly,CapsuleCollider,1,0,0,0,1,,0,1,ExcludedDynamicRequiresPresenter,0,Excluded,,,The collider is owned by a donor Rigidbody on itself or an ancestor and requires a project-owned dynamic presenter instead of a frozen static blocker.,TemporaryDirectImport,msc-world-baseline-04a1.1-c3f2f337,08A1.6
42cd3aaeca30533878cfffcb7c517a84,f36fc128465a1a559ea9cd2545200ac9,MAP/Buildings/BarnOld/lato_door1,lato_door1,Door,MeshCollider,1,0,0,0,0,0eb4d0a4cf353594d80da35acc3e37d1,4300000,1,ExcludedDoorRequiresBinding,0,Excluded,,,A door cannot become a static blocker before a project-owned hinge/interaction binding is authored.,TemporaryDirectImport,msc-world-baseline-04a1.1-c3f2f337,08A1.6
42f13000ef1fafe02ff7fd2fa7c112f6,1c8071d38b88a4c51c4210662ff9d748,MAP/Buildings/Barn/lato_roof,lato_roof,Roof,MeshCollider,1,0,1,0,0,73acff30fd9546d42a5637f3fdcd2f20,4300000,1,IncludedStaticWorldSolid,1,CellLegacy,WorldSolid,Assets/Game/World/Content/Physics/WorldSolidZeroBounce.physicMaterial,Reviewed static-world solid collider from the frozen M04A1 source table.,TemporaryDirectImport,msc-world-baseline-04a1.1-c3f2f337,08A1.6
4301fa00a9283409d0071e4ce44b10e6,42e2e6e38fdbdad70e516008c68e993f,REPAIRSHOP/LOD/ToolCart/Drawer/Tools/Sockets/socket(5)(Clone),socket(5)(Clone),ColliderOnly,SphereCollider,1,1,0,0,1,,0,0,ExcludedTrigger,0,Excluded,,,Trigger volumes are not imported by the solid pass.,TemporaryDirectImport,msc-world-baseline-04a1.1-c3f2f337,08A1.6
4380ddd45952e330eab9a85d1c28072c,e4ddfafd8f1242abe89cd52b27cd963e,REPAIRSHOP/Dyno/TireCatcher,TireCatcher,ColliderOnly,BoxCollider,1,0,0,0,0,,0,1,IncludedStaticWorldSolid,1,CellLegacy,WorldSolid,Assets/Game/World/Content/Physics/WorldSolidZeroBounce.physicMaterial,Reviewed static-world solid collider from the frozen M04A1 source table.,TemporaryDirectImport,msc-world-baseline-04a1.1-c3f2f337,08A1.6
43903189d1d95d8161c3a2b2e0a9c329,6737e72920f4e1d521c172dfb330840f,MAP/Buildings/DINGONBIISI/autiotalo/LOD/WaterWell/water_well,water_well,StaticProp,MeshCollider,1,0,0,0,0,02110c1f6542e1c40a3c02c7df924d8f,4300000,1,IncludedStaticWorldSolid,1,CellLegacy,WorldSolid,Assets/Game/World/Content/Physics/WorldSolidZeroBounce.physicMaterial,Reviewed static-world solid collider from the frozen M04A1 source table.,TemporaryDirectImport,msc-world-baseline-04a1.1-c3f2f337,08A1.6
44080c01349a0cff67a45429dee7c739,462f8713b776c87a0e1b11bb377b789b,YARD/Building/LIVINGROOM/LOD_livingroom/MAP/Darts/Shit2,Shit2,BuildingInterior,SphereCollider,1,1,0,0,0,,0,0,ExcludedTrigger,0,Excluded,,,Trigger volumes are not imported by the solid pass.,TemporaryDirectImport,msc-world-baseline-04a1.1-c3f2f337,08A1.6
443f10e60c16c94448268db46266b238,9c5040c3ee161705947e543afdb73ea0,YARD/ChickenHouse/chicken_house_walls,chicken_house_walls,BuildingExterior,BoxCollider,1,0,0,0,0,,0,1,IncludedStaticWorldSolid,1,CellLegacy,WorldSolid,Assets/Game/World/Content/Physics/WorldSolidZeroBounce.physicMaterial,Reviewed static-world solid collider from the frozen M04A1 source table.,TemporaryDirectImport,msc-world-baseline-04a1.1-c3f2f337,08A1.6
445e4b9dc2f4c2664037281def81ae67,9c5b9dc956d7a772417b64468494012f,MAP/BusStop/coll,coll,ColliderOnly,MeshCollider,1,0,1,0,1,a643ff6a1c1ec7846a0283769df37d91,4300000,1,ExcludedDynamicRequiresPresenter,0,Excluded,,,The collider is owned by a donor Rigidbody on itself or an ancestor and requires a project-owned dynamic presenter instead of a frozen static blocker.,TemporaryDirectImport,msc-world-baseline-04a1.1-c3f2f337,08A1.6
44c6666d2d82b27f0d36f59aef418710,57c48d5032aa9ddb79c58eb7daab42b2,PERAJARVI/HouseSmall3/building3_wall,building3_wall,BuildingExterior,BoxCollider,1,0,0,0,0,,0,1,IncludedStaticWorldSolid,1,CellLegacy,WorldSolid,Assets/Game/World/Content/Physics/WorldSolidZeroBounce.physicMaterial,Reviewed static-world solid collider from the frozen M04A1 source table.,TemporaryDirectImport,msc-world-baseline-04a1.1-c3f2f337,08A1.6
44d21a866cfcf3d2fed24f15865390d6,962de674ed07343c87f8824afadd49b0,STORE/LOD/ActivateStore/FoodProducts/Yeast,Yeast,ColliderOnly,CapsuleCollider,1,1,0,0,0,,0,1,ExcludedTrigger,0,Excluded,,,Trigger volumes are not imported by the solid pass.,TemporaryDirectImport,msc-world-baseline-04a1.1-c3f2f337,08A1.6
451d3bc575b9fea748d8261485ecf04a,d2d723d15cb6701634eafc73ee4f5a72,REPAIRSHOP/Dyno/roll_coll,roll_coll,ColliderOnly,CapsuleCollider,1,0,0,0,0,,0,1,IncludedStaticWorldSolid,1,CellLegacy,WorldSolid,Assets/Game/World/Content/Physics/WorldSolidZeroBounce.physicMaterial,Reviewed static-world solid collider from the frozen M04A1 source table.,TemporaryDirectImport,msc-world-baseline-04a1.1-c3f2f337,08A1.6
451e6eb3c45a7099e065eb4bf6ecb2e5,40e4bba9a87c5b624d30d7e0e9dacb9a,MAP/Buildings/DINGONBIISI/shit_thing,shit_thing,StaticProp,MeshCollider,1,0,0,0,0,d6f78c3fe741c564b9b1b8acbb5329ad,4300000,1,IncludedStaticWorldSolid,1,CellLegacy,WorldSolid,Assets/Game/World/Content/Physics/WorldSolidZeroBounce.physicMaterial,Reviewed static-world solid collider from the frozen M04A1 source table.,TemporaryDirectImport,msc-world-baseline-04a1.1-c3f2f337,08A1.6
45eb69dd1db290eb5dbe9dff9f63241b,7b01da9576d353268619619ef519434b,RALLY/Scenery/Objects/RallyTent,RallyTent,InteractivePropCandidate,MeshCollider,1,0,0,0,0,c76ea44239aae9a42a3dde47d87633cc,4300000,0,ExcludedInactive,0,Excluded,,,The collider owner is inactive through the frozen donor hierarchy.,TemporaryDirectImport,msc-world-baseline-04a1.1-c3f2f337,08A1.6
45f4ae501d7f6e3f82fc68b9026fe0fd,b0cb3c552a1e6eb113e47cd44ac07534,YARD/Building/LIVINGROOM/DoorFront/Pivot/Handle,Handle,ColliderOnly,SphereCollider,1,1,0,0,0,,0,1,ExcludedTrigger,0,Excluded,,,Trigger volumes are not imported by the solid pass.,TemporaryDirectImport,msc-world-baseline-04a1.1-c3f2f337,08A1.6
463641fffb3f0b5513b935e919397ec0,02c5f256912afb57846f6ae9a5953791,DANCEHALL/Functions/Dancer/Pivot/pelvis/spine_mid/shoulders(xxxxx)/head,head,ColliderOnly,CapsuleCollider,1,0,0,0,1,,0,0,ExcludedInactive,0,Excluded,,,The collider owner is inactive through the frozen donor hierarchy.,TemporaryDirectImport,msc-world-baseline-04a1.1-c3f2f337,08A1.6
46933d94c6f369432fbd176a7898e642,5bf9667e0e79b4c35bd805279129fd64,SOCCER/goal2/Colliders/coll,coll,ColliderOnly,CapsuleCollider,1,0,0,0,1,,0,1,ExcludedDynamicRequiresPresenter,0,Excluded,,,The collider is owned by a donor Rigidbody on itself or an ancestor and requires a project-owned dynamic presenter instead of a frozen static blocker.,TemporaryDirectImport,msc-world-baseline-04a1.1-c3f2f337,08A1.6
4697be39ec63f47b9184f755027f9788,0895cb8c52b5dc5596c57762f9dbeb89,DANCEHALL/Building/PlayerColl,PlayerColl,ColliderOnly,BoxCollider,1,0,0,0,0,,0,1,IncludedStaticWorldSolid,1,CellLegacy,WorldSolid,Assets/Game/World/Content/Physics/WorldSolidZeroBounce.physicMaterial,Reviewed static-world solid collider from the frozen M04A1 source table.,TemporaryDirectImport,msc-world-baseline-04a1.1-c3f2f337,08A1.6
46987303ee5c13b7d3594800a348657b,2c1180f810a6d460f16312b1a458b215,MAP/BusStop/coll,coll,ColliderOnly,MeshCollider,1,0,1,0,1,a643ff6a1c1ec7846a0283769df37d91,4300000,1,ExcludedDynamicRequiresPresenter,0,Excluded,,,The collider is owned by a donor Rigidbody on itself or an ancestor and requires a project-owned dynamic presenter instead of a frozen static blocker.,TemporaryDirectImport,msc-world-baseline-04a1.1-c3f2f337,08A1.6
46b3779efbf4fa2e22953c87c771a29d,c30b8138040101843ff9e8954ee1262b,MISC/holiday present(Clon2),holiday present(Clon2),ColliderOnly,BoxCollider,1,0,0,0,1,,0,1,ExcludedDynamicRequiresPresenter,0,Excluded,,,The collider is owned by a donor Rigidbody on itself or an ancestor and requires a project-owned dynamic presenter instead of a frozen static blocker.,TemporaryDirectImport,msc-world-baseline-04a1.1-c3f2f337,08A1.6
46ce6f20a0d5c6fc0e23162ce8fd890d,d2ae63fdff1833f2609ed4c90c9fc919,MAP/MESH/ELEC_POLES_COLL,ELEC_POLES_COLL,ColliderOnly,MeshCollider,1,0,0,0,0,7c2972c424ef4a04eb0102bb56d8bc14,4300000,1,IncludedStaticWorldSolid,1,TrulyGlobalLegacy,WorldSolid,Assets/Game/World/Content/Physics/WorldSolidZeroBounce.physicMaterial,Reviewed static-world solid collider from the frozen M04A1 source table.,TemporaryDirectImport,msc-world-baseline-04a1.1-c3f2f337,08A1.6
46e66e72295397d4226c0c179363e061,3d126dd75a41a51326a318d8417e7ee4,MAP/PierStore/coll,coll,ColliderOnly,BoxCollider,1,0,0,0,0,,0,1,IncludedStaticWorldSolid,1,CellLegacy,WorldSolid,Assets/Game/World/Content/Physics/WorldSolidZeroBounce.physicMaterial,Reviewed static-world solid collider from the frozen M04A1 source table.,TemporaryDirectImport,msc-world-baseline-04a1.1-c3f2f337,08A1.6
46f9895b7ea26c08eacde617e688c57f,a92066fa4530a065f53107c737298fe2,YARD/Building/BEDROOM1/COMPUTER/Computer/Meshes/386_monitor(xxxxx),386_monitor(xxxxx),BuildingInterior,BoxCollider,1,0,0,0,0,,0,0,ExcludedInactive,0,Excluded,,,The collider owner is inactive through the frozen donor hierarchy.,TemporaryDirectImport,msc-world-baseline-04a1.1-c3f2f337,08A1.6
478393a7ee117cbcbc427b486e069bfd,708a2cd2b5f16bd889a90d03cf46af2c,STORE/LOD/ActivateBar/DrunksBar/Drunk1/skeleton/pelvis/spine_middle/spine_upper/collar_left/shoulder_left/arm_left,arm_left,ColliderOnly,CapsuleCollider,1,0,0,0,1,,0,1,ExcludedActorOrPlayer,0,Excluded,,,"Actor, NPC, skeleton or player-owned collision belongs to a later project-owned gameplay presenter.",TemporaryDirectImport,msc-world-baseline-04a1.1-c3f2f337,08A1.6
47b7524d4d85e97ce55d4cb79bcee1bc,53d0924eca2e6890ed9e27486b7655d1,PERAJARVI/MailBox/BoxHatch,BoxHatch,ColliderOnly,SphereCollider,1,1,0,0,0,,0,1,ExcludedTrigger,0,Excluded,,,Trigger volumes are not imported by the solid pass.,TemporaryDirectImport,msc-world-baseline-04a1.1-c3f2f337,08A1.6
47bf7a0ba92d987abc84222e0e9d00de,f2d49bc03dc695f01ac39a6986373ac4,PERAJARVI/HouseOld1/Fence/fence,fence,Fence,BoxCollider,1,0,0,0,0,,0,1,IncludedStaticWorldSolid,1,CellLegacy,WorldSolid,Assets/Game/World/Content/Physics/WorldSolidZeroBounce.physicMaterial,Reviewed static-world solid collider from the frozen M04A1 source table.,TemporaryDirectImport,msc-world-baseline-04a1.1-c3f2f337,08A1.6
47c6627901417dc38020b55208f34951,54cf2ecbbb7652be87678d95a20dec35,STORE/LOD/ActivateStore/SpraycanProducts/SprayMatte01,SprayMatte01,ColliderOnly,CapsuleCollider,1,1,0,0,0,,0,1,ExcludedTrigger,0,Excluded,,,Trigger volumes are not imported by the solid pass.,TemporaryDirectImport,msc-world-baseline-04a1.1-c3f2f337,08A1.6
47e6f751624a388523ca14aa7f8dfc5f,83055e7c3b7aa29e3f8ff8e7104e8922,JAIL/MESh/table(Clone),table(Clone),BuildingExterior,BoxCollider,1,0,0,0,0,,0,0,ExcludedInactive,0,Excluded,,,The collider owner is inactive through the frozen donor hierarchy.,TemporaryDirectImport,msc-world-baseline-04a1.1-c3f2f337,08A1.6
47e9f0c75ab8dc4d884a2215e30bfe9e,dfffce3af75d10ffd7b25eb016a4cd9b,STORE/LOD/GFX_Pub/table_pub 7,table_pub 7,BuildingExterior,BoxCollider,1,0,0,0,1,,0,1,ExcludedDynamicRequiresPresenter,0,Excluded,,,The collider is owned by a donor Rigidbody on itself or an ancestor and requires a project-owned dynamic presenter instead of a frozen static blocker.,TemporaryDirectImport,msc-world-baseline-04a1.1-c3f2f337,08A1.6
4838090245da667c6ec1eccbb145c98c,d9f0351279081ef61ce80809687971e0,DANCEHALL/Functions/GUARD/Guard/ThrowBody/PlayerRigid,PlayerRigid,ColliderOnly,CapsuleCollider,1,0,0,0,1,,0,0,ExcludedInactive,0,Excluded,,,The collider owner is inactive through the frozen donor hierarchy.,TemporaryDirectImport,msc-world-baseline-04a1.1-c3f2f337,08A1.6
487500b21feb85c23ae10c6930030198,53788ee0b121981f771df9d72485ec19,PERAJARVI/TerraceHouse/Apartments/LOD2/LOD/WC/Shower/Functions/Shower/WaterTap,WaterTap,ColliderOnly,CapsuleCollider,1,0,0,0,0,,0,0,ExcludedInactive,0,Excluded,,,The collider owner is inactive through the frozen donor hierarchy.,TemporaryDirectImport,msc-world-baseline-04a1.1-c3f2f337,08A1.6
488ee88dec6149ad43ac3947b18fbe70,4d6de9c0b682e996d88d4358ba3d5ae7,CABIN/Cabin/Ventti/PIG/VenttiPig/Pivot/Char/skeleton/pelvis/spine_middle/spine_upper/collar_left/shoulder_left/arm_left/hand_left/finger_left/HandCollider,HandCollider,ColliderOnly,SphereCollider,1,0,0,0,1,,0,0,ExcludedInactive,0,Excluded,,,The collider owner is inactive through the frozen donor hierarchy.,TemporaryDirectImport,msc-world-baseline-04a1.1-c3f2f337,08A1.6
4892388e708bcc9078a198e8bc49fca5,6984eb52df89054881924dbd342e9cfb,PERAJARVI/TerraceHouse/BrickWall/roof,roof,Roof,BoxCollider,1,0,0,0,0,,0,1,IncludedStaticWorldSolid,1,CellLegacy,WorldSolid,Assets/Game/World/Content/Physics/WorldSolidZeroBounce.physicMaterial,Reviewed static-world solid collider from the frozen M04A1 source table.,TemporaryDirectImport,msc-world-baseline-04a1.1-c3f2f337,08A1.6
48ccfeae2658db74f80f9f9e8ebd7eb3,9fc7e398d78d075caf8f9c79d2ae67bc,REPAIRSHOP/LOD/Dyno/dyno_computer/MonitorPivot/Monitor,Monitor,BuildingExterior,MeshCollider,1,0,0,0,0,21092bb4a67d6a64fa4c0e7f00f7e909,4300000,1,IncludedStaticWorldSolid,1,CellLegacy,WorldSolid,Assets/Game/World/Content/Physics/WorldSolidZeroBounce.physicMaterial,Reviewed static-world solid collider from the frozen M04A1 source table.,TemporaryDirectImport,msc-world-baseline-04a1.1-c3f2f337,08A1.6
48f487bf1404afdd0d50f15d50af1f7d,21866e2c9603917eb8b20157bd740ab5,YARD/Building/LOD/komposti/komposti_grass,komposti_grass,BuildingExterior,BoxCollider,1,0,0,0,0,,0,1,IncludedStaticWorldSolid,1,CellLegacy,WorldSolid,Assets/Game/World/Content/Physics/WorldSolidZeroBounce.physicMaterial,Reviewed static-world solid collider from the frozen M04A1 source table.,TemporaryDirectImport,msc-world-baseline-04a1.1-c3f2f337,08A1.6
48fd401cc0ac3888608c7daa3d082f7b,e31609a067027cd6bafdbf4b500e6cd8,DRAGRACE/Objects/Tent2/tent_roof 2,tent_roof 2,Roof,MeshCollider,1,0,0,0,0,c76ea44239aae9a42a3dde47d87633cc,4300000,1,IncludedStaticWorldSolid,1,CellLegacy,WorldSolid,Assets/Game/World/Content/Physics/WorldSolidZeroBounce.physicMaterial,Reviewed static-world solid collider from the frozen M04A1 source table.,TemporaryDirectImport,msc-world-baseline-04a1.1-c3f2f337,08A1.6
49061d6979a41931da32d775f0bc05b5,6ea9c337d93f3d2d086df7a39dc78dc6,YARD/UNCLE/Building/houseuncle_base,houseuncle_base,BuildingExterior,MeshCollider,1,0,0,0,0,402919a4b15641443904a0cbe5d4bbc2,4300000,1,IncludedStaticWorldSolid,1,CellLegacy,WorldSolid,Assets/Game/World/Content/Physics/WorldSolidZeroBounce.physicMaterial,Reviewed static-world solid collider from the frozen M04A1 source table.,TemporaryDirectImport,msc-world-baseline-04a1.1-c3f2f337,08A1.6
4926ccc88c58c2ce48979269b7c220ad,b1438e0c89f54a70a365e251e5caced3,YARD/Building/BATHROOM/Shower/TapDrink/WaterTap,WaterTap,ColliderOnly,CapsuleCollider,1,0,0,0,0,,0,0,ExcludedInactive,0,Excluded,,,The collider owner is inactive through the frozen donor hierarchy.,TemporaryDirectImport,msc-world-baseline-04a1.1-c3f2f337,08A1.6
494252a81d9b05cadb17ea3fc0846d99,9bd647bb67d0e217b2825bdc42c84e2b,CABIN/LOD/Logging/log(Clone),log(Clone),BuildingExterior,BoxCollider,1,0,0,0,1,,0,1,ExcludedDynamicRequiresPresenter,0,Excluded,,,The collider is owned by a donor Rigidbody on itself or an ancestor and requires a project-owned dynamic presenter instead of a frozen static blocker.,TemporaryDirectImport,msc-world-baseline-04a1.1-c3f2f337,08A1.6
495faf57e57e86cb3599c69c43a4cb87,5666c2d587c6b510177a6a6f88228ccc,DRAGRACE/LOD/DRAGSTRIP/DragTiming/LaneRight/660ft,660ft,ColliderOnly,MeshCollider,1,1,1,0,0,0000000000000000e000000000000000,10210,0,ExcludedTrigger,0,Excluded,,,Trigger volumes are not imported by the solid pass.,TemporaryDirectImport,msc-world-baseline-04a1.1-c3f2f337,08A1.6
49bb3cc34166325029a5a6fdb30f8e8d,31cdabdbad11b49e170bdfe1603c063e,LANDFILL/lightpole 1,lightpole 1,UtilityPole,CapsuleCollider,1,0,0,0,0,,0,1,IncludedStaticWorldSolid,1,CellLegacy,WorldSolid,Assets/Game/World/Content/Physics/WorldSolidZeroBounce.physicMaterial,Reviewed static-world solid collider from the frozen M04A1 source table.,TemporaryDirectImport,msc-world-baseline-04a1.1-c3f2f337,08A1.6
49daef2420c7bafc1e2f38da0d9d3548,802bce4be95aa1187737a0491f81cfb5,DANCEHALL/Functions/DanceCouple/Dancer2/Pivot/pelvis/spine_middle/spine_upper/collar_right/shoulder_right/arm_right,arm_right,ColliderOnly,CapsuleCollider,1,0,0,0,1,,0,0,ExcludedInactive,0,Excluded,,,The collider owner is inactive through the frozen donor hierarchy.,TemporaryDirectImport,msc-world-baseline-04a1.1-c3f2f337,08A1.6
49f17a4315eb63f00d72c01d029ac8a9,7e5fdbd2fe4965582b3d82d07f3f0c39,CABIN/Cabin/woodstove/Fireplace/SetFire,SetFire,ColliderOnly,SphereCollider,1,1,0,0,0,,0,0,ExcludedTrigger,0,Excluded,,,Trigger volumes are not imported by the solid pass.,TemporaryDirectImport,msc-world-baseline-04a1.1-c3f2f337,08A1.6
49f8ec57958baecbbf9226fb83e4488b,d952cc8b07df21858bc578015b6d71f1,STORE/TeimoInBike/Bicycle/Functions/bicycle/coll,coll,ColliderOnly,CapsuleCollider,1,0,0,0,1,,0,0,ExcludedInactive,0,Excluded,,,The collider owner is inactive through the frozen donor hierarchy.,TemporaryDirectImport,msc-world-baseline-04a1.1-c3f2f337,08A1.6
4a1c458a54db769cb6010a1749162666,871c28a27237f96e012f05a10ad8c01f,STORE/LOD/Pumps/GasolinePumpPÖ/gasoline_pump,gasoline_pump,BuildingExterior,MeshCollider,1,0,1,0,0,20beaacfd5e33e74fb592c239912f3b4,4300000,1,IncludedStaticWorldSolid,1,CellLegacy,WorldSolid,Assets/Game/World/Content/Physics/WorldSolidZeroBounce.physicMaterial,Reviewed static-world solid collider from the frozen M04A1 source table.,TemporaryDirectImport,msc-world-baseline-04a1.1-c3f2f337,08A1.6
4a2bb5f0dc83c779480769a516e859dc,dc68a78303232dfb5ca29437cb3b1483,REPAIRSHOP/LOD/ToolCart/Drawer/Tools/Sockets/socket(15)(Clone),socket(15)(Clone),ColliderOnly,SphereCollider,1,1,0,0,1,,0,0,ExcludedTrigger,0,Excluded,,,Trigger volumes are not imported by the solid pass.,TemporaryDirectImport,msc-world-baseline-04a1.1-c3f2f337,08A1.6
4a87015529fdd87f7fa7aff6d056a141,f7aab339cfde1dddce8680c07fcce0ac,CABIN/Cabin/woodstove/woodstove,woodstove,BuildingExterior,BoxCollider,1,0,0,0,0,,0,1,IncludedStaticWorldSolid,1,CellLegacy,WorldSolid,Assets/Game/World/Content/Physics/WorldSolidZeroBounce.physicMaterial,Reviewed static-world solid collider from the frozen M04A1 source table.,TemporaryDirectImport,msc-world-baseline-04a1.1-c3f2f337,08A1.6
4ab5fef194bc550a30b3c79569cfb0de,ee387bd878b96c911c4883fe2df65d30,STORE/LOD/ActivateBar/OrderList/4,4,ColliderOnly,CapsuleCollider,1,1,0,0,0,,0,1,ExcludedTrigger,0,Excluded,,,Trigger volumes are not imported by the solid pass.,TemporaryDirectImport,msc-world-baseline-04a1.1-c3f2f337,08A1.6
4b0c635749c267cd64aaa985337c18b5,d4764833cc291a8aebd7bdc7988b9552,REPAIRSHOP/LOD/ToolCart/Drawer/Tools/Sockets/socket(14)(Clone),socket(14)(Clone),ColliderOnly,SphereCollider,1,1,0,0,1,,0,0,ExcludedTrigger,0,Excluded,,,Trigger volumes are not imported by the solid pass.,TemporaryDirectImport,msc-world-baseline-04a1.1-c3f2f337,08A1.6
4b1d9df3b76318d077a907d748134556,c8dc0cd8c2a8690c94b9e98c65afaff1,YARD/PlayerMailBox/EnvelopeElectricityBill,EnvelopeElectricityBill,ColliderOnly,CapsuleCollider,1,1,0,0,0,,0,0,ExcludedTrigger,0,Excluded,,,Trigger volumes are not imported by the solid pass.,TemporaryDirectImport,msc-world-baseline-04a1.1-c3f2f337,08A1.6
4b21113b02328350e5cd1314824cd8c9,6f8a1d24b66d566a0b1f8d89ea63a787,STORE/LOD/GFX_Store/store_interior_roof,store_interior_roof,Roof,MeshCollider,1,0,0,0,0,7ab4aaf0eb37f604abc1638f355cea82,4300000,1,IncludedStaticWorldSolid,1,CellLegacy,WorldSolid,Assets/Game/World/Content/Physics/WorldSolidZeroBounce.physicMaterial,Reviewed static-world solid collider from the frozen M04A1 source table.,TemporaryDirectImport,msc-world-baseline-04a1.1-c3f2f337,08A1.6
4b4025da1f7ae4c4e9d41e8b2713cd3a,dc1c44001e73b86f9fb6131b4ed28a90,STORE/LOD/Pumps/GasolinePumpPÖ/Functions/TriggerPÖ,TriggerPÖ,ColliderOnly,CapsuleCollider,1,1,0,0,0,,0,1,ExcludedTrigger,0,Excluded,,,Trigger volumes are not imported by the solid pass.,TemporaryDirectImport,msc-world-baseline-04a1.1-c3f2f337,08A1.6
4b89573df349b977e1d5b69e3d9a3a9e,e4d7570c69452dcf28c5067b96da4b12,STORE/LOD/GFX_Store/StoreShelfs/store_equipment,store_equipment,BuildingExterior,MeshCollider,1,0,0,0,0,b30547dc73b0adc4e8bc662a379aec4c,4300000,1,IncludedStaticWorldSolid,1,CellLegacy,WorldSolid,Assets/Game/World/Content/Physics/WorldSolidZeroBounce.physicMaterial,Reviewed static-world solid collider from the frozen M04A1 source table.,TemporaryDirectImport,msc-world-baseline-04a1.1-c3f2f337,08A1.6
4ba584565792fe79d892878809ff201e,f62124661290788d1ab2c6853aa75547,MAP/Buildings/BarnOld/lato_door2,lato_door2,Door,MeshCollider,1,0,0,0,0,674089cef54eb1848aa7b631f582142f,4300000,1,ExcludedDoorRequiresBinding,0,Excluded,,,A door cannot become a static blocker before a project-owned hinge/interaction binding is authored.,TemporaryDirectImport,msc-world-baseline-04a1.1-c3f2f337,08A1.6
4bb8f8a378e8f5037899b43a40f8cfab,6e34e87054e4922ccef05b9f9c81c3db,YARD/Building/KITCHEN/OvenStove/HotPlate2/GrillTrigger,GrillTrigger,ColliderOnly,SphereCollider,1,1,0,0,0,,0,0,ExcludedTrigger,0,Excluded,,,Trigger volumes are not imported by the solid pass.,TemporaryDirectImport,msc-world-baseline-04a1.1-c3f2f337,08A1.6
4bd1bc732f6e3585a8e2bcba57f36517,75f4d389ba84ffb67c3e77f67e1b2836,COTTAGE/LOD/Doors/DoorFront2/Pivot/mesh 1,mesh 1,BuildingExterior,BoxCollider,1,0,0,0,0,,0,1,ExcludedDoorRequiresBinding,0,Excluded,,,A door cannot become a static blocker before a project-owned hinge/interaction binding is authored.,TemporaryDirectImport,msc-world-baseline-04a1.1-c3f2f337,08A1.6
4bd39285d5c6f053c63772c92d9ee0c0,d09b167d9e4a30ee62e2822f48a4a610,PERAJARVI/HouseOld1/wall,wall,BuildingExterior,BoxCollider,1,0,0,0,0,,0,1,IncludedStaticWorldSolid,1,CellLegacy,WorldSolid,Assets/Game/World/Content/Physics/WorldSolidZeroBounce.physicMaterial,Reviewed static-world solid collider from the frozen M04A1 source table.,TemporaryDirectImport,msc-world-baseline-04a1.1-c3f2f337,08A1.6
4bf54121eab02341a3277eef0f42d8da,56876d4591280e072b992fe46d1d85bd,STORE/LOD/GFX_Pub/table_pub,table_pub,BuildingExterior,BoxCollider,1,0,0,0,1,,0,1,ExcludedDynamicRequiresPresenter,0,Excluded,,,The collider is owned by a donor Rigidbody on itself or an ancestor and requires a project-owned dynamic presenter instead of a frozen static blocker.,TemporaryDirectImport,msc-world-baseline-04a1.1-c3f2f337,08A1.6
4bf8ea5277bfa0be7a5d97e572dc1b00,c7e972026c7db0b22d283e2175f5a39a,SOCCER/goal1/Colliders/coll,coll,ColliderOnly,CapsuleCollider,1,0,0,0,1,,0,1,ExcludedDynamicRequiresPresenter,0,Excluded,,,The collider is owned by a donor Rigidbody on itself or an ancestor and requires a project-owned dynamic presenter instead of a frozen static blocker.,TemporaryDirectImport,msc-world-baseline-04a1.1-c3f2f337,08A1.6
4d4819ff74f3def2afdbb992ee71d7fb,e93af79fd95d65722c719fd246de8c8c,YARD/UNCLE/Building/DoorFront/Pivot/Door,Door,Door,BoxCollider,1,0,0,0,0,,0,1,ExcludedDoorRequiresBinding,0,Excluded,,,A door cannot become a static blocker before a project-owned hinge/interaction binding is authored.,TemporaryDirectImport,msc-world-baseline-04a1.1-c3f2f337,08A1.6
4d491a32a495f48378b4d99a052f6fc3,70a7a020cc9e1f97d2d3333b9f830023,YARD/UNCLE/LOD/komposti 1/komposti,komposti,BuildingExterior,BoxCollider,1,0,0,0,0,,0,1,IncludedStaticWorldSolid,1,CellLegacy,WorldSolid,Assets/Game/World/Content/Physics/WorldSolidZeroBounce.physicMaterial,Reviewed static-world solid collider from the frozen M04A1 source table.,TemporaryDirectImport,msc-world-baseline-04a1.1-c3f2f337,08A1.6
4d4ce12a50fb252455250116188b7744,5f9538b5f9bc78045f2bfdc36923e551,THEATRE/LOD/Open/PLAY/ActorsDisable/COP/PIVOT/skeleton/pelvis/spine_middle/spine_upper/collar_right/shoulder_right/arm_right/hand_right,hand_right,ColliderOnly,SphereCollider,1,0,0,0,1,,0,0,ExcludedInactive,0,Excluded,,,The collider owner is inactive through the frozen donor hierarchy.,TemporaryDirectImport,msc-world-baseline-04a1.1-c3f2f337,08A1.6
4d71b2baebbdb56efaca2d6a62c72175,5c1523a2296bbd35270250afebd96d6c,MAP/MESH/LogwallLarge,LogwallLarge,StaticProp,MeshCollider,1,0,1,0,0,02cdb7667d9ca4d49b627702944f9953,4300000,1,IncludedStaticWorldSolid,1,TrulyGlobalLegacy,WorldSolid,Assets/Game/World/Content/Physics/WorldSolidZeroBounce.physicMaterial,Reviewed static-world solid collider from the frozen M04A1 source table.,TemporaryDirectImport,msc-world-baseline-04a1.1-c3f2f337,08A1.6
4dae3b929127b6767428f5d13155d479,2d4bce52788a6157b4973928b40e333d,DRAGRACE/LOD/DRAGSTRIP/DragTiming/LaneLeft/660ft,660ft,ColliderOnly,MeshCollider,1,1,1,0,0,0000000000000000e000000000000000,10210,0,ExcludedTrigger,0,Excluded,,,Trigger volumes are not imported by the solid pass.,TemporaryDirectImport,msc-world-baseline-04a1.1-c3f2f337,08A1.6
4de834ff93657c4a08b1d18eab357d76,e8892a3703b50f190365f52e3fa1fbb2,MAP/Buildings/BarnOld/lato_roof,lato_roof,Roof,MeshCollider,1,0,0,0,0,6f49787c3bbcf9e4f8b8c2b28ee9bd6f,4300000,1,IncludedStaticWorldSolid,1,CellLegacy,WorldSolid,Assets/Game/World/Content/Physics/WorldSolidZeroBounce.physicMaterial,Reviewed static-world solid collider from the frozen M04A1 source table.,TemporaryDirectImport,msc-world-baseline-04a1.1-c3f2f337,08A1.6
4dfda7bf1ba1e61c13ddcbd0e8358e7c,d0a567077433efed6460cce0441debbd,MAP/MESH/AIRPORT,AIRPORT,StaticProp,MeshCollider,1,0,0,0,0,166fa4fc85b8f004d8a483eb242aca4b,4300000,1,IncludedStaticWorldSolid,1,TrulyGlobalLegacy,WorldSurface,Assets/Game/World/Content/Physics/WorldSurfaceZeroBounce.physicMaterial,Reviewed static-world solid collider from the frozen M04A1 source table.,TemporaryDirectImport,msc-world-baseline-04a1.1-c3f2f337,08A1.6
4e4758897aeab57cdaf25dc4a3300463,34798f0d7e2d82c9f4e55b95dede7433,PERAJARVI/TerraceHouse/Apartments/LOD2/LOD/DoorWhite/Pivot/Handle,Handle,ColliderOnly,SphereCollider,1,1,0,0,0,,0,1,ExcludedTrigger,0,Excluded,,,Trigger volumes are not imported by the solid pass.,TemporaryDirectImport,msc-world-baseline-04a1.1-c3f2f337,08A1.6
4eb4aa23bf9ed86f1c8c9bdef5c7365c,a85404a52391c8df206522baf71fb50b,STORE/LOD/ActivateStore/CarProducts/Extinguisher,Extinguisher,ColliderOnly,CapsuleCollider,1,1,0,0,0,,0,1,ExcludedTrigger,0,Excluded,,,Trigger volumes are not imported by the solid pass.,TemporaryDirectImport,msc-world-baseline-04a1.1-c3f2f337,08A1.6
4ec963e836e5a4ded593bac5b0386128,0e212e0bf9abf3ed63d55111b04609ee,REPAIRSHOP/LOD/Garbage/Tractor/valmet_tire_front,valmet_tire_front,BuildingExterior,BoxCollider,1,0,0,0,0,,0,1,IncludedStaticWorldSolid,1,CellLegacy,WorldSolid,Assets/Game/World/Content/Physics/WorldSolidZeroBounce.physicMaterial,Reviewed static-world solid collider from the frozen M04A1 source table.,TemporaryDirectImport,msc-world-baseline-04a1.1-c3f2f337,08A1.6
4f0fb6216e6f422772c869acbbee6466,f7df920d44b8a4b0b7b5ace51a61e037,STORE/LOD/GFX_Pub/chair_pub 2/colliders/coll,coll,ColliderOnly,BoxCollider,1,0,0,0,1,,0,1,ExcludedDynamicRequiresPresenter,0,Excluded,,,The collider is owned by a donor Rigidbody on itself or an ancestor and requires a project-owned dynamic presenter instead of a frozen static blocker.,TemporaryDirectImport,msc-world-baseline-04a1.1-c3f2f337,08A1.6
4f21336ab11d8a95c3694a837d5d943f,c20ce57d1f9c2e5421cc1bd0b24839ba,YARD/Building/KITCHEN/OvenStove/HotPlate3/FireTrigger,FireTrigger,ColliderOnly,SphereCollider,1,1,0,0,0,,0,0,ExcludedTrigger,0,Excluded,,,Trigger volumes are not imported by the solid pass.,TemporaryDirectImport,msc-world-baseline-04a1.1-c3f2f337,08A1.6
4f3b6682d30850dba50b19c82e1d07cf,4056f23d19761cae1f064a50befc6c8b,STORE/LOD/ActivateStore/CarProducts/BuyWheel,BuyWheel,ColliderOnly,SphereCollider,1,1,0,0,0,,0,1,ExcludedTrigger,0,Excluded,,,Trigger volumes are not imported by the solid pass.,TemporaryDirectImport,msc-world-baseline-04a1.1-c3f2f337,08A1.6
4f64129f4b270c22c194a4d8cf01c763,598b9c85cc6ffe0d816ae5c5aa28f0ec,MAP/MESH/LogwallLarge,LogwallLarge,StaticProp,MeshCollider,1,0,1,0,0,02cdb7667d9ca4d49b627702944f9953,4300000,1,IncludedStaticWorldSolid,1,TrulyGlobalLegacy,WorldSolid,Assets/Game/World/Content/Physics/WorldSolidZeroBounce.physicMaterial,Reviewed static-world solid collider from the frozen M04A1 source table.,TemporaryDirectImport,msc-world-baseline-04a1.1-c3f2f337,08A1.6
4fbf184c37634e2c3979d00e83118854,15f8bcaedb56d77ee0142a49fc51cce4,COTTAGE/LOD/Chair/CrouchTrigger,CrouchTrigger,ColliderOnly,CapsuleCollider,1,1,0,0,0,,0,1,ExcludedTrigger,0,Excluded,,,Trigger volumes are not imported by the solid pass.,TemporaryDirectImport,msc-world-baseline-04a1.1-c3f2f337,08A1.6
4fd7d52e9eb9d3939eea8697433a8950,936a9dda706c2fc716965ff40d3edc13,DANCEHALL/Functions/Dancer/Pivot/pelvis/spine_mid/shoulders(xxxxx)/head,head,ColliderOnly,CapsuleCollider,1,0,0,0,1,,0,0,ExcludedInactive,0,Excluded,,,The collider owner is inactive through the frozen donor hierarchy.,TemporaryDirectImport,msc-world-baseline-04a1.1-c3f2f337,08A1.6
4fda6bd35e7e53411f1fb56c64672728,bc3ea657122e8aee0c6a8553e135be5b,STORE/VideoPoker/GameLogic/Buttons/Double,Double,ColliderOnly,SphereCollider,1,1,0,0,1,,0,1,ExcludedTrigger,0,Excluded,,,Trigger volumes are not imported by the solid pass.,TemporaryDirectImport,msc-world-baseline-04a1.1-c3f2f337,08A1.6
4feaf7d59355d785eba3367a669c1cf4,6b12edf4e9cba642d68f5a42974bfc98,YARD/UNCLE/LOD/truck_wreck/engine,engine,BuildingExterior,BoxCollider,1,0,0,0,0,,0,1,IncludedStaticWorldSolid,1,CellLegacy,WorldSolid,Assets/Game/World/Content/Physics/WorldSolidZeroBounce.physicMaterial,Reviewed static-world solid collider from the frozen M04A1 source table.,TemporaryDirectImport,msc-world-baseline-04a1.1-c3f2f337,08A1.6
4ff81ed0804111fc8137c3441eddf655,f9643a56ce08bdfea39edc9004c8cc81,STORE/LOD/Post Box/OrderTrigger,OrderTrigger,ColliderOnly,BoxCollider,1,1,0,0,0,,0,1,ExcludedTrigger,0,Excluded,,,Trigger volumes are not imported by the solid pass.,TemporaryDirectImport,msc-world-baseline-04a1.1-c3f2f337,08A1.6
5005b5d18db80d46f1f0b595cae148c7,363d154038eac020864c25d805b0a949,MAP/MESH/TERRAIN_OBJ/4tie,4tie,StaticProp,MeshCollider,1,0,0,0,0,9d0dc5349928bea4a97b36bb7cfd7efc,4300000,1,IncludedSafetyCriticalGlobal,1,GlobalLegacy,WorldSurface,Assets/Game/World/Content/Physics/WorldSurfaceZeroBounce.physicMaterial,Continuous terrain support,TemporaryDirectImport,msc-world-baseline-04a1.1-c3f2f337,08A1.6
5014590784aee495b5f0579eaa057853,984660f6372d94d3d5658154ac49d6bb,INSPECTION/LOD/inspection_windows,inspection_windows,Window,MeshCollider,1,0,0,0,0,a36a760f3b3afef40802407bf9b51169,4300000,1,IncludedStaticWorldSolid,1,CellLegacy,WorldSolid,Assets/Game/World/Content/Physics/WorldSolidZeroBounce.physicMaterial,Reviewed static-world solid collider from the frozen M04A1 source table.,TemporaryDirectImport,msc-world-baseline-04a1.1-c3f2f337,08A1.6
50246fbfc67a7e5bd368c2dc26931730,07196f54d05a282cb5d5ae038c781663,STORE/LOD/GFX_Pub/BreakableWindowsPub/BreakableWindowPub,BreakableWindowPub,Window,BoxCollider,1,0,0,0,1,,0,1,ExcludedDynamicRequiresPresenter,0,Excluded,,,The collider is owned by a donor Rigidbody on itself or an ancestor and requires a project-owned dynamic presenter instead of a frozen static blocker.,TemporaryDirectImport,msc-world-baseline-04a1.1-c3f2f337,08A1.6
5055e0bc09cadbc29280b49ffd771c48,34546129694981a523c511766ef0cb5c,PERAJARVI/HouseWhite/hedge,hedge,BuildingExterior,MeshCollider,1,0,1,0,0,9c6458347eea44a42b431025cf59f4cc,4300000,1,IncludedStaticWorldSolid,1,CellLegacy,WorldSolid,Assets/Game/World/Content/Physics/WorldSolidZeroBounce.physicMaterial,Reviewed static-world solid collider from the frozen M04A1 source table.,TemporaryDirectImport,msc-world-baseline-04a1.1-c3f2f337,08A1.6
508a20ac24ba4cbd353059282bff49ba,881cc8719f492621ef9a95d11b0bf487,CABIN/LOD/saunahouse_windows 1,saunahouse_windows 1,Window,MeshCollider,1,0,0,0,0,5ad040b4b2ce23d4bb390414340cb60e,4300000,1,IncludedStaticWorldSolid,1,CellLegacy,WorldSolid,Assets/Game/World/Content/Physics/WorldSolidZeroBounce.physicMaterial,Reviewed static-world solid collider from the frozen M04A1 source table.,TemporaryDirectImport,msc-world-baseline-04a1.1-c3f2f337,08A1.6
50b2562ac379142bea3cd590bee9535b,03f8bd3fdbf6d7deea293d048d10793e,PERAJARVI/TerraceHouse/BrickWall,BrickWall,BuildingExterior,BoxCollider,1,0,0,0,0,,0,1,IncludedStaticWorldSolid,1,CellLegacy,WorldSolid,Assets/Game/World/Content/Physics/WorldSolidZeroBounce.physicMaterial,Reviewed static-world solid collider from the frozen M04A1 source table.,TemporaryDirectImport,msc-world-baseline-04a1.1-c3f2f337,08A1.6
50e1cfb606dc1611bd35aa633e746449,9d6d0496bb19fea574ace12debe4ca73,JAIL/MESh/chair/CrouchTrigger,CrouchTrigger,ColliderOnly,CapsuleCollider,1,1,0,0,0,,0,0,ExcludedTrigger,0,Excluded,,,Trigger volumes are not imported by the solid pass.,TemporaryDirectImport,msc-world-baseline-04a1.1-c3f2f337,08A1.6
510008b4d32019c4cc8d91343357b560,51c9da2d8a1a5e32819adbe7538c1bd6,STORE/LOD/GFX_Store/BreakableWindows/store_windows_broken/store_windows_broken_007,store_windows_broken_007,Window,MeshCollider,1,0,1,0,1,c902f6981672f374cbd9fda3b21371f7,4300000,0,ExcludedInactive,0,Excluded,,,The collider owner is inactive through the frozen donor hierarchy.,TemporaryDirectImport,msc-world-baseline-04a1.1-c3f2f337,08A1.6
517d3be564e52cc87b2d51d4c0cf6ae4,8741bd1ccf27a12ae8b348f296aedc43,COTTAGE/Cottage_sofa/coll,coll,ColliderOnly,BoxCollider,1,0,0,0,0,,0,1,IncludedStaticWorldSolid,1,CellLegacy,WorldSolid,Assets/Game/World/Content/Physics/WorldSolidZeroBounce.physicMaterial,Reviewed static-world solid collider from the frozen M04A1 source table.,TemporaryDirectImport,msc-world-baseline-04a1.1-c3f2f337,08A1.6
51c5cb77a4ad50da56a4a604730edec4,42e4d1e2b1d26b9c9c97c969990c458a,YARD/Building/LIVINGROOM/DoorWC/Pivot/house_door1,house_door1,Door,BoxCollider,1,0,0,0,1,,0,1,ExcludedDoorRequiresBinding,0,Excluded,,,A door cannot become a static blocker before a project-owned hinge/interaction binding is authored.,TemporaryDirectImport,msc-world-baseline-04a1.1-c3f2f337,08A1.6
51cfa813277e38e2af174dba0f316c6b,a8ae7c66c6c743ff50fa609501f3651a,REPAIRSHOP/Dyno/dyno_coll,dyno_coll,ColliderOnly,MeshCollider,1,0,0,0,0,59ffd0025ef2ad54781461a083874c26,4300000,1,IncludedStaticWorldSolid,1,CellLegacy,WorldSolid,Assets/Game/World/Content/Physics/WorldSolidZeroBounce.physicMaterial,Reviewed static-world solid collider from the frozen M04A1 source table.,TemporaryDirectImport,msc-world-baseline-04a1.1-c3f2f337,08A1.6
5217da0093c72fd4034916f3917c639b,7231c7ce3cdccf0d63bc4ed8ad4463bf,STORE/LOD/ActivateBar/DrunksBar/Drunk2/skeleton/pelvis/spine_middle/spine_upper/collar_right/shoulder_right/arm_right,arm_right,ColliderOnly,CapsuleCollider,1,0,0,0,1,,0,1,ExcludedActorOrPlayer,0,Excluded,,,"Actor, NPC, skeleton or player-owned collision belongs to a later project-owned gameplay presenter.",TemporaryDirectImport,msc-world-baseline-04a1.1-c3f2f337,08A1.6
52c32aff802e2dcb6c28d0750b777648,ceded76f40efd2447774b75187a95a3f,YARD/Building/Dynamics/Fines,Fines,BuildingExterior,SphereCollider,1,1,0,0,0,,0,0,ExcludedTrigger,0,Excluded,,,Trigger volumes are not imported by the solid pass.,TemporaryDirectImport,msc-world-baseline-04a1.1-c3f2f337,08A1.6
52da6ed366d262572f37626c585d25ae,ad5562556918cbfd0b352ecd63118a4c,STORE/LOD/GFX_Pub/chair_pub 3/CrouchTrigger,CrouchTrigger,ColliderOnly,CapsuleCollider,1,1,0,0,1,,0,1,ExcludedTrigger,0,Excluded,,,Trigger volumes are not imported by the solid pass.,TemporaryDirectImport,msc-world-baseline-04a1.1-c3f2f337,08A1.6
535a420c5495863a2aab4d8bb866af85,21143e8a0c590ecb2ce2432a6b638fb7,COTTAGE/Grill/grill_coal,grill_coal,BuildingExterior,BoxCollider,1,0,0,0,0,,0,1,IncludedStaticWorldSolid,1,CellLegacy,WorldSolid,Assets/Game/World/Content/Physics/WorldSolidZeroBounce.physicMaterial,Reviewed static-world solid collider from the frozen M04A1 source table.,TemporaryDirectImport,msc-world-baseline-04a1.1-c3f2f337,08A1.6
53a264e016072f17669ffe25905e97f1,11bdedc2424f0be3b5605604f147f975,MAP/StreetLights/2/LOD/lightpole,lightpole,UtilityPole,CapsuleCollider,1,0,0,0,0,,0,1,IncludedStaticWorldSolid,1,CellLegacy,WorldSolid,Assets/Game/World/Content/Physics/WorldSolidZeroBounce.physicMaterial,Reviewed static-world solid collider from the frozen M04A1 source table.,TemporaryDirectImport,msc-world-baseline-04a1.1-c3f2f337,08A1.6
53a41598be1a3ac33be857d77e235eb1,70f40e3da891fe1100fceffc3e18346c,REPAIRSHOP/Lifter/Platform/Coll,Coll,ColliderOnly,BoxCollider,1,0,0,0,1,,0,1,ExcludedDynamicRequiresPresenter,0,Excluded,,,The collider is owned by a donor Rigidbody on itself or an ancestor and requires a project-owned dynamic presenter instead of a frozen static blocker.,TemporaryDirectImport,msc-world-baseline-04a1.1-c3f2f337,08A1.6
53b985d8c43c511e8b82741e61934d1f,5dbd3c52d999b30d6ea9cc5bd48cbae9,MAP/Buildings/BarnOld/lato_roof,lato_roof,Roof,MeshCollider,1,0,0,0,0,6f49787c3bbcf9e4f8b8c2b28ee9bd6f,4300000,1,IncludedStaticWorldSolid,1,CellLegacy,WorldSolid,Assets/Game/World/Content/Physics/WorldSolidZeroBounce.physicMaterial,Reviewed static-world solid collider from the frozen M04A1 source table.,TemporaryDirectImport,msc-world-baseline-04a1.1-c3f2f337,08A1.6
53bc90c7fcdf58b9abac9139e482a9f1,a85c7d607269f48bdd82bbc1aab5fac0,REPAIRSHOP/LOD/Office/Furniture/garage_shelf_bars 4,garage_shelf_bars 4,BuildingExterior,BoxCollider,1,0,0,0,0,,0,1,IncludedStaticWorldSolid,1,CellLegacy,WorldSolid,Assets/Game/World/Content/Physics/WorldSolidZeroBounce.physicMaterial,Reviewed static-world solid collider from the frozen M04A1 source table.,TemporaryDirectImport,msc-world-baseline-04a1.1-c3f2f337,08A1.6
53ee5e56262df27cefa972e5b733ea19,a3949be0784437007be8b20c3b6f629e,YARD/Building/FlagPole,FlagPole,BuildingExterior,CapsuleCollider,1,0,0,0,0,,0,1,IncludedStaticWorldSolid,1,CellLegacy,WorldSolid,Assets/Game/World/Content/Physics/WorldSolidZeroBounce.physicMaterial,Reviewed static-world solid collider from the frozen M04A1 source table.,TemporaryDirectImport,msc-world-baseline-04a1.1-c3f2f337,08A1.6
540af1e6b72cd9ac938b7b63cdf2277b,9c52e505b6f089e5bce22b76d15675b2,YARD/UNCLE/Home/GifuKeys,GifuKeys,ColliderOnly,SphereCollider,1,1,0,0,0,,0,0,ExcludedTrigger,0,Excluded,,,Trigger volumes are not imported by the solid pass.,TemporaryDirectImport,msc-world-baseline-04a1.1-c3f2f337,08A1.6
54230f3d7f4dcd14af1de4e8ca7489ec,9e45137e0ab013dd04e8b11d9a5406a9,YARD/Building/LIVINGROOM/table,table,BuildingInterior,BoxCollider,1,0,0,0,0,,0,1,IncludedStaticWorldSolid,1,CellLegacy,WorldSolid,Assets/Game/World/Content/Physics/WorldSolidZeroBounce.physicMaterial,Reviewed static-world solid collider from the frozen M04A1 source table.,TemporaryDirectImport,msc-world-baseline-04a1.1-c3f2f337,08A1.6
548e3ac7e46fcbfc70f7dff0e79f77ca,2ad552091435c0256ae7eb460231f061,REPAIRSHOP/LOD/Store/Shelfs/coll,coll,ColliderOnly,BoxCollider,1,0,0,0,0,,0,1,IncludedStaticWorldSolid,1,CellLegacy,WorldSolid,Assets/Game/World/Content/Physics/WorldSolidZeroBounce.physicMaterial,Reviewed static-world solid collider from the frozen M04A1 source table.,TemporaryDirectImport,msc-world-baseline-04a1.1-c3f2f337,08A1.6
54b9763c57b5cf572eee6eea53c14a4a,b93267395a5e9546617a6189a35c0106,MAP/Buildings/BarnOld/lato_roof,lato_roof,Roof,MeshCollider,1,0,0,0,0,6f49787c3bbcf9e4f8b8c2b28ee9bd6f,4300000,1,IncludedStaticWorldSolid,1,CellLegacy,WorldSolid,Assets/Game/World/Content/Physics/WorldSolidZeroBounce.physicMaterial,Reviewed static-world solid collider from the frozen M04A1 source table.,TemporaryDirectImport,msc-world-baseline-04a1.1-c3f2f337,08A1.6
552f00c8b73af041ac199f4429eb2577,8511de5f73d31b7362ef5a3731cba784,MAP/Buildings/Barn/lato_roof,lato_roof,Roof,MeshCollider,1,0,1,0,0,73acff30fd9546d42a5637f3fdcd2f20,4300000,1,IncludedStaticWorldSolid,1,CellLegacy,WorldSolid,Assets/Game/World/Content/Physics/WorldSolidZeroBounce.physicMaterial,Reviewed static-world solid collider from the frozen M04A1 source table.,TemporaryDirectImport,msc-world-baseline-04a1.1-c3f2f337,08A1.6
55377ea796e87865007df81943867c87,be5885535c32ff0ac2981215a73dcd0b,INSPECTION/Functions/Order,Order,ColliderOnly,SphereCollider,1,1,0,0,0,,0,1,ExcludedTrigger,0,Excluded,,,Trigger volumes are not imported by the solid pass.,TemporaryDirectImport,msc-world-baseline-04a1.1-c3f2f337,08A1.6
558db41729e82a1b453938b0a2c43b65,a030049da4789d45a0ceb7a157e27951,REPAIRSHOP/JunkCar4/Parts/grille gt(Clone)/Bolts/BoltPM,BoltPM,ColliderOnly,SphereCollider,0,1,0,0,1,,0,0,ExcludedDisabled,0,Excluded,,,The donor collider component is disabled.,TemporaryDirectImport,msc-world-baseline-04a1.1-c3f2f337,08A1.6
559c5d1b3c7ab0288138dd4848ea1b1a,b78a3bbd4f8959d3b0e26aa1f8cd7f92,RALLY/Sunday/FinishArea/Stuff/PayMoney,PayMoney,InteractivePropCandidate,BoxCollider,1,1,0,0,0,,0,0,ExcludedTrigger,0,Excluded,,,Trigger volumes are not imported by the solid pass.,TemporaryDirectImport,msc-world-baseline-04a1.1-c3f2f337,08A1.6
55b140e4415c14fd848f721d7c03da6f,66921657e37f2b5d962a0a295dc493f7,REPAIRSHOP/LOD/Office/Furniture/office_shelf 3,office_shelf 3,BuildingExterior,BoxCollider,1,0,0,0,0,,0,1,IncludedStaticWorldSolid,1,CellLegacy,WorldSolid,Assets/Game/World/Content/Physics/WorldSolidZeroBounce.physicMaterial,Reviewed static-world solid collider from the frozen M04A1 source table.,TemporaryDirectImport,msc-world-baseline-04a1.1-c3f2f337,08A1.6
55cc3d1eacad7f4b69956ed4caff34e3,9100ad9d7f2dfa1bfebe652240150f71,PERAJARVI/TerraceHouse/Apartments_empty/Colliders/Cube,Cube,ColliderOnly,BoxCollider,1,0,0,0,0,,0,1,IncludedStaticWorldSolid,1,CellLegacy,WorldSolid,Assets/Game/World/Content/Physics/WorldSolidZeroBounce.physicMaterial,Reviewed static-world solid collider from the frozen M04A1 source table.,TemporaryDirectImport,msc-world-baseline-04a1.1-c3f2f337,08A1.6
55fe9d340487d60604e4adc2b4605e1c,9fddda7a4ef0a48985755a2e56b09e7a,DANCEHALL/Functions/BAND/DRUMS/Drummer,Drummer,ColliderOnly,CapsuleCollider,1,0,0,0,0,,0,0,ExcludedInactive,0,Excluded,,,The collider owner is inactive through the frozen donor hierarchy.,TemporaryDirectImport,msc-world-baseline-04a1.1-c3f2f337,08A1.6
56174b2b1213f09651a58afe9fc9eba8,93bcfceab2dc7d5ab638efa350cb7b3c,YARD/Building/SAUNA/DoorSauna/Pivot/sauna_door1/glass,glass,BuildingExterior,MeshCollider,1,0,0,0,1,0000000000000000e000000000000000,10210,1,ExcludedDoorRequiresBinding,0,Excluded,,,A door cannot become a static blocker before a project-owned hinge/interaction binding is authored.,TemporaryDirectImport,msc-world-baseline-04a1.1-c3f2f337,08A1.6
5637a54f06b439ae555d2b2f94ba5b41,58a7c7f80094ddd2606dc7d64d606bc3,YARD/Building/BATHROOM/Shower/Valve,Valve,ColliderOnly,SphereCollider,1,1,0,0,0,,0,1,ExcludedTrigger,0,Excluded,,,Trigger volumes are not imported by the solid pass.,TemporaryDirectImport,msc-world-baseline-04a1.1-c3f2f337,08A1.6
563cae991a2a302d97b3a9adcd726dbb,ad144939048fc508284f4024e4ba52bf,YARD/Building/BeerCamp/TablePlastic,TablePlastic,BuildingExterior,MeshCollider,1,0,1,0,0,840d08dd46b6aa341ad9b2f80a2acfde,4300000,1,IncludedStaticWorldSolid,1,CellLegacy,WorldSolid,Assets/Game/World/Content/Physics/WorldSolidZeroBounce.physicMaterial,Reviewed static-world solid collider from the frozen M04A1 source table.,TemporaryDirectImport,msc-world-baseline-04a1.1-c3f2f337,08A1.6
569082dea253d35a342595f5d5f8f1ed,9664aca6d054088c94d78ff81e929b54,DANCEHALL/Functions/DanceCouple/Dancer2/Pivot/pelvis/spine_middle/spine_upper/collar_right/shoulder_right,shoulder_right,ColliderOnly,CapsuleCollider,0,0,0,0,1,,0,0,ExcludedDisabled,0,Excluded,,,The donor collider component is disabled.,TemporaryDirectImport,msc-world-baseline-04a1.1-c3f2f337,08A1.6
569b12a7a8dce5ddc09fa679456cc0ef,65f96af01eac6e27a439d42053631f5f,THEATRE/LOD/Open/PLAY/ActorsDisable/MARA/PIVOT/skeleton/pelvis/spine_middle/spine_upper/collar_right/shoulder_right/arm_right/hand_right,hand_right,ColliderOnly,SphereCollider,1,0,0,0,1,,0,0,ExcludedInactive,0,Excluded,,,The collider owner is inactive through the frozen donor hierarchy.,TemporaryDirectImport,msc-world-baseline-04a1.1-c3f2f337,08A1.6
56bbdaa68b2e5bea07d41ced2cc49e11,f280ebf773ed5855d70074b92d6791be,PERAJARVI/HouseRintama2/Fence/fence 4,fence 4,Fence,BoxCollider,1,0,0,0,0,,0,1,IncludedStaticWorldSolid,1,CellLegacy,WorldSolid,Assets/Game/World/Content/Physics/WorldSolidZeroBounce.physicMaterial,Reviewed static-world solid collider from the frozen M04A1 source table.,TemporaryDirectImport,msc-world-baseline-04a1.1-c3f2f337,08A1.6
56c2c2f1260df998ae10815cdf0c7fb6,17a419d2db30ae3fd7c153f8aad8b974,STORE/LOD/ActivateStore/CarProducts/CarBattery,CarBattery,ColliderOnly,CapsuleCollider,1,1,0,0,0,,0,1,ExcludedTrigger,0,Excluded,,,Trigger volumes are not imported by the solid pass.,TemporaryDirectImport,msc-world-baseline-04a1.1-c3f2f337,08A1.6
57497f41670716a0aea6a17ae755678d,8dbd782d530fa2935cacd7c1b2d1b644,REPAIRSHOP/Building/repair_shop_wall_base,repair_shop_wall_base,BuildingExterior,MeshCollider,1,0,0,0,0,627c1d10fd32ab749b7e932306d68908,4300000,1,IncludedStaticWorldSolid,1,CellLegacy,WorldSolid,Assets/Game/World/Content/Physics/WorldSolidZeroBounce.physicMaterial,Reviewed static-world solid collider from the frozen M04A1 source table.,TemporaryDirectImport,msc-world-baseline-04a1.1-c3f2f337,08A1.6
5749b80bc839ec44b900e2eee2f89c08,39b4c4172117616967933ee346e5b236,RALLY/PartsSalesman/Functions/Parts/BuyRockershaft,BuyRockershaft,ColliderOnly,SphereCollider,1,1,0,0,0,,0,1,ExcludedTrigger,0,Excluded,,,Trigger volumes are not imported by the solid pass.,TemporaryDirectImport,msc-world-baseline-04a1.1-c3f2f337,08A1.6
57a458fdbb1ad55f5e73915efd5986e2,8b61476a0e056ed71edb6a14e71ef2b0,RALLY/Scenery/Objects/Trailer/coll,coll,ColliderOnly,MeshCollider,1,0,1,0,0,80ef5a6d4bfa1994bb7a4ea24d661f4b,4300000,0,ExcludedInactive,0,Excluded,,,The collider owner is inactive through the frozen donor hierarchy.,TemporaryDirectImport,msc-world-baseline-04a1.1-c3f2f337,08A1.6
57bb1330a0a0e624d39179b6be0aebd5,d350f3805575385012d28bf9be38cbe8,INSPECTION/LOD/NoRain,NoRain,ColliderOnly,MeshCollider,1,0,0,0,0,0000000000000000e000000000000000,10210,1,ExcludedBuiltinMeshRequiresMapping,0,Excluded,,,The donor collider references a Unity built-in mesh; no render-mesh fallback is permitted.,TemporaryDirectImport,msc-world-baseline-04a1.1-c3f2f337,08A1.6
57e606188cf209eedabc7a5a9aa9bdf0,87be89f49014e623ea8f18c53139c531,RALLY/Sunday/TimingSunday/Lines/Staging,Staging,ColliderOnly,MeshCollider,1,1,1,0,1,0000000000000000e000000000000000,10210,0,ExcludedTrigger,0,Excluded,,,Trigger volumes are not imported by the solid pass.,TemporaryDirectImport,msc-world-baseline-04a1.1-c3f2f337,08A1.6
58278996e06c6ee906636b1b61bf83d3,7850baee6a3c2e6ad89a8bf99ddef9dd,STORE/LOD/GFX_Pub/pub_panel,pub_panel,BuildingExterior,MeshCollider,1,0,0,0,0,0085e51e14b8933468c734f0d98afc75,4300000,1,IncludedStaticWorldSolid,1,CellLegacy,WorldSolid,Assets/Game/World/Content/Physics/WorldSolidZeroBounce.physicMaterial,Reviewed static-world solid collider from the frozen M04A1 source table.,TemporaryDirectImport,msc-world-baseline-04a1.1-c3f2f337,08A1.6
582ea6810db4ff3f40f8db730fe02277,08e2b5c4c4b5f2ccb888e9b13284ce87,CABIN/Cabin/Ventti/Table/GAME/Gamestuff/booze(Clone),booze(Clone),BuildingExterior,CapsuleCollider,1,0,0,0,1,,0,1,ExcludedDynamicRequiresPresenter,0,Excluded,,,The collider is owned by a donor Rigidbody on itself or an ancestor and requires a project-owned dynamic presenter instead of a frozen static blocker.,TemporaryDirectImport,msc-world-baseline-04a1.1-c3f2f337,08A1.6
585c0e5fe2171385cd81268161978d69,49203521c932f5e704ed7b2cf6d46a61,RYKIPOHJA/ChickenHouse 3/chicken_house_roof,chicken_house_roof,Roof,MeshCollider,1,0,1,0,0,73041a6bb45c1784e93c6cb43fb21270,4300000,1,IncludedStaticWorldSolid,1,CellLegacy,WorldSolid,Assets/Game/World/Content/Physics/WorldSolidZeroBounce.physicMaterial,Reviewed static-world solid collider from the frozen M04A1 source table.,TemporaryDirectImport,msc-world-baseline-04a1.1-c3f2f337,08A1.6
591f0d52ba2a27c02d425921d67e0300,206883bb58e13a7fd060a2ef41065785,MAP/MESH/TREES3_COLL,TREES3_COLL,VegetationTree,MeshCollider,1,0,0,0,0,ede30d954e1ba9a49853838c2a7194ee,4300000,1,IncludedStaticWorldSolid,1,TrulyGlobalLegacy,WorldSolid,Assets/Game/World/Content/Physics/WorldSolidZeroBounce.physicMaterial,Reviewed static-world solid collider from the frozen M04A1 source table.,TemporaryDirectImport,msc-world-baseline-04a1.1-c3f2f337,08A1.6
593c38a74715acc53f83e0a5e3130bac,522464788b0e24180d9fc2a541ae9033,MAP/wheat_silos/collider,collider,ColliderOnly,MeshCollider,1,0,0,0,0,51f8f52d0071f25429a5da07c3dc375e,4300000,1,IncludedStaticWorldSolid,1,CellLegacy,WorldSolid,Assets/Game/World/Content/Physics/WorldSolidZeroBounce.physicMaterial,Reviewed static-world solid collider from the frozen M04A1 source table.,TemporaryDirectImport,msc-world-baseline-04a1.1-c3f2f337,08A1.6
599235525daaabb9a7ff1c6d9eee8126,10db27d04271d871a6434250c14bd681,THEATRE/Colliders/coll,coll,ColliderOnly,MeshCollider,1,0,0,0,0,c43959ab0e6eecb4a9dc59f43e1a6269,4300000,1,IncludedStaticWorldSolid,1,CellLegacy,WorldSolid,Assets/Game/World/Content/Physics/WorldSolidZeroBounce.physicMaterial,Reviewed static-world solid collider from the frozen M04A1 source table.,TemporaryDirectImport,msc-world-baseline-04a1.1-c3f2f337,08A1.6
59a22f8704a8c09c026599c766450a9a,d54cbd21652f436bf46a967befcf069a,REPAIRSHOP/LOD/Store/Parts/BuyPiston1,BuyPiston1,ColliderOnly,SphereCollider,1,1,0,0,0,,0,1,ExcludedTrigger,0,Excluded,,,Trigger volumes are not imported by the solid pass.,TemporaryDirectImport,msc-world-baseline-04a1.1-c3f2f337,08A1.6
59a964ef6eaa2489c6997c076fb2de91,3bdc001ecb4442d347f2376b636e2718,REPAIRSHOP/LOD/Lifter,Lifter,BuildingExterior,BoxCollider,1,0,0,0,0,,0,1,IncludedStaticWorldSolid,1,CellLegacy,WorldSolid,Assets/Game/World/Content/Physics/WorldSolidZeroBounce.physicMaterial,Reviewed static-world solid collider from the frozen M04A1 source table.,TemporaryDirectImport,msc-world-baseline-04a1.1-c3f2f337,08A1.6
59ad630572262146955559c725a10200,9062c2adf79f9405834697e9cac30752,CABIN/Cabin/Ventti/Table/GAME/Gamestuff/lantern,lantern,BuildingExterior,BoxCollider,1,0,0,0,1,,0,1,ExcludedDynamicRequiresPresenter,0,Excluded,,,The collider is owned by a donor Rigidbody on itself or an ancestor and requires a project-owned dynamic presenter instead of a frozen static blocker.,TemporaryDirectImport,msc-world-baseline-04a1.1-c3f2f337,08A1.6
59f64ef79ba5e4837411fc2ce96c7788,2b5f8334742f66faa0311342c0898d93,REPAIRSHOP/LOD/ToolCart/Drawer/Tools/Spanners/spanner(10)(Clone),spanner(10)(Clone),ColliderOnly,CapsuleCollider,1,1,0,0,1,,0,0,ExcludedTrigger,0,Excluded,,,Trigger volumes are not imported by the solid pass.,TemporaryDirectImport,msc-world-baseline-04a1.1-c3f2f337,08A1.6
5a14baa08807cb151263d22f269539ae,2bdc3cf9f394d722b77480a3f144b518,STORE/LOD/GFX_Store/BreakableWindows/store_windows_broken/store_windows_broken_001,store_windows_broken_001,Window,MeshCollider,1,0,1,0,1,e6540320722edcf438132fa4c1a6698e,4300000,0,ExcludedInactive,0,Excluded,,,The collider owner is inactive through the frozen donor hierarchy.,TemporaryDirectImport,msc-world-baseline-04a1.1-c3f2f337,08A1.6
5aca927e2263d2e8d26dd8bd48ee69d5,7dfbb8b938b8aeabc2347276d17d0c8e,REPAIRSHOP/LOD/floor jack(itemx)/Lifter/lift,lift,ColliderOnly,BoxCollider,1,0,0,0,1,,0,1,ExcludedDynamicRequiresPresenter,0,Excluded,,,The collider is owned by a donor Rigidbody on itself or an ancestor and requires a project-owned dynamic presenter instead of a frozen static blocker.,TemporaryDirectImport,msc-world-baseline-04a1.1-c3f2f337,08A1.6
5acba0848e083fb902fee910a8258d4a,a235a9fb5dd22e1c9f11591bbe900d1c,YARD/Building/BEDROOM2/house_door1,house_door1,Door,BoxCollider,1,0,0,0,0,,0,1,ExcludedDoorRequiresBinding,0,Excluded,,,A door cannot become a static blocker before a project-owned hinge/interaction binding is authored.,TemporaryDirectImport,msc-world-baseline-04a1.1-c3f2f337,08A1.6
5af6a41223b9c090ae8202fac64e94ba,9f4cbb4cb4fb884082c6821b30796edd,YARD/Building/SAUNA/DoorSauna/Pivot/Handle,Handle,ColliderOnly,SphereCollider,1,1,0,0,0,,0,1,ExcludedTrigger,0,Excluded,,,Trigger volumes are not imported by the solid pass.,TemporaryDirectImport,msc-world-baseline-04a1.1-c3f2f337,08A1.6
5b736bbfb7df55027b86fbbf334e5975,7050aff407c2a67b53a16daaef409bcf,RALLY/Saturday/TimingSaturday/Lines/Reverse,Reverse,ColliderOnly,MeshCollider,1,1,1,0,1,0000000000000000e000000000000000,10210,0,ExcludedTrigger,0,Excluded,,,Trigger volumes are not imported by the solid pass.,TemporaryDirectImport,msc-world-baseline-04a1.1-c3f2f337,08A1.6
5bb0cfea30f9ebd99f2930e31e37a689,0026fbbc3095c4d106ff78e04b3ed3da,SOCCER/SportHut/sport_hut_wall,sport_hut_wall,StaticProp,MeshCollider,1,0,1,0,0,971949461d862a54586098c9b526632a,4300000,1,IncludedStaticWorldSolid,1,CellLegacy,WorldSolid,Assets/Game/World/Content/Physics/WorldSolidZeroBounce.physicMaterial,Reviewed static-world solid collider from the frozen M04A1 source table.,TemporaryDirectImport,msc-world-baseline-04a1.1-c3f2f337,08A1.6
5bc830a1a1fab0effa224f7095cadbfe,cd155aea0d7a5b4961cefcf6b9bd1ed8,REPAIRSHOP/LOD/Store/Parts/BuyWaterpump,BuyWaterpump,ColliderOnly,SphereCollider,1,1,0,0,0,,0,1,ExcludedTrigger,0,Excluded,,,Trigger volumes are not imported by the solid pass.,TemporaryDirectImport,msc-world-baseline-04a1.1-c3f2f337,08A1.6
5bcda421f9501645a8414d05d0d3137a,b3d63c2efad59d55f131f79e6ecd73e6,STORE/LOD/Pumps/gasoline_pumps_roof/concrete,concrete,BuildingExterior,BoxCollider,1,0,0,0,0,,0,1,IncludedStaticWorldSolid,1,CellLegacy,WorldSolid,Assets/Game/World/Content/Physics/WorldSolidZeroBounce.physicMaterial,Reviewed static-world solid collider from the frozen M04A1 source table.,TemporaryDirectImport,msc-world-baseline-04a1.1-c3f2f337,08A1.6
5bd6bf35a7cb4d3fb6f39af9d5fd18ca,b83aa8760828fce9d4e592eae4f87d7f,DRAGRACE/LOD/DRAGSTRIP/DragTiming/LaneLeft/Stageline2left,Stageline2left,ColliderOnly,MeshCollider,1,1,1,0,0,0000000000000000e000000000000000,10210,0,ExcludedTrigger,0,Excluded,,,Trigger volumes are not imported by the solid pass.,TemporaryDirectImport,msc-world-baseline-04a1.1-c3f2f337,08A1.6
5bf0a11c9bd34cbf130588e47f545e81,10b78d0a2476624b82af808bb749300b,COTTAGE/Fireplace/Grilling/GrillTrigger,GrillTrigger,ColliderOnly,SphereCollider,1,1,0,0,0,,0,0,ExcludedTrigger,0,Excluded,,,Trigger volumes are not imported by the solid pass.,TemporaryDirectImport,msc-world-baseline-04a1.1-c3f2f337,08A1.6
5bf66b884453578ea010e581ed1d0b8d,e6a7f9e81b8cfdeb0133ccec428f3a30,THEATRE/LOD/Furniture/chair,chair,BuildingExterior,BoxCollider,1,0,0,0,1,,0,1,ExcludedDynamicRequiresPresenter,0,Excluded,,,The collider is owned by a donor Rigidbody on itself or an ancestor and requires a project-owned dynamic presenter instead of a frozen static blocker.,TemporaryDirectImport,msc-world-baseline-04a1.1-c3f2f337,08A1.6
5c08c071a4f1e2054efd7b40112beec5,db0baeb31bf1da9c7af8115cd9b9653e,CABIN/LOD/Logging/Logwall,Logwall,BuildingExterior,MeshCollider,1,0,1,0,0,920d13f4ebc6a87448a3ddb0b583c289,4300000,1,IncludedStaticWorldSolid,1,CellLegacy,WorldSolid,Assets/Game/World/Content/Physics/WorldSolidZeroBounce.physicMaterial,Reviewed static-world solid collider from the frozen M04A1 source table.,TemporaryDirectImport,msc-world-baseline-04a1.1-c3f2f337,08A1.6
5c18de9b85e0dbd72347a3222966d2c8,87179d69f5b9cf0a6a2588d3ea4cefaf,PERAJARVI/TerraceHouse/BrickWall/roof,roof,Roof,BoxCollider,1,0,0,0,0,,0,1,IncludedStaticWorldSolid,1,CellLegacy,WorldSolid,Assets/Game/World/Content/Physics/WorldSolidZeroBounce.physicMaterial,Reviewed static-world solid collider from the frozen M04A1 source table.,TemporaryDirectImport,msc-world-baseline-04a1.1-c3f2f337,08A1.6
5c1bdd6ab017f20f65dcbde491b7d9e9,8907ed9056302087bc1e57980b105c3a,YARD/Building/LOD/komposti/GarbageTrigger,GarbageTrigger,ColliderOnly,BoxCollider,1,1,0,0,0,,0,1,ExcludedTrigger,0,Excluded,,,Trigger volumes are not imported by the solid pass.,TemporaryDirectImport,msc-world-baseline-04a1.1-c3f2f337,08A1.6
5c508976d7c9afa7099b4ada12f1bba3,de5d5682cbef7d27a48a473d5e85877d,MAP/PierHome/coll,coll,ColliderOnly,BoxCollider,1,0,0,0,0,,0,1,IncludedStaticWorldSolid,1,CellLegacy,WorldSolid,Assets/Game/World/Content/Physics/WorldSolidZeroBounce.physicMaterial,Reviewed static-world solid collider from the frozen M04A1 source table.,TemporaryDirectImport,msc-world-baseline-04a1.1-c3f2f337,08A1.6
5c59a8fb7840c18b2c0d0ff8cbd52a13,9f6ed96e65d5feb02b38715d7f14847a,YARD/UNCLE/Home/UncleHome/Pivot/Char/skeleton/pelvis/spine_middle/spine_upper/collar_left/shoulder_left/arm_left/hand_left/finger_left/VanKeys,VanKeys,ColliderOnly,SphereCollider,1,1,0,0,0,,0,0,ExcludedTrigger,0,Excluded,,,Trigger volumes are not imported by the solid pass.,TemporaryDirectImport,msc-world-baseline-04a1.1-c3f2f337,08A1.6
5c5b3c39fb7e5f876881d5c70fe250cf,87687436d2cecc7a3693b7ec37ab03b1,STORE/LOD/GFX_Store/store_windows,store_windows,Window,MeshCollider,1,0,0,0,0,9511335183d347b49aeb114fc58609ea,4300000,1,IncludedStaticWorldSolid,1,CellLegacy,WorldSolid,Assets/Game/World/Content/Physics/WorldSolidZeroBounce.physicMaterial,Reviewed static-world solid collider from the frozen M04A1 source table.,TemporaryDirectImport,msc-world-baseline-04a1.1-c3f2f337,08A1.6
5c66cdf64836aa74c210cec1fed24a82,84faa90d95926c7e982994a141cc1c6d,REPAIRSHOP/LOD/Store/Parts/BuyRockershaft,BuyRockershaft,ColliderOnly,SphereCollider,1,1,0,0,0,,0,1,ExcludedTrigger,0,Excluded,,,Trigger volumes are not imported by the solid pass.,TemporaryDirectImport,msc-world-baseline-04a1.1-c3f2f337,08A1.6
5c8de9b61573d5e01626a514f9767bb9,74db0c6cdb13767ce5011a8ff8f7e368,STORE/VideoPoker/GameLogic/Buttons/DoubleLow,DoubleLow,ColliderOnly,SphereCollider,1,1,0,0,1,,0,1,ExcludedTrigger,0,Excluded,,,Trigger volumes are not imported by the solid pass.,TemporaryDirectImport,msc-world-baseline-04a1.1-c3f2f337,08A1.6
5cc7b91b46ae018bca7fb8e5856f6f4f,4117e2912d9194a198ee944d212bd606,PERAJARVI/TerraceHouse/BrickWall/roof,roof,Roof,BoxCollider,1,0,0,0,0,,0,1,IncludedStaticWorldSolid,1,CellLegacy,WorldSolid,Assets/Game/World/Content/Physics/WorldSolidZeroBounce.physicMaterial,Reviewed static-world solid collider from the frozen M04A1 source table.,TemporaryDirectImport,msc-world-baseline-04a1.1-c3f2f337,08A1.6
5d10046e8962435c8d073f16dbd4b587,1db32e7210dd207069a716348c032366,PERAJARVI/HouseRintamaCrazy/rintama_base,rintama_base,BuildingExterior,MeshCollider,1,0,0,0,0,48446f75add8a614f8f045f9e296b72b,4300000,1,IncludedStaticWorldSolid,1,CellLegacy,WorldSolid,Assets/Game/World/Content/Physics/WorldSolidZeroBounce.physicMaterial,Reviewed static-world solid collider from the frozen M04A1 source table.,TemporaryDirectImport,msc-world-baseline-04a1.1-c3f2f337,08A1.6
5d3fd5c1874535784cec3c79c221b8a2,d5152af8c652313f76fac853a12f9b6f,DANCEHALL/Functions/BAND/pa 1,pa 1,BuildingExterior,BoxCollider,1,0,0,0,0,,0,0,ExcludedInactive,0,Excluded,,,The collider owner is inactive through the frozen donor hierarchy.,TemporaryDirectImport,msc-world-baseline-04a1.1-c3f2f337,08A1.6
5d4e36ca36e7bbfb17d9dbd4341afd2f,8d99b339c1e303fd2bbdbe6809dbd240,INSPECTION/Functions/garage_doors_open,garage_doors_open,Door,MeshCollider,1,0,0,0,0,e45e082a92f30b54aa12725f9744465c,4300000,0,ExcludedDoorRequiresBinding,0,Excluded,,,A door cannot become a static blocker before a project-owned hinge/interaction binding is authored.,TemporaryDirectImport,msc-world-baseline-04a1.1-c3f2f337,08A1.6
5d5259daf65dc78c8caef5bb49821cd1,be8db122956528c59104501b7767ea8b,SOCCER/goal2/Colliders/coll,coll,ColliderOnly,CapsuleCollider,1,0,0,0,1,,0,1,ExcludedDynamicRequiresPresenter,0,Excluded,,,The collider is owned by a donor Rigidbody on itself or an ancestor and requires a project-owned dynamic presenter instead of a frozen static blocker.,TemporaryDirectImport,msc-world-baseline-04a1.1-c3f2f337,08A1.6
5d778e587fee9218a2689730aeb5f8ce,6a6d3c9b4ebc91e4185da55b0a68a4f2,STORE/LOD/ActivateBar/DrunksBar/Drunk2/skeleton/thig_left,thig_left,ColliderOnly,CapsuleCollider,1,0,0,0,0,,0,1,ExcludedActorOrPlayer,0,Excluded,,,"Actor, NPC, skeleton or player-owned collision belongs to a later project-owned gameplay presenter.",TemporaryDirectImport,msc-world-baseline-04a1.1-c3f2f337,08A1.6
5da05793f44ad1d0cc2133bae2b9fcae,305a60bec6dc056aa974a2d62403d0e9,STORE/LOD/DoorStore/TriggerIn,TriggerIn,ColliderOnly,BoxCollider,1,1,0,0,0,,0,1,ExcludedTrigger,0,Excluded,,,Trigger volumes are not imported by the solid pass.,TemporaryDirectImport,msc-world-baseline-04a1.1-c3f2f337,08A1.6
5dc64015bb2c6dbc244dfad1d9a24b19,4ccc0baf836f57c5e45b43a2f0592b99,DANCEHALL/Functions/Dancer/Pivot/pelvis/spine_mid/shoulders(xxxxx)/collar_left/shoulder(leftx),shoulder(leftx),ColliderOnly,CapsuleCollider,1,0,0,0,1,,0,0,ExcludedInactive,0,Excluded,,,The collider owner is inactive through the frozen donor hierarchy.,TemporaryDirectImport,msc-world-baseline-04a1.1-c3f2f337,08A1.6
5df23eafe19ec54264c34aae8bd22688,83789f258b2f83c496656bafae56514b,COTTAGE/Grill/Fireplace/SausageTrigger,SausageTrigger,ColliderOnly,SphereCollider,1,1,0,0,0,,0,1,ExcludedTrigger,0,Excluded,,,Trigger volumes are not imported by the solid pass.,TemporaryDirectImport,msc-world-baseline-04a1.1-c3f2f337,08A1.6
5e19611080f4ec25091d0fb51a8f96cd,b06590a0f6c1c241776ca728594b119d,STORE/LOD/ActivateStore/FoodProducts/Pizza,Pizza,ColliderOnly,CapsuleCollider,1,1,0,0,0,,0,1,ExcludedTrigger,0,Excluded,,,Trigger volumes are not imported by the solid pass.,TemporaryDirectImport,msc-world-baseline-04a1.1-c3f2f337,08A1.6
5e1fca967b1da17d6e8bc5112c9ebc0b,e1737238d2d910d4cf3f8121e129d1a1,WATERFACILITY/LOD/facility_fence,facility_fence,Fence,MeshCollider,1,0,0,0,0,51a5a5ce98b55214ea93091519c397fb,4300000,1,IncludedStaticWorldSolid,1,CellLegacy,WorldSolid,Assets/Game/World/Content/Physics/WorldSolidZeroBounce.physicMaterial,Reviewed static-world solid collider from the frozen M04A1 source table.,TemporaryDirectImport,msc-world-baseline-04a1.1-c3f2f337,08A1.6
5e47dafc6c372219bc6612558370d282,58809354387a1087b1d3da4e7f1f933c,YARD/Building/SAUNA/LOD_sauna/WindowSauna,WindowSauna,Window,BoxCollider,1,0,0,0,0,,0,1,IncludedStaticWorldSolid,1,CellLegacy,WorldSolid,Assets/Game/World/Content/Physics/WorldSolidZeroBounce.physicMaterial,Reviewed static-world solid collider from the frozen M04A1 source table.,TemporaryDirectImport,msc-world-baseline-04a1.1-c3f2f337,08A1.6
5e74134f900be348e55a762eb3938e7c,40bfaf26ded22db2438894014bbbd415,MAP/MESH/LAKEBED,LAKEBED,Water,MeshCollider,1,0,0,0,0,66153ce7364c1e04cb739c4d81250c27,4300000,1,IncludedSafetyCriticalGlobal,1,GlobalLegacy,WorldSurface,Assets/Game/World/Content/Physics/WorldSurfaceZeroBounce.physicMaterial,Lakebed safety without water-surface blocking,TemporaryDirectImport,msc-world-baseline-04a1.1-c3f2f337,08A1.6
5e7e358d14b736bcac00bed7e65ec921,5eaeb98de8e3cd26e85b0d48d34ebae5,RALLY/Sunday/TimingSunday/Checkpoint04,Checkpoint04,ColliderOnly,MeshCollider,1,1,1,0,1,0000000000000000e000000000000000,10210,0,ExcludedTrigger,0,Excluded,,,Trigger volumes are not imported by the solid pass.,TemporaryDirectImport,msc-world-baseline-04a1.1-c3f2f337,08A1.6
5e8546883b30710ab5977e94577cd0c8,1618f19ca47c1b9146b848e97cdb1ec3,YARD/UNCLE/Home/UncleHome/Pivot/Char/HumanCollider,HumanCollider,ColliderOnly,CapsuleCollider,1,0,0,0,0,,0,0,ExcludedInactive,0,Excluded,,,The collider owner is inactive through the frozen donor hierarchy.,TemporaryDirectImport,msc-world-baseline-04a1.1-c3f2f337,08A1.6
5eb3b2de230645a88ffe4c67645814cf,a196608fe2f44372394f8a311709dbe0,YARD/UNCLE/Shed/shed_wood_white,shed_wood_white,BuildingExterior,MeshCollider,1,0,0,0,0,fc6aa759dcce2744bba320d445201911,4300000,1,IncludedStaticWorldSolid,1,CellLegacy,WorldSolid,Assets/Game/World/Content/Physics/WorldSolidZeroBounce.physicMaterial,Reviewed static-world solid collider from the frozen M04A1 source table.,TemporaryDirectImport,msc-world-baseline-04a1.1-c3f2f337,08A1.6
5eb9a934bf457e7d02d575fbea319185,7cfad4d8b9c6c6363aeae842ecc7f2bb,COTTAGE/LOD/Chair,Chair,BuildingExterior,BoxCollider,1,0,0,0,0,,0,1,IncludedStaticWorldSolid,1,CellLegacy,WorldSolid,Assets/Game/World/Content/Physics/WorldSolidZeroBounce.physicMaterial,Reviewed static-world solid collider from the frozen M04A1 source table.,TemporaryDirectImport,msc-world-baseline-04a1.1-c3f2f337,08A1.6
5ef000a96457d6b1a15eb7d9b8efe108,ae270fb74498e0ce24d2bf13c376ccbe,PERAJARVI/HouseWhite/house_white/house_whitebrick_roof,house_whitebrick_roof,Roof,MeshCollider,1,0,1,0,0,d98027f2d63dd064799d4d96e8ed000c,4300000,1,IncludedStaticWorldSolid,1,CellLegacy,WorldSolid,Assets/Game/World/Content/Physics/WorldSolidZeroBounce.physicMaterial,Reviewed static-world solid collider from the frozen M04A1 source table.,TemporaryDirectImport,msc-world-baseline-04a1.1-c3f2f337,08A1.6
5f42553d6351d8651204371444200bac,74e4d1ad4c853827489303861253fef7,YARD/Building/HOUSEFIRE/Livingroom/ParticleFire/FireTrigger,FireTrigger,ColliderOnly,CapsuleCollider,1,1,0,0,0,,0,0,ExcludedTrigger,0,Excluded,,,Trigger volumes are not imported by the solid pass.,TemporaryDirectImport,msc-world-baseline-04a1.1-c3f2f337,08A1.6
5f44b6eb31f67d7188f6ddb5d020358f,f4d6ce5eef62b3acdfa7a7b4e58436e9,DANCEHALL/Functions/Dancer/Pivot/pelvis/spine_mid/shoulders(xxxxx)/collar_left/shoulder(leftx)/arm(leftx),arm(leftx),ColliderOnly,CapsuleCollider,1,0,0,0,1,,0,0,ExcludedInactive,0,Excluded,,,The collider owner is inactive through the frozen donor hierarchy.,TemporaryDirectImport,msc-world-baseline-04a1.1-c3f2f337,08A1.6
5f48b3a7a4e0ea571c11126a8096a1e8,0ac29f92469272a50c719e01773bc1b2,DANCEHALL/Functions/DanceCouple,DanceCouple,ColliderOnly,CapsuleCollider,1,0,0,0,1,,0,0,ExcludedInactive,0,Excluded,,,The collider owner is inactive through the frozen donor hierarchy.,TemporaryDirectImport,msc-world-baseline-04a1.1-c3f2f337,08A1.6
5f97413a8c26fe17edb21dc07cfb5a65,ecb55a77796f1fd9d045f6a9ad81041a,MAP/Buildings/DINGONBIISI/autiotalo/LOD/oven,oven,StaticProp,CapsuleCollider,1,0,0,0,0,,0,1,IncludedStaticWorldSolid,1,CellLegacy,WorldSolid,Assets/Game/World/Content/Physics/WorldSolidZeroBounce.physicMaterial,Reviewed static-world solid collider from the frozen M04A1 source table.,TemporaryDirectImport,msc-world-baseline-04a1.1-c3f2f337,08A1.6
5ffa4ceb85d5ffc04c8540d16e6e7176,eb9fb7162f2d4f06e9f510364f02dc05,STORE/TeimoInBike/Bicycle/Functions/Teimo/skeleton/pelvis/spine_middle/spine_upper/collar_left/shoulder_left/arm_left/hand_left/ItemPivot/CoffeeCup,CoffeeCup,BuildingExterior,BoxCollider,1,0,0,0,0,,0,0,ExcludedInactive,0,Excluded,,,The collider owner is inactive through the frozen donor hierarchy.,TemporaryDirectImport,msc-world-baseline-04a1.1-c3f2f337,08A1.6
6012104e9338545bce6cc49d76b645f9,646a01613d8c0738c4ef9464d087b23f,YARD/Building/LIVINGROOM/LOD_livingroom/MAP/Darts/GrandmaFish,GrandmaFish,BuildingInterior,SphereCollider,1,1,0,0,0,,0,0,ExcludedTrigger,0,Excluded,,,Trigger volumes are not imported by the solid pass.,TemporaryDirectImport,msc-world-baseline-04a1.1-c3f2f337,08A1.6
6015c03893dd387866af9d44dc923f4b,57f50fe26a6eb7fd5077f63f5401089e,YARD/Building/Colliders/coll,coll,ColliderOnly,BoxCollider,1,0,0,0,0,,0,1,IncludedSafetyCriticalGlobal,1,GlobalLegacy,WorldSolid,Assets/Game/World/Content/Physics/WorldSolidZeroBounce.physicMaterial,Home spawn structural safety,TemporaryDirectImport,msc-world-baseline-04a1.1-c3f2f337,08A1.6
6019a247501019a7bcad27977f3b8227,f9e0e681ecb4d771b224952c82bafd85,COTTAGE/Sauna/Stove/Flame/FireEffects/GrillTrigger,GrillTrigger,ColliderOnly,CapsuleCollider,1,1,0,0,0,,0,0,ExcludedTrigger,0,Excluded,,,Trigger volumes are not imported by the solid pass.,TemporaryDirectImport,msc-world-baseline-04a1.1-c3f2f337,08A1.6
602571484dd0e248a34789b8a6c160a3,34536828af6c2381e36dc907705d5d4f,CABIN/SHITHOUSE/SavePivot/SAVEGAME,SAVEGAME,ColliderOnly,SphereCollider,1,1,0,0,0,,0,0,ExcludedTrigger,0,Excluded,,,Trigger volumes are not imported by the solid pass.,TemporaryDirectImport,msc-world-baseline-04a1.1-c3f2f337,08A1.6
606aaf95c6ab4878fcefb419151742f0,91e2ef446312262beab60d72428ee0ca,DANCEHALL/Functions/FIGHTER/Fighter/Pivot/Char/skeleton/pelvis/spine_middle/spine_upper/PhysHead,PhysHead,ColliderOnly,SphereCollider,1,0,0,0,1,,0,0,ExcludedInactive,0,Excluded,,,The collider owner is inactive through the frozen donor hierarchy.,TemporaryDirectImport,msc-world-baseline-04a1.1-c3f2f337,08A1.6
60775f706825015e8c54371b1abb3ff6,7a77d8943a61768f92d30c779d36d467,SOCCER/LOD/KID2/Offset/RagDoll,RagDoll,ColliderOnly,BoxCollider,1,0,0,0,1,,0,0,ExcludedInactive,0,Excluded,,,The collider owner is inactive through the frozen donor hierarchy.,TemporaryDirectImport,msc-world-baseline-04a1.1-c3f2f337,08A1.6
60faf0f10aee20fb423bbe4febb14b53,0916cc8e972535df9824289450fb9283,YARD/Building/KITCHEN/kitchen_sokkeli/coll,coll,ColliderOnly,BoxCollider,1,0,0,0,0,,0,1,IncludedStaticWorldSolid,1,CellLegacy,WorldSolid,Assets/Game/World/Content/Physics/WorldSolidZeroBounce.physicMaterial,Reviewed static-world solid collider from the frozen M04A1 source table.,TemporaryDirectImport,msc-world-baseline-04a1.1-c3f2f337,08A1.6
613e55771e0ffc05f6f23699c3f6960d,794dbc2a35d67aea045c9fe8f437b972,YARD/PlayerMailBox/AdComputer,AdComputer,ColliderOnly,CapsuleCollider,1,1,0,0,0,,0,0,ExcludedTrigger,0,Excluded,,,Trigger volumes are not imported by the solid pass.,TemporaryDirectImport,msc-world-baseline-04a1.1-c3f2f337,08A1.6
61707b7c00504fbedb8aa0995b1f91eb,b67a37352ba06340b6b2d5671a62e500,PERAJARVI/MailBox/BoxHatch,BoxHatch,ColliderOnly,SphereCollider,1,1,0,0,0,,0,1,ExcludedTrigger,0,Excluded,,,Trigger volumes are not imported by the solid pass.,TemporaryDirectImport,msc-world-baseline-04a1.1-c3f2f337,08A1.6
61a5276f1fda448d469ec73cbbbf222c,3672bffa0de3988b60977f9b7e6d388b,DRAGRACE/LOD/DRAGSTRIP/DragTiming/LaneRight/330ft,330ft,ColliderOnly,MeshCollider,1,1,1,0,0,0000000000000000e000000000000000,10210,0,ExcludedTrigger,0,Excluded,,,Trigger volumes are not imported by the solid pass.,TemporaryDirectImport,msc-world-baseline-04a1.1-c3f2f337,08A1.6
61ac95d24f4a6d920185c2e3f44f1fa4,3b8ee4cdc3fa6f4588d1bda9bdf77e0c,STORE/LOD/ActivateStore/CarProducts/Fanbelt,Fanbelt,ColliderOnly,SphereCollider,1,1,0,0,0,,0,1,ExcludedTrigger,0,Excluded,,,Trigger volumes are not imported by the solid pass.,TemporaryDirectImport,msc-world-baseline-04a1.1-c3f2f337,08A1.6
61bcbe2eb40a962c69c400dde7c3cfbc,bea43d6abc92e09edca591dcccec90cb,DANCEHALL/Functions/DanceCouple/Dancer2/Pivot/pelvis/spine_middle/spine_upper/collar_right/shoulder_right/arm_right,arm_right,ColliderOnly,CapsuleCollider,1,0,0,0,1,,0,0,ExcludedInactive,0,Excluded,,,The collider owner is inactive through the frozen donor hierarchy.,TemporaryDirectImport,msc-world-baseline-04a1.1-c3f2f337,08A1.6
61c88d476f70ba6a6ad103ff2e8a42cb,7857374feb62f29c9da1fbfe992f5965,DANCEHALL/Functions/Dancer/Pivot/pelvis/spine_mid/shoulders(xxxxx)/collar_right/shoulder(right),shoulder(right),ColliderOnly,CapsuleCollider,1,0,0,0,1,,0,0,ExcludedInactive,0,Excluded,,,The collider owner is inactive through the frozen donor hierarchy.,TemporaryDirectImport,msc-world-baseline-04a1.1-c3f2f337,08A1.6
61d9bbd6426731fef3cbf1ff67f1d725,a92066fa4530a065f53107c737298fe2,YARD/Building/BEDROOM1/COMPUTER/Computer/Meshes/386_monitor(xxxxx),386_monitor(xxxxx),BuildingInterior,BoxCollider,1,0,0,0,0,,0,0,ExcludedInactive,0,Excluded,,,The collider owner is inactive through the frozen donor hierarchy.,TemporaryDirectImport,msc-world-baseline-04a1.1-c3f2f337,08A1.6
61e9aa83aaca2c80181100b4302e2023,ea9d2af3c36fa9ef81aff11a25e6ec54,STORE/LOD/DoorStore/Pivot/mesh,mesh,BuildingExterior,BoxCollider,1,0,0,0,1,,0,1,ExcludedDoorRequiresBinding,0,Excluded,,,A door cannot become a static blocker before a project-owned hinge/interaction binding is authored.,TemporaryDirectImport,msc-world-baseline-04a1.1-c3f2f337,08A1.6
62191a67057a7b6c073c9ca36336bea2,6642ba9b40dbd4a3c1ec79e4455b4d51,MAP/BusStop/coll,coll,ColliderOnly,MeshCollider,1,0,1,0,1,629a4157f5cc1544aa35908a63a1243b,4300000,1,ExcludedDynamicRequiresPresenter,0,Excluded,,,The collider is owned by a donor Rigidbody on itself or an ancestor and requires a project-owned dynamic presenter instead of a frozen static blocker.,TemporaryDirectImport,msc-world-baseline-04a1.1-c3f2f337,08A1.6
6236bd1d58161e4e4317918d2309da90,bd26f3c8eee686940167bd6fd2a493b5,MAP/BusStop/coll,coll,ColliderOnly,MeshCollider,1,0,1,0,1,baac663e0bf01a14c9b959933eb714cf,4300000,1,ExcludedDynamicRequiresPresenter,0,Excluded,,,The collider is owned by a donor Rigidbody on itself or an ancestor and requires a project-owned dynamic presenter instead of a frozen static blocker.,TemporaryDirectImport,msc-world-baseline-04a1.1-c3f2f337,08A1.6
629f07dc080bd7ed733efa091f074535,a175e23197aada1470e6751c7c82937e,STORE/LOD/ActivateStore/FoodProducts/Charcoal,Charcoal,ColliderOnly,CapsuleCollider,1,1,0,0,0,,0,1,ExcludedTrigger,0,Excluded,,,Trigger volumes are not imported by the solid pass.,TemporaryDirectImport,msc-world-baseline-04a1.1-c3f2f337,08A1.6
62c1d4b73d26c969590e4095a487fd7d,c660e4bd62f775577c79c6d6a59f998d,REPAIRSHOP/LOD/ToolCart/Drawer/Tools/Sockets/socket(8)(Clone),socket(8)(Clone),ColliderOnly,SphereCollider,1,1,0,0,1,,0,0,ExcludedTrigger,0,Excluded,,,Trigger volumes are not imported by the solid pass.,TemporaryDirectImport,msc-world-baseline-04a1.1-c3f2f337,08A1.6
62cf57c3e23b2f75b5df8ad3eb3d0665,6dd394a9261a1de4cc9e5c617740da19,YARD/UNCLE/LOD/truck_wreck,truck_wreck,BuildingExterior,BoxCollider,1,0,0,0,0,,0,1,IncludedStaticWorldSolid,1,CellLegacy,WorldSolid,Assets/Game/World/Content/Physics/WorldSolidZeroBounce.physicMaterial,Reviewed static-world solid collider from the frozen M04A1 source table.,TemporaryDirectImport,msc-world-baseline-04a1.1-c3f2f337,08A1.6
62d7b8af371bfb51350dabd1c886658d,755bc57b77c34bfa9a24dc8dec1b80c4,CABIN/Cabin/woodstove/Fireplace/Grilling/GrillTrigger,GrillTrigger,ColliderOnly,SphereCollider,1,1,0,0,0,,0,0,ExcludedTrigger,0,Excluded,,,Trigger volumes are not imported by the solid pass.,TemporaryDirectImport,msc-world-baseline-04a1.1-c3f2f337,08A1.6
62dac41a6fa31d5b8f0996eeba022157,d03fd114bfe5d7f184cc6086e010b414,DANCEHALL/Functions/BAND/SYNTH/Synthist,Synthist,ColliderOnly,CapsuleCollider,1,0,0,0,0,,0,0,ExcludedInactive,0,Excluded,,,The collider owner is inactive through the frozen donor hierarchy.,TemporaryDirectImport,msc-world-baseline-04a1.1-c3f2f337,08A1.6
6313f083e6e2d5ce36ff5cc03239b921,9c89db37fe070ef27df6a52109c8407e,COTTAGE/Sauna/Stove/SetFire,SetFire,ColliderOnly,CapsuleCollider,1,1,0,0,0,,0,0,ExcludedTrigger,0,Excluded,,,Trigger volumes are not imported by the solid pass.,TemporaryDirectImport,msc-world-baseline-04a1.1-c3f2f337,08A1.6
63922191c92036fae63456a69530d0cf,4f9fc010f2942e99e19abf3235b02a7c,MAP/Buildings/DINGONBIISI/autiotalo/mesh/buildingvino_Cube.003_None_plaster.jpg 2,buildingvino_Cube.003_None_plaster.jpg 2,StaticProp,MeshCollider,1,0,0,0,0,c6c3970dc43f12544b5787549fbe5b7f,4300000,1,IncludedStaticWorldSolid,1,CellLegacy,WorldSolid,Assets/Game/World/Content/Physics/WorldSolidZeroBounce.physicMaterial,Reviewed static-world solid collider from the frozen M04A1 source table.,TemporaryDirectImport,msc-world-baseline-04a1.1-c3f2f337,08A1.6
63fcb6c8f7ed5136e3fe93bb2b59eee0,ef7cdd05bfe0812bc677a95617bb5cc1,COTTAGE/LOD/Cottage_windows 1,Cottage_windows 1,Window,MeshCollider,1,0,0,0,0,96ba56cc46463684c9a3639e7819f645,4300000,1,IncludedStaticWorldSolid,1,CellLegacy,WorldSolid,Assets/Game/World/Content/Physics/WorldSolidZeroBounce.physicMaterial,Reviewed static-world solid collider from the frozen M04A1 source table.,TemporaryDirectImport,msc-world-baseline-04a1.1-c3f2f337,08A1.6
6432fadd02df691372411071ad0ef935,16a89d38be08d94cfe13aa9ff9979580,YARD/Building/LIVINGROOM/Fireplace/WoodTrigger,WoodTrigger,ColliderOnly,BoxCollider,1,1,0,0,0,,0,1,ExcludedTrigger,0,Excluded,,,Trigger volumes are not imported by the solid pass.,TemporaryDirectImport,msc-world-baseline-04a1.1-c3f2f337,08A1.6
643be4bbdadaeec54c6cc21808d6404b,732d5d7259e3300a32a4e50fc552328d,RALLY/Sunday/FinishArea/Stuff/RallyResultsSheetSUN,RallyResultsSheetSUN,InteractivePropCandidate,BoxCollider,1,1,0,0,0,,0,0,ExcludedTrigger,0,Excluded,,,Trigger volumes are not imported by the solid pass.,TemporaryDirectImport,msc-world-baseline-04a1.1-c3f2f337,08A1.6
64421e04c3f2088da2e61d3cc207274b,4174636df27d15823d46599cd36e320b,STORE/LOD/ActivateStore/SpraycanProducts/Spray08,Spray08,ColliderOnly,CapsuleCollider,1,1,0,0,0,,0,1,ExcludedTrigger,0,Excluded,,,Trigger volumes are not imported by the solid pass.,TemporaryDirectImport,msc-world-baseline-04a1.1-c3f2f337,08A1.6
645d4b055d0755fc223e61455364c56b,f273d39f0961a6bc1c0a880abebf26af,STORE/LOD/DoorBar/TriggerIn,TriggerIn,ColliderOnly,BoxCollider,1,1,0,0,0,,0,1,ExcludedTrigger,0,Excluded,,,Trigger volumes are not imported by the solid pass.,TemporaryDirectImport,msc-world-baseline-04a1.1-c3f2f337,08A1.6
648af43fc404fd81c1c5796f2f0dd4aa,d952cc8b07df21858bc578015b6d71f1,STORE/TeimoInBike/Bicycle/Functions/bicycle/coll,coll,ColliderOnly,BoxCollider,1,0,0,0,1,,0,0,ExcludedInactive,0,Excluded,,,The collider owner is inactive through the frozen donor hierarchy.,TemporaryDirectImport,msc-world-baseline-04a1.1-c3f2f337,08A1.6
64d3a8390429a7f038fe1e2da3209059,8946ab55e770546f2c76e72945c54f24,MAP/StreetLights/3/LOD/lightpole 1,lightpole 1,UtilityPole,CapsuleCollider,1,0,0,0,0,,0,1,IncludedStaticWorldSolid,1,CellLegacy,WorldSolid,Assets/Game/World/Content/Physics/WorldSolidZeroBounce.physicMaterial,Reviewed static-world solid collider from the frozen M04A1 source table.,TemporaryDirectImport,msc-world-baseline-04a1.1-c3f2f337,08A1.6
6504b702787979086071c234afed2975,b3eca11c8e37cc9f9e62f2702083e686,MAP/Buildings/DINGONBIISI/autiotalo/LOD/oven,oven,StaticProp,CapsuleCollider,1,0,0,0,0,,0,1,IncludedStaticWorldSolid,1,CellLegacy,WorldSolid,Assets/Game/World/Content/Physics/WorldSolidZeroBounce.physicMaterial,Reviewed static-world solid collider from the frozen M04A1 source table.,TemporaryDirectImport,msc-world-baseline-04a1.1-c3f2f337,08A1.6
65350dd1c08953edab095fde01a34a3b,aabe46ea2b7c4d171fb9e8dc081f824f,YARD/UNCLE/Building/houseuncle_hallway_floor,houseuncle_hallway_floor,Floor,MeshCollider,1,0,0,0,0,d0ac97d77199558468bf1ed0beafda5d,4300000,1,IncludedStaticWorldSolid,1,CellLegacy,WorldSurface,Assets/Game/World/Content/Physics/WorldSurfaceZeroBounce.physicMaterial,Reviewed static-world solid collider from the frozen M04A1 source table.,TemporaryDirectImport,msc-world-baseline-04a1.1-c3f2f337,08A1.6
657627eb309573dd5e80c3bfc599ce9d,350cce0960b8b797f2320f3ad9f58fbc,YARD/Building/BATHROOM/Shower/Switch,Switch,ColliderOnly,SphereCollider,1,1,0,0,0,,0,1,ExcludedTrigger,0,Excluded,,,Trigger volumes are not imported by the solid pass.,TemporaryDirectImport,msc-world-baseline-04a1.1-c3f2f337,08A1.6
6596f515eedaa17c3b766f7a92af75bd,0a44a11c2e5fab6b0643f992fdc13bbc,YARD/Building/LIVINGROOM/LOD_livingroom/wcbowl,wcbowl,BuildingInterior,BoxCollider,1,0,0,0,0,,0,1,IncludedStaticWorldSolid,1,CellLegacy,WorldSolid,Assets/Game/World/Content/Physics/WorldSolidZeroBounce.physicMaterial,Reviewed static-world solid collider from the frozen M04A1 source table.,TemporaryDirectImport,msc-world-baseline-04a1.1-c3f2f337,08A1.6
65abd977d8b6c5b9e2078402606ca4f9,63647d21fc19c43864a0c000ce2c3404,STORE/LOD/Pumps/GasolinePumpPÖ/fueloil_base/fueloil_parts_base,fueloil_parts_base,BuildingExterior,BoxCollider,1,0,0,0,0,,0,1,IncludedStaticWorldSolid,1,CellLegacy,WorldSolid,Assets/Game/World/Content/Physics/WorldSolidZeroBounce.physicMaterial,Reviewed static-world solid collider from the frozen M04A1 source table.,TemporaryDirectImport,msc-world-baseline-04a1.1-c3f2f337,08A1.6
65c59c38840e5d4d3999bea6d2d2c436,f8187cefe9b227a854a16e004e973a60,YARD/MachineHall/NoRain,NoRain,ColliderOnly,MeshCollider,1,0,0,0,0,0000000000000000e000000000000000,10210,1,ExcludedBuiltinMeshRequiresMapping,0,Excluded,,,The donor collider references a Unity built-in mesh; no render-mesh fallback is permitted.,TemporaryDirectImport,msc-world-baseline-04a1.1-c3f2f337,08A1.6
65cd242caae8b9d1028823f08ad8342e,7d39848f91ff6b7b08130c55efba0ca3,CABIN/BurntHouse/burnt_house_stack,burnt_house_stack,BuildingExterior,MeshCollider,1,0,0,0,0,b5a143da926aeb04eb4a0899776b5a38,4300000,1,IncludedStaticWorldSolid,1,CellLegacy,WorldSolid,Assets/Game/World/Content/Physics/WorldSolidZeroBounce.physicMaterial,Reviewed static-world solid collider from the frozen M04A1 source table.,TemporaryDirectImport,msc-world-baseline-04a1.1-c3f2f337,08A1.6
65d0388ef8672f4f31d1866f4f18aca8,3bc8660b32d7096eed854262986773e3,STORE/LOD/ActivateBar/DrunksBar/Drunk1/skeleton/thig_left,thig_left,ColliderOnly,CapsuleCollider,1,0,0,0,0,,0,1,ExcludedActorOrPlayer,0,Excluded,,,"Actor, NPC, skeleton or player-owned collision belongs to a later project-owned gameplay presenter.",TemporaryDirectImport,msc-world-baseline-04a1.1-c3f2f337,08A1.6
65fdf2bb5ea14136e7637a1da0dcc9b4,81a9bff1b10b3ffbb0d09d11cca9e8aa,MAP/Buildings/BarnOld/lato_door1,lato_door1,Door,MeshCollider,1,0,0,0,0,0eb4d0a4cf353594d80da35acc3e37d1,4300000,1,ExcludedDoorRequiresBinding,0,Excluded,,,A door cannot become a static blocker before a project-owned hinge/interaction binding is authored.,TemporaryDirectImport,msc-world-baseline-04a1.1-c3f2f337,08A1.6
66623128e02a161f4f661105e4d959ef,6dde048dce57ef4c5b1b3ee65e518096,PERAJARVI/HouseRintamaCrazy/Watcher/Window/Pivot/window_frame,window_frame,Window,BoxCollider,1,0,0,0,0,,0,1,IncludedStaticWorldSolid,1,CellLegacy,WorldSolid,Assets/Game/World/Content/Physics/WorldSolidZeroBounce.physicMaterial,Reviewed static-world solid collider from the frozen M04A1 source table.,TemporaryDirectImport,msc-world-baseline-04a1.1-c3f2f337,08A1.6
66de166ca19d8d66baca1773938992ec,8ba588967c9607e02467e22849192373,MISC/holiday present(Clon2)/Parts/Money,Money,InteractivePropCandidate,BoxCollider,1,0,0,0,1,,0,0,ExcludedInactive,0,Excluded,,,The collider owner is inactive through the frozen donor hierarchy.,TemporaryDirectImport,msc-world-baseline-04a1.1-c3f2f337,08A1.6
6709646423b9a0fba7825116b0e05c92,a4d1002a04a13ae8e32aafc292a60b9d,RYKIPOHJA/Greenhouse,Greenhouse,BuildingExterior,MeshCollider,1,0,0,0,0,6423d68bbeaf89f4cb71c4c15c09c0bc,4300000,1,IncludedStaticWorldSolid,1,CellLegacy,WorldSolid,Assets/Game/World/Content/Physics/WorldSolidZeroBounce.physicMaterial,Reviewed static-world solid collider from the frozen M04A1 source table.,TemporaryDirectImport,msc-world-baseline-04a1.1-c3f2f337,08A1.6
673c24834e5a66f8c71aa694167dfd5c,f6c7b6adf955be0edd75d3e9a0dd6743,WATERFACILITY/LOD/Functions/Servant/TriggerIn,TriggerIn,ColliderOnly,SphereCollider,1,1,0,0,0,,0,1,ExcludedTrigger,0,Excluded,,,Trigger volumes are not imported by the solid pass.,TemporaryDirectImport,msc-world-baseline-04a1.1-c3f2f337,08A1.6
674a783a7b006dbb760b670627d7c706,24f5b96d9fc7730b41c087a5547e605d,CABIN/Cabin/Ventti/Table/GAME/Gamestuff/Stand,Stand,ColliderOnly,SphereCollider,1,1,0,0,1,,0,0,ExcludedTrigger,0,Excluded,,,Trigger volumes are not imported by the solid pass.,TemporaryDirectImport,msc-world-baseline-04a1.1-c3f2f337,08A1.6
67962e97f43090484bcffe291b0513f3,ec651b59a28d801c828ca285db406dbc,YARD/MachineHall/Logging/Pölkky/LogCheck,LogCheck,ColliderOnly,SphereCollider,1,1,0,0,0,,0,1,ExcludedTrigger,0,Excluded,,,Trigger volumes are not imported by the solid pass.,TemporaryDirectImport,msc-world-baseline-04a1.1-c3f2f337,08A1.6
681b62aad7836b325152bd047ec7a6d6,55227cefea26646b923bc1bed9a8ccd3,MAP/MESH/LogwallLarge,LogwallLarge,StaticProp,MeshCollider,1,0,1,0,0,02cdb7667d9ca4d49b627702944f9953,4300000,1,IncludedStaticWorldSolid,1,TrulyGlobalLegacy,WorldSolid,Assets/Game/World/Content/Physics/WorldSolidZeroBounce.physicMaterial,Reviewed static-world solid collider from the frozen M04A1 source table.,TemporaryDirectImport,msc-world-baseline-04a1.1-c3f2f337,08A1.6
6842c767bb3d97a3fd86924b92596b05,30b29b17b176bfc15d50461317e4d153,YARD/Building/KITCHEN/Pantry/wood,wood,BuildingInterior,BoxCollider,1,0,0,0,0,,0,1,IncludedStaticWorldSolid,1,CellLegacy,WorldSolid,Assets/Game/World/Content/Physics/WorldSolidZeroBounce.physicMaterial,Reviewed static-world solid collider from the frozen M04A1 source table.,TemporaryDirectImport,msc-world-baseline-04a1.1-c3f2f337,08A1.6
686a4302ef8da8b3353ace043f5d6e95,a055f0c8fb9c341695a9b55472f143ed,YARD/Building/Garage/Shelfs/coll,coll,ColliderOnly,BoxCollider,1,0,0,0,0,,0,1,IncludedStaticWorldSolid,1,CellLegacy,WorldSolid,Assets/Game/World/Content/Physics/WorldSolidZeroBounce.physicMaterial,Reviewed static-world solid collider from the frozen M04A1 source table.,TemporaryDirectImport,msc-world-baseline-04a1.1-c3f2f337,08A1.6
6894d004d8bdc3adc05a6c2296ab9c16,fe980212054fd24ac0bf9a9fa7aee8d2,YARD/UNCLE/LOD/komposti 2/komposti,komposti,BuildingExterior,BoxCollider,1,0,0,0,0,,0,1,IncludedStaticWorldSolid,1,CellLegacy,WorldSolid,Assets/Game/World/Content/Physics/WorldSolidZeroBounce.physicMaterial,Reviewed static-world solid collider from the frozen M04A1 source table.,TemporaryDirectImport,msc-world-baseline-04a1.1-c3f2f337,08A1.6
68c78fe76fc6f99450019152b4f58f73,abf223fcb06a11fb0328491a349781a6,DANCEHALL/Functions/DanceCouple/Dancer1/Pivot,Pivot,ColliderOnly,BoxCollider,1,0,0,0,1,,0,0,ExcludedInactive,0,Excluded,,,The collider owner is inactive through the frozen donor hierarchy.,TemporaryDirectImport,msc-world-baseline-04a1.1-c3f2f337,08A1.6
68f935617a310d3c7fc6c3d53a76a7b7,09048fc248fca7a84319ea3531a34285,MAP/Buildings/HouseOld2/wall,wall,StaticProp,BoxCollider,1,0,0,0,0,,0,1,IncludedStaticWorldSolid,1,CellLegacy,WorldSolid,Assets/Game/World/Content/Physics/WorldSolidZeroBounce.physicMaterial,Reviewed static-world solid collider from the frozen M04A1 source table.,TemporaryDirectImport,msc-world-baseline-04a1.1-c3f2f337,08A1.6
69379bb8f47f07c093efae20bbacc334,9674a0b5c62f3b43987f4a0dc8e62822,YARD/Building/LIVINGROOM/LOD_livingroom/MAP/Darts/BoozeJob,BoozeJob,BuildingInterior,SphereCollider,1,1,0,0,0,,0,0,ExcludedTrigger,0,Excluded,,,Trigger volumes are not imported by the solid pass.,TemporaryDirectImport,msc-world-baseline-04a1.1-c3f2f337,08A1.6
6942c9ee4f6e2294277e0bc2a324f508,c7d41a47731c4032da0dcdfb02aa381e,MAP/Buildings/DINGONBIISI/autiotalo/LOD/Table,Table,StaticProp,BoxCollider,1,0,0,0,1,,0,1,ExcludedDynamicRequiresPresenter,0,Excluded,,,The collider is owned by a donor Rigidbody on itself or an ancestor and requires a project-owned dynamic presenter instead of a frozen static blocker.,TemporaryDirectImport,msc-world-baseline-04a1.1-c3f2f337,08A1.6
6958caf3ea66efe174af58419f785d3b,ee311f184fa1692c2dc38c6f04a942f5,PERAJARVI/MailBox/BoxHatch,BoxHatch,ColliderOnly,SphereCollider,1,1,0,0,0,,0,1,ExcludedTrigger,0,Excluded,,,Trigger volumes are not imported by the solid pass.,TemporaryDirectImport,msc-world-baseline-04a1.1-c3f2f337,08A1.6
696e07b6df10f252e6c4b885664ee4e3,da24e0d5389dbe20f8c6842c0782ad88,PERAJARVI/HouseWhite/house_white/house_whitebrick_wall,house_whitebrick_wall,BuildingExterior,BoxCollider,1,0,0,0,0,,0,1,IncludedStaticWorldSolid,1,CellLegacy,WorldSolid,Assets/Game/World/Content/Physics/WorldSolidZeroBounce.physicMaterial,Reviewed static-world solid collider from the frozen M04A1 source table.,TemporaryDirectImport,msc-world-baseline-04a1.1-c3f2f337,08A1.6
6975432597e90f137cfe6a55e4b36dd7,0132535935c692cf00ae58ba8ecf88e0,SOCCER/LOD/KID2/Offset/Pivot/skeleton/thig_left/knee_left,knee_left,ColliderOnly,CapsuleCollider,1,0,0,0,1,,0,1,ExcludedActorOrPlayer,0,Excluded,,,"Actor, NPC, skeleton or player-owned collision belongs to a later project-owned gameplay presenter.",TemporaryDirectImport,msc-world-baseline-04a1.1-c3f2f337,08A1.6
69a55a05c910cc3521bbc466c2cb6e47,9c773a88d8249a6f5126ad38d23fea57,STORE/LOD/ActivateBar/OrderList/2,2,ColliderOnly,CapsuleCollider,1,1,0,0,0,,0,1,ExcludedTrigger,0,Excluded,,,Trigger volumes are not imported by the solid pass.,TemporaryDirectImport,msc-world-baseline-04a1.1-c3f2f337,08A1.6
69a7cbbe35eb974889b3f98e59cb5fdb,4ca040e40783f111f6c76919b0f2330d,REPAIRSHOP/LOD/ToolCart/Drawer/Tools/Sockets/socket(11)(Clone),socket(11)(Clone),ColliderOnly,SphereCollider,1,1,0,0,1,,0,0,ExcludedTrigger,0,Excluded,,,Trigger volumes are not imported by the solid pass.,TemporaryDirectImport,msc-world-baseline-04a1.1-c3f2f337,08A1.6
69c1880e83aaafd98b209902e2ee1945,14e60a460784b1ed68d3e3c89f13f1f1,MAP/Buildings/BarnOld/lato_door1,lato_door1,Door,MeshCollider,1,0,0,0,0,0eb4d0a4cf353594d80da35acc3e37d1,4300000,1,ExcludedDoorRequiresBinding,0,Excluded,,,A door cannot become a static blocker before a project-owned hinge/interaction binding is authored.,TemporaryDirectImport,msc-world-baseline-04a1.1-c3f2f337,08A1.6
69c4b57b3e83686f0c3e13f769b4a1db,fa2136ace9478afd0f28d0f6a932a2cc,REPAIRSHOP/SatsumaSpawns/Spawn,Spawn,SpawnMarker,BoxCollider,0,0,0,0,0,,0,1,ExcludedDisabled,0,Excluded,,,The donor collider component is disabled.,TemporaryDirectImport,msc-world-baseline-04a1.1-c3f2f337,08A1.6
69e5f246c0d754496153a23d4fa2471f,4a4250b252797695efd4952df88fdd98,DRAGRACE/LOD/DRAGSTRIP/DragTiming/LaneRight/FinishRight,FinishRight,ColliderOnly,MeshCollider,1,1,1,0,0,0000000000000000e000000000000000,10210,0,ExcludedTrigger,0,Excluded,,,Trigger volumes are not imported by the solid pass.,TemporaryDirectImport,msc-world-baseline-04a1.1-c3f2f337,08A1.6
69f1735c90cb12ca5673f614f226dcd9,20a4ea987de8652a41d9d5911500e726,INSPECTION/LOD/NoRain,NoRain,ColliderOnly,MeshCollider,1,0,0,0,0,0000000000000000e000000000000000,10210,1,ExcludedBuiltinMeshRequiresMapping,0,Excluded,,,The donor collider references a Unity built-in mesh; no render-mesh fallback is permitted.,TemporaryDirectImport,msc-world-baseline-04a1.1-c3f2f337,08A1.6
6a341ad2043264e42de396bb8843aba1,b7e5c8040ded18ae404db3b42b7c9d39,REPAIRSHOP/SatsumaSpawns/Spawn,Spawn,SpawnMarker,BoxCollider,0,0,0,0,0,,0,1,ExcludedDisabled,0,Excluded,,,The donor collider component is disabled.,TemporaryDirectImport,msc-world-baseline-04a1.1-c3f2f337,08A1.6
6a5a0312a83d909fd1f2a98399fa24ae,af4965b0394ebec523f08059dfb3f695,YARD/Building/LIVINGROOM/Telephone/Cord/PhoneCordIn/Trigger,Trigger,ColliderOnly,SphereCollider,1,1,0,0,0,,0,1,ExcludedTrigger,0,Excluded,,,Trigger volumes are not imported by the solid pass.,TemporaryDirectImport,msc-world-baseline-04a1.1-c3f2f337,08A1.6
6a62c2326dee99abf5ad6f9af6de6fa5,18348d2d87ddb6f6de4f56e0da4ec2c3,DRAGRACE/LOD/DRAGSTRIP/DragTiming/LaneLeft/1000ft,1000ft,ColliderOnly,MeshCollider,1,1,1,0,0,0000000000000000e000000000000000,10210,0,ExcludedTrigger,0,Excluded,,,Trigger volumes are not imported by the solid pass.,TemporaryDirectImport,msc-world-baseline-04a1.1-c3f2f337,08A1.6
6ad588cc566f287be451b807aca11e66,61111fcf4391c277f1e6e98517c75b6c,MAP/BirdTower/birdtower_coll,birdtower_coll,ColliderOnly,MeshCollider,1,0,0,0,0,8c256dd5f236b9d4884e8c6781d8e182,4300000,1,IncludedStaticWorldSolid,1,CellLegacy,WorldSolid,Assets/Game/World/Content/Physics/WorldSolidZeroBounce.physicMaterial,Reviewed static-world solid collider from the frozen M04A1 source table.,TemporaryDirectImport,msc-world-baseline-04a1.1-c3f2f337,08A1.6
6adc79bb76e13e77591fa58a8c19109d,24717fb58a717fdddb2eb49caa4b9033,MAP/StreetLights/1/LOD/lightpole,lightpole,UtilityPole,CapsuleCollider,1,0,0,0,0,,0,1,IncludedStaticWorldSolid,1,CellLegacy,WorldSolid,Assets/Game/World/Content/Physics/WorldSolidZeroBounce.physicMaterial,Reviewed static-world solid collider from the frozen M04A1 source table.,TemporaryDirectImport,msc-world-baseline-04a1.1-c3f2f337,08A1.6
6b14cb20a3149899a5d69d3117079e55,7216de589c40735965e1141e10a08cda,REPAIRSHOP/JunkCar4/HookFront,HookFront,ColliderOnly,SphereCollider,1,1,0,0,1,,0,1,ExcludedTrigger,0,Excluded,,,Trigger volumes are not imported by the solid pass.,TemporaryDirectImport,msc-world-baseline-04a1.1-c3f2f337,08A1.6
6b2235c4f9cf11d174dab33da397a63f,03c24f821f471c16d2ac56295e684f11,MAP/Factory/MachineHall/hall_base 1,hall_base 1,ColliderOnly,MeshCollider,1,0,0,0,0,91b0e5db0b231f044b8cd12ff8a5bed4,4300000,1,IncludedStaticWorldSolid,1,CellLegacy,WorldSolid,Assets/Game/World/Content/Physics/WorldSolidZeroBounce.physicMaterial,Reviewed static-world solid collider from the frozen M04A1 source table.,TemporaryDirectImport,msc-world-baseline-04a1.1-c3f2f337,08A1.6
6b2f45d559bf0005cd20d6717b9e2de7,fe1bf835c1c8ddad0038b4bfd721149d,REPAIRSHOP/JunkCar2,JunkCar2,BuildingExterior,MeshCollider,1,0,1,0,1,c22bbcc70286b6f4290053f5ebc6105e,4300000,1,ExcludedVehicle,0,Excluded,,,"Vehicle collision belongs to the project-owned vehicle runtime, not the static-world pass.",TemporaryDirectImport,msc-world-baseline-04a1.1-c3f2f337,08A1.6
6b4fd140eaf2ff6423df3468e06f24f3,ee5b51f1b9453226497a7e516a7333e8,LANDFILL/SHITHOUSE/SavePivot/SAVEGAME,SAVEGAME,ColliderOnly,SphereCollider,1,1,0,0,0,,0,1,ExcludedTrigger,0,Excluded,,,Trigger volumes are not imported by the solid pass.,TemporaryDirectImport,msc-world-baseline-04a1.1-c3f2f337,08A1.6
6bb93a8a9658f4ec8d174af34e972443,aef13a8bc654aff8b1763a339df592dc,REPAIRSHOP/JunkCar4/Parts/rpm gauge(Clone)/Bolts/BoltPM,BoltPM,ColliderOnly,SphereCollider,0,1,0,0,1,,0,0,ExcludedDisabled,0,Excluded,,,The donor collider component is disabled.,TemporaryDirectImport,msc-world-baseline-04a1.1-c3f2f337,08A1.6
6be05f834b62ff29b43f213ce5fd1603,ec2d1e64b6d9e073b82edd723316b66a,DRAGRACE/LOD/DRAGSTRIP/DragTiming/LaneLeft/FinishLeft,FinishLeft,ColliderOnly,MeshCollider,1,1,1,0,0,0000000000000000e000000000000000,10210,0,ExcludedTrigger,0,Excluded,,,Trigger volumes are not imported by the solid pass.,TemporaryDirectImport,msc-world-baseline-04a1.1-c3f2f337,08A1.6
6bf5ac4e86fa8b27f317edb69795b46c,c194d6f3d64087a9a31f5a28c2e4c00b,CABIN/Cabin/Ventti/Table/GAME/Gamestuff/Bet,Bet,ColliderOnly,SphereCollider,1,1,0,0,1,,0,1,ExcludedTrigger,0,Excluded,,,Trigger volumes are not imported by the solid pass.,TemporaryDirectImport,msc-world-baseline-04a1.1-c3f2f337,08A1.6
6c0a67ed666b6033768bd25377a5d524,cd9cd8857cb2f50272fd54331e882448,STORE/LOD/GFX_Pub/WoodSheetPub,WoodSheetPub,BuildingExterior,BoxCollider,1,0,0,0,0,,0,0,ExcludedInactive,0,Excluded,,,The collider owner is inactive through the frozen donor hierarchy.,TemporaryDirectImport,msc-world-baseline-04a1.1-c3f2f337,08A1.6
6c792f6895c02a0b4239703223a2cdda,9023522fb3ac46edd1c9795e3f78b1ab,YARD/Building/Garage/garage_table/coll,coll,ColliderOnly,BoxCollider,1,0,0,0,0,,0,1,IncludedStaticWorldSolid,1,CellLegacy,WorldSolid,Assets/Game/World/Content/Physics/WorldSolidZeroBounce.physicMaterial,Reviewed static-world solid collider from the frozen M04A1 source table.,TemporaryDirectImport,msc-world-baseline-04a1.1-c3f2f337,08A1.6
6c881cf8940f53c75c24200346392ace,5635a6eb9677c228dfb7f06cb971ae7f,MAP/MailBox/BoxHatch,BoxHatch,ColliderOnly,SphereCollider,1,1,0,0,0,,0,1,ExcludedTrigger,0,Excluded,,,Trigger volumes are not imported by the solid pass.,TemporaryDirectImport,msc-world-baseline-04a1.1-c3f2f337,08A1.6
6ca9902af56114d56ff54f3fcca68393,31af8cb680c9cc294ab877677fb5b184,DANCEHALL/Functions/DanceCouple/Dancer1/Pivot/pelvis/spine_mid/shoulders(xxxxx)/collar_right/shoulder(right)/arm(right),arm(right),ColliderOnly,CapsuleCollider,1,0,0,0,1,,0,0,ExcludedInactive,0,Excluded,,,The collider owner is inactive through the frozen donor hierarchy.,TemporaryDirectImport,msc-world-baseline-04a1.1-c3f2f337,08A1.6
6cb5dc8e0de268a90d43bd8d548d5fce,5cd9fe580bfff364809354d1e17a45bd,PERAJARVI/HouseOld1/roof_lining,roof_lining,Roof,MeshCollider,1,0,1,0,0,6561ec2a31d25d04c84a6af793a0b8a6,4300000,1,IncludedStaticWorldSolid,1,CellLegacy,WorldSolid,Assets/Game/World/Content/Physics/WorldSolidZeroBounce.physicMaterial,Reviewed static-world solid collider from the frozen M04A1 source table.,TemporaryDirectImport,msc-world-baseline-04a1.1-c3f2f337,08A1.6
6cba34ca406b7da90e9cc1825b7f01e4,0cc58f142048771b3618d95612cca8aa,PERAJARVI/TerraceHouse/Colliders/fridge,fridge,ColliderOnly,BoxCollider,1,0,0,0,0,,0,1,IncludedStaticWorldSolid,1,CellLegacy,WorldSolid,Assets/Game/World/Content/Physics/WorldSolidZeroBounce.physicMaterial,Reviewed static-world solid collider from the frozen M04A1 source table.,TemporaryDirectImport,msc-world-baseline-04a1.1-c3f2f337,08A1.6
6cc9465a16c7cd9daee8acc65edb80c5,351406fbb7e4a98550794a71c17557e9,REPAIRSHOP/JunkCar4/Parts/grille gt(Clone),grille gt(Clone),BuildingExterior,BoxCollider,1,0,0,0,1,,0,0,ExcludedInactive,0,Excluded,,,The collider owner is inactive through the frozen donor hierarchy.,TemporaryDirectImport,msc-world-baseline-04a1.1-c3f2f337,08A1.6
6d14bc3c98924b373a1d311514a15938,587a78896af2dd5d89d784feaef0fa51,MAP/MESH/RAILROAD/CollCar,CollCar,ColliderOnly,MeshCollider,1,0,0,0,0,d0d6cda90f323194f96f98d234698c53,4300000,1,IncludedStaticWorldSolid,1,TrulyGlobalLegacy,WorldSolid,Assets/Game/World/Content/Physics/WorldSolidZeroBounce.physicMaterial,Reviewed static-world solid collider from the frozen M04A1 source table.,TemporaryDirectImport,msc-world-baseline-04a1.1-c3f2f337,08A1.6
6d51182d6a7f3c673539833f80661b16,1fa461cb5d2c09a4a8d2f68d96a402c3,STORE/LOD/Pumps/GasolinePumpD/Functions/TriggerD,TriggerD,ColliderOnly,CapsuleCollider,1,1,0,0,0,,0,1,ExcludedTrigger,0,Excluded,,,Trigger volumes are not imported by the solid pass.,TemporaryDirectImport,msc-world-baseline-04a1.1-c3f2f337,08A1.6
6d735a2c2c9dcab6093f1486de0427bb,6427513a6c2643e03a87d26467e31d98,STORE/MESH/store_foundation,store_foundation,BuildingExterior,MeshCollider,1,0,0,0,0,9c96d6c751fe9b447b8493b3a03c6524,4300000,1,IncludedStaticWorldSolid,1,CellLegacy,WorldSolid,Assets/Game/World/Content/Physics/WorldSolidZeroBounce.physicMaterial,Reviewed static-world solid collider from the frozen M04A1 source table.,TemporaryDirectImport,msc-world-baseline-04a1.1-c3f2f337,08A1.6
6d76ef3701a5655db590d01a1dedf0bc,de2a68f7999e5b813351796b7c8e7f9c,STORE/MESH/Collider,Collider,ColliderOnly,BoxCollider,1,0,0,0,0,,0,1,IncludedStaticWorldSolid,1,CellLegacy,WorldSolid,Assets/Game/World/Content/Physics/WorldSolidZeroBounce.physicMaterial,Reviewed static-world solid collider from the frozen M04A1 source table.,TemporaryDirectImport,msc-world-baseline-04a1.1-c3f2f337,08A1.6
6d97cf266689eda84938a9ece2ccea49,47b392bcc4655ed442098c2afa62d6b7,YARD/UNCLE/UncleWalking/Uncle/Char/HumanCollider,HumanCollider,ColliderOnly,CapsuleCollider,1,0,0,0,0,,0,0,ExcludedInactive,0,Excluded,,,The collider owner is inactive through the frozen donor hierarchy.,TemporaryDirectImport,msc-world-baseline-04a1.1-c3f2f337,08A1.6
6dba2eadd8f22e42ad9d2d1a586d736d,48066994a3859a8d6d3a6b29fc5c2da4,MAP/Buildings/DINGONBIISI/WaspHive/Destroy/WaspHiveTrigger,WaspHiveTrigger,ColliderOnly,SphereCollider,1,1,0,0,0,,0,1,ExcludedTrigger,0,Excluded,,,Trigger volumes are not imported by the solid pass.,TemporaryDirectImport,msc-world-baseline-04a1.1-c3f2f337,08A1.6
6dd92d2892ca8c58c09195f67d6cafa7,1b8fc3307467f54e8b6f4d2a54648ed5,REPAIRSHOP/JunkCar4/Parts/wheel_steel5/Bolts/BoltPM,BoltPM,ColliderOnly,SphereCollider,0,1,0,0,1,,0,0,ExcludedDisabled,0,Excluded,,,The donor collider component is disabled.,TemporaryDirectImport,msc-world-baseline-04a1.1-c3f2f337,08A1.6
6ddc4c0e1878a5bffa8715695234a684,dd2556f3e807c7763b7de2d23b944de6,MAP/Buildings/Barn/coll,coll,ColliderOnly,BoxCollider,1,0,0,0,0,,0,1,IncludedStaticWorldSolid,1,CellLegacy,WorldSolid,Assets/Game/World/Content/Physics/WorldSolidZeroBounce.physicMaterial,Reviewed static-world solid collider from the frozen M04A1 source table.,TemporaryDirectImport,msc-world-baseline-04a1.1-c3f2f337,08A1.6
6e0ab9f5c63ef83b8073fa97be5b935f,ae593b2ddb95c13ca17f260f8ef23a77,MAP/MESH/SWAMP,SWAMP,StaticProp,MeshCollider,1,0,0,0,0,6933692ca049c024197bd83301354bb7,4300000,1,IncludedStaticWorldSolid,1,TrulyGlobalLegacy,WorldSurface,Assets/Game/World/Content/Physics/WorldSurfaceZeroBounce.physicMaterial,Reviewed static-world solid collider from the frozen M04A1 source table.,TemporaryDirectImport,msc-world-baseline-04a1.1-c3f2f337,08A1.6
6e245993b0c9dda4acfc6f00514c7416,3aa8358abb981c176d8192f1476ea809,STORE/LOD/ActivateBar/OrderList/5,5,ColliderOnly,SphereCollider,1,1,0,0,0,,0,1,ExcludedTrigger,0,Excluded,,,Trigger volumes are not imported by the solid pass.,TemporaryDirectImport,msc-world-baseline-04a1.1-c3f2f337,08A1.6
6e52b86b0ff70d54c04069019ff82154,6cfce61af20b7f24bb5913e44d9a07bc,STORE/LOD/Fence 2/fence 4,fence 4,Fence,BoxCollider,1,0,0,0,0,,0,1,IncludedStaticWorldSolid,1,CellLegacy,WorldSolid,Assets/Game/World/Content/Physics/WorldSolidZeroBounce.physicMaterial,Reviewed static-world solid collider from the frozen M04A1 source table.,TemporaryDirectImport,msc-world-baseline-04a1.1-c3f2f337,08A1.6
6e9a1929ae732cb0217b58a26e39e0aa,0a08501aba89d53f8a10ed8af679f0e8,MAP/MailBox/BoxHatch,BoxHatch,ColliderOnly,SphereCollider,1,1,0,0,0,,0,1,ExcludedTrigger,0,Excluded,,,Trigger volumes are not imported by the solid pass.,TemporaryDirectImport,msc-world-baseline-04a1.1-c3f2f337,08A1.6
6eaaf3c27f509036f49f4d3e35ba6b85,d6a3372d33fae124f23d6a1d6a0676f5,MAP/HouseRintama4/rintama_coll,rintama_coll,ColliderOnly,MeshCollider,1,0,0,0,0,3cefb6c736c51b64bba9438a96ddd54b,4300000,1,IncludedStaticWorldSolid,1,CellLegacy,WorldSolid,Assets/Game/World/Content/Physics/WorldSolidZeroBounce.physicMaterial,Reviewed static-world solid collider from the frozen M04A1 source table.,TemporaryDirectImport,msc-world-baseline-04a1.1-c3f2f337,08A1.6
6ed6655bdd5562e199e45ffef6cce4a5,539100a17998f849686f7531cb9e3771,PERAJARVI/MailBox/BoxHatch,BoxHatch,ColliderOnly,SphereCollider,1,1,0,0,0,,0,1,ExcludedTrigger,0,Excluded,,,Trigger volumes are not imported by the solid pass.,TemporaryDirectImport,msc-world-baseline-04a1.1-c3f2f337,08A1.6
6ef18f09a32b0d55ef958732c5d7737a,847114acd945c73a3494ef783953af23,PERAJARVI/TerraceHouse/Apartments/LOD2/DoorsApartment2/DoorFront/house_door1,house_door1,Door,BoxCollider,1,0,0,0,0,,0,1,ExcludedDoorRequiresBinding,0,Excluded,,,A door cannot become a static blocker before a project-owned hinge/interaction binding is authored.,TemporaryDirectImport,msc-world-baseline-04a1.1-c3f2f337,08A1.6
6f0a419857e0417111b2fdd0246b78c5,a9f2025c3365d7b979a86601ae93184a,PERAJARVI/HouseRintamaCrazy/Fence/fence,fence,Fence,BoxCollider,1,0,0,0,0,,0,1,IncludedStaticWorldSolid,1,CellLegacy,WorldSolid,Assets/Game/World/Content/Physics/WorldSolidZeroBounce.physicMaterial,Reviewed static-world solid collider from the frozen M04A1 source table.,TemporaryDirectImport,msc-world-baseline-04a1.1-c3f2f337,08A1.6
6f69f8129d190a62aeb07fec672abcc1,12558217d3c7360272096b02d1973cbd,YARD/Building/LIVINGROOM/DoorWC/Pivot/Handle,Handle,ColliderOnly,SphereCollider,1,1,0,0,0,,0,1,ExcludedTrigger,0,Excluded,,,Trigger volumes are not imported by the solid pass.,TemporaryDirectImport,msc-world-baseline-04a1.1-c3f2f337,08A1.6
6f99c8cd7421fb6d9076183e631ec774,c3fd52e8f14b8303b7a96f8ba2303fcf,RALLY/Saturday/FinishArea/RallyResultsSheetSAT,RallyResultsSheetSAT,InteractivePropCandidate,BoxCollider,1,1,0,0,0,,0,0,ExcludedTrigger,0,Excluded,,,Trigger volumes are not imported by the solid pass.,TemporaryDirectImport,msc-world-baseline-04a1.1-c3f2f337,08A1.6
6faa0457b325f9209ec6f377ae710bdf,2e6203962825e62cdd4ee864b9504b5a,MAP/Buildings/DINGONBIISI/autiotalo/LOD/TireCol,TireCol,ColliderOnly,BoxCollider,1,0,0,0,0,,0,1,IncludedStaticWorldSolid,1,CellLegacy,WorldSolid,Assets/Game/World/Content/Physics/WorldSolidZeroBounce.physicMaterial,Reviewed static-world solid collider from the frozen M04A1 source table.,TemporaryDirectImport,msc-world-baseline-04a1.1-c3f2f337,08A1.6
6fb813622ca418c44a16755be803a069,69398cb8feee9a25a1c176939511401c,PERAJARVI/HouseRintama3/rintama_coll,rintama_coll,ColliderOnly,MeshCollider,1,0,0,0,0,3cefb6c736c51b64bba9438a96ddd54b,4300000,1,IncludedStaticWorldSolid,1,CellLegacy,WorldSolid,Assets/Game/World/Content/Physics/WorldSolidZeroBounce.physicMaterial,Reviewed static-world solid collider from the frozen M04A1 source table.,TemporaryDirectImport,msc-world-baseline-04a1.1-c3f2f337,08A1.6
706c3619ea91c687c336da9d4be5e795,83b803327b8f9800d166c4ab3e694c31,MAP/Buildings/Barn/coll,coll,ColliderOnly,BoxCollider,1,0,0,0,0,,0,1,IncludedStaticWorldSolid,1,CellLegacy,WorldSolid,Assets/Game/World/Content/Physics/WorldSolidZeroBounce.physicMaterial,Reviewed static-world solid collider from the frozen M04A1 source table.,TemporaryDirectImport,msc-world-baseline-04a1.1-c3f2f337,08A1.6
707f0d1ec7022b9aa830c8773f9a24ae,420e305e2b9d7f5ac6f5b75e1dea6c8f,DANCEHALL/Functions/Dancer/Pivot/pelvis/spine_mid/shoulders(xxxxx)/collar_right/shoulder(right),shoulder(right),ColliderOnly,CapsuleCollider,1,0,0,0,1,,0,0,ExcludedInactive,0,Excluded,,,The collider owner is inactive through the frozen donor hierarchy.,TemporaryDirectImport,msc-world-baseline-04a1.1-c3f2f337,08A1.6
70855e0256db3c2c70fa9c6148502f30,a00a7816d5bc601aac03c697e0b287c7,DANCEHALL/Functions/FIGHTER/Fighter/Pivot/HumanCol,HumanCol,ColliderOnly,CapsuleCollider,1,0,0,0,1,,0,0,ExcludedInactive,0,Excluded,,,The collider owner is inactive through the frozen donor hierarchy.,TemporaryDirectImport,msc-world-baseline-04a1.1-c3f2f337,08A1.6
70a9bb38c11bb19f3f0ab083f059eb5c,52287202f0ac2d9c79937d5f26a4a0e4,STORE/VideoPoker,VideoPoker,ColliderOnly,MeshCollider,1,0,1,0,1,06f8ab6638f11af4989294b2a1f5259c,4300000,1,ExcludedDynamicRequiresPresenter,0,Excluded,,,The collider is owned by a donor Rigidbody on itself or an ancestor and requires a project-owned dynamic presenter instead of a frozen static blocker.,TemporaryDirectImport,msc-world-baseline-04a1.1-c3f2f337,08A1.6
70d01135c56bbbc4ef12f5f4e85f83a4,a06184f8d78f1c050d26f20acee67d93,YARD/UNCLE/Shed/shed_base,shed_base,BuildingExterior,MeshCollider,1,0,0,0,0,14e2233511d6f984d9e833c7f3319278,4300000,1,IncludedStaticWorldSolid,1,CellLegacy,WorldSolid,Assets/Game/World/Content/Physics/WorldSolidZeroBounce.physicMaterial,Reviewed static-world solid collider from the frozen M04A1 source table.,TemporaryDirectImport,msc-world-baseline-04a1.1-c3f2f337,08A1.6
70eccdbd0f3161e8a598646aefcb55ed,77512adcc79cd4466d2c3a9c29136bd8,CABIN/LOD/Carpet,Carpet,BuildingExterior,MeshCollider,1,0,0,0,0,0000000000000000e000000000000000,10210,1,ExcludedBuiltinMeshRequiresMapping,0,Excluded,,,The donor collider references a Unity built-in mesh; no render-mesh fallback is permitted.,TemporaryDirectImport,msc-world-baseline-04a1.1-c3f2f337,08A1.6
70fd4e7c1c3e167bbec06934dfaf0581,62df1018f8dbba337abfbe99cf212afc,STORE/VideoPoker/Disabled/Money/Lock,Lock,ColliderOnly,SphereCollider,1,1,0,0,1,,0,0,ExcludedTrigger,0,Excluded,,,Trigger volumes are not imported by the solid pass.,TemporaryDirectImport,msc-world-baseline-04a1.1-c3f2f337,08A1.6
71125a4213fed0bd616663c9d6fd2b98,73355662a02e781262b69d4e51993ac1,THEATRE/LOD/Open/PLAY/ActorsDisable/PRESIDENT/PIVOT/Coll,Coll,ColliderOnly,CapsuleCollider,1,0,0,0,1,,0,0,ExcludedInactive,0,Excluded,,,The collider owner is inactive through the frozen donor hierarchy.,TemporaryDirectImport,msc-world-baseline-04a1.1-c3f2f337,08A1.6
7114261e0cbfa2590820c606b73f424d,e8c5024ef3d126c78d26ed374bf50998,COTTAGE/Grill/Fireplace/Flame/FireEffects/FireTrigger,FireTrigger,ColliderOnly,CapsuleCollider,1,1,0,0,0,,0,0,ExcludedTrigger,0,Excluded,,,Trigger volumes are not imported by the solid pass.,TemporaryDirectImport,msc-world-baseline-04a1.1-c3f2f337,08A1.6
711ae622e3a1816f65368e618ca26389,5784434b7fed6444606d59cac484ea28,STORE/LOD/ActivateStore/SpraycanProducts/Spray02,Spray02,ColliderOnly,CapsuleCollider,1,1,0,0,0,,0,1,ExcludedTrigger,0,Excluded,,,Trigger volumes are not imported by the solid pass.,TemporaryDirectImport,msc-world-baseline-04a1.1-c3f2f337,08A1.6
712f4a3591c3cfd5a9c5255f0e6a3c82,d3bcb9bf9df87a5ddecbbc25dd8a4520,CABIN/Cabin/woodstove/Fireplace/WoodTrigger,WoodTrigger,ColliderOnly,BoxCollider,1,1,0,0,0,,0,1,ExcludedTrigger,0,Excluded,,,Trigger volumes are not imported by the solid pass.,TemporaryDirectImport,msc-world-baseline-04a1.1-c3f2f337,08A1.6
71598854abc4c3fc0d4a176378040bac,4c5b08771efd2a177c04909b6bff0c7b,DRAGRACE/Objects/Tent2/TimeSlip,TimeSlip,StaticProp,BoxCollider,1,0,0,0,0,,0,1,IncludedStaticWorldSolid,1,CellLegacy,WorldSolid,Assets/Game/World/Content/Physics/WorldSolidZeroBounce.physicMaterial,Reviewed static-world solid collider from the frozen M04A1 source table.,TemporaryDirectImport,msc-world-baseline-04a1.1-c3f2f337,08A1.6
71b50e50ce25cb32093d945e7c28ab61,ce005135e0422f66c2ada36682a572cc,YARD/Building/Dynamics/FuseTable/Fusetable/Fuse1,Fuse1,ColliderOnly,SphereCollider,1,1,0,0,0,,0,1,ExcludedTrigger,0,Excluded,,,Trigger volumes are not imported by the solid pass.,TemporaryDirectImport,msc-world-baseline-04a1.1-c3f2f337,08A1.6
72018986c0d10dd4b42baf8554c0faf4,ef52998b63765ce08efa1c2b674d680a,MAP/Buildings/BarnOld/lato_wall,lato_wall,StaticProp,MeshCollider,1,0,0,0,0,053d62eabcd943945a4c29fd71a4d82b,4300000,1,IncludedStaticWorldSolid,1,CellLegacy,WorldSolid,Assets/Game/World/Content/Physics/WorldSolidZeroBounce.physicMaterial,Reviewed static-world solid collider from the frozen M04A1 source table.,TemporaryDirectImport,msc-world-baseline-04a1.1-c3f2f337,08A1.6
72111480216dd5934b89f722a2d0c666,983469a83e971b1442edc28f063930a1,YARD/Building/Dynamics/FuseTable/Fusetable/Fuse2Pivot/fuseholder02/FuseTrigger,FuseTrigger,ColliderOnly,SphereCollider,1,1,0,0,1,,0,0,ExcludedTrigger,0,Excluded,,,Trigger volumes are not imported by the solid pass.,TemporaryDirectImport,msc-world-baseline-04a1.1-c3f2f337,08A1.6
7211f7de6bb6a96ad710e0985afed71b,5912772a46b17edc8831e37d269e93ec,SOCCER/Janitor/Reijo/Pivot/HumanTriggerCrime/HitCollider,HitCollider,ColliderOnly,SphereCollider,1,1,0,0,1,,0,1,ExcludedTrigger,0,Excluded,,,Trigger volumes are not imported by the solid pass.,TemporaryDirectImport,msc-world-baseline-04a1.1-c3f2f337,08A1.6
7213a1e00e1d8558a5a22a7a287b5479,0723625b78f121adaaa7211831040ad5,STORE/TeimoInShop/Pivot/FacePissTrigger,FacePissTrigger,ColliderOnly,CapsuleCollider,1,0,0,0,1,,0,1,ExcludedActorOrPlayer,0,Excluded,,,"Actor, NPC, skeleton or player-owned collision belongs to a later project-owned gameplay presenter.",TemporaryDirectImport,msc-world-baseline-04a1.1-c3f2f337,08A1.6
7236551dd092c4b59ba4340ec9de10b9,88c7cf90ea9623b2fb973852a48b06c4,COTTAGE/SHITHOUSE/SavePivot/SAVEGAME,SAVEGAME,ColliderOnly,SphereCollider,1,1,0,0,0,,0,1,ExcludedTrigger,0,Excluded,,,Trigger volumes are not imported by the solid pass.,TemporaryDirectImport,msc-world-baseline-04a1.1-c3f2f337,08A1.6
724400b12ea2075aaed4fe71258e160e,8c6adeea39bde17f5783b47149f9de81,CABIN/Cabin/woodstove/HatchPivot/woodstove_hatch,woodstove_hatch,BuildingExterior,BoxCollider,1,0,0,0,0,,0,1,IncludedStaticWorldSolid,1,CellLegacy,WorldSolid,Assets/Game/World/Content/Physics/WorldSolidZeroBounce.physicMaterial,Reviewed static-world solid collider from the frozen M04A1 source table.,TemporaryDirectImport,msc-world-baseline-04a1.1-c3f2f337,08A1.6
725b441d469b32729d8accad25bba7f7,202dac29c2f82def055914109ef0e475,CABIN/LOD/Logging/Pölkky/LogCheck,LogCheck,ColliderOnly,SphereCollider,1,1,0,0,0,,0,1,ExcludedTrigger,0,Excluded,,,Trigger volumes are not imported by the solid pass.,TemporaryDirectImport,msc-world-baseline-04a1.1-c3f2f337,08A1.6
7272f9292d23abe8304670b78c0b71c7,75cbe5dd7f10c89412f9f0c1d057e645,MAP/Buildings/BarnOld_junk/lato_wall,lato_wall,StaticProp,MeshCollider,1,0,0,0,0,053d62eabcd943945a4c29fd71a4d82b,4300000,1,IncludedStaticWorldSolid,1,CellLegacy,WorldSolid,Assets/Game/World/Content/Physics/WorldSolidZeroBounce.physicMaterial,Reviewed static-world solid collider from the frozen M04A1 source table.,TemporaryDirectImport,msc-world-baseline-04a1.1-c3f2f337,08A1.6
7299cd865ad8dea23e53eabb662961a0,ecb3763c235a098e19d07e23a26471d3,REPAIRSHOP/LOD/ToolCart/Drawer/Tools/Sockets/socket(6)(Clone),socket(6)(Clone),ColliderOnly,SphereCollider,1,1,0,0,1,,0,0,ExcludedTrigger,0,Excluded,,,Trigger volumes are not imported by the solid pass.,TemporaryDirectImport,msc-world-baseline-04a1.1-c3f2f337,08A1.6
72ac679f1f7aa29fbe829c7189cbfb96,94fa32d6f33b63f6e46b503eededb1a7,REPAIRSHOP/LOD/Office/dyno_ad/Use,Use,ColliderOnly,SphereCollider,1,1,0,0,0,,0,1,ExcludedTrigger,0,Excluded,,,Trigger volumes are not imported by the solid pass.,TemporaryDirectImport,msc-world-baseline-04a1.1-c3f2f337,08A1.6
72cbda5ba3afc422fad267a27f7eeb15,963b1da73e7a9b490c211b6422d4b101,DRAGRACE/Objects/Tent1/garage_table 1/coll,coll,ColliderOnly,BoxCollider,1,0,0,0,0,,0,1,IncludedStaticWorldSolid,1,CellLegacy,WorldSolid,Assets/Game/World/Content/Physics/WorldSolidZeroBounce.physicMaterial,Reviewed static-world solid collider from the frozen M04A1 source table.,TemporaryDirectImport,msc-world-baseline-04a1.1-c3f2f337,08A1.6
731fbc5f41ef964af3ebb27b4024326e,6ebeb78fdc6c76c5192892605c1c756b,MAP/Buildings/Barn/coll,coll,ColliderOnly,BoxCollider,1,0,0,0,0,,0,1,IncludedStaticWorldSolid,1,CellLegacy,WorldSolid,Assets/Game/World/Content/Physics/WorldSolidZeroBounce.physicMaterial,Reviewed static-world solid collider from the frozen M04A1 source table.,TemporaryDirectImport,msc-world-baseline-04a1.1-c3f2f337,08A1.6
732b5c3b5654a5333aaa3410410bb838,956c5ccdac13534f1a102524eaa2e4f7,YARD/MachineHall/Logging/Logwall,Logwall,BuildingExterior,MeshCollider,1,0,1,0,0,22a3987ed177148438fda2badbec6a3d,4300000,1,IncludedStaticWorldSolid,1,CellLegacy,WorldSolid,Assets/Game/World/Content/Physics/WorldSolidZeroBounce.physicMaterial,Reviewed static-world solid collider from the frozen M04A1 source table.,TemporaryDirectImport,msc-world-baseline-04a1.1-c3f2f337,08A1.6
736db87c03db1a25756d0c7000c09fd0,6232163dacd5c2260465385c7d213260,PERAJARVI/TerraceHouse/LOD1/ConcretePig,ConcretePig,BuildingExterior,BoxCollider,1,0,0,0,0,,0,1,IncludedStaticWorldSolid,1,CellLegacy,WorldSolid,Assets/Game/World/Content/Physics/WorldSolidZeroBounce.physicMaterial,Reviewed static-world solid collider from the frozen M04A1 source table.,TemporaryDirectImport,msc-world-baseline-04a1.1-c3f2f337,08A1.6
738c4f789e778493ad5e3f8af7125aa9,21bdcbe992e72a6450134acfec497a40,COTTAGE/Fireplace/SausageTrigger,SausageTrigger,ColliderOnly,SphereCollider,1,1,0,0,0,,0,1,ExcludedTrigger,0,Excluded,,,Trigger volumes are not imported by the solid pass.,TemporaryDirectImport,msc-world-baseline-04a1.1-c3f2f337,08A1.6
73b916f633202dba019c6ddbeed3fcf5,b9e1e6ccb04b0a2bc0658094e77bcfea,MAP/Buildings/Barn/lato_roof,lato_roof,Roof,MeshCollider,1,0,1,0,0,73acff30fd9546d42a5637f3fdcd2f20,4300000,1,IncludedStaticWorldSolid,1,CellLegacy,WorldSolid,Assets/Game/World/Content/Physics/WorldSolidZeroBounce.physicMaterial,Reviewed static-world solid collider from the frozen M04A1 source table.,TemporaryDirectImport,msc-world-baseline-04a1.1-c3f2f337,08A1.6
73eddb757ca30fc67514afc94d767b08,314739b2eb56885d1cdd176b40ffab2b,COTTAGE/LOD/Doors/DoorFront1/Pivot/glass 5,glass 5,BuildingExterior,BoxCollider,1,0,0,0,0,,0,1,ExcludedDoorRequiresBinding,0,Excluded,,,A door cannot become a static blocker before a project-owned hinge/interaction binding is authored.,TemporaryDirectImport,msc-world-baseline-04a1.1-c3f2f337,08A1.6
73f09d166b5b4ebf254c222136f1da5d,6e0913810cf320918d5742e9941f773c,YARD/Building/KITCHEN/KitchenWaterTap/kitchen_tap_base,kitchen_tap_base,BuildingInterior,MeshCollider,1,0,0,0,0,43b34e4b5dc4a06499d621dad16364fe,4300000,1,IncludedStaticWorldSolid,1,CellLegacy,WorldSolid,Assets/Game/World/Content/Physics/WorldSolidZeroBounce.physicMaterial,Reviewed static-world solid collider from the frozen M04A1 source table.,TemporaryDirectImport,msc-world-baseline-04a1.1-c3f2f337,08A1.6
741ee8d5e2b81fb7c42181a64a4ef24d,75449565a507195b479dbe2206c6b1d5,STORE/LOD/ActivateStore/CarProducts/BuyDash,BuyDash,ColliderOnly,SphereCollider,1,1,0,0,0,,0,1,ExcludedTrigger,0,Excluded,,,Trigger volumes are not imported by the solid pass.,TemporaryDirectImport,msc-world-baseline-04a1.1-c3f2f337,08A1.6
74257b60e50a6f7835f12b261b6e41fc,78e212310e4b2b3782d73ff2e9a3ce26,YARD/Building/Dynamics/LightSwitches/switch_bathroom,switch_bathroom,ColliderOnly,SphereCollider,1,1,0,0,0,,0,1,ExcludedTrigger,0,Excluded,,,Trigger volumes are not imported by the solid pass.,TemporaryDirectImport,msc-world-baseline-04a1.1-c3f2f337,08A1.6
744e61a3659dd64f9b5917ddf6930db1,ad83e2524deaf5fc3031f304f17d0a41,YARD/Building/SAUNA/Sauna/CrouchTrigger,CrouchTrigger,ColliderOnly,BoxCollider,1,1,0,0,0,,0,1,ExcludedTrigger,0,Excluded,,,Trigger volumes are not imported by the solid pass.,TemporaryDirectImport,msc-world-baseline-04a1.1-c3f2f337,08A1.6
7474d5cdfc989529f99d3aec2c3e5931,96713682cfb2d6607a00f49d6b9eb0d0,RALLY/Scenery/Objects/Trailer/TablePlastic,TablePlastic,InteractivePropCandidate,MeshCollider,1,0,1,0,0,840d08dd46b6aa341ad9b2f80a2acfde,4300000,0,ExcludedInactive,0,Excluded,,,The collider owner is inactive through the frozen donor hierarchy.,TemporaryDirectImport,msc-world-baseline-04a1.1-c3f2f337,08A1.6
752e4cd63882ca1f79d42adc071d9a5d,ed1d66a728bf86b4bdc26a77ecb8aae7,STORE/LOD/GFX_Pub/BreakableWindowsPub/store_windows_broken/store_windows_broken_005,store_windows_broken_005,Window,MeshCollider,1,0,1,0,1,ff7bbb27527f86e4daee42c8fc5b61cb,4300000,0,ExcludedInactive,0,Excluded,,,The collider owner is inactive through the frozen donor hierarchy.,TemporaryDirectImport,msc-world-baseline-04a1.1-c3f2f337,08A1.6
7584ead444a44e42aacd22249cc0c9d8,6a8d7e3c2eb27b0feaa6e616791bf7a7,YARD/Building/LOD/CrouchTrigger,CrouchTrigger,ColliderOnly,CapsuleCollider,1,1,0,0,0,,0,0,ExcludedTrigger,0,Excluded,,,Trigger volumes are not imported by the solid pass.,TemporaryDirectImport,msc-world-baseline-04a1.1-c3f2f337,08A1.6
75f15827a335d670ab807683e8a83eaf,3fec7b2167be1b64b8e8b3cd06a58188,STORE/VideoPoker/GameLogic/Buttons/Hold1,Hold1,ColliderOnly,SphereCollider,1,1,0,0,1,,0,1,ExcludedTrigger,0,Excluded,,,Trigger volumes are not imported by the solid pass.,TemporaryDirectImport,msc-world-baseline-04a1.1-c3f2f337,08A1.6
7612e50a889782c0b5a7f76543945640,4d17afe753f9980f943a00f5e3d045fe,MAP/ChickenHouse/chicken_house_walls,chicken_house_walls,BuildingExterior,BoxCollider,1,0,0,0,0,,0,1,IncludedStaticWorldSolid,1,CellLegacy,WorldSolid,Assets/Game/World/Content/Physics/WorldSolidZeroBounce.physicMaterial,Reviewed static-world solid collider from the frozen M04A1 source table.,TemporaryDirectImport,msc-world-baseline-04a1.1-c3f2f337,08A1.6
764cf24727aeedae1d7ee060a38574fc,5922254ed391973d33d7babd6be0b89f,PERAJARVI/CHURCH/FlagPole,FlagPole,BuildingExterior,CapsuleCollider,1,0,0,0,0,,0,1,IncludedStaticWorldSolid,1,CellLegacy,WorldSolid,Assets/Game/World/Content/Physics/WorldSolidZeroBounce.physicMaterial,Reviewed static-world solid collider from the frozen M04A1 source table.,TemporaryDirectImport,msc-world-baseline-04a1.1-c3f2f337,08A1.6
768fd615cb8a4fa33029cfa99d6d8965,dc6da849e99f17bfeaa9d1ddacfc902f,DRAGRACE/Objects/Tent1/tent_roof 2,tent_roof 2,Roof,MeshCollider,1,0,0,0,0,c76ea44239aae9a42a3dde47d87633cc,4300000,1,IncludedStaticWorldSolid,1,CellLegacy,WorldSolid,Assets/Game/World/Content/Physics/WorldSolidZeroBounce.physicMaterial,Reviewed static-world solid collider from the frozen M04A1 source table.,TemporaryDirectImport,msc-world-baseline-04a1.1-c3f2f337,08A1.6
76afcd0ef6a5f0479d41fa20c8d54a75,3551552ce645575d010ecf720d78a06f,YARD/Building/LIVINGROOM/tvtable,tvtable,BuildingInterior,BoxCollider,1,0,0,0,0,,0,1,IncludedStaticWorldSolid,1,CellLegacy,WorldSolid,Assets/Game/World/Content/Physics/WorldSolidZeroBounce.physicMaterial,Reviewed static-world solid collider from the frozen M04A1 source table.,TemporaryDirectImport,msc-world-baseline-04a1.1-c3f2f337,08A1.6
76b5b606d3452869e66e3c723627fb3d,8ca9ef218a36513422329b221db8264a,STORE/LOD/GFX_Pub/chair_pub 4/colliders/coll,coll,ColliderOnly,BoxCollider,1,0,0,0,1,,0,1,ExcludedDynamicRequiresPresenter,0,Excluded,,,The collider is owned by a donor Rigidbody on itself or an ancestor and requires a project-owned dynamic presenter instead of a frozen static blocker.,TemporaryDirectImport,msc-world-baseline-04a1.1-c3f2f337,08A1.6
76cdddd96a883deb05c6e0b4b2aff3bc,d22518d03f3bc3369e14a83f5c482f7c,MAP/Buildings/Barn/lato_roof,lato_roof,Roof,MeshCollider,1,0,1,0,0,73acff30fd9546d42a5637f3fdcd2f20,4300000,1,IncludedStaticWorldSolid,1,CellLegacy,WorldSolid,Assets/Game/World/Content/Physics/WorldSolidZeroBounce.physicMaterial,Reviewed static-world solid collider from the frozen M04A1 source table.,TemporaryDirectImport,msc-world-baseline-04a1.1-c3f2f337,08A1.6
7738d60773523dd58d5525d40666fdc2,c7d41a47731c4032da0dcdfb02aa381e,MAP/Buildings/DINGONBIISI/autiotalo/LOD/Table,Table,StaticProp,BoxCollider,1,0,0,0,1,,0,1,ExcludedDynamicRequiresPresenter,0,Excluded,,,The collider is owned by a donor Rigidbody on itself or an ancestor and requires a project-owned dynamic presenter instead of a frozen static blocker.,TemporaryDirectImport,msc-world-baseline-04a1.1-c3f2f337,08A1.6
778a0b22c4338c71ed62b6f6faa98754,d7ddd6406cc58a123057294a708ba55f,YARD/Building/KITCHEN/Fridge/Glass,Glass,BuildingInterior,BoxCollider,1,0,0,0,0,,0,1,IncludedStaticWorldSolid,1,CellLegacy,WorldSolid,Assets/Game/World/Content/Physics/WorldSolidZeroBounce.physicMaterial,Reviewed static-world solid collider from the frozen M04A1 source table.,TemporaryDirectImport,msc-world-baseline-04a1.1-c3f2f337,08A1.6
78791ca63084bca822c7824a3a03b35a,116f9990419e49aa508dfb874cf70051,YARD/Building/Dynamics/FuseTable/Fusetable/Fuse4,Fuse4,ColliderOnly,SphereCollider,1,1,0,0,0,,0,1,ExcludedTrigger,0,Excluded,,,Trigger volumes are not imported by the solid pass.,TemporaryDirectImport,msc-world-baseline-04a1.1-c3f2f337,08A1.6
7880a49764e38269a0fed25be5963eda,0e443691bbdc755becb19a783be02075,MAP/ChickenHouse/chicken_house_tank,chicken_house_tank,BuildingExterior,BoxCollider,1,0,0,0,0,,0,1,IncludedStaticWorldSolid,1,CellLegacy,WorldSolid,Assets/Game/World/Content/Physics/WorldSolidZeroBounce.physicMaterial,Reviewed static-world solid collider from the frozen M04A1 source table.,TemporaryDirectImport,msc-world-baseline-04a1.1-c3f2f337,08A1.6
7967f677bede2929d018b595bb211fa2,6177e23ae97ecdbc483f57cd47f62e36,YARD/Building/SAUNA/lauteet/coll,coll,ColliderOnly,BoxCollider,1,0,0,0,0,,0,1,IncludedStaticWorldSolid,1,CellLegacy,WorldSolid,Assets/Game/World/Content/Physics/WorldSolidZeroBounce.physicMaterial,Reviewed static-world solid collider from the frozen M04A1 source table.,TemporaryDirectImport,msc-world-baseline-04a1.1-c3f2f337,08A1.6
79ad7539e2d050f276ec712aa0d21f40,5fcc284adf6de30659b73ab8fd3b42d1,YARD/Building/LOD/CrouchTrigger,CrouchTrigger,ColliderOnly,CapsuleCollider,1,1,0,0,0,,0,0,ExcludedTrigger,0,Excluded,,,Trigger volumes are not imported by the solid pass.,TemporaryDirectImport,msc-world-baseline-04a1.1-c3f2f337,08A1.6
79b2c099fc4965624df1a0c2bca306ea,797913dc13e4ce2febb1a1a68b21d615,CABIN/Cabin/Door/Pivot/Handle,Handle,ColliderOnly,SphereCollider,1,1,0,0,0,,0,1,ExcludedTrigger,0,Excluded,,,Trigger volumes are not imported by the solid pass.,TemporaryDirectImport,msc-world-baseline-04a1.1-c3f2f337,08A1.6
7a4cec5c3cd469d519650dc62e0d3bdd,72d34129df6c41f282ca82028a53cfd6,YARD/Building/KITCHEN/Fridge/Pivot/fridge_paper,fridge_paper,BuildingInterior,BoxCollider,1,0,0,0,0,,0,1,IncludedStaticWorldSolid,1,CellLegacy,WorldSolid,Assets/Game/World/Content/Physics/WorldSolidZeroBounce.physicMaterial,Reviewed static-world solid collider from the frozen M04A1 source table.,TemporaryDirectImport,msc-world-baseline-04a1.1-c3f2f337,08A1.6
7a6112620200467ff3cd79b3e9afdbdc,0c3a8e7427f914ccea8da9aa8a83880d,MAP/BusStop/coll,coll,ColliderOnly,MeshCollider,1,0,1,0,1,baac663e0bf01a14c9b959933eb714cf,4300000,1,ExcludedDynamicRequiresPresenter,0,Excluded,,,The collider is owned by a donor Rigidbody on itself or an ancestor and requires a project-owned dynamic presenter instead of a frozen static blocker.,TemporaryDirectImport,msc-world-baseline-04a1.1-c3f2f337,08A1.6
7a956eb341a19c8e882377ba39797051,6d28796158878f20531e82c7d55129b0,YARD/Building/KITCHEN/OvenStove/KnobPower2,KnobPower2,ColliderOnly,SphereCollider,1,1,0,0,0,,0,1,ExcludedTrigger,0,Excluded,,,Trigger volumes are not imported by the solid pass.,TemporaryDirectImport,msc-world-baseline-04a1.1-c3f2f337,08A1.6
7a9cc75e6a38353707df38ecf39bbb28,22c32fef63b382223bc6b72b88408633,YARD/Building/Colliders/Collider3,Collider3,ColliderOnly,MeshCollider,1,0,0,0,0,076df6b846061344a856e514e7920651,4300000,1,IncludedSafetyCriticalGlobal,1,GlobalLegacy,WorldSolid,Assets/Game/World/Content/Physics/WorldSolidZeroBounce.physicMaterial,Home spawn structural safety,TemporaryDirectImport,msc-world-baseline-04a1.1-c3f2f337,08A1.6
7ab939e1e152116dd0fe23f5b3573bef,0a2e1a1af2ae936b2bf6ab80fcc71047,RALLY/Sunday/StartArea/Sender 1/Move/HumanTriggerCrime,HumanTriggerCrime,ColliderOnly,CapsuleCollider,1,1,0,0,0,,0,0,ExcludedTrigger,0,Excluded,,,Trigger volumes are not imported by the solid pass.,TemporaryDirectImport,msc-world-baseline-04a1.1-c3f2f337,08A1.6
7ac297591507e5d5dff3181ddb6ece7f,7e357b9c21824a192709c7698f23bb6d,THEATRE/LOD/theatre_set 2,theatre_set 2,BuildingExterior,BoxCollider,1,0,0,0,0,,0,1,IncludedStaticWorldSolid,1,CellLegacy,WorldSolid,Assets/Game/World/Content/Physics/WorldSolidZeroBounce.physicMaterial,Reviewed static-world solid collider from the frozen M04A1 source table.,TemporaryDirectImport,msc-world-baseline-04a1.1-c3f2f337,08A1.6
7ac659c266d06247eb7111cab8c10400,cccf5dfe1856a05b425554bdd8a3bd7d,STORE/LOD/ActivateStore/FoodProducts/Coffee,Coffee,ColliderOnly,CapsuleCollider,1,1,0,0,0,,0,1,ExcludedTrigger,0,Excluded,,,Trigger volumes are not imported by the solid pass.,TemporaryDirectImport,msc-world-baseline-04a1.1-c3f2f337,08A1.6
7ad3537a0ab773bdc77cacefad90c9ea,c6473ec4d82d9f25b26da94ed6fc09a3,REPAIRSHOP/LOD/Garbage/SVOBODA 1/coll,coll,ColliderOnly,MeshCollider,1,0,1,0,0,ab17906ce13922348b500d42b3442427,4300000,1,IncludedStaticWorldSolid,1,CellLegacy,WorldSolid,Assets/Game/World/Content/Physics/WorldSolidZeroBounce.physicMaterial,Reviewed static-world solid collider from the frozen M04A1 source table.,TemporaryDirectImport,msc-world-baseline-04a1.1-c3f2f337,08A1.6
7ae90392e4116b866f7945d55433ebff,c02e5d421e229daf82afcd5435d035a1,STORE/LOD/ActivateStore/SpraycanProducts/Spray12,Spray12,ColliderOnly,CapsuleCollider,1,1,0,0,0,,0,1,ExcludedTrigger,0,Excluded,,,Trigger volumes are not imported by the solid pass.,TemporaryDirectImport,msc-world-baseline-04a1.1-c3f2f337,08A1.6
7b0b3c03504f332d3c2afd42a0a903cc,2da11c8c70d71c87b5701eabbc8b60a5,STORE/VideoPoker/GameLogic/Buttons/Hold4,Hold4,ColliderOnly,SphereCollider,1,1,0,0,1,,0,1,ExcludedTrigger,0,Excluded,,,Trigger volumes are not imported by the solid pass.,TemporaryDirectImport,msc-world-baseline-04a1.1-c3f2f337,08A1.6
7b4129cfdae73694310fc6c4f9ca21f2,5d63ff26d913b8de49c0c04298571c2e,STORE/LOD/Pumps/GasolinePump98/Functions/Trigger98,Trigger98,ColliderOnly,CapsuleCollider,1,1,0,0,0,,0,1,ExcludedTrigger,0,Excluded,,,Trigger volumes are not imported by the solid pass.,TemporaryDirectImport,msc-world-baseline-04a1.1-c3f2f337,08A1.6
7b41ae65f359dfa872f0b9b23d92613e,6c65ed61eaa62b4825a915cb50cb005f,STORE/LOD/GFX_Store/SlotMachine/Buttons/Bet,Bet,ColliderOnly,SphereCollider,1,1,0,0,0,,0,1,ExcludedTrigger,0,Excluded,,,Trigger volumes are not imported by the solid pass.,TemporaryDirectImport,msc-world-baseline-04a1.1-c3f2f337,08A1.6
7b83bc845dfd5b34ed628880d7d44162,8f1ac24973d7e55bb1857aa5537103db,YARD/Building/Dynamics/FuseTable/Fusetable/Fuse5Pivot/fuseholder05/FuseTrigger,FuseTrigger,ColliderOnly,SphereCollider,1,1,0,0,1,,0,0,ExcludedTrigger,0,Excluded,,,Trigger volumes are not imported by the solid pass.,TemporaryDirectImport,msc-world-baseline-04a1.1-c3f2f337,08A1.6
7bce8a5f405695b7115b3a52ce9d918e,76b3458082f671682b4385a067d30867,COTTAGE/Fireplace/WoodTrigger,WoodTrigger,ColliderOnly,BoxCollider,1,1,0,0,0,,0,1,ExcludedTrigger,0,Excluded,,,Trigger volumes are not imported by the solid pass.,TemporaryDirectImport,msc-world-baseline-04a1.1-c3f2f337,08A1.6
7bdf4390edffe0fc5ec8fe8973388774,8e4358dd09c873210d0655794c424113,YARD/Building/BEDROOM2/DoorBedroom2/Pivot/Handle,Handle,ColliderOnly,SphereCollider,1,1,0,0,0,,0,1,ExcludedTrigger,0,Excluded,,,Trigger volumes are not imported by the solid pass.,TemporaryDirectImport,msc-world-baseline-04a1.1-c3f2f337,08A1.6
7bebb63aff3f3860f4f4b1b0b4af938e,46a031a3ba3c25fbff178dc2757d306e,RALLY/Saturday/StartArea/Sender/Move/HumanTriggerCrime/PlayerColl,PlayerColl,ColliderOnly,CapsuleCollider,1,0,0,0,0,,0,0,ExcludedInactive,0,Excluded,,,The collider owner is inactive through the frozen donor hierarchy.,TemporaryDirectImport,msc-world-baseline-04a1.1-c3f2f337,08A1.6
7bfb9ab30384747b748075f7195557c0,0892f1c2c80d532bc9e01f18ccb39b86,SOCCER/LOD/KID2/Offset/Pivot/skeleton/thig_right/knee_right,knee_right,ColliderOnly,CapsuleCollider,1,0,0,0,1,,0,1,ExcludedActorOrPlayer,0,Excluded,,,"Actor, NPC, skeleton or player-owned collision belongs to a later project-owned gameplay presenter.",TemporaryDirectImport,msc-world-baseline-04a1.1-c3f2f337,08A1.6
7c60c0412f5d7ef871a2f45e66b002fd,f2b5efdd895742fa07879d6c741f9cb8,DANCEHALL/Functions/DanceCouple/Dancer1/Pivot/pelvis/spine_mid/shoulders(xxxxx)/collar_left/shoulder(leftx)/arm(leftx),arm(leftx),ColliderOnly,CapsuleCollider,1,0,0,0,1,,0,0,ExcludedInactive,0,Excluded,,,The collider owner is inactive through the frozen donor hierarchy.,TemporaryDirectImport,msc-world-baseline-04a1.1-c3f2f337,08A1.6
7c9d568d12b6f336f7a4154690b9d053,f916a38445ab1e8aa3585478cef1aa80,MAP/ConstructionSite/concretepole,concretepole,StaticProp,BoxCollider,1,0,0,0,0,,0,1,IncludedStaticWorldSolid,1,CellLegacy,WorldSolid,Assets/Game/World/Content/Physics/WorldSolidZeroBounce.physicMaterial,Reviewed static-world solid collider from the frozen M04A1 source table.,TemporaryDirectImport,msc-world-baseline-04a1.1-c3f2f337,08A1.6
7ce7f14d805520e29e40f38796e1cca9,6b850ea13a780ca3c0e86974542b09e3,STORE/LOD/GFX_Pub/chair_pub 2/CrouchTrigger,CrouchTrigger,ColliderOnly,CapsuleCollider,1,1,0,0,1,,0,1,ExcludedTrigger,0,Excluded,,,Trigger volumes are not imported by the solid pass.,TemporaryDirectImport,msc-world-baseline-04a1.1-c3f2f337,08A1.6
7d2a0ed3339242a7450c844acc6c33b3,5464f9f6a74db00bccf01c928985ea50,REPAIRSHOP/LOD/ToolCart/Drawer/Tools/Spanners/spanner(11)(Clone),spanner(11)(Clone),ColliderOnly,CapsuleCollider,1,1,0,0,1,,0,0,ExcludedTrigger,0,Excluded,,,Trigger volumes are not imported by the solid pass.,TemporaryDirectImport,msc-world-baseline-04a1.1-c3f2f337,08A1.6
7d54ff9be42507f4b093ee89f41d58f0,4cff5bdf7489856f05d1ed5088c51ec6,DANCEHALL/Building/dancehut_doorrear,dancehut_doorrear,Door,BoxCollider,1,0,0,0,0,,0,1,ExcludedDoorRequiresBinding,0,Excluded,,,A door cannot become a static blocker before a project-owned hinge/interaction binding is authored.,TemporaryDirectImport,msc-world-baseline-04a1.1-c3f2f337,08A1.6
7d5a1560bbd15cd3f3cf4c7299324315,c4b3dc073c80aa0425b3ab384281513b,SOCCER/LOD/KID1/Offset/Pivot,Pivot,ColliderOnly,CapsuleCollider,0,0,0,0,1,,0,1,ExcludedDisabled,0,Excluded,,,The donor collider component is disabled.,TemporaryDirectImport,msc-world-baseline-04a1.1-c3f2f337,08A1.6
7d8684da15c89bacf9e4e9994589f274,b07e82df3e8491a08db3688c14d340bf,INSPECTION/Building/collider2,collider2,ColliderOnly,MeshCollider,1,0,0,0,0,2709ed79fab46ab48be9034d97f31d36,4300000,1,IncludedStaticWorldSolid,1,CellLegacy,WorldSolid,Assets/Game/World/Content/Physics/WorldSolidZeroBounce.physicMaterial,Reviewed static-world solid collider from the frozen M04A1 source table.,TemporaryDirectImport,msc-world-baseline-04a1.1-c3f2f337,08A1.6
7d8ac2c0be6ab34ac0888646c8f45fbe,b8de7336e204fae3ba333227b3e94d19,YARD/Building/LOD/HedgeFence/hedge,hedge,BuildingExterior,MeshCollider,1,0,1,0,0,9c6458347eea44a42b431025cf59f4cc,4300000,1,IncludedStaticWorldSolid,1,CellLegacy,WorldSolid,Assets/Game/World/Content/Physics/WorldSolidZeroBounce.physicMaterial,Reviewed static-world solid collider from the frozen M04A1 source table.,TemporaryDirectImport,msc-world-baseline-04a1.1-c3f2f337,08A1.6
7dc0af284c450aaa0af7363712780d21,6cc108f60d6346bb6850f5782938ff04,STORE/LOD/ActivateBar/DrunksBar/Drunk2/skeleton/pelvis/spine_middle/spine_upper/collar_left/shoulder_left/arm_left,arm_left,ColliderOnly,CapsuleCollider,1,0,0,0,1,,0,1,ExcludedActorOrPlayer,0,Excluded,,,"Actor, NPC, skeleton or player-owned collision belongs to a later project-owned gameplay presenter.",TemporaryDirectImport,msc-world-baseline-04a1.1-c3f2f337,08A1.6
7dc3e5b0be1dd15200c1c79ec891a044,f70cf00f4bc66fab7b318988679303c9,YARD/Building/KITCHEN/bench,bench,BuildingInterior,BoxCollider,1,0,0,0,0,,0,1,IncludedStaticWorldSolid,1,CellLegacy,WorldSolid,Assets/Game/World/Content/Physics/WorldSolidZeroBounce.physicMaterial,Reviewed static-world solid collider from the frozen M04A1 source table.,TemporaryDirectImport,msc-world-baseline-04a1.1-c3f2f337,08A1.6
7e09b0e3c313bcf64a73cfd68a943b1d,125db01ecb9314567e8833a72908d72d,YARD/Building/BEDROOM1/COMPUTER/Computer/Meshes/386_case(xxxxx)/DiskDrive/ButtonEject,ButtonEject,ColliderOnly,SphereCollider,1,1,0,0,0,,0,0,ExcludedTrigger,0,Excluded,,,Trigger volumes are not imported by the solid pass.,TemporaryDirectImport,msc-world-baseline-04a1.1-c3f2f337,08A1.6
7e14586fff9ea3418ecce41738bf6d65,7b70679e4b970e80e2f9520a9b95eaae,YARD/UNCLE/garden_table,garden_table,BuildingExterior,MeshCollider,1,0,1,0,0,039fdbd9d53e91249b6dbc16503bdf35,4300000,1,IncludedStaticWorldSolid,1,CellLegacy,WorldSolid,Assets/Game/World/Content/Physics/WorldSolidZeroBounce.physicMaterial,Reviewed static-world solid collider from the frozen M04A1 source table.,TemporaryDirectImport,msc-world-baseline-04a1.1-c3f2f337,08A1.6
7e15e0ab058d1f820562c166de8e130f,8343b1487294959410a5979cc247ae06,DRAGRACE/LOD/DRAGSTRIP/DragTiming/LaneLeft/Bluelane,Bluelane,ColliderOnly,MeshCollider,1,1,1,0,0,0000000000000000e000000000000000,10210,0,ExcludedTrigger,0,Excluded,,,Trigger volumes are not imported by the solid pass.,TemporaryDirectImport,msc-world-baseline-04a1.1-c3f2f337,08A1.6
7e3c74b172c5bd63c43b39234277fb54,4fe6f1dc60feab1f55ccca53fc60e9dd,DANCEHALL/Functions/DanceCouple/Dancer1/Pivot/pelvis/spine_mid/shoulders(xxxxx)/collar_right/shoulder(right)/arm(right),arm(right),ColliderOnly,CapsuleCollider,1,0,0,0,1,,0,0,ExcludedInactive,0,Excluded,,,The collider owner is inactive through the frozen donor hierarchy.,TemporaryDirectImport,msc-world-baseline-04a1.1-c3f2f337,08A1.6
7e8c5330104674253b1944d414f96b6b,9bc9dea0860a0004a8514e62c20c9876,MISC/potato box(xxxxx)/ItemTrigger,ItemTrigger,ColliderOnly,BoxCollider,1,1,0,0,1,,0,0,ExcludedTrigger,0,Excluded,,,Trigger volumes are not imported by the solid pass.,TemporaryDirectImport,msc-world-baseline-04a1.1-c3f2f337,08A1.6
7eaa3f7986ecdcb1d9e999f55b86365a,bddf95daec3701fecaecc54ab9431e24,DRAGRACE/LOD/DRAGSTRIP/DragTiming/LaneRight/Stageline1,Stageline1,ColliderOnly,MeshCollider,1,1,1,0,0,0000000000000000e000000000000000,10210,0,ExcludedTrigger,0,Excluded,,,Trigger volumes are not imported by the solid pass.,TemporaryDirectImport,msc-world-baseline-04a1.1-c3f2f337,08A1.6
7ec551b6e14a835475fb5c380f0ec290,9cf0e161aea50dd26013755cd1b746bc,STORE/LOD/Fence 2/fence 1,fence 1,Fence,BoxCollider,1,0,0,0,0,,0,1,IncludedStaticWorldSolid,1,CellLegacy,WorldSolid,Assets/Game/World/Content/Physics/WorldSolidZeroBounce.physicMaterial,Reviewed static-world solid collider from the frozen M04A1 source table.,TemporaryDirectImport,msc-world-baseline-04a1.1-c3f2f337,08A1.6
7eef4059fb009e8cfc529b9c412d8c2d,f007b02883c647b9d4b7598712b5684e,STORE/LOD/ActivateStore/CarProducts/BuySeat,BuySeat,ColliderOnly,SphereCollider,1,1,0,0,0,,0,1,ExcludedTrigger,0,Excluded,,,Trigger volumes are not imported by the solid pass.,TemporaryDirectImport,msc-world-baseline-04a1.1-c3f2f337,08A1.6
7ef94c8ff5d7fd77775abd98fa172d6e,11fb892462d6ccdd30e0559b344a4831,YARD/Building/LOD/komposti/komposti,komposti,BuildingExterior,MeshCollider,1,0,0,0,0,3ab9e1295f7e25e4abd6abe1d25f4e0c,4300000,1,IncludedStaticWorldSolid,1,CellLegacy,WorldSolid,Assets/Game/World/Content/Physics/WorldSolidZeroBounce.physicMaterial,Reviewed static-world solid collider from the frozen M04A1 source table.,TemporaryDirectImport,msc-world-baseline-04a1.1-c3f2f337,08A1.6
7f1e5fd690e7a8767f3974e8b520b8cf,6890ccd7faefde391a93d98dfc053fd1,RYKIPOHJA/WaterWell/Functions/ParticleDrink/WaterTap,WaterTap,ColliderOnly,CapsuleCollider,1,0,0,0,0,,0,0,ExcludedInactive,0,Excluded,,,The collider owner is inactive through the frozen donor hierarchy.,TemporaryDirectImport,msc-world-baseline-04a1.1-c3f2f337,08A1.6
7f362095b6bacf90b265ba2b167f9648,449b18de0c10f87887e3f3304a90366e,YARD/Building/LOD/HedgeFence/hedge,hedge,BuildingExterior,MeshCollider,1,0,1,0,0,9c6458347eea44a42b431025cf59f4cc,4300000,1,IncludedStaticWorldSolid,1,CellLegacy,WorldSolid,Assets/Game/World/Content/Physics/WorldSolidZeroBounce.physicMaterial,Reviewed static-world solid collider from the frozen M04A1 source table.,TemporaryDirectImport,msc-world-baseline-04a1.1-c3f2f337,08A1.6
7f66d3e080364ab21a5745c28d3fdcdc,56876d4591280e072b992fe46d1d85bd,STORE/LOD/GFX_Pub/table_pub,table_pub,BuildingExterior,BoxCollider,1,0,0,0,1,,0,1,ExcludedDynamicRequiresPresenter,0,Excluded,,,The collider is owned by a donor Rigidbody on itself or an ancestor and requires a project-owned dynamic presenter instead of a frozen static blocker.,TemporaryDirectImport,msc-world-baseline-04a1.1-c3f2f337,08A1.6
7f9a2f37e0ea8084bddc52f8b41cab00,db0a4c4c969de90f3cf6088c853d05d7,CABIN/Cabin/Ventti/Chair/CrouchTrigger,CrouchTrigger,ColliderOnly,CapsuleCollider,1,1,0,0,0,,0,1,ExcludedTrigger,0,Excluded,,,Trigger volumes are not imported by the solid pass.,TemporaryDirectImport,msc-world-baseline-04a1.1-c3f2f337,08A1.6
7ff6d1a76a857421413d92565cf959a3,63647d21fc19c43864a0c000ce2c3404,STORE/LOD/Pumps/GasolinePumpPÖ/fueloil_base/fueloil_parts_base,fueloil_parts_base,BuildingExterior,BoxCollider,1,0,0,0,0,,0,1,IncludedStaticWorldSolid,1,CellLegacy,WorldSolid,Assets/Game/World/Content/Physics/WorldSolidZeroBounce.physicMaterial,Reviewed static-world solid collider from the frozen M04A1 source table.,TemporaryDirectImport,msc-world-baseline-04a1.1-c3f2f337,08A1.6
7ff804a0fcc915e174fb289a9b585d0f,e092e91f89de01221e6c99a570108c67,MAP/MailBox/BoxHatch,BoxHatch,ColliderOnly,SphereCollider,1,1,0,0,0,,0,1,ExcludedTrigger,0,Excluded,,,Trigger volumes are not imported by the solid pass.,TemporaryDirectImport,msc-world-baseline-04a1.1-c3f2f337,08A1.6
80011adc6f85091f59e71906e5c2e78d,4dca067382c394b76b9c1c013686e70a,COTTAGE/LOD/Doors/DoorFront1/Pivot/mesh 1,mesh 1,BuildingExterior,BoxCollider,1,0,0,0,0,,0,1,ExcludedDoorRequiresBinding,0,Excluded,,,A door cannot become a static blocker before a project-owned hinge/interaction binding is authored.,TemporaryDirectImport,msc-world-baseline-04a1.1-c3f2f337,08A1.6
80487a2db3978fb0b2c0c959bf5bacd2,0437af4e7707e9b667488965d53df9e6,REPAIRSHOP/Dyno/roll_coll,roll_coll,ColliderOnly,CapsuleCollider,1,0,0,0,0,,0,1,IncludedStaticWorldSolid,1,CellLegacy,WorldSolid,Assets/Game/World/Content/Physics/WorldSolidZeroBounce.physicMaterial,Reviewed static-world solid collider from the frozen M04A1 source table.,TemporaryDirectImport,msc-world-baseline-04a1.1-c3f2f337,08A1.6
804c7303ad9a3e8e28a963f044af8d2f,2eff8e6fbe069985486d6236cef27967,RALLY/PartsSalesman/Functions/Parts/BuyPiston3,BuyPiston3,ColliderOnly,SphereCollider,1,1,0,0,0,,0,1,ExcludedTrigger,0,Excluded,,,Trigger volumes are not imported by the solid pass.,TemporaryDirectImport,msc-world-baseline-04a1.1-c3f2f337,08A1.6
806432b8be3798f593c8b7ec748973df,239f279f4cfa832d1b53f425d340f594,SOCCER/Janitor/Reijo/Pivot/HumanTriggerCrime,HumanTriggerCrime,ColliderOnly,CapsuleCollider,1,1,0,0,1,,0,1,ExcludedTrigger,0,Excluded,,,Trigger volumes are not imported by the solid pass.,TemporaryDirectImport,msc-world-baseline-04a1.1-c3f2f337,08A1.6
80714c19bd6891d947dae5fb39c19f52,5932b55f3271258a8aad2ad0979ffa29,MAP/MESH/CHURCHWALL,CHURCHWALL,BuildingExterior,MeshCollider,1,0,0,0,0,566e24d1aca485e48ba52cf4e28e946e,4300000,1,IncludedStaticWorldSolid,1,TrulyGlobalLegacy,WorldSolid,Assets/Game/World/Content/Physics/WorldSolidZeroBounce.physicMaterial,Reviewed static-world solid collider from the frozen M04A1 source table.,TemporaryDirectImport,msc-world-baseline-04a1.1-c3f2f337,08A1.6
808e011fc4777e5e5bd3822728f9b13b,83055e7c3b7aa29e3f8ff8e7104e8922,JAIL/MESh/table(Clone),table(Clone),BuildingExterior,BoxCollider,1,0,0,0,0,,0,0,ExcludedInactive,0,Excluded,,,The collider owner is inactive through the frozen donor hierarchy.,TemporaryDirectImport,msc-world-baseline-04a1.1-c3f2f337,08A1.6
809112ba9ee92ebe95e49bf1c3f966cf,05aecc2c0cd47ac8dcfc1e7e4467c689,STORE/LOD/GFX_Store/store_frames,store_frames,BuildingExterior,MeshCollider,1,0,0,0,0,6d88e2cbff5c3b54aa6e28754d9f8bf8,4300000,1,IncludedStaticWorldSolid,1,CellLegacy,WorldSolid,Assets/Game/World/Content/Physics/WorldSolidZeroBounce.physicMaterial,Reviewed static-world solid collider from the frozen M04A1 source table.,TemporaryDirectImport,msc-world-baseline-04a1.1-c3f2f337,08A1.6
80c5278b3e4156d79138b3980b46fcb1,aa7380a0961b44d2b9d78c3cbff6e89a,STORE/LOD/GFX_Pub/Bottle,Bottle,BuildingExterior,BoxCollider,1,0,0,0,1,,0,1,ExcludedDynamicRequiresPresenter,0,Excluded,,,The collider is owned by a donor Rigidbody on itself or an ancestor and requires a project-owned dynamic presenter instead of a frozen static blocker.,TemporaryDirectImport,msc-world-baseline-04a1.1-c3f2f337,08A1.6
80cef24f4ca626d3b5e42473c45d2845,b7830d173ff9e790f697173172c4612f,DANCEHALL/Functions/FIGHTER/Fighter/Pivot/Char/skeleton/pelvis/spine_middle/spine_upper/collar_left/shoulder_left/arm_left/hand_left/finger_left/bottle/booze(Clone),booze(Clone),BuildingExterior,CapsuleCollider,1,0,0,0,1,,0,0,ExcludedInactive,0,Excluded,,,The collider owner is inactive through the frozen donor hierarchy.,TemporaryDirectImport,msc-world-baseline-04a1.1-c3f2f337,08A1.6
8103ce51e03f7cfd59c48eaeeefd484f,44ddc5a23525264e2335275645ab6031,YARD/UNCLE/Building/houseuncle_roof2,houseuncle_roof2,Roof,MeshCollider,1,0,0,0,0,6561ec2a31d25d04c84a6af793a0b8a6,4300000,1,IncludedStaticWorldSolid,1,CellLegacy,WorldSolid,Assets/Game/World/Content/Physics/WorldSolidZeroBounce.physicMaterial,Reviewed static-world solid collider from the frozen M04A1 source table.,TemporaryDirectImport,msc-world-baseline-04a1.1-c3f2f337,08A1.6
813eb526be338d59ccffd6997cdc4b25,a2ca216c0b6e37fe442d707b29062573,YARD/Building/SAUNA/Sauna/Kiuas/StoveTrigger,StoveTrigger,ColliderOnly,CapsuleCollider,1,0,0,0,1,,0,1,ExcludedDynamicRequiresPresenter,0,Excluded,,,The collider is owned by a donor Rigidbody on itself or an ancestor and requires a project-owned dynamic presenter instead of a frozen static blocker.,TemporaryDirectImport,msc-world-baseline-04a1.1-c3f2f337,08A1.6
81574a2eff396af25fb2db37beb1396b,96e440d4d9e3c7e6796a8289554ffd90,MAP/Buildings/BarnOld/lato_door1,lato_door1,Door,MeshCollider,1,0,0,0,0,0eb4d0a4cf353594d80da35acc3e37d1,4300000,1,ExcludedDoorRequiresBinding,0,Excluded,,,A door cannot become a static blocker before a project-owned hinge/interaction binding is authored.,TemporaryDirectImport,msc-world-baseline-04a1.1-c3f2f337,08A1.6
81706195606e61e9e881661ba1fc3238,dd8796537b0471f3c1600f923cc2c22d,STORE/TeimoInBike/Bicycle/Functions/Teimo/HumanTrigger,HumanTrigger,ColliderOnly,CapsuleCollider,1,1,0,0,1,,0,0,ExcludedTrigger,0,Excluded,,,Trigger volumes are not imported by the solid pass.,TemporaryDirectImport,msc-world-baseline-04a1.1-c3f2f337,08A1.6
819d154d8ab5e3e760c0588dfd9cf1c0,6cfaec2e4c495e20a40afe92004fec6a,STORE/LOD/ActivateStore/SpraycanProducts/Spray03,Spray03,ColliderOnly,CapsuleCollider,1,1,0,0,0,,0,1,ExcludedTrigger,0,Excluded,,,Trigger volumes are not imported by the solid pass.,TemporaryDirectImport,msc-world-baseline-04a1.1-c3f2f337,08A1.6
82454302ee81d83391f6164b0feca65e,196de33ad723a7b3da9bc9d6bf7fdd93,STORE/LOD/GFX_Store/BreakableWindows/store_windows_broken/store_windows_broken_005,store_windows_broken_005,Window,MeshCollider,1,0,1,0,1,dd374cab9b870f64c834197d52c0671b,4300000,0,ExcludedInactive,0,Excluded,,,The collider owner is inactive through the frozen donor hierarchy.,TemporaryDirectImport,msc-world-baseline-04a1.1-c3f2f337,08A1.6
8265d52112e1ec88ac26d548b9933006,35413cc6ff065fd8611d1f41b8ccdb4b,YARD/PlayerMailBox/EnvelopePhoneBill,EnvelopePhoneBill,ColliderOnly,CapsuleCollider,1,1,0,0,0,,0,0,ExcludedTrigger,0,Excluded,,,Trigger volumes are not imported by the solid pass.,TemporaryDirectImport,msc-world-baseline-04a1.1-c3f2f337,08A1.6
82692d84054e556e0eb8b240dbe09995,fc5d18300e0afdf093777b3e3554a35a,MAP/Buildings/DINGONBIISI/autiotalo/mesh/buildingvino_Cube.003_None_wallpaper.jpg.001,buildingvino_Cube.003_None_wallpaper.jpg.001,StaticProp,MeshCollider,1,0,0,0,0,d011a94c3e0eee34b9864be6a879734b,4300000,1,IncludedStaticWorldSolid,1,CellLegacy,WorldSolid,Assets/Game/World/Content/Physics/WorldSolidZeroBounce.physicMaterial,Reviewed static-world solid collider from the frozen M04A1 source table.,TemporaryDirectImport,msc-world-baseline-04a1.1-c3f2f337,08A1.6
82995f9c4f89d4c648774b34eb154913,0764a2b332fe55327e85010221bdbb57,YARD/Building/BEDROOM2/closet 1,closet 1,BuildingInterior,BoxCollider,1,0,0,0,0,,0,1,IncludedStaticWorldSolid,1,CellLegacy,WorldSolid,Assets/Game/World/Content/Physics/WorldSolidZeroBounce.physicMaterial,Reviewed static-world solid collider from the frozen M04A1 source table.,TemporaryDirectImport,msc-world-baseline-04a1.1-c3f2f337,08A1.6
831d2fda6b499a95f06ab518e22a16b4,aee14a4f7c6338cdea4e097e11a6a418,PERAJARVI/HouseBig/coll,coll,ColliderOnly,MeshCollider,1,0,0,0,0,514bbc2319872924d897b41075c08d58,4300000,1,IncludedStaticWorldSolid,1,CellLegacy,WorldSolid,Assets/Game/World/Content/Physics/WorldSolidZeroBounce.physicMaterial,Reviewed static-world solid collider from the frozen M04A1 source table.,TemporaryDirectImport,msc-world-baseline-04a1.1-c3f2f337,08A1.6
83219d535387b7fa3fb05f77c8c21369,fdef3aadf61adc235a9ef15be78d44bb,INSPECTION/LOD/Lifter/Platform/Coll,Coll,ColliderOnly,BoxCollider,1,0,0,0,1,,0,1,ExcludedDynamicRequiresPresenter,0,Excluded,,,The collider is owned by a donor Rigidbody on itself or an ancestor and requires a project-owned dynamic presenter instead of a frozen static blocker.,TemporaryDirectImport,msc-world-baseline-04a1.1-c3f2f337,08A1.6
8344574fab09a7c929c89eeb12955ee0,2dc7676dc12584b20d8d477fa559c329,REPAIRSHOP/JunkCar3/HookRear,HookRear,ColliderOnly,SphereCollider,1,1,0,0,1,,0,1,ExcludedTrigger,0,Excluded,,,Trigger volumes are not imported by the solid pass.,TemporaryDirectImport,msc-world-baseline-04a1.1-c3f2f337,08A1.6
835ca273dbd0b42ecdbce6419aff0023,4c693ecbd05795b9c2536146ad638bc1,YARD/Building/HOUSEFIRE/Sauna/ParticleFire/FireTrigger,FireTrigger,ColliderOnly,SphereCollider,1,1,0,0,0,,0,0,ExcludedTrigger,0,Excluded,,,Trigger volumes are not imported by the solid pass.,TemporaryDirectImport,msc-world-baseline-04a1.1-c3f2f337,08A1.6
8411b7f87fae4499f1c4e367e0d76c0d,220005a05503fb74b9f2e2e40686f51a,MAP/Buildings/BarnOld/lato_wall,lato_wall,StaticProp,MeshCollider,1,0,0,0,0,053d62eabcd943945a4c29fd71a4d82b,4300000,1,IncludedStaticWorldSolid,1,CellLegacy,WorldSolid,Assets/Game/World/Content/Physics/WorldSolidZeroBounce.physicMaterial,Reviewed static-world solid collider from the frozen M04A1 source table.,TemporaryDirectImport,msc-world-baseline-04a1.1-c3f2f337,08A1.6
849459672bfca4b32c8b255956d8ad6a,e91f2cc3e2cd67b51ab177768d30b616,STORE/LOD/DoorBar/Pivot/mesh,mesh,BuildingExterior,BoxCollider,1,0,0,0,1,,0,1,ExcludedDoorRequiresBinding,0,Excluded,,,A door cannot become a static blocker before a project-owned hinge/interaction binding is authored.,TemporaryDirectImport,msc-world-baseline-04a1.1-c3f2f337,08A1.6
84d04623b7266187e12f2ef95f985808,cd60e93e587663eb3ba5c56d43bd0c94,MAP/Buildings/BarnOld/lato_wall,lato_wall,StaticProp,MeshCollider,1,0,0,0,0,053d62eabcd943945a4c29fd71a4d82b,4300000,1,IncludedStaticWorldSolid,1,CellLegacy,WorldSolid,Assets/Game/World/Content/Physics/WorldSolidZeroBounce.physicMaterial,Reviewed static-world solid collider from the frozen M04A1 source table.,TemporaryDirectImport,msc-world-baseline-04a1.1-c3f2f337,08A1.6
84ea04f60909ae07120c5d2a8b279672,ecbb3312d7e302c9a650041db7f5c3be,REPAIRSHOP/SatsumaSpawns/Spawn,Spawn,SpawnMarker,BoxCollider,0,0,0,0,0,,0,1,ExcludedDisabled,0,Excluded,,,The donor collider component is disabled.,TemporaryDirectImport,msc-world-baseline-04a1.1-c3f2f337,08A1.6
84f73650e4428989b3814c195f36e5c4,7e6fc665e82bb5a14f341d13ab93ca74,SOCCER/goal1/Colliders/coll,coll,ColliderOnly,CapsuleCollider,1,0,0,0,1,,0,1,ExcludedDynamicRequiresPresenter,0,Excluded,,,The collider is owned by a donor Rigidbody on itself or an ancestor and requires a project-owned dynamic presenter instead of a frozen static blocker.,TemporaryDirectImport,msc-world-baseline-04a1.1-c3f2f337,08A1.6
850ed74ce338b37058468547700db69c,0ee3b060b3b18e948379d4d60ac7f6e6,SOCCER/goal2/Colliders/coll,coll,ColliderOnly,CapsuleCollider,1,0,0,0,1,,0,1,ExcludedDynamicRequiresPresenter,0,Excluded,,,The collider is owned by a donor Rigidbody on itself or an ancestor and requires a project-owned dynamic presenter instead of a frozen static blocker.,TemporaryDirectImport,msc-world-baseline-04a1.1-c3f2f337,08A1.6
852d3d017cd48f3ad8646007e7e5c9eb,8e81d8ab9c097463faddd51965c192b4,PERAJARVI/HouseWhite/house_white_garage/house_whitebrick_caragewalls,house_whitebrick_caragewalls,BuildingExterior,BoxCollider,1,0,0,0,0,,0,1,IncludedStaticWorldSolid,1,CellLegacy,WorldSolid,Assets/Game/World/Content/Physics/WorldSolidZeroBounce.physicMaterial,Reviewed static-world solid collider from the frozen M04A1 source table.,TemporaryDirectImport,msc-world-baseline-04a1.1-c3f2f337,08A1.6
8554bedfedbcf16f8e795eaaf74dc2ee,faf23c766b0d8bc0eddb3e743d9816e9,COTTAGE/Fireplace/Grilling/HiillosMesh,HiillosMesh,BuildingExterior,MeshCollider,1,0,1,0,0,81461df4a9d3b99439d87d07c6680cd9,4300000,1,IncludedStaticWorldSolid,1,CellLegacy,WorldSolid,Assets/Game/World/Content/Physics/WorldSolidZeroBounce.physicMaterial,Reviewed static-world solid collider from the frozen M04A1 source table.,TemporaryDirectImport,msc-world-baseline-04a1.1-c3f2f337,08A1.6
85ab2070fadc1043e66a35ba91157699,69005010536093de91887ec392b6c794,YARD/Building/LIVINGROOM/Telephone/Cord/PhoneCordOut/Trigger,Trigger,ColliderOnly,SphereCollider,1,1,0,0,0,,0,0,ExcludedTrigger,0,Excluded,,,Trigger volumes are not imported by the solid pass.,TemporaryDirectImport,msc-world-baseline-04a1.1-c3f2f337,08A1.6
85df0679ce69ae42896a5a4b82118e11,90573cb67d00dc78aea91246f362a839,JAIL/MESh/jail_door 1/jail_door,jail_door,Door,BoxCollider,1,0,0,0,0,,0,0,ExcludedDoorRequiresBinding,0,Excluded,,,A door cannot become a static blocker before a project-owned hinge/interaction binding is authored.,TemporaryDirectImport,msc-world-baseline-04a1.1-c3f2f337,08A1.6
85faa124a23c803e414bfb2c128a86c0,e3064f798b3cf67088a586e1d540f530,YARD/Building/KITCHEN/OvenStove/KnobPower4,KnobPower4,ColliderOnly,SphereCollider,1,1,0,0,0,,0,1,ExcludedTrigger,0,Excluded,,,Trigger volumes are not imported by the solid pass.,TemporaryDirectImport,msc-world-baseline-04a1.1-c3f2f337,08A1.6
8615650d129b0f0d340948f34c2f954c,44a70b682b2d3d9ad259f6f5cd4a54e0,MAP/ChickenHouse/chicken_house_roof,chicken_house_roof,Roof,MeshCollider,1,0,1,0,0,73041a6bb45c1784e93c6cb43fb21270,4300000,1,IncludedStaticWorldSolid,1,CellLegacy,WorldSolid,Assets/Game/World/Content/Physics/WorldSolidZeroBounce.physicMaterial,Reviewed static-world solid collider from the frozen M04A1 source table.,TemporaryDirectImport,msc-world-baseline-04a1.1-c3f2f337,08A1.6
861a60bced3299e86d5281c86751dd29,546149d262d083082394dd52dc97b9f4,YARD/Building/SAUNA/DoorSauna/Pivot/sauna_door1/glass,glass,BuildingExterior,MeshCollider,1,0,0,0,1,0000000000000000e000000000000000,10210,1,ExcludedDoorRequiresBinding,0,Excluded,,,A door cannot become a static blocker before a project-owned hinge/interaction binding is authored.,TemporaryDirectImport,msc-world-baseline-04a1.1-c3f2f337,08A1.6
861c85effc21278d5ca4f3f3ab26c354,125b03461e69c3e77d62ae80fdb160b9,MAP/Buildings/DINGONBIISI/autiotalo/LOD/box,box,ColliderOnly,BoxCollider,1,0,0,0,0,,0,1,IncludedStaticWorldSolid,1,CellLegacy,WorldSolid,Assets/Game/World/Content/Physics/WorldSolidZeroBounce.physicMaterial,Reviewed static-world solid collider from the frozen M04A1 source table.,TemporaryDirectImport,msc-world-baseline-04a1.1-c3f2f337,08A1.6
866cf216063aefa4c690b81cbc0f37f4,9208b93a9c617dd7ed34567072e8e536,MAP/MailBox/BoxHatch,BoxHatch,ColliderOnly,SphereCollider,1,1,0,0,0,,0,1,ExcludedTrigger,0,Excluded,,,Trigger volumes are not imported by the solid pass.,TemporaryDirectImport,msc-world-baseline-04a1.1-c3f2f337,08A1.6
867ac8c04c9fca2d26ed12650f3fa49b,e5dff33f7a068e956f7d33d2ff5f3959,YARD/Building/LIVINGROOM/LOD_livingroom/SmokeDetector/Trigger,Trigger,ColliderOnly,SphereCollider,1,1,0,0,0,,0,1,ExcludedTrigger,0,Excluded,,,Trigger volumes are not imported by the solid pass.,TemporaryDirectImport,msc-world-baseline-04a1.1-c3f2f337,08A1.6
86964b8717acafc963f56d893ddf6d62,837867aaa605a2196fb8afa8f53f2c11,PERAJARVI/TerraceHouse/BrickWall,BrickWall,BuildingExterior,BoxCollider,1,0,0,0,0,,0,1,IncludedStaticWorldSolid,1,CellLegacy,WorldSolid,Assets/Game/World/Content/Physics/WorldSolidZeroBounce.physicMaterial,Reviewed static-world solid collider from the frozen M04A1 source table.,TemporaryDirectImport,msc-world-baseline-04a1.1-c3f2f337,08A1.6
873737786376adf0e0edb507af82031d,356dcfed984cc00d9e3bd5293d617620,YARD/Building/KITCHEN/DoorPantry/Pivot/Handle,Handle,ColliderOnly,SphereCollider,1,1,0,0,0,,0,1,ExcludedTrigger,0,Excluded,,,Trigger volumes are not imported by the solid pass.,TemporaryDirectImport,msc-world-baseline-04a1.1-c3f2f337,08A1.6
8779ff8fc309775595645ff85b63371a,537f7d585c3179c415e8484b031523bc,MAP/Buildings/BarnOld/lato_door2,lato_door2,Door,MeshCollider,1,0,0,0,0,674089cef54eb1848aa7b631f582142f,4300000,1,ExcludedDoorRequiresBinding,0,Excluded,,,A door cannot become a static blocker before a project-owned hinge/interaction binding is authored.,TemporaryDirectImport,msc-world-baseline-04a1.1-c3f2f337,08A1.6
8780464f0601f257011477a8147c0665,dfb1106adbfbadd007f492dc307e5f72,STORE/LOD/GFX_Pub/BreakableWindowsPub/store_windows_broken/store_windows_broken_001,store_windows_broken_001,Window,MeshCollider,1,0,1,0,1,d313b04f9720e8b448f00bb59821dccd,4300000,0,ExcludedInactive,0,Excluded,,,The collider owner is inactive through the frozen donor hierarchy.,TemporaryDirectImport,msc-world-baseline-04a1.1-c3f2f337,08A1.6
87dc5d4d8b24005c4822dcb35fe04acd,0dbbdd4b9528fa749265c18a727f20d2,YARD/Building/BeerCamp/Chair,Chair,BuildingExterior,BoxCollider,1,0,0,0,0,,0,1,IncludedStaticWorldSolid,1,CellLegacy,WorldSolid,Assets/Game/World/Content/Physics/WorldSolidZeroBounce.physicMaterial,Reviewed static-world solid collider from the frozen M04A1 source table.,TemporaryDirectImport,msc-world-baseline-04a1.1-c3f2f337,08A1.6
8822a42660faa513f5b3f3d367ae99fe,e5273efc26a9d8407dc302083d5a0c75,REPAIRSHOP/LOD/Store/Parts/BuyFuelpump,BuyFuelpump,ColliderOnly,SphereCollider,1,1,0,0,0,,0,1,ExcludedTrigger,0,Excluded,,,Trigger volumes are not imported by the solid pass.,TemporaryDirectImport,msc-world-baseline-04a1.1-c3f2f337,08A1.6
886ed0d777f17655b7f6fcb6826dbeeb,0acd4334255239961df20645f0c75c2b,MAP/Buildings/BarnOld/lato_wall,lato_wall,StaticProp,MeshCollider,1,0,0,0,0,053d62eabcd943945a4c29fd71a4d82b,4300000,1,IncludedStaticWorldSolid,1,CellLegacy,WorldSolid,Assets/Game/World/Content/Physics/WorldSolidZeroBounce.physicMaterial,Reviewed static-world solid collider from the frozen M04A1 source table.,TemporaryDirectImport,msc-world-baseline-04a1.1-c3f2f337,08A1.6
88b74939bb4377a24fe0a42a2fe360c4,c641863541ff48203b1b8cd2bdc9e1f4,STORE/LOD/Pumps/GasolinePumpPÖ/fueloil_base/fueloil_parts,fueloil_parts,BuildingExterior,CapsuleCollider,1,0,0,0,0,,0,1,IncludedStaticWorldSolid,1,CellLegacy,WorldSolid,Assets/Game/World/Content/Physics/WorldSolidZeroBounce.physicMaterial,Reviewed static-world solid collider from the frozen M04A1 source table.,TemporaryDirectImport,msc-world-baseline-04a1.1-c3f2f337,08A1.6
88b779a3f238ecb1d3a4af62c3573f98,23f3d97dab87db208e6371325c56b5d4,STORE/LOD/GFX_Store/store_woodfloor,store_woodfloor,Floor,MeshCollider,1,0,0,0,0,cc6a141f9ab80424fbc7ac65ab89f6e3,4300000,1,IncludedStaticWorldSolid,1,CellLegacy,WorldSurface,Assets/Game/World/Content/Physics/WorldSurfaceZeroBounce.physicMaterial,Reviewed static-world solid collider from the frozen M04A1 source table.,TemporaryDirectImport,msc-world-baseline-04a1.1-c3f2f337,08A1.6
88b9e9d18caacb7b91b9b0295bbb08a6,0633f18e41ad6c31910a73522fa3e12f,STORE/LOD/ActivateBar/DrunksBar/Drunk1/skeleton/pelvis/spine_middle/spine_upper/collar_left/shoulder_left,shoulder_left,ColliderOnly,CapsuleCollider,1,0,0,0,1,,0,1,ExcludedActorOrPlayer,0,Excluded,,,"Actor, NPC, skeleton or player-owned collision belongs to a later project-owned gameplay presenter.",TemporaryDirectImport,msc-world-baseline-04a1.1-c3f2f337,08A1.6
88c4a07a09831dccaf7fe45a24bdce71,08e2b5c4c4b5f2ccb888e9b13284ce87,CABIN/Cabin/Ventti/Table/GAME/Gamestuff/booze(Clone),booze(Clone),BuildingExterior,BoxCollider,1,0,0,0,1,,0,1,ExcludedDynamicRequiresPresenter,0,Excluded,,,The collider is owned by a donor Rigidbody on itself or an ancestor and requires a project-owned dynamic presenter instead of a frozen static blocker.,TemporaryDirectImport,msc-world-baseline-04a1.1-c3f2f337,08A1.6
88cb71fcaa657b5679997eb901f81e24,6702e41877a15796c00d75bc0eab099a,CABIN/Cabin/Ventti/Table/GAME/Gamestuff/HitPlayer,HitPlayer,ColliderOnly,SphereCollider,1,1,0,0,1,,0,1,ExcludedTrigger,0,Excluded,,,Trigger volumes are not imported by the solid pass.,TemporaryDirectImport,msc-world-baseline-04a1.1-c3f2f337,08A1.6
88cfe9c93ccd7f50ebe93f2567ac805b,4eb5c2441e8c0448afbef389d930ec11,STORE/LOD/GFX_Store/SlotMachine/LockButtos/LockRoll1,LockRoll1,ColliderOnly,SphereCollider,1,1,0,0,0,,0,1,ExcludedTrigger,0,Excluded,,,Trigger volumes are not imported by the solid pass.,TemporaryDirectImport,msc-world-baseline-04a1.1-c3f2f337,08A1.6
88f9eef1f9af5e98102d79daf4e40055,8bbd846e9e454f402c85086f62e2eb3b,YARD/Building/Dynamics/FuseTable/Fusetable/Fuse5,Fuse5,ColliderOnly,SphereCollider,1,1,0,0,0,,0,1,ExcludedTrigger,0,Excluded,,,Trigger volumes are not imported by the solid pass.,TemporaryDirectImport,msc-world-baseline-04a1.1-c3f2f337,08A1.6
88fe12f16668fc3eb9ed9cdc4513288b,417c35858e5fd3ae0ea3117d38bf763a,MISC/MAITO/Cube 5,Cube 5,InteractivePropCandidate,BoxCollider,1,0,0,0,1,,0,0,ExcludedInactive,0,Excluded,,,The collider owner is inactive through the frozen donor hierarchy.,TemporaryDirectImport,msc-world-baseline-04a1.1-c3f2f337,08A1.6
891392351761d8f061ce75ed20546286,927d178e8eef1dddbd6909437a4fab93,STORE/LOD/GFX_Pub/table_pub 6,table_pub 6,BuildingExterior,BoxCollider,1,0,0,0,1,,0,1,ExcludedDynamicRequiresPresenter,0,Excluded,,,The collider is owned by a donor Rigidbody on itself or an ancestor and requires a project-owned dynamic presenter instead of a frozen static blocker.,TemporaryDirectImport,msc-world-baseline-04a1.1-c3f2f337,08A1.6
896fe249d8f1117ff6071c109312bc41,451818146392fb2cd279ccb41fe3c294,RALLY/PartsSalesman/Functions/Parts/BuyWaterpump,BuyWaterpump,ColliderOnly,SphereCollider,1,1,0,0,0,,0,1,ExcludedTrigger,0,Excluded,,,Trigger volumes are not imported by the solid pass.,TemporaryDirectImport,msc-world-baseline-04a1.1-c3f2f337,08A1.6
8997cda8972e3081688015e9530e130a,bf5f9c204c5425b8e23f6e548280830d,STORE/LOD/ActivateStore/FoodProducts/Milk,Milk,ColliderOnly,CapsuleCollider,1,1,0,0,0,,0,1,ExcludedTrigger,0,Excluded,,,Trigger volumes are not imported by the solid pass.,TemporaryDirectImport,msc-world-baseline-04a1.1-c3f2f337,08A1.6
89ae36f6ac25cd319183cbd0b0de3e83,498a41c2dc463ecb55397e0e3d56c6b8,YARD/Building/KITCHEN/OvenStove/KnobPower1,KnobPower1,ColliderOnly,SphereCollider,1,1,0,0,0,,0,1,ExcludedTrigger,0,Excluded,,,Trigger volumes are not imported by the solid pass.,TemporaryDirectImport,msc-world-baseline-04a1.1-c3f2f337,08A1.6
8a129e13651eaffc62085bea7c03344c,a3848d2b8639b28054a1ef04d606f111,YARD/Building/LIVINGROOM/Fireplace/SetFire,SetFire,ColliderOnly,SphereCollider,1,1,0,0,0,,0,0,ExcludedTrigger,0,Excluded,,,Trigger volumes are not imported by the solid pass.,TemporaryDirectImport,msc-world-baseline-04a1.1-c3f2f337,08A1.6
8ab2bf8462d66d78d34eba131ef0036b,a7b4c092259aff6cfd3303609644b05f,RALLY/Saturday/TimingSaturday/Lines/Staging,Staging,ColliderOnly,MeshCollider,1,1,1,0,1,0000000000000000e000000000000000,10210,0,ExcludedTrigger,0,Excluded,,,Trigger volumes are not imported by the solid pass.,TemporaryDirectImport,msc-world-baseline-04a1.1-c3f2f337,08A1.6
8b1f53ab6a4dfb250332fa21492a6749,0dbbdd4b9528fa749265c18a727f20d2,YARD/Building/BeerCamp/Chair,Chair,BuildingExterior,BoxCollider,1,0,0,0,0,,0,1,IncludedStaticWorldSolid,1,CellLegacy,WorldSolid,Assets/Game/World/Content/Physics/WorldSolidZeroBounce.physicMaterial,Reviewed static-world solid collider from the frozen M04A1 source table.,TemporaryDirectImport,msc-world-baseline-04a1.1-c3f2f337,08A1.6
8ba2b316821f2b6f47491c98d5ae9484,550c6eb2452285dbd0a43f730c7e995a,STORE/LOD/ActivateStore/SpraycanProducts/Spray01,Spray01,ColliderOnly,CapsuleCollider,1,1,0,0,0,,0,1,ExcludedTrigger,0,Excluded,,,Trigger volumes are not imported by the solid pass.,TemporaryDirectImport,msc-world-baseline-04a1.1-c3f2f337,08A1.6
8bb3ed45205f76036cb5a94fe58b92e1,942d0a19e304a050ad0d2fd8bba9d42f,JAIL/TV/mesh,mesh,BuildingExterior,BoxCollider,1,0,0,0,0,,0,0,ExcludedInactive,0,Excluded,,,The collider owner is inactive through the frozen donor hierarchy.,TemporaryDirectImport,msc-world-baseline-04a1.1-c3f2f337,08A1.6
8beb4b8e120a3adb398fc6421633b94d,bf26fc8f1e7382ec07d0e6bf586eb2a5,YARD/Building/BEDROOM1/ATK Table/coll,coll,ColliderOnly,BoxCollider,1,0,0,0,0,,0,1,IncludedStaticWorldSolid,1,CellLegacy,WorldSolid,Assets/Game/World/Content/Physics/WorldSolidZeroBounce.physicMaterial,Reviewed static-world solid collider from the frozen M04A1 source table.,TemporaryDirectImport,msc-world-baseline-04a1.1-c3f2f337,08A1.6
8c07e5075ea9fbcaac932d0bb7610c70,8a4c046c3b3634377809fc61418395d4,PERAJARVI/HouseOld3/wall,wall,BuildingExterior,BoxCollider,1,0,0,0,0,,0,1,IncludedStaticWorldSolid,1,CellLegacy,WorldSolid,Assets/Game/World/Content/Physics/WorldSolidZeroBounce.physicMaterial,Reviewed static-world solid collider from the frozen M04A1 source table.,TemporaryDirectImport,msc-world-baseline-04a1.1-c3f2f337,08A1.6
8c6c5deedec64ccbf3ae31c1de102ea1,5dac638caa23b8289e3b71e3e0770e31,CABIN/Shed/NoRain,NoRain,ColliderOnly,MeshCollider,1,0,0,0,0,0000000000000000e000000000000000,10210,1,ExcludedBuiltinMeshRequiresMapping,0,Excluded,,,The donor collider references a Unity built-in mesh; no render-mesh fallback is permitted.,TemporaryDirectImport,msc-world-baseline-04a1.1-c3f2f337,08A1.6
8c7eeea9f10a2eecf992eb2d02dd969f,c65754dfa462f6d61bee38af2bc6aa4e,COTTAGE/MESH/COLL,COLL,ColliderOnly,MeshCollider,1,0,0,0,0,921d3d58c65d9c54baa8e44683c92f4a,4300000,1,IncludedStaticWorldSolid,1,CellLegacy,WorldSolid,Assets/Game/World/Content/Physics/WorldSolidZeroBounce.physicMaterial,Reviewed static-world solid collider from the frozen M04A1 source table.,TemporaryDirectImport,msc-world-baseline-04a1.1-c3f2f337,08A1.6
8d89aaac00bdfc4cbd4686bfbeaa7b97,f0ec4b79551388b4c23cfdffc04d007b,MAP/Factory/MachineHall/NoRain,NoRain,ColliderOnly,MeshCollider,1,0,0,0,0,0000000000000000e000000000000000,10210,1,ExcludedBuiltinMeshRequiresMapping,0,Excluded,,,The donor collider references a Unity built-in mesh; no render-mesh fallback is permitted.,TemporaryDirectImport,msc-world-baseline-04a1.1-c3f2f337,08A1.6
8d95abef47204c74a476d5f53d385f93,b62a2cacab8dca76f403bdae077a1039,COTTAGE/LOD/chair1x/CrouchTrigger,CrouchTrigger,ColliderOnly,CapsuleCollider,1,1,0,0,0,,0,1,ExcludedTrigger,0,Excluded,,,Trigger volumes are not imported by the solid pass.,TemporaryDirectImport,msc-world-baseline-04a1.1-c3f2f337,08A1.6
8dfbfc3f68a5c050696825b8abe839b4,e1d84d4cac6905793957513fc5ccd416,PERAJARVI/TerraceHouse/BrickWall,BrickWall,BuildingExterior,BoxCollider,1,0,0,0,0,,0,1,IncludedStaticWorldSolid,1,CellLegacy,WorldSolid,Assets/Game/World/Content/Physics/WorldSolidZeroBounce.physicMaterial,Reviewed static-world solid collider from the frozen M04A1 source table.,TemporaryDirectImport,msc-world-baseline-04a1.1-c3f2f337,08A1.6
8e348ad93d838796ea6473b42d26045e,7f353f5247ff1854d73fbff00d98f8e8,DRAGRACE/LOD/DRAGSTRIP/Drag2/dragcar2/StagingWheel,StagingWheel,ColliderOnly,CapsuleCollider,1,0,0,0,1,,0,0,ExcludedInactive,0,Excluded,,,The collider owner is inactive through the frozen donor hierarchy.,TemporaryDirectImport,msc-world-baseline-04a1.1-c3f2f337,08A1.6
8e4e86bd8120f6c76b0a04f923d2ebfc,860e6c7ce2a336e0b0373daf892d4c5e,DRAGRACE/Objects/Tent1/Results,Results,StaticProp,BoxCollider,1,0,0,0,0,,0,1,IncludedStaticWorldSolid,1,CellLegacy,WorldSolid,Assets/Game/World/Content/Physics/WorldSolidZeroBounce.physicMaterial,Reviewed static-world solid collider from the frozen M04A1 source table.,TemporaryDirectImport,msc-world-baseline-04a1.1-c3f2f337,08A1.6
8e9d6443f4c573164caea7dcb014553b,3ba567f78435467403e35840e5f3971c,MAP/BusStop/coll,coll,ColliderOnly,MeshCollider,1,0,1,0,1,a643ff6a1c1ec7846a0283769df37d91,4300000,1,ExcludedDynamicRequiresPresenter,0,Excluded,,,The collider is owned by a donor Rigidbody on itself or an ancestor and requires a project-owned dynamic presenter instead of a frozen static blocker.,TemporaryDirectImport,msc-world-baseline-04a1.1-c3f2f337,08A1.6
8ebacc206fb0f61fa349334ac6e75058,2a38c235cddceb42e1e9f9f42b833715,YARD/Building/KITCHEN/OvenStove/HotPlate1/FireTrigger,FireTrigger,ColliderOnly,SphereCollider,1,1,0,0,0,,0,0,ExcludedTrigger,0,Excluded,,,Trigger volumes are not imported by the solid pass.,TemporaryDirectImport,msc-world-baseline-04a1.1-c3f2f337,08A1.6
8f347f28d0b41c0ca70ba49be0ff1ab1,7228d0cdadba1c4f4c5b655f7bacaa18,PERAJARVI/TerraceHouse/BrickWall,BrickWall,BuildingExterior,BoxCollider,1,0,0,0,0,,0,1,IncludedStaticWorldSolid,1,CellLegacy,WorldSolid,Assets/Game/World/Content/Physics/WorldSolidZeroBounce.physicMaterial,Reviewed static-world solid collider from the frozen M04A1 source table.,TemporaryDirectImport,msc-world-baseline-04a1.1-c3f2f337,08A1.6
8f398349b5c85516fc7a81cb8d256619,6f00fd2c4e467bac78f1466383456089,SOCCER/Janitor/Reijo/Pivot/RagDoll,RagDoll,ColliderOnly,BoxCollider,1,0,0,0,1,,0,0,ExcludedInactive,0,Excluded,,,The collider owner is inactive through the frozen donor hierarchy.,TemporaryDirectImport,msc-world-baseline-04a1.1-c3f2f337,08A1.6
8f920fbae402fa2ea57b8ae3944b14fb,e1e873a2f9eb45a7cef042b86af83461,MAP/MESH/TERRAIN_OBJ/Road,Road,Road,MeshCollider,1,0,0,0,0,c8e179726fe4ea0449003f492fe76563,4300000,1,IncludedSafetyCriticalGlobal,1,GlobalLegacy,WorldSurface,Assets/Game/World/Content/Physics/WorldSurfaceZeroBounce.physicMaterial,Continuous road traversal,TemporaryDirectImport,msc-world-baseline-04a1.1-c3f2f337,08A1.6
8fb1aa1c5b11ae3be0ac6a2d172a4790,db1c0f3e6268add16ff536b38bed297b,CABIN/Cabin/Mesh/saunahouse_kitchen_cabins,saunahouse_kitchen_cabins,BuildingInterior,BoxCollider,1,0,0,0,0,,0,1,IncludedStaticWorldSolid,1,CellLegacy,WorldSolid,Assets/Game/World/Content/Physics/WorldSolidZeroBounce.physicMaterial,Reviewed static-world solid collider from the frozen M04A1 source table.,TemporaryDirectImport,msc-world-baseline-04a1.1-c3f2f337,08A1.6
90649eba7ff9c7915d0c312b5619f8c7,cfa3ffab3d166b4923732f9780646e74,STORE/LOD/ActivateStore/LOTTO/LotteryTicketPivot/lottery ticket(xxxxx),lottery ticket(xxxxx),ColliderOnly,BoxCollider,1,0,0,0,1,,0,0,ExcludedInactive,0,Excluded,,,The collider owner is inactive through the frozen donor hierarchy.,TemporaryDirectImport,msc-world-baseline-04a1.1-c3f2f337,08A1.6
90821419f4ae4b50133282061ab34026,98830f5f499c499acd349b7b845a7eef,YARD/Building/Dynamics/FuseTable/Fusetable/Fuse6Pivot/fuseholder06/FuseTrigger,FuseTrigger,ColliderOnly,SphereCollider,1,1,0,0,1,,0,0,ExcludedTrigger,0,Excluded,,,Trigger volumes are not imported by the solid pass.,TemporaryDirectImport,msc-world-baseline-04a1.1-c3f2f337,08A1.6
911f607cb70081faf9bab3ce1ed828c7,ee2dba104f0e6980f5d9e7da8ec01de4,YARD/Building/Dynamics/LightSwitches/switch_bedroomParents,switch_bedroomParents,ColliderOnly,SphereCollider,1,1,0,0,0,,0,1,ExcludedTrigger,0,Excluded,,,Trigger volumes are not imported by the solid pass.,TemporaryDirectImport,msc-world-baseline-04a1.1-c3f2f337,08A1.6
913bbf959af05dd5b639fb1e02946254,0bf0cc076d75f55a9c66b1f2e23eda16,REPAIRSHOP/JunkCar4/Parts/center console gt(Clone),center console gt(Clone),BuildingExterior,SphereCollider,1,0,0,0,1,,0,0,ExcludedInactive,0,Excluded,,,The collider owner is inactive through the frozen donor hierarchy.,TemporaryDirectImport,msc-world-baseline-04a1.1-c3f2f337,08A1.6
916e86bf6fcf3825dc7a6dc8c4df909f,f7aab339cfde1dddce8680c07fcce0ac,CABIN/Cabin/woodstove/woodstove,woodstove,BuildingExterior,BoxCollider,1,0,0,0,0,,0,1,IncludedStaticWorldSolid,1,CellLegacy,WorldSolid,Assets/Game/World/Content/Physics/WorldSolidZeroBounce.physicMaterial,Reviewed static-world solid collider from the frozen M04A1 source table.,TemporaryDirectImport,msc-world-baseline-04a1.1-c3f2f337,08A1.6
919f71b318e7c03cbbd1a3c4e72d8760,63c6c99d8849e48e854bb678c621bb8a,DRAGRACE/LOD/DRAGSTRIP/DragTiming/LaneRight/1000ft,1000ft,ColliderOnly,MeshCollider,1,1,1,0,0,0000000000000000e000000000000000,10210,0,ExcludedTrigger,0,Excluded,,,Trigger volumes are not imported by the solid pass.,TemporaryDirectImport,msc-world-baseline-04a1.1-c3f2f337,08A1.6
91c8447dfd73d473271c3a66e420e976,15705418a5271ead1e58e2f79e89300f,RALLY/Sunday/TimingSunday/Checkpoint01,Checkpoint01,ColliderOnly,MeshCollider,1,1,1,0,1,0000000000000000e000000000000000,10210,0,ExcludedTrigger,0,Excluded,,,Trigger volumes are not imported by the solid pass.,TemporaryDirectImport,msc-world-baseline-04a1.1-c3f2f337,08A1.6
921592694c9b71d5ecc1aa01e4b062d8,6f2984a2b2884ee3cb560b7cc2a01b42,STORE/LOD/GFX_Pub/BreakableWindowsPub/store_windows_broken/store_windows_broken_007,store_windows_broken_007,Window,MeshCollider,1,0,1,0,1,263c8fe552466ea42ab75e5f8aba04f4,4300000,0,ExcludedInactive,0,Excluded,,,The collider owner is inactive through the frozen donor hierarchy.,TemporaryDirectImport,msc-world-baseline-04a1.1-c3f2f337,08A1.6
9221a8ac6372e03b96265849cf7a3516,842f192b7eab90ed5b59e74c41f0be53,STORE/LOD/DoorBar/Pivot/Handle,Handle,ColliderOnly,SphereCollider,1,1,0,0,0,,0,1,ExcludedTrigger,0,Excluded,,,Trigger volumes are not imported by the solid pass.,TemporaryDirectImport,msc-world-baseline-04a1.1-c3f2f337,08A1.6
9232436618a9e57a7c8ad9cf1fdfe895,f149c56e0c72708db7efa0d8193656f5,CABIN/Cabin/Ventti/Chair,Chair,BuildingExterior,BoxCollider,1,0,0,0,1,,0,1,ExcludedDynamicRequiresPresenter,0,Excluded,,,The collider is owned by a donor Rigidbody on itself or an ancestor and requires a project-owned dynamic presenter instead of a frozen static blocker.,TemporaryDirectImport,msc-world-baseline-04a1.1-c3f2f337,08A1.6
9241b96e9d51b975869eccfc23784709,ee94d278d2cfeb17a408859cb840827c,LANDFILL/DisposalPit/GarbageTrigger,GarbageTrigger,ColliderOnly,MeshCollider,1,1,1,0,0,217598aeca70b7043af0902d7d313427,4300000,1,ExcludedTrigger,0,Excluded,,,Trigger volumes are not imported by the solid pass.,TemporaryDirectImport,msc-world-baseline-04a1.1-c3f2f337,08A1.6
926e7d3a3a2ac96be7dd89c338c19653,8d2d20230e7a0eb7d2dbb21d3c5cf860,JAIL/MESh/wcbowl,wcbowl,BuildingExterior,BoxCollider,1,0,0,0,0,,0,0,ExcludedInactive,0,Excluded,,,The collider owner is inactive through the frozen donor hierarchy.,TemporaryDirectImport,msc-world-baseline-04a1.1-c3f2f337,08A1.6
92782cae03e4b3b734c5feedb12562b5,37bffd5405797bb4a64b95a60ef14ad2,INSPECTION/LOD/DoorWhite/Pivot/house_door1,house_door1,Door,BoxCollider,1,0,0,0,0,,0,0,ExcludedDoorRequiresBinding,0,Excluded,,,A door cannot become a static blocker before a project-owned hinge/interaction binding is authored.,TemporaryDirectImport,msc-world-baseline-04a1.1-c3f2f337,08A1.6
92bc636f3f67f7868a9601e2a689a941,b9fb5988bee4efe693738a8a30de10a7,STORE/LOD/GFX_Store/BreakableWindows/store_windows_broken/store_windows_broken_010,store_windows_broken_010,Window,MeshCollider,1,0,1,0,1,531acbd62db0169448aed5c1e53521c8,4300000,0,ExcludedInactive,0,Excluded,,,The collider owner is inactive through the frozen donor hierarchy.,TemporaryDirectImport,msc-world-baseline-04a1.1-c3f2f337,08A1.6
92de848efe01805488657d5875232690,8c1f3fd36deedbffd2b69b0ddd84f83b,REPAIRSHOP/LOD/Store/Parts/BuyPiston3,BuyPiston3,ColliderOnly,SphereCollider,1,1,0,0,0,,0,1,ExcludedTrigger,0,Excluded,,,Trigger volumes are not imported by the solid pass.,TemporaryDirectImport,msc-world-baseline-04a1.1-c3f2f337,08A1.6
92f4c8c704882529bfb8763678b30e90,77f79e3a20f8e37f890204017f5bc094,COTTAGE/MESH/Cottage_cabins/coll,coll,ColliderOnly,BoxCollider,1,0,0,0,0,,0,1,IncludedStaticWorldSolid,1,CellLegacy,WorldSolid,Assets/Game/World/Content/Physics/WorldSolidZeroBounce.physicMaterial,Reviewed static-world solid collider from the frozen M04A1 source table.,TemporaryDirectImport,msc-world-baseline-04a1.1-c3f2f337,08A1.6
933dc98b65b65e2444a0f892b9caa6fa,10337073ab110432d7352904435f31dd,MAP/BusStop/coll,coll,ColliderOnly,MeshCollider,1,0,1,0,1,baac663e0bf01a14c9b959933eb714cf,4300000,1,ExcludedDynamicRequiresPresenter,0,Excluded,,,The collider is owned by a donor Rigidbody on itself or an ancestor and requires a project-owned dynamic presenter instead of a frozen static blocker.,TemporaryDirectImport,msc-world-baseline-04a1.1-c3f2f337,08A1.6
935b73de3852bc05878d00aaa1b688ba,ac3de3ed5e49e8f63806443353df9bd4,PERAJARVI/TerraceHouse/Apartments/LOD2/LOD/KITCHEN/KitchenWaterTap/ParticleDrink/WaterTap,WaterTap,ColliderOnly,CapsuleCollider,1,0,0,0,0,,0,0,ExcludedInactive,0,Excluded,,,The collider owner is inactive through the frozen donor hierarchy.,TemporaryDirectImport,msc-world-baseline-04a1.1-c3f2f337,08A1.6
93600817c6d16b9888b3f54f68560db4,a53a37ecb665d43478fe7dcabe772c9d,STORE/LOD/ActivateStore/PayMoneyAdvert,PayMoneyAdvert,BuildingExterior,BoxCollider,1,1,0,0,0,,0,1,ExcludedTrigger,0,Excluded,,,Trigger volumes are not imported by the solid pass.,TemporaryDirectImport,msc-world-baseline-04a1.1-c3f2f337,08A1.6
93b8dceed0cefae88ad669a43a3550f1,3fff1f26cbb080e4ca41258bc9bff97d,STORE/TeimoInShop/Pivot/Teimo/skeleton/pelvis/spine_middle/spine_upper/collar_left/shoulder_left/arm_left/hand_left/ItemPivot/CoffeeCup,CoffeeCup,BuildingExterior,BoxCollider,1,0,0,0,0,,0,0,ExcludedInactive,0,Excluded,,,The collider owner is inactive through the frozen donor hierarchy.,TemporaryDirectImport,msc-world-baseline-04a1.1-c3f2f337,08A1.6
9426ee42befcd0a4ebbb63ed7e28b284,d0cdd91074628f9fefbfced519cb67be,MAP/MESH/BRIDGE_dirt,BRIDGE_dirt,Bridge,MeshCollider,1,0,0,0,0,9e63e6e08a45c5343a352363ab7c34ea,4300000,1,IncludedSafetyCriticalGlobal,1,GlobalLegacy,WorldSurface,Assets/Game/World/Content/Physics/WorldSurfaceZeroBounce.physicMaterial,Continuous dirt bridge traversal,TemporaryDirectImport,msc-world-baseline-04a1.1-c3f2f337,08A1.6
9459a7b280194dc95180cd6cbb875c7b,7e4d089323dd4857c758ff51c76ea0e2,STORE/LOD/ShopFunctions/ShoppingBagSpawn/shopping bagx,shopping bagx,BuildingExterior,BoxCollider,1,0,0,0,1,,0,0,ExcludedInactive,0,Excluded,,,The collider owner is inactive through the frozen donor hierarchy.,TemporaryDirectImport,msc-world-baseline-04a1.1-c3f2f337,08A1.6
945e66f6c4934efacd55854348732cab,9659a0eeb884fbf328a9867de711bb99,YARD/Building/BEDROOM1/closet,closet,BuildingInterior,BoxCollider,1,0,0,0,0,,0,1,IncludedStaticWorldSolid,1,CellLegacy,WorldSolid,Assets/Game/World/Content/Physics/WorldSolidZeroBounce.physicMaterial,Reviewed static-world solid collider from the frozen M04A1 source table.,TemporaryDirectImport,msc-world-baseline-04a1.1-c3f2f337,08A1.6
947fc73ee605d764a0f27c815694ff25,1230c896411017f855673db3b74e213a,PERAJARVI/TerraceHouse/LOD1/FlagPole,FlagPole,BuildingExterior,CapsuleCollider,1,0,0,0,0,,0,1,IncludedStaticWorldSolid,1,CellLegacy,WorldSolid,Assets/Game/World/Content/Physics/WorldSolidZeroBounce.physicMaterial,Reviewed static-world solid collider from the frozen M04A1 source table.,TemporaryDirectImport,msc-world-baseline-04a1.1-c3f2f337,08A1.6
949e7cdf5275ab68fddd40898ff0e584,f08262fb1c85287dd753480c9d5331f1,JAIL/RemotePivot/tv remote control(itemx)/mesh,mesh,BuildingExterior,BoxCollider,1,0,0,0,1,,0,0,ExcludedInactive,0,Excluded,,,The collider owner is inactive through the frozen donor hierarchy.,TemporaryDirectImport,msc-world-baseline-04a1.1-c3f2f337,08A1.6
94a73f96e9b3531056434fc21f3fc554,8e7e0c96daba26bbfabc0466b535a66e,SOCCER/goal1/Colliders/coll,coll,ColliderOnly,CapsuleCollider,1,0,0,0,1,,0,1,ExcludedDynamicRequiresPresenter,0,Excluded,,,The collider is owned by a donor Rigidbody on itself or an ancestor and requires a project-owned dynamic presenter instead of a frozen static blocker.,TemporaryDirectImport,msc-world-baseline-04a1.1-c3f2f337,08A1.6
94dcc8a033ed2154bf8df09ef595e7fd,7eb5b09024fc5856fc656605501c46e1,YARD/Building/KITCHEN/KitchenWaterTap/Trigger,Trigger,ColliderOnly,SphereCollider,1,1,0,0,0,,0,1,ExcludedTrigger,0,Excluded,,,Trigger volumes are not imported by the solid pass.,TemporaryDirectImport,msc-world-baseline-04a1.1-c3f2f337,08A1.6
94fa2e7a3e265d2b4ffc15e5138882ee,3f75ad48b0acde9bb8bf42faedd80410,MAP/Buildings/DINGONBIISI/autiotalo/LOD/mattress,mattress,StaticProp,BoxCollider,1,0,0,0,0,,0,1,IncludedStaticWorldSolid,1,CellLegacy,WorldSolid,Assets/Game/World/Content/Physics/WorldSolidZeroBounce.physicMaterial,Reviewed static-world solid collider from the frozen M04A1 source table.,TemporaryDirectImport,msc-world-baseline-04a1.1-c3f2f337,08A1.6
94ff030d1ac5d155036007a55c75d25b,63820138a3f76f1413526f28ca2a8b40,CABIN/Shed/garage_shed_walls,garage_shed_walls,BuildingExterior,MeshCollider,1,0,0,0,0,0802b947010e85641b44e4d08551ceb7,4300000,1,IncludedStaticWorldSolid,1,CellLegacy,WorldSolid,Assets/Game/World/Content/Physics/WorldSolidZeroBounce.physicMaterial,Reviewed static-world solid collider from the frozen M04A1 source table.,TemporaryDirectImport,msc-world-baseline-04a1.1-c3f2f337,08A1.6
95160bd7613a25d76d15b2984ef0fc81,e1307fdd317bc63605a5668427fb331d,COTTAGE/Sauna/Stove/StoveDoor/Handle,Handle,ColliderOnly,SphereCollider,1,1,0,0,0,,0,1,ExcludedTrigger,0,Excluded,,,Trigger volumes are not imported by the solid pass.,TemporaryDirectImport,msc-world-baseline-04a1.1-c3f2f337,08A1.6
953476f4ebbde1081630d1f2a5b9cb4f,4a6143ee2624d20a4990b06c880b7a18,DRAGRACE/Objects/ScoreScreenLeft,ScoreScreenLeft,StaticProp,BoxCollider,1,0,0,0,0,,0,1,IncludedStaticWorldSolid,1,CellLegacy,WorldSolid,Assets/Game/World/Content/Physics/WorldSolidZeroBounce.physicMaterial,Reviewed static-world solid collider from the frozen M04A1 source table.,TemporaryDirectImport,msc-world-baseline-04a1.1-c3f2f337,08A1.6
95452027c35fc3b83f03ae60fc8b93b4,83055e7c3b7aa29e3f8ff8e7104e8922,JAIL/MESh/table(Clone),table(Clone),BuildingExterior,BoxCollider,1,0,0,0,0,,0,0,ExcludedInactive,0,Excluded,,,The collider owner is inactive through the frozen donor hierarchy.,TemporaryDirectImport,msc-world-baseline-04a1.1-c3f2f337,08A1.6
95ba0b2eab2a1792bbd9d71eec64f152,3bcf24b278e2dfc55b00338132eac71b,REPAIRSHOP/JunkCar1/HookRear,HookRear,ColliderOnly,SphereCollider,1,1,0,0,1,,0,1,ExcludedTrigger,0,Excluded,,,Trigger volumes are not imported by the solid pass.,TemporaryDirectImport,msc-world-baseline-04a1.1-c3f2f337,08A1.6
9609f89959118dff8d0f651bcac54b12,75e2d68e8675330925ef85f2d27564f0,YARD/Building/KITCHEN/LOD_kitchen/WindowKitchen/coll,coll,ColliderOnly,BoxCollider,1,0,0,0,0,,0,1,IncludedStaticWorldSolid,1,CellLegacy,WorldSolid,Assets/Game/World/Content/Physics/WorldSolidZeroBounce.physicMaterial,Reviewed static-world solid collider from the frozen M04A1 source table.,TemporaryDirectImport,msc-world-baseline-04a1.1-c3f2f337,08A1.6
960ac2afa79484f54eaa54fdd50e5314,d663efcf6f536e081d05b27d25b6b471,STORE/LOD/ActivateStore/CarProducts/Lightbulb,Lightbulb,ColliderOnly,SphereCollider,1,1,0,0,0,,0,1,ExcludedTrigger,0,Excluded,,,Trigger volumes are not imported by the solid pass.,TemporaryDirectImport,msc-world-baseline-04a1.1-c3f2f337,08A1.6
961df9eadaf1a478e3e99823f6ef3087,3c80b77ec2575e523bbeca8c2ad97b3f,PERAJARVI/MessageBoard,MessageBoard,BuildingExterior,BoxCollider,1,0,0,0,0,,0,1,IncludedStaticWorldSolid,1,CellLegacy,WorldSolid,Assets/Game/World/Content/Physics/WorldSolidZeroBounce.physicMaterial,Reviewed static-world solid collider from the frozen M04A1 source table.,TemporaryDirectImport,msc-world-baseline-04a1.1-c3f2f337,08A1.6
963a2cf2fe56858bd8f0b486baa70f5d,543e77a041ace96a58f1d9cfefdee78a,YARD/Building/LIVINGROOM/shoeshelf,shoeshelf,BuildingInterior,MeshCollider,1,0,0,0,0,b50aad087d2974d4b9341bed207134aa,4300000,1,IncludedStaticWorldSolid,1,CellLegacy,WorldSolid,Assets/Game/World/Content/Physics/WorldSolidZeroBounce.physicMaterial,Reviewed static-world solid collider from the frozen M04A1 source table.,TemporaryDirectImport,msc-world-baseline-04a1.1-c3f2f337,08A1.6
964f39efdabad1df6c687dac197a36b5,4d2076fc5fd464e3ff2fb6d2135d05fe,YARD/Building/SAUNA/Sauna/Kiuas/ButtonPower,ButtonPower,ColliderOnly,SphereCollider,1,1,0,0,0,,0,1,ExcludedTrigger,0,Excluded,,,Trigger volumes are not imported by the solid pass.,TemporaryDirectImport,msc-world-baseline-04a1.1-c3f2f337,08A1.6
9658c508d12f124cadfc679b8e4de65c,5686ff9af4de22c701fcdc04a13dd614,STORE/LOD/GFX_Store/SlotMachine/Coll,Coll,ColliderOnly,BoxCollider,1,0,0,0,0,,0,0,ExcludedInactive,0,Excluded,,,The collider owner is inactive through the frozen donor hierarchy.,TemporaryDirectImport,msc-world-baseline-04a1.1-c3f2f337,08A1.6
969fb8e3ca3f5e3a857e3f98c407d209,ca17bc7c04823b516fc70d00674c8957,YARD/Building/MIDDLEROOM/DoorRear/Pivot/Handle,Handle,ColliderOnly,SphereCollider,1,1,0,0,0,,0,1,ExcludedTrigger,0,Excluded,,,Trigger volumes are not imported by the solid pass.,TemporaryDirectImport,msc-world-baseline-04a1.1-c3f2f337,08A1.6
9732efd659827954ec12920739189f16,9af15f0a4b99d34cddf032326ed06eba,YARD/UNCLE/Building/houseuncle_glass,houseuncle_glass,BuildingExterior,MeshCollider,1,0,0,0,0,0877f4b41f90ff64389c7cac910a4d70,4300000,1,IncludedStaticWorldSolid,1,CellLegacy,WorldSolid,Assets/Game/World/Content/Physics/WorldSolidZeroBounce.physicMaterial,Reviewed static-world solid collider from the frozen M04A1 source table.,TemporaryDirectImport,msc-world-baseline-04a1.1-c3f2f337,08A1.6
9741efe26eff4a0ed4cf9ca4a765fa71,743fe46baa5b2747e5eea0d1cdfcb679,YARD/Building/Colliders/coll,coll,ColliderOnly,BoxCollider,1,0,0,0,0,,0,1,IncludedSafetyCriticalGlobal,1,GlobalLegacy,WorldSolid,Assets/Game/World/Content/Physics/WorldSolidZeroBounce.physicMaterial,Home spawn structural safety,TemporaryDirectImport,msc-world-baseline-04a1.1-c3f2f337,08A1.6
97491862bf9b3abaa22ce73859dafeab,25ceaed70741d1a95c201b8adaeea6ef,STORE/LOD/ActivateStore/FoodProducts/MosquitoSpray,MosquitoSpray,ColliderOnly,CapsuleCollider,1,1,0,0,0,,0,1,ExcludedTrigger,0,Excluded,,,Trigger volumes are not imported by the solid pass.,TemporaryDirectImport,msc-world-baseline-04a1.1-c3f2f337,08A1.6
97656ab7c2e70235db6fab55961c79bc,c7ab73a970eee92b99a3fde93e732682,MAP/PierRiver/coll,coll,ColliderOnly,BoxCollider,1,0,0,0,0,,0,1,IncludedStaticWorldSolid,1,CellLegacy,WorldSolid,Assets/Game/World/Content/Physics/WorldSolidZeroBounce.physicMaterial,Reviewed static-world solid collider from the frozen M04A1 source table.,TemporaryDirectImport,msc-world-baseline-04a1.1-c3f2f337,08A1.6
9785762a34399b3174ba826363de2306,a8044624b7edf240b94a9a76e67c4d70,MAP/SwampColliders/SwampCollider2,SwampCollider2,ColliderOnly,MeshCollider,1,0,0,0,0,0000000000000000e000000000000000,10209,1,ExcludedBuiltinMeshRequiresMapping,0,Excluded,,,The donor collider references a Unity built-in mesh; no render-mesh fallback is permitted.,TemporaryDirectImport,msc-world-baseline-04a1.1-c3f2f337,08A1.6
978fbadc6ba8bffae01960bdcd3041e9,3ee92c97c7c56f4df12a9d93224206ca,YARD/Building/Dynamics/FuseTable/Fusetable,Fusetable,BuildingExterior,BoxCollider,1,0,0,0,0,,0,1,IncludedStaticWorldSolid,1,CellLegacy,WorldSolid,Assets/Game/World/Content/Physics/WorldSolidZeroBounce.physicMaterial,Reviewed static-world solid collider from the frozen M04A1 source table.,TemporaryDirectImport,msc-world-baseline-04a1.1-c3f2f337,08A1.6
97aa23a759feee831ad4f7e61e59cee6,5661828a6bacdb8a399cc9f2179b716e,YARD/Building/LOD/HedgeFence/hedge,hedge,BuildingExterior,MeshCollider,1,0,1,0,0,9c6458347eea44a42b431025cf59f4cc,4300000,1,IncludedStaticWorldSolid,1,CellLegacy,WorldSolid,Assets/Game/World/Content/Physics/WorldSolidZeroBounce.physicMaterial,Reviewed static-world solid collider from the frozen M04A1 source table.,TemporaryDirectImport,msc-world-baseline-04a1.1-c3f2f337,08A1.6
980d228ae3e9563791aca18fe762b385,acae313a8c195c0e6dcd2230f92980c9,STORE/LOD/GFX_Store/SlotMachine/Buttons/PayMoney,PayMoney,ColliderOnly,SphereCollider,1,1,0,0,0,,0,1,ExcludedTrigger,0,Excluded,,,Trigger volumes are not imported by the solid pass.,TemporaryDirectImport,msc-world-baseline-04a1.1-c3f2f337,08A1.6
981099e5482426f3f520c7aec6dde0e6,ba6bc39ce4ccd7b73fd2d3862f9064e1,JAIL/MESh/jail_corridor,jail_corridor,BuildingExterior,MeshCollider,1,0,0,0,0,1b1497084d06c6c47a4788aa228957f4,4300000,0,ExcludedInactive,0,Excluded,,,The collider owner is inactive through the frozen donor hierarchy.,TemporaryDirectImport,msc-world-baseline-04a1.1-c3f2f337,08A1.6
982e4845cb7f7956c58a898a413f67d2,367815eaa6f21bf32055addc720c0c04,REPAIRSHOP/LOD/Garbage/Tractor/valmet_body,valmet_body,BuildingExterior,MeshCollider,1,0,1,0,0,c3f4a6f0719c9dc47aaeec2ab0876bb6,4300000,1,IncludedStaticWorldSolid,1,CellLegacy,WorldSolid,Assets/Game/World/Content/Physics/WorldSolidZeroBounce.physicMaterial,Reviewed static-world solid collider from the frozen M04A1 source table.,TemporaryDirectImport,msc-world-baseline-04a1.1-c3f2f337,08A1.6
98b4a39368de6e24333c22b7ec216ebb,9e2ebca822beef61331312e9e5f847f2,DANCEHALL/Building/dancehut_window_frames,dancehut_window_frames,Window,MeshCollider,1,0,0,0,0,6ef441e0001ed1847bdccf1903801749,4300000,1,IncludedStaticWorldSolid,1,CellLegacy,WorldSolid,Assets/Game/World/Content/Physics/WorldSolidZeroBounce.physicMaterial,Reviewed static-world solid collider from the frozen M04A1 source table.,TemporaryDirectImport,msc-world-baseline-04a1.1-c3f2f337,08A1.6
98bf6044fa9001880bf6fec09b47dd54,25fd98b2cd48d5370b38997935ce6b6a,PERAJARVI/TerraceHouse/Apartments/LOD2/DoorsApartment1/DoorRear/Pivot/Handle,Handle,ColliderOnly,SphereCollider,1,1,0,0,0,,0,0,ExcludedTrigger,0,Excluded,,,Trigger volumes are not imported by the solid pass.,TemporaryDirectImport,msc-world-baseline-04a1.1-c3f2f337,08A1.6
98cb0b567e6709f1cac9fadf89bdb948,4efef1ac08dd6afe213ba9beea33d7d6,MISC/potato box(xxxxx),potato box(xxxxx),InteractivePropCandidate,BoxCollider,1,0,0,0,1,,0,0,ExcludedInactive,0,Excluded,,,The collider owner is inactive through the frozen donor hierarchy.,TemporaryDirectImport,msc-world-baseline-04a1.1-c3f2f337,08A1.6
99883f61c0a8c000aa9d7bb0058429e4,93d2f652a736c7ed8308584b2762d5dc,COTTAGE/PierCottage/coll,coll,ColliderOnly,BoxCollider,1,0,0,0,0,,0,1,IncludedStaticWorldSolid,1,CellLegacy,WorldSolid,Assets/Game/World/Content/Physics/WorldSolidZeroBounce.physicMaterial,Reviewed static-world solid collider from the frozen M04A1 source table.,TemporaryDirectImport,msc-world-baseline-04a1.1-c3f2f337,08A1.6
9a03db37e0aa4d69c3a3e6364283b47c,cb19f48779affb231784985befe9d0ff,YARD/Building/Colliders/Collider2,Collider2,ColliderOnly,MeshCollider,1,0,0,0,0,bad996b890d313349a0db428bc446e14,4300000,1,IncludedSafetyCriticalGlobal,1,GlobalLegacy,WorldSolid,Assets/Game/World/Content/Physics/WorldSolidZeroBounce.physicMaterial,Home spawn structural safety,TemporaryDirectImport,msc-world-baseline-04a1.1-c3f2f337,08A1.6
9a064e9eff53b415902104b5c90fa045,1dcb773e20a6966b29491dc81b63ca3f,REPAIRSHOP/LOD/ToolCart/Drawer/Tools/Spanners/spanner(8)(Clone),spanner(8)(Clone),ColliderOnly,CapsuleCollider,1,1,0,0,1,,0,0,ExcludedTrigger,0,Excluded,,,Trigger volumes are not imported by the solid pass.,TemporaryDirectImport,msc-world-baseline-04a1.1-c3f2f337,08A1.6
9a4151d75c4adc0add2ba73d73ecf61f,f496c7650f88c7ac48916aab69b92c02,CABIN/Cabin/Mesh/saunahouse_walls,saunahouse_walls,BuildingExterior,MeshCollider,1,0,0,0,0,f547b308bb6a82c48ada3e70dae28311,4300000,1,IncludedStaticWorldSolid,1,CellLegacy,WorldSolid,Assets/Game/World/Content/Physics/WorldSolidZeroBounce.physicMaterial,Reviewed static-world solid collider from the frozen M04A1 source table.,TemporaryDirectImport,msc-world-baseline-04a1.1-c3f2f337,08A1.6
9a4a138030d72f45e1c36eded0385890,01f2fa14a51c9ac735f1be19e32b7112,MAP/MESH/TERRAIN_OBJ/Asphalt,Asphalt,StaticProp,MeshCollider,1,0,0,0,0,be57e9a8b284a85469221d9da34d1081,4300000,1,IncludedSafetyCriticalGlobal,1,GlobalLegacy,WorldSurface,Assets/Game/World/Content/Physics/WorldSurfaceZeroBounce.physicMaterial,Continuous asphalt traversal,TemporaryDirectImport,msc-world-baseline-04a1.1-c3f2f337,08A1.6
9b02fe85976bbb09f1c9ef7db66f5644,343acdc1730c5596185dccc326053f3f,MAP/Buildings/BarnOld/lato_wall,lato_wall,StaticProp,MeshCollider,1,0,0,0,0,053d62eabcd943945a4c29fd71a4d82b,4300000,1,IncludedStaticWorldSolid,1,CellLegacy,WorldSolid,Assets/Game/World/Content/Physics/WorldSolidZeroBounce.physicMaterial,Reviewed static-world solid collider from the frozen M04A1 source table.,TemporaryDirectImport,msc-world-baseline-04a1.1-c3f2f337,08A1.6
9b0d05f1b6c5b7046a19def9db5913e0,d991c99e89e3b5d24bbbd18f1e61e58c,COTTAGE/LOD/Glass/glass 4,glass 4,BuildingExterior,BoxCollider,1,0,0,0,0,,0,1,IncludedStaticWorldSolid,1,CellLegacy,WorldSolid,Assets/Game/World/Content/Physics/WorldSolidZeroBounce.physicMaterial,Reviewed static-world solid collider from the frozen M04A1 source table.,TemporaryDirectImport,msc-world-baseline-04a1.1-c3f2f337,08A1.6
9b5404a2ca36bde9c90b5e24fb43f56d,e0b27e9a250cc41addec58694b960bf3,YARD/Building/LIVINGROOM/bookshelf/bookshelf,bookshelf,BuildingInterior,MeshCollider,1,0,0,0,0,eb732c47776d5034f833746619a36dd0,4300000,1,IncludedStaticWorldSolid,1,CellLegacy,WorldSolid,Assets/Game/World/Content/Physics/WorldSolidZeroBounce.physicMaterial,Reviewed static-world solid collider from the frozen M04A1 source table.,TemporaryDirectImport,msc-world-baseline-04a1.1-c3f2f337,08A1.6
9b7df9b691e3596608d7444ff0820222,8203b506405b58e062bc63b6468ef81c,MAP/Buildings/BarnOld/lato_door2,lato_door2,Door,MeshCollider,1,0,0,0,0,674089cef54eb1848aa7b631f582142f,4300000,1,ExcludedDoorRequiresBinding,0,Excluded,,,A door cannot become a static blocker before a project-owned hinge/interaction binding is authored.,TemporaryDirectImport,msc-world-baseline-04a1.1-c3f2f337,08A1.6
9b7e59c746df00dd29c6af2c08bb0508,7f92bfed9c60cac18e385a3ba2d49d98,MAP/MESH/TREES2_COLL,TREES2_COLL,VegetationTree,MeshCollider,1,0,0,0,0,ff9b9f449406f164eadfa2a95e668d44,4300000,1,IncludedStaticWorldSolid,1,TrulyGlobalLegacy,WorldSolid,Assets/Game/World/Content/Physics/WorldSolidZeroBounce.physicMaterial,Reviewed static-world solid collider from the frozen M04A1 source table.,TemporaryDirectImport,msc-world-baseline-04a1.1-c3f2f337,08A1.6
9ba4d4be3358fb57ae0e301ef96a5e10,718a7c61f13fb02fa649bb338f696f02,SOCCER/DistanceSphere2,DistanceSphere2,ColliderOnly,SphereCollider,1,1,0,0,0,,0,0,ExcludedTrigger,0,Excluded,,,Trigger volumes are not imported by the solid pass.,TemporaryDirectImport,msc-world-baseline-04a1.1-c3f2f337,08A1.6
9baa7934763be8b48cbf35ca75954004,f81b561561150ad6e172500c3101bbd4,STORE/VideoPoker/Disabled/Money/Cash,Cash,ColliderOnly,CapsuleCollider,1,1,0,0,1,,0,0,ExcludedTrigger,0,Excluded,,,Trigger volumes are not imported by the solid pass.,TemporaryDirectImport,msc-world-baseline-04a1.1-c3f2f337,08A1.6
9bafede8f4e43b566108f48095408496,e0d9cdd2875cd779b8bc32d8383fd074,REPAIRSHOP/JunkCar4/Parts/rpm gauge(Clone)/Bolts/BoltPM,BoltPM,ColliderOnly,SphereCollider,0,1,0,0,1,,0,0,ExcludedDisabled,0,Excluded,,,The donor collider component is disabled.,TemporaryDirectImport,msc-world-baseline-04a1.1-c3f2f337,08A1.6
9bd2e26104b62e4a40306a9a532619d1,3b946b4c15728d3d77661d6545fda42d,STORE/LOD/GFX_Store/SlotMachine/Buttons/Start,Start,ColliderOnly,SphereCollider,1,1,0,0,0,,0,1,ExcludedTrigger,0,Excluded,,,Trigger volumes are not imported by the solid pass.,TemporaryDirectImport,msc-world-baseline-04a1.1-c3f2f337,08A1.6
9be7c74848f06d8594ce5b6436e64c38,b7df0aa789b25fd87e79ddfd37a99097,REPAIRSHOP/Lifter/Platform/Coll,Coll,ColliderOnly,BoxCollider,1,0,0,0,1,,0,1,ExcludedDynamicRequiresPresenter,0,Excluded,,,The collider is owned by a donor Rigidbody on itself or an ancestor and requires a project-owned dynamic presenter instead of a frozen static blocker.,TemporaryDirectImport,msc-world-baseline-04a1.1-c3f2f337,08A1.6
9ca866894c4898b8063e3b5b71f47bad,e2ba963b54beae000ec611bb15021481,YARD/Building/Garage/Shelfs/coll,coll,ColliderOnly,BoxCollider,1,0,0,0,0,,0,1,IncludedStaticWorldSolid,1,CellLegacy,WorldSolid,Assets/Game/World/Content/Physics/WorldSolidZeroBounce.physicMaterial,Reviewed static-world solid collider from the frozen M04A1 source table.,TemporaryDirectImport,msc-world-baseline-04a1.1-c3f2f337,08A1.6
9d6eb96d0469ff90c3f4f87281941a8c,fe1bf835c1c8ddad0038b4bfd721149d,REPAIRSHOP/JunkCar2,JunkCar2,BuildingExterior,MeshCollider,1,0,1,0,1,99a3734bd5003304d9a7a69ee2ca8722,4300000,1,ExcludedVehicle,0,Excluded,,,"Vehicle collision belongs to the project-owned vehicle runtime, not the static-world pass.",TemporaryDirectImport,msc-world-baseline-04a1.1-c3f2f337,08A1.6
9d86f7e7eb959c2ceb0a814d043fb69f,b5108c7c9175be7b2570af4e9f87f2d8,MAP/Buildings/DINGONBIISI/autiotalo/LOD/PlayerColl,PlayerColl,ColliderOnly,BoxCollider,1,0,0,0,0,,0,1,IncludedStaticWorldSolid,1,CellLegacy,WorldSolid,Assets/Game/World/Content/Physics/WorldSolidZeroBounce.physicMaterial,Reviewed static-world solid collider from the frozen M04A1 source table.,TemporaryDirectImport,msc-world-baseline-04a1.1-c3f2f337,08A1.6
9da2c08462c6f9858972a0d540be9a69,f14f2a621f4ac09daf40f4624c4dd51b,PERAJARVI/HouseRintamaCrazy/rintama_roof,rintama_roof,Roof,MeshCollider,1,0,0,0,0,cb578629636293a4088041923ccb46c7,4300000,1,IncludedStaticWorldSolid,1,CellLegacy,WorldSolid,Assets/Game/World/Content/Physics/WorldSolidZeroBounce.physicMaterial,Reviewed static-world solid collider from the frozen M04A1 source table.,TemporaryDirectImport,msc-world-baseline-04a1.1-c3f2f337,08A1.6
9da79c3a98069bb9a570bc34eaba278d,0fb1fa47f4d9cabfdb416ac32939a26b,YARD/Building/BEDROOM1/LOD_bedroom1/WindowBedroomClear/coll,coll,ColliderOnly,BoxCollider,1,0,0,0,0,,0,1,IncludedStaticWorldSolid,1,CellLegacy,WorldSolid,Assets/Game/World/Content/Physics/WorldSolidZeroBounce.physicMaterial,Reviewed static-world solid collider from the frozen M04A1 source table.,TemporaryDirectImport,msc-world-baseline-04a1.1-c3f2f337,08A1.6
9dbf1f2788369d1ca918e3cb231f17af,dc0bd66ea2ca568f082332aec0011dec,YARD/Building/KITCHEN/bench,bench,BuildingInterior,BoxCollider,1,0,0,0,0,,0,1,IncludedStaticWorldSolid,1,CellLegacy,WorldSolid,Assets/Game/World/Content/Physics/WorldSolidZeroBounce.physicMaterial,Reviewed static-world solid collider from the frozen M04A1 source table.,TemporaryDirectImport,msc-world-baseline-04a1.1-c3f2f337,08A1.6
9dd4829df1f319a66571ffda144d86d1,30eb5d5ff1481a1c0166fa97c2e832de,PERAJARVI/TerraceHouse/Apartments/LOD2/LOD/WC/wcbowl,wcbowl,BuildingExterior,BoxCollider,1,0,0,0,0,,0,1,IncludedStaticWorldSolid,1,CellLegacy,WorldSolid,Assets/Game/World/Content/Physics/WorldSolidZeroBounce.physicMaterial,Reviewed static-world solid collider from the frozen M04A1 source table.,TemporaryDirectImport,msc-world-baseline-04a1.1-c3f2f337,08A1.6
9e0373a1347a8b759ff9a5f6248962e7,4952cb44ecf81e4edab958f7923c9bf7,DRAGRACE/LOD/DRAGSTRIP/DragTiming/LaneRight/60ft,60ft,ColliderOnly,MeshCollider,1,1,1,0,0,0000000000000000e000000000000000,10210,0,ExcludedTrigger,0,Excluded,,,Trigger volumes are not imported by the solid pass.,TemporaryDirectImport,msc-world-baseline-04a1.1-c3f2f337,08A1.6
9e20b602686855d7517e7abab07bec4a,c9e0f2351b449614ba21aad519862c7c,STORE/LOD/ActivateStore/CarProducts/TwoStroke,TwoStroke,ColliderOnly,CapsuleCollider,1,1,0,0,0,,0,1,ExcludedTrigger,0,Excluded,,,Trigger volumes are not imported by the solid pass.,TemporaryDirectImport,msc-world-baseline-04a1.1-c3f2f337,08A1.6
9e318447eaf36c4a3c7dfd948dfe2058,a0188efa5449fa8ee4576ef04e3eeb85,REPAIRSHOP/SatsumaSpawns/Spawn,Spawn,SpawnMarker,BoxCollider,0,0,0,0,0,,0,1,ExcludedDisabled,0,Excluded,,,The donor collider component is disabled.,TemporaryDirectImport,msc-world-baseline-04a1.1-c3f2f337,08A1.6
9e6d8242dea61f03bb57b05698a70d82,37fb63e9241d9ce0c9afc31e5173316c,SOCCER/goal2/Colliders/coll,coll,ColliderOnly,CapsuleCollider,1,0,0,0,1,,0,1,ExcludedDynamicRequiresPresenter,0,Excluded,,,The collider is owned by a donor Rigidbody on itself or an ancestor and requires a project-owned dynamic presenter instead of a frozen static blocker.,TemporaryDirectImport,msc-world-baseline-04a1.1-c3f2f337,08A1.6
9e6e5538334955f2edcf6fc838f2e07e,87c31ec8562712f1856c013489fa0247,RALLY/Sunday/TimingSunday/Checkpoint03,Checkpoint03,ColliderOnly,MeshCollider,1,1,1,0,1,0000000000000000e000000000000000,10210,0,ExcludedTrigger,0,Excluded,,,Trigger volumes are not imported by the solid pass.,TemporaryDirectImport,msc-world-baseline-04a1.1-c3f2f337,08A1.6
9ea6187d75d6568e209297f1c0ad903a,d281a10254fc12387b86f1dbb31d2434,DRAGRACE/LOD/DRAGSTRIP/Sender/Pivot/RagDoll,RagDoll,ColliderOnly,BoxCollider,1,0,0,0,1,,0,0,ExcludedInactive,0,Excluded,,,The collider owner is inactive through the frozen donor hierarchy.,TemporaryDirectImport,msc-world-baseline-04a1.1-c3f2f337,08A1.6
9ecc2264fd9c6e1b40a46f4e3dc70e60,e2278e711efe54fe6b77323be8dcb632,PERAJARVI/TerraceHouse/Apartments/LOD2/LOD/KITCHEN/KitchenWaterTap/kitchen_tap_base,kitchen_tap_base,BuildingInterior,MeshCollider,1,0,0,0,0,43b34e4b5dc4a06499d621dad16364fe,4300000,1,IncludedStaticWorldSolid,1,CellLegacy,WorldSolid,Assets/Game/World/Content/Physics/WorldSolidZeroBounce.physicMaterial,Reviewed static-world solid collider from the frozen M04A1 source table.,TemporaryDirectImport,msc-world-baseline-04a1.1-c3f2f337,08A1.6
9ef66f2efabea31db1bd4af2c3a3b51b,a112613b434928dc86be1068c6092119,COTTAGE/Grill/grill_base,grill_base,BuildingExterior,MeshCollider,1,0,1,0,0,430f9b10d97d6ac4cad6a28a19942499,4300000,1,IncludedStaticWorldSolid,1,CellLegacy,WorldSolid,Assets/Game/World/Content/Physics/WorldSolidZeroBounce.physicMaterial,Reviewed static-world solid collider from the frozen M04A1 source table.,TemporaryDirectImport,msc-world-baseline-04a1.1-c3f2f337,08A1.6
9efbe9a2d2e17f30dbea3012c9d70a9c,28cda40f1393a3c1140cffd1777412b4,STORE/LOD/GFX_Store/BreakableWindows/store_windows_broken/store_windows_broken_011,store_windows_broken_011,Window,MeshCollider,1,0,1,0,1,2ac47bca4158abe4c925797e032c1421,4300000,0,ExcludedInactive,0,Excluded,,,The collider owner is inactive through the frozen donor hierarchy.,TemporaryDirectImport,msc-world-baseline-04a1.1-c3f2f337,08A1.6
9f097a820e99b996b4f4acf640fe300b,1dd697a2b0afb864106087e26257a0c2,SOCCER/goal2/Colliders/coll,coll,ColliderOnly,CapsuleCollider,1,0,0,0,1,,0,1,ExcludedDynamicRequiresPresenter,0,Excluded,,,The collider is owned by a donor Rigidbody on itself or an ancestor and requires a project-owned dynamic presenter instead of a frozen static blocker.,TemporaryDirectImport,msc-world-baseline-04a1.1-c3f2f337,08A1.6
9f7fefca29114eb3eddf52c5542bf622,ac8a8c0b8f6ff91892c19244213a463e,WATERFACILITY/LOD/Desk/FacilityCashRegister/Register,Register,BuildingExterior,SphereCollider,1,1,0,0,0,,0,1,ExcludedTrigger,0,Excluded,,,Trigger volumes are not imported by the solid pass.,TemporaryDirectImport,msc-world-baseline-04a1.1-c3f2f337,08A1.6
9fadee969c4cea80f1bef903e8d5b994,6a0d80df18c8f85e6744db415b2229e7,COTTAGE/Sauna/Stove/StoveTrigger/GrillTrigger,GrillTrigger,ColliderOnly,CapsuleCollider,1,1,0,0,1,,0,0,ExcludedTrigger,0,Excluded,,,Trigger volumes are not imported by the solid pass.,TemporaryDirectImport,msc-world-baseline-04a1.1-c3f2f337,08A1.6
9fc8d0d4c2d07fdae8b0f492b345f388,3bdc001ecb4442d347f2376b636e2718,REPAIRSHOP/LOD/Lifter,Lifter,BuildingExterior,BoxCollider,1,0,0,0,0,,0,1,IncludedStaticWorldSolid,1,CellLegacy,WorldSolid,Assets/Game/World/Content/Physics/WorldSolidZeroBounce.physicMaterial,Reviewed static-world solid collider from the frozen M04A1 source table.,TemporaryDirectImport,msc-world-baseline-04a1.1-c3f2f337,08A1.6
9fdf56b042f0ac778b13c99115f25199,14558d88449755b6420783debc6098cd,CABIN/Cabin/Ventti/Table,Table,BuildingExterior,BoxCollider,1,0,0,0,1,,0,1,ExcludedDynamicRequiresPresenter,0,Excluded,,,The collider is owned by a donor Rigidbody on itself or an ancestor and requires a project-owned dynamic presenter instead of a frozen static blocker.,TemporaryDirectImport,msc-world-baseline-04a1.1-c3f2f337,08A1.6
a0938e96767f6a7981b67a5a5b354d4e,b2e28e6ef199c56c604a7be0438a8182,YARD/Building/LIVINGROOM/LOD_livingroom/SAVEGAME,SAVEGAME,ColliderOnly,SphereCollider,1,1,0,0,0,,0,1,ExcludedTrigger,0,Excluded,,,Trigger volumes are not imported by the solid pass.,TemporaryDirectImport,msc-world-baseline-04a1.1-c3f2f337,08A1.6
a0afb1543ac876093646f1d7365ababf,9232148fa0b22fabc98a0fcd6e7370fd,DANCEHALL/Functions/GUARD/Guard/Pivot/HumanColl,HumanColl,ColliderOnly,CapsuleCollider,1,0,0,0,1,,0,0,ExcludedInactive,0,Excluded,,,The collider owner is inactive through the frozen donor hierarchy.,TemporaryDirectImport,msc-world-baseline-04a1.1-c3f2f337,08A1.6
a0e8a8344163ba983ca1c0e23be3dd6f,ed8360ed2f0dc062d8a8b58e61f46c75,YARD/Building/LOD/NoRain,NoRain,ColliderOnly,MeshCollider,1,0,0,0,0,0000000000000000e000000000000000,10210,1,ExcludedBuiltinMeshRequiresMapping,0,Excluded,,,The donor collider references a Unity built-in mesh; no render-mesh fallback is permitted.,TemporaryDirectImport,msc-world-baseline-04a1.1-c3f2f337,08A1.6
a1acf79c7481d1f1d70921a645f76f6e,aebb345d4a8f8f5c2026ecd214e3d8da,MAP/Buildings/BarnOld/lato_wall,lato_wall,StaticProp,MeshCollider,1,0,0,0,0,053d62eabcd943945a4c29fd71a4d82b,4300000,1,IncludedStaticWorldSolid,1,CellLegacy,WorldSolid,Assets/Game/World/Content/Physics/WorldSolidZeroBounce.physicMaterial,Reviewed static-world solid collider from the frozen M04A1 source table.,TemporaryDirectImport,msc-world-baseline-04a1.1-c3f2f337,08A1.6
a1e3356de96a4346f4a1ccbab488499a,850b0be21d23d0b7c38dbcd3e8b41cb2,COTTAGE/TablePlastic,TablePlastic,BuildingExterior,MeshCollider,1,0,1,0,0,840d08dd46b6aa341ad9b2f80a2acfde,4300000,1,IncludedStaticWorldSolid,1,CellLegacy,WorldSolid,Assets/Game/World/Content/Physics/WorldSolidZeroBounce.physicMaterial,Reviewed static-world solid collider from the frozen M04A1 source table.,TemporaryDirectImport,msc-world-baseline-04a1.1-c3f2f337,08A1.6
a1e8105b9be1b3e42aa3a2c9694fb5c5,14558d88449755b6420783debc6098cd,CABIN/Cabin/Ventti/Table,Table,BuildingExterior,BoxCollider,1,0,0,0,1,,0,1,ExcludedDynamicRequiresPresenter,0,Excluded,,,The collider is owned by a donor Rigidbody on itself or an ancestor and requires a project-owned dynamic presenter instead of a frozen static blocker.,TemporaryDirectImport,msc-world-baseline-04a1.1-c3f2f337,08A1.6
a1f8430746cafb299ff7d4481c7d998f,1c6d63a0de40c2b124e5912d202463e3,DRAGRACE/Objects/Tent2/garage_table 1/coll,coll,ColliderOnly,BoxCollider,1,0,0,0,0,,0,1,IncludedStaticWorldSolid,1,CellLegacy,WorldSolid,Assets/Game/World/Content/Physics/WorldSolidZeroBounce.physicMaterial,Reviewed static-world solid collider from the frozen M04A1 source table.,TemporaryDirectImport,msc-world-baseline-04a1.1-c3f2f337,08A1.6
a1fd23b8d14538f2a140ed526bd5ba64,16445375121da21b9f46882b9d2df474,MAP/MESH/BRIDGE_highway/NoRain,NoRain,ColliderOnly,MeshCollider,1,0,1,0,0,0000000000000000e000000000000000,10210,1,ExcludedBuiltinMeshRequiresMapping,0,Excluded,,,The donor collider references a Unity built-in mesh; no render-mesh fallback is permitted.,TemporaryDirectImport,msc-world-baseline-04a1.1-c3f2f337,08A1.6
a22e2ef6a4d4376aefd43eb47efcaacb,b12b9232d5105457677ae489ac906a96,MAP/SkijumpHill/concrete,concrete,StaticProp,MeshCollider,1,0,0,0,0,59115c4d6201a8247aff0865b167e4a7,4300000,1,IncludedStaticWorldSolid,1,CellLegacy,WorldSolid,Assets/Game/World/Content/Physics/WorldSolidZeroBounce.physicMaterial,Reviewed static-world solid collider from the frozen M04A1 source table.,TemporaryDirectImport,msc-world-baseline-04a1.1-c3f2f337,08A1.6
a2a93dad20b38101249155de38b190a3,c93884b7fc8dca7877595c16899c5c7c,RALLY/Sunday/StartArea/StartAreaObjects/RegisterFormSunday,RegisterFormSunday,InteractivePropCandidate,BoxCollider,1,0,0,0,0,,0,0,ExcludedInactive,0,Excluded,,,The collider owner is inactive through the frozen donor hierarchy.,TemporaryDirectImport,msc-world-baseline-04a1.1-c3f2f337,08A1.6
a2e07b343f096105e2734ee0fc6b6a01,5ce3d5eaac2ef08c92a2033c7691107c,MAP/StreetLights/2/LOD/lightpole,lightpole,UtilityPole,CapsuleCollider,1,0,0,0,0,,0,1,IncludedStaticWorldSolid,1,CellLegacy,WorldSolid,Assets/Game/World/Content/Physics/WorldSolidZeroBounce.physicMaterial,Reviewed static-world solid collider from the frozen M04A1 source table.,TemporaryDirectImport,msc-world-baseline-04a1.1-c3f2f337,08A1.6
a30c6202cf32d5d6156f15cd6bbf86e2,aabdd3c98ae1b70e2474bdd51378051b,DANCEHALL/Functions/FIGHTER/Fighter/Pivot/Char/skeleton/pelvis/spine_middle/spine_upper/PhysHead/head/Shades/hat,hat,BuildingExterior,MeshCollider,1,0,1,0,1,004667ca21821904ba4d268913dd2d28,4300000,0,ExcludedInactive,0,Excluded,,,The collider owner is inactive through the frozen donor hierarchy.,TemporaryDirectImport,msc-world-baseline-04a1.1-c3f2f337,08A1.6
a31aae39d3cb1f40d391d1be02d8186b,37bd2f5a9a8ecfaf3f232055f862534c,YARD/Building/LIVINGROOM/LOD_livingroom/MAP/Darts/Combine,Combine,BuildingInterior,SphereCollider,1,1,0,0,0,,0,0,ExcludedTrigger,0,Excluded,,,Trigger volumes are not imported by the solid pass.,TemporaryDirectImport,msc-world-baseline-04a1.1-c3f2f337,08A1.6
a3a94e233de07fc75b91ed5ac5be1f03,aeda8813f2909dd9edf38a7a2cd4c173,MAP/Buildings/Barn/lato_roof,lato_roof,Roof,MeshCollider,1,0,1,0,0,73acff30fd9546d42a5637f3fdcd2f20,4300000,1,IncludedStaticWorldSolid,1,CellLegacy,WorldSolid,Assets/Game/World/Content/Physics/WorldSolidZeroBounce.physicMaterial,Reviewed static-world solid collider from the frozen M04A1 source table.,TemporaryDirectImport,msc-world-baseline-04a1.1-c3f2f337,08A1.6
a3c8a95cd91c58f2548de1cad997f1b1,4ee202882c087ddba5cdf6a1bd3fd46b,DANCEHALL/Functions/FIGHTER/Fighter/Pivot/Char/skeleton/pelvis/spine_middle/spine_upper/PhysHead/head/Shades/glasses,glasses,BuildingExterior,MeshCollider,1,0,1,0,1,4d5106d7bb81fdc429075ca861d0f819,4300000,0,ExcludedInactive,0,Excluded,,,The collider owner is inactive through the frozen donor hierarchy.,TemporaryDirectImport,msc-world-baseline-04a1.1-c3f2f337,08A1.6
a4118f552bd3ac13bdb46e2919487907,df960ad2d0c1a25d6eb0a724b3b9f135,RALLY/Saturday/TimingSaturday/Checkpoint01,Checkpoint01,ColliderOnly,MeshCollider,1,1,1,0,1,0000000000000000e000000000000000,10210,0,ExcludedTrigger,0,Excluded,,,Trigger volumes are not imported by the solid pass.,TemporaryDirectImport,msc-world-baseline-04a1.1-c3f2f337,08A1.6
a4229e01418510824ee5fcbdee63e3d3,568475154506ddfe2e0267bb9be17557,YARD/UNCLE/Shed/shed_windows,shed_windows,Window,MeshCollider,1,0,0,0,0,8b078da905fa98742817f9af810c5f57,4300000,1,IncludedStaticWorldSolid,1,CellLegacy,WorldSolid,Assets/Game/World/Content/Physics/WorldSolidZeroBounce.physicMaterial,Reviewed static-world solid collider from the frozen M04A1 source table.,TemporaryDirectImport,msc-world-baseline-04a1.1-c3f2f337,08A1.6
a42fed3cfc3ebcffeae6f91df1205be3,762e0ca34c1e82a87078460959fca809,YARD/Building/LOD/CrouchTrigger,CrouchTrigger,ColliderOnly,CapsuleCollider,1,1,0,0,0,,0,0,ExcludedTrigger,0,Excluded,,,Trigger volumes are not imported by the solid pass.,TemporaryDirectImport,msc-world-baseline-04a1.1-c3f2f337,08A1.6
a430a0bc81e43c9e84e6b6020b9d0782,b328dca6468815b2e61371796c69faca,MAP/Buildings/BarnOld/lato_roof,lato_roof,Roof,MeshCollider,1,0,0,0,0,6f49787c3bbcf9e4f8b8c2b28ee9bd6f,4300000,1,IncludedStaticWorldSolid,1,CellLegacy,WorldSolid,Assets/Game/World/Content/Physics/WorldSolidZeroBounce.physicMaterial,Reviewed static-world solid collider from the frozen M04A1 source table.,TemporaryDirectImport,msc-world-baseline-04a1.1-c3f2f337,08A1.6
a432370e6f717de3f7c5db1164767892,a4b7184260d8e8fd4505bf1d1ea44c94,STORE/LOD/ActivateStore/FoodProducts/MacaronBox,MacaronBox,ColliderOnly,CapsuleCollider,1,1,0,0,0,,0,1,ExcludedTrigger,0,Excluded,,,Trigger volumes are not imported by the solid pass.,TemporaryDirectImport,msc-world-baseline-04a1.1-c3f2f337,08A1.6
a48834be8894a2f979c17a6ecf91e665,f916a38445ab1e8aa3585478cef1aa80,MAP/ConstructionSite/concretepole,concretepole,StaticProp,BoxCollider,1,0,0,0,0,,0,1,IncludedStaticWorldSolid,1,CellLegacy,WorldSolid,Assets/Game/World/Content/Physics/WorldSolidZeroBounce.physicMaterial,Reviewed static-world solid collider from the frozen M04A1 source table.,TemporaryDirectImport,msc-world-baseline-04a1.1-c3f2f337,08A1.6
a505b6b01f605595355cbf969b0caba7,8c3b14e172f8536bb0ce822cb8f847d4,REPAIRSHOP/LOD/Office/Furniture/office_shelf 2,office_shelf 2,BuildingExterior,BoxCollider,1,0,0,0,0,,0,1,IncludedStaticWorldSolid,1,CellLegacy,WorldSolid,Assets/Game/World/Content/Physics/WorldSolidZeroBounce.physicMaterial,Reviewed static-world solid collider from the frozen M04A1 source table.,TemporaryDirectImport,msc-world-baseline-04a1.1-c3f2f337,08A1.6
a532dc2f09c3306a0631cf6a98738968,232748bde599539010a8b778b95275ab,YARD/UNCLE/Building/houseuncle_walls,houseuncle_walls,BuildingExterior,MeshCollider,1,0,0,0,0,d1ef2bbe0d26fd24b9350af3c89247b6,4300000,1,IncludedStaticWorldSolid,1,CellLegacy,WorldSolid,Assets/Game/World/Content/Physics/WorldSolidZeroBounce.physicMaterial,Reviewed static-world solid collider from the frozen M04A1 source table.,TemporaryDirectImport,msc-world-baseline-04a1.1-c3f2f337,08A1.6
a538a4930c61c82a73d73d1c76b07887,0d1525b6bd39bfd6133991361f4704dc,YARD/UNCLE/Building/houseuncle_windows,houseuncle_windows,Window,MeshCollider,1,0,0,0,0,37153423336cfdf4694ec122390b3369,4300000,1,IncludedStaticWorldSolid,1,CellLegacy,WorldSolid,Assets/Game/World/Content/Physics/WorldSolidZeroBounce.physicMaterial,Reviewed static-world solid collider from the frozen M04A1 source table.,TemporaryDirectImport,msc-world-baseline-04a1.1-c3f2f337,08A1.6
a53cb15d72f42af8ce71124bb12d9249,dd8796537b0471f3c1600f923cc2c22d,STORE/TeimoInBike/Bicycle/Functions/Teimo/HumanTrigger,HumanTrigger,ColliderOnly,CapsuleCollider,1,1,0,0,1,,0,0,ExcludedTrigger,0,Excluded,,,Trigger volumes are not imported by the solid pass.,TemporaryDirectImport,msc-world-baseline-04a1.1-c3f2f337,08A1.6
a56517ac168a8257f80e0d6607d3793c,52441a5f651718bf4084358dc4ea30f0,COTTAGE/Sauna/Stove/WoodTrigger,WoodTrigger,ColliderOnly,BoxCollider,1,1,0,0,0,,0,1,ExcludedTrigger,0,Excluded,,,Trigger volumes are not imported by the solid pass.,TemporaryDirectImport,msc-world-baseline-04a1.1-c3f2f337,08A1.6
a5a3dd6a8909897d51424e0fb1943c06,34675688033eaa41d0d2c5a92277c465,YARD/Building/KITCHEN/OvenStove/KnobModeOven,KnobModeOven,ColliderOnly,SphereCollider,0,1,0,0,0,,0,1,ExcludedDisabled,0,Excluded,,,The donor collider component is disabled.,TemporaryDirectImport,msc-world-baseline-04a1.1-c3f2f337,08A1.6
a5fe2cae7cc9bd1f3eab5fb16fca5c3b,ada543147bba986b6e15c5c8fa7e3f51,MAP/HouseOld5/wall,wall,StaticProp,BoxCollider,1,0,0,0,0,,0,1,IncludedStaticWorldSolid,1,CellLegacy,WorldSolid,Assets/Game/World/Content/Physics/WorldSolidZeroBounce.physicMaterial,Reviewed static-world solid collider from the frozen M04A1 source table.,TemporaryDirectImport,msc-world-baseline-04a1.1-c3f2f337,08A1.6
a60be803dfafe8141476389285df5b36,8cf61deda44c8b30119257dbed2d16a8,REPAIRSHOP/JunkCar3,JunkCar3,BuildingExterior,MeshCollider,1,0,1,0,1,5f1b2384148046f41bc9ec280d4c0727,4300000,1,ExcludedVehicle,0,Excluded,,,"Vehicle collision belongs to the project-owned vehicle runtime, not the static-world pass.",TemporaryDirectImport,msc-world-baseline-04a1.1-c3f2f337,08A1.6
a60bfa074a51700a598caa56f5cd46f6,5d5718c445bdd4fb4bf2d7f141e5a42a,YARD/MachineHall/Logging/log(Clone)/log(Clone),log(Clone),BuildingExterior,BoxCollider,1,0,0,0,1,,0,1,ExcludedDynamicRequiresPresenter,0,Excluded,,,The collider is owned by a donor Rigidbody on itself or an ancestor and requires a project-owned dynamic presenter instead of a frozen static blocker.,TemporaryDirectImport,msc-world-baseline-04a1.1-c3f2f337,08A1.6
a627d68f07f296c93f31d5932196d5b3,9dd2801e052c7c580364779df78933ac,RALLY/Saturday/StartArea/Sender/Move/RagDoll,RagDoll,ColliderOnly,BoxCollider,1,0,0,0,1,,0,0,ExcludedInactive,0,Excluded,,,The collider owner is inactive through the frozen donor hierarchy.,TemporaryDirectImport,msc-world-baseline-04a1.1-c3f2f337,08A1.6
a65cb4c02f20ba74a90bf4365a4a5db1,db88c6e5690704e84b55f09b0fd870d3,YARD/Building/Colliders/coll,coll,ColliderOnly,BoxCollider,1,0,0,0,0,,0,1,IncludedSafetyCriticalGlobal,1,GlobalLegacy,WorldSolid,Assets/Game/World/Content/Physics/WorldSolidZeroBounce.physicMaterial,Home spawn structural safety,TemporaryDirectImport,msc-world-baseline-04a1.1-c3f2f337,08A1.6
a66a36c2b13188e125848cbb6c51e4ff,a05dbf4103375e2a31b23f2219e2e228,REPAIRSHOP/LOD/ToolCart/Drawer/Coll,Coll,ColliderOnly,BoxCollider,1,0,0,0,1,,0,1,ExcludedDynamicRequiresPresenter,0,Excluded,,,The collider is owned by a donor Rigidbody on itself or an ancestor and requires a project-owned dynamic presenter instead of a frozen static blocker.,TemporaryDirectImport,msc-world-baseline-04a1.1-c3f2f337,08A1.6
a6efcd8641a5def8cb8737c6b806d9f3,084d50ce9c822d8892f55e64214588dc,YARD/Building/KITCHEN/OvenStove/KnobTempOven,KnobTempOven,ColliderOnly,SphereCollider,0,1,0,0,0,,0,1,ExcludedDisabled,0,Excluded,,,The donor collider component is disabled.,TemporaryDirectImport,msc-world-baseline-04a1.1-c3f2f337,08A1.6
a709c1c439993efe400ddc2ce63829d2,e2fef5ea8c68e4f6d3f46af92f80c75f,REPAIRSHOP/LOD/Lifter/Functions,Functions,ColliderOnly,SphereCollider,1,1,0,0,0,,0,1,ExcludedTrigger,0,Excluded,,,Trigger volumes are not imported by the solid pass.,TemporaryDirectImport,msc-world-baseline-04a1.1-c3f2f337,08A1.6
a713a45dde905d94399af22d742889c2,8548b81b22185dc36ca0b53c5fc6694c,YARD/Building/LOD/HedgeFence/hedge,hedge,BuildingExterior,MeshCollider,1,0,1,0,0,9c6458347eea44a42b431025cf59f4cc,4300000,1,IncludedStaticWorldSolid,1,CellLegacy,WorldSolid,Assets/Game/World/Content/Physics/WorldSolidZeroBounce.physicMaterial,Reviewed static-world solid collider from the frozen M04A1 source table.,TemporaryDirectImport,msc-world-baseline-04a1.1-c3f2f337,08A1.6
a7142a8fbd53dc0ed72b242fe4520b0b,99022d399c62454def102e9a6ac71f65,STORE/LOD/GFX_Pub/BreakableWindowsPub/store_windows_broken/store_windows_broken_004,store_windows_broken_004,Window,MeshCollider,1,0,1,0,1,1cc8fed896e27cc4d8281f82cdd2d077,4300000,0,ExcludedInactive,0,Excluded,,,The collider owner is inactive through the frozen donor hierarchy.,TemporaryDirectImport,msc-world-baseline-04a1.1-c3f2f337,08A1.6
a7151f622c20ca30b135a0501d91c936,955c924423eb767f622bd89b84c5c62c,MAP/MESH/RAILROAD_TUNNEL,RAILROAD_TUNNEL,Road,MeshCollider,1,0,0,0,0,216c10525466d2a4ca69f785d6dbcefe,4300000,1,IncludedSafetyCriticalGlobal,1,GlobalLegacy,WorldSurface,Assets/Game/World/Content/Physics/WorldSurfaceZeroBounce.physicMaterial,Continuous rail tunnel traversal,TemporaryDirectImport,msc-world-baseline-04a1.1-c3f2f337,08A1.6
a747197b2a1d7f7ed3c178354aae9c9c,e855231aac80fb3a8c4ad61779c0f221,LANDFILL/DisposalPit/Coll,Coll,ColliderOnly,MeshCollider,1,0,1,0,0,217598aeca70b7043af0902d7d313427,4300000,1,IncludedStaticWorldSolid,1,CellLegacy,WorldSolid,Assets/Game/World/Content/Physics/WorldSolidZeroBounce.physicMaterial,Reviewed static-world solid collider from the frozen M04A1 source table.,TemporaryDirectImport,msc-world-baseline-04a1.1-c3f2f337,08A1.6
a747c930055bc8f3e8f277249955612e,5f7acca7f1380d147d7158edff96c79f,MAP/BusStop/coll,coll,ColliderOnly,MeshCollider,1,0,1,0,1,23b41cb8660230a4e963ec37d8eef155,4300000,1,ExcludedDynamicRequiresPresenter,0,Excluded,,,The collider is owned by a donor Rigidbody on itself or an ancestor and requires a project-owned dynamic presenter instead of a frozen static blocker.,TemporaryDirectImport,msc-world-baseline-04a1.1-c3f2f337,08A1.6
a781f1cc9867880b77f657edcafd078a,c7d41a47731c4032da0dcdfb02aa381e,MAP/Buildings/DINGONBIISI/autiotalo/LOD/Table,Table,StaticProp,BoxCollider,1,0,0,0,1,,0,1,ExcludedDynamicRequiresPresenter,0,Excluded,,,The collider is owned by a donor Rigidbody on itself or an ancestor and requires a project-owned dynamic presenter instead of a frozen static blocker.,TemporaryDirectImport,msc-world-baseline-04a1.1-c3f2f337,08A1.6
a7df8925c2ef54b91c19393666420ee6,60446c0221f109f0b348fb26d9d0039c,YARD/Building/Dynamics/LightSwitches/switch_kitchen,switch_kitchen,ColliderOnly,SphereCollider,1,1,0,0,0,,0,1,ExcludedTrigger,0,Excluded,,,Trigger volumes are not imported by the solid pass.,TemporaryDirectImport,msc-world-baseline-04a1.1-c3f2f337,08A1.6
a7f17bdbaf3117d504016b127575fb62,6163aae26b4cc0eadc599953dd249c51,PERAJARVI/HouseRintamaCrazy/rintama_windows,rintama_windows,Window,MeshCollider,1,0,0,0,0,de7330003b32217468d65300ab759ac3,4300000,1,IncludedStaticWorldSolid,1,CellLegacy,WorldSolid,Assets/Game/World/Content/Physics/WorldSolidZeroBounce.physicMaterial,Reviewed static-world solid collider from the frozen M04A1 source table.,TemporaryDirectImport,msc-world-baseline-04a1.1-c3f2f337,08A1.6
a7fe6c6bc220f01ad16421a0acb59856,de7929292721dad584275d72153cc834,STORE/VideoPoker/GameLogic/Buttons/Deal,Deal,ColliderOnly,SphereCollider,1,1,0,0,1,,0,1,ExcludedTrigger,0,Excluded,,,Trigger volumes are not imported by the solid pass.,TemporaryDirectImport,msc-world-baseline-04a1.1-c3f2f337,08A1.6
a82765f6f3639561dd8cb59b2faff49d,43f43d42e9b5c4f8aa568fe437695c48,DRAGRACE/LOD/DRAGSTRIP/DragTiming/LaneRight/Stageline2right,Stageline2right,ColliderOnly,MeshCollider,1,1,1,0,0,0000000000000000e000000000000000,10210,0,ExcludedTrigger,0,Excluded,,,Trigger volumes are not imported by the solid pass.,TemporaryDirectImport,msc-world-baseline-04a1.1-c3f2f337,08A1.6
a844b6e41e03683d13e0965c29673669,46289d5d43af3e91c0f55982bbf6e94c,YARD/ChickenHouse/chicken_house_tank,chicken_house_tank,BuildingExterior,CapsuleCollider,1,0,0,0,0,,0,1,IncludedStaticWorldSolid,1,CellLegacy,WorldSolid,Assets/Game/World/Content/Physics/WorldSolidZeroBounce.physicMaterial,Reviewed static-world solid collider from the frozen M04A1 source table.,TemporaryDirectImport,msc-world-baseline-04a1.1-c3f2f337,08A1.6
a857b575fe285b1500476a7fa6044073,33d82528ffaeef0719af1e38d6450cee,RALLY/PartsSalesman/Functions/Parts/BuyClutchDisc,BuyClutchDisc,ColliderOnly,SphereCollider,1,1,0,0,0,,0,1,ExcludedTrigger,0,Excluded,,,Trigger volumes are not imported by the solid pass.,TemporaryDirectImport,msc-world-baseline-04a1.1-c3f2f337,08A1.6
a88238683b7559c16bf26d5c3322297f,ba965454d43c2f0ecc702fdcd9c7363a,PERAJARVI/TerraceHouse/Apartments/LOD2/LOD/WC/Shower/Functions/TapDrink/WaterTap,WaterTap,ColliderOnly,CapsuleCollider,1,0,0,0,0,,0,0,ExcludedInactive,0,Excluded,,,The collider owner is inactive through the frozen donor hierarchy.,TemporaryDirectImport,msc-world-baseline-04a1.1-c3f2f337,08A1.6
a8933a7ba09e0cfcaa3d88f39953ce77,bb296bb5f81d19bb8a4e24b9fc712d94,STORE/LOD/Fence 2/fence 3,fence 3,Fence,BoxCollider,1,0,0,0,0,,0,1,IncludedStaticWorldSolid,1,CellLegacy,WorldSolid,Assets/Game/World/Content/Physics/WorldSolidZeroBounce.physicMaterial,Reviewed static-world solid collider from the frozen M04A1 source table.,TemporaryDirectImport,msc-world-baseline-04a1.1-c3f2f337,08A1.6
a898ec00dea338406c8a0b78d5df375b,16ea65c17671fb74e5fb3c4654ded0a8,REPAIRSHOP/LOD/Door/mesh,mesh,BuildingExterior,BoxCollider,1,0,0,0,0,,0,1,ExcludedDoorRequiresBinding,0,Excluded,,,A door cannot become a static blocker before a project-owned hinge/interaction binding is authored.,TemporaryDirectImport,msc-world-baseline-04a1.1-c3f2f337,08A1.6
a89e29dc935b3688c113215b51cb6671,e69f4934f3dcb2140326afa723515791,MAP/Buildings/Barn/coll,coll,ColliderOnly,BoxCollider,1,0,0,0,0,,0,1,IncludedStaticWorldSolid,1,CellLegacy,WorldSolid,Assets/Game/World/Content/Physics/WorldSolidZeroBounce.physicMaterial,Reviewed static-world solid collider from the frozen M04A1 source table.,TemporaryDirectImport,msc-world-baseline-04a1.1-c3f2f337,08A1.6
a8baa291cb13ee835a58c0201d29e378,d71cc0e75fd83c133cf9ba13b28af1e9,STORE/LOD/ActivateStore/FoodProducts/FusePackage,FusePackage,ColliderOnly,CapsuleCollider,1,1,0,0,0,,0,1,ExcludedTrigger,0,Excluded,,,Trigger volumes are not imported by the solid pass.,TemporaryDirectImport,msc-world-baseline-04a1.1-c3f2f337,08A1.6
a8db84893410b0663d9a0c78521954d9,c9c7f4ae0eac0d0fb3a4c12d4d33236c,PERAJARVI/HouseWhite/hedge,hedge,BuildingExterior,MeshCollider,1,0,1,0,0,9c6458347eea44a42b431025cf59f4cc,4300000,1,IncludedStaticWorldSolid,1,CellLegacy,WorldSolid,Assets/Game/World/Content/Physics/WorldSolidZeroBounce.physicMaterial,Reviewed static-world solid collider from the frozen M04A1 source table.,TemporaryDirectImport,msc-world-baseline-04a1.1-c3f2f337,08A1.6
a903ffafc01a846ae607b6e7b8bf4b61,3bdc001ecb4442d347f2376b636e2718,REPAIRSHOP/LOD/Lifter,Lifter,BuildingExterior,BoxCollider,1,0,0,0,0,,0,1,IncludedStaticWorldSolid,1,CellLegacy,WorldSolid,Assets/Game/World/Content/Physics/WorldSolidZeroBounce.physicMaterial,Reviewed static-world solid collider from the frozen M04A1 source table.,TemporaryDirectImport,msc-world-baseline-04a1.1-c3f2f337,08A1.6
a926ebb67d2935472255c67910dc11e9,ddfa21c048d280ec6f12c2eae2e0a910,PERAJARVI/HouseOld1/Fence/fence 3,fence 3,Fence,BoxCollider,1,0,0,0,0,,0,1,IncludedStaticWorldSolid,1,CellLegacy,WorldSolid,Assets/Game/World/Content/Physics/WorldSolidZeroBounce.physicMaterial,Reviewed static-world solid collider from the frozen M04A1 source table.,TemporaryDirectImport,msc-world-baseline-04a1.1-c3f2f337,08A1.6
a947a0bc09cf9361dbb008ac89a1c600,cf15795635b650c92e0a5c02c4b956ad,STORE/LOD/ActivateStore/SpraycanProducts/Spray07,Spray07,ColliderOnly,CapsuleCollider,1,1,0,0,0,,0,1,ExcludedTrigger,0,Excluded,,,Trigger volumes are not imported by the solid pass.,TemporaryDirectImport,msc-world-baseline-04a1.1-c3f2f337,08A1.6
a96383a89dc3c4a93d6bf140eaf759e4,2c0f41860f8ae78c3b44fce75a42e244,PERAJARVI/HouseWhite/house_white_garage/house_whitebrick_carageroof,house_whitebrick_carageroof,Roof,MeshCollider,1,0,1,0,0,b0cdd9d7fecaf414ebf08872f17ecdc3,4300000,1,IncludedStaticWorldSolid,1,CellLegacy,WorldSolid,Assets/Game/World/Content/Physics/WorldSolidZeroBounce.physicMaterial,Reviewed static-world solid collider from the frozen M04A1 source table.,TemporaryDirectImport,msc-world-baseline-04a1.1-c3f2f337,08A1.6
a96ffe39e4298b3f1b6e237894a2d5f8,872e0e44dc30ebaa988ec7115218b709,CABIN/SHITHOUSE,SHITHOUSE,BuildingExterior,MeshCollider,1,0,0,0,0,1ac3f59845feda24db983c19e6cb56b9,4300000,1,IncludedStaticWorldSolid,1,CellLegacy,WorldSolid,Assets/Game/World/Content/Physics/WorldSolidZeroBounce.physicMaterial,Reviewed static-world solid collider from the frozen M04A1 source table.,TemporaryDirectImport,msc-world-baseline-04a1.1-c3f2f337,08A1.6
a98155f1ba7d36ac6622c5190702c1a5,6f4705daf12accad840574dd89565cb2,JAIL/RadioPivot/radio(Clone)/Volume,Volume,ColliderOnly,SphereCollider,1,1,0,0,1,,0,0,ExcludedTrigger,0,Excluded,,,Trigger volumes are not imported by the solid pass.,TemporaryDirectImport,msc-world-baseline-04a1.1-c3f2f337,08A1.6
a995bdb453e481c0bbc34d289269d26e,b4367a8c5c928133d3ce664402b69c21,STORE/GeneralItems/fire extinguisher holder(Clone),fire extinguisher holder(Clone),BuildingExterior,BoxCollider,1,0,0,0,1,,0,0,ExcludedInactive,0,Excluded,,,The collider owner is inactive through the frozen donor hierarchy.,TemporaryDirectImport,msc-world-baseline-04a1.1-c3f2f337,08A1.6
a99605d18e577384b99988c3fc5fad2e,7adb4474504fda432801714fba39856b,YARD/Building/LIVINGROOM/Fireplace/Flame/FireEffects/FireTrigger,FireTrigger,ColliderOnly,SphereCollider,1,1,0,0,0,,0,0,ExcludedTrigger,0,Excluded,,,Trigger volumes are not imported by the solid pass.,TemporaryDirectImport,msc-world-baseline-04a1.1-c3f2f337,08A1.6
a9a097603c46a4090d11afe81c325070,6a575ded49fa3971746b0a57d50b39db,YARD/Building/KITCHEN/LOD_kitchen/Coll,Coll,ColliderOnly,BoxCollider,1,0,0,0,0,,0,1,IncludedStaticWorldSolid,1,CellLegacy,WorldSolid,Assets/Game/World/Content/Physics/WorldSolidZeroBounce.physicMaterial,Reviewed static-world solid collider from the frozen M04A1 source table.,TemporaryDirectImport,msc-world-baseline-04a1.1-c3f2f337,08A1.6
a9a226c3717cfc8f6257d3d62561fdfb,810d071d3d8f2a742c948dac4a7998e5,CABIN/Cabin/woodstove/Fireplace/Flame/FireEffects/FireTrigger,FireTrigger,ColliderOnly,CapsuleCollider,1,1,0,0,0,,0,0,ExcludedTrigger,0,Excluded,,,Trigger volumes are not imported by the solid pass.,TemporaryDirectImport,msc-world-baseline-04a1.1-c3f2f337,08A1.6
a9b9ae482f2f47775a9986ce3ef05e0d,79cc53d03451e45499be50de982494ba,YARD/Building/Dynamics/FuseTable/Fusetable/Fuse4Pivot/fuseholder04,fuseholder04,ColliderOnly,BoxCollider,1,0,0,0,1,,0,1,ExcludedDynamicRequiresPresenter,0,Excluded,,,The collider is owned by a donor Rigidbody on itself or an ancestor and requires a project-owned dynamic presenter instead of a frozen static blocker.,TemporaryDirectImport,msc-world-baseline-04a1.1-c3f2f337,08A1.6
aa4b713536ccedcf020b60f548e4fc75,b0c2f0870761c48a0323904b9746db3a,REPAIRSHOP/LOD/ToolCart/Drawer/Tools/Sockets/socket(9)(Clone),socket(9)(Clone),ColliderOnly,SphereCollider,1,1,0,0,1,,0,0,ExcludedTrigger,0,Excluded,,,Trigger volumes are not imported by the solid pass.,TemporaryDirectImport,msc-world-baseline-04a1.1-c3f2f337,08A1.6
aa80316e065c75403fe7888e495fba9c,beac8b7c6343d893e73426ec32171eae,MAP/StreetLights/1/LOD/lightpole,lightpole,UtilityPole,CapsuleCollider,1,0,0,0,0,,0,1,IncludedStaticWorldSolid,1,CellLegacy,WorldSolid,Assets/Game/World/Content/Physics/WorldSolidZeroBounce.physicMaterial,Reviewed static-world solid collider from the frozen M04A1 source table.,TemporaryDirectImport,msc-world-baseline-04a1.1-c3f2f337,08A1.6
aaae5c5ea3fd36e340d0098be490c3cd,d5041f76095e151e26bd148967ea16da,YARD/UNCLE/LOD/tractor_tire,tractor_tire,BuildingExterior,BoxCollider,1,0,0,0,0,,0,1,IncludedStaticWorldSolid,1,CellLegacy,WorldSolid,Assets/Game/World/Content/Physics/WorldSolidZeroBounce.physicMaterial,Reviewed static-world solid collider from the frozen M04A1 source table.,TemporaryDirectImport,msc-world-baseline-04a1.1-c3f2f337,08A1.6
aacd73884a10f77f93e0d2cc54ae0ab4,9a5a23da92a9f68ed696ce8e4dc0158d,YARD/UNCLE/UncleWalking/Uncle/Char/skeleton/pelvis/spine_middle/spine_upper/collar_right/shoulder_right/arm_right/hand_right/PayMoney,PayMoney,ColliderOnly,SphereCollider,1,1,0,0,0,,0,0,ExcludedTrigger,0,Excluded,,,Trigger volumes are not imported by the solid pass.,TemporaryDirectImport,msc-world-baseline-04a1.1-c3f2f337,08A1.6
ab1978462dde5125709fe9796e41d803,83055e7c3b7aa29e3f8ff8e7104e8922,JAIL/MESh/table(Clone),table(Clone),BuildingExterior,BoxCollider,1,0,0,0,0,,0,0,ExcludedInactive,0,Excluded,,,The collider owner is inactive through the frozen donor hierarchy.,TemporaryDirectImport,msc-world-baseline-04a1.1-c3f2f337,08A1.6
ab2f8c6ab8ae14c2606e5d7ff432efef,ebcef66480fc1df167cbdb9f62ac64ef,MAP/Buildings/BarnOld/lato_door1,lato_door1,Door,MeshCollider,1,0,0,0,0,0eb4d0a4cf353594d80da35acc3e37d1,4300000,1,ExcludedDoorRequiresBinding,0,Excluded,,,A door cannot become a static blocker before a project-owned hinge/interaction binding is authored.,TemporaryDirectImport,msc-world-baseline-04a1.1-c3f2f337,08A1.6
ab556998c80caf2d12b28f63d60b768e,68be721e9bc06ffa0589ec3f30cbebf3,WATERFACILITY/LOD/Functions/StaticCarVICTRO/Collider,Collider,ColliderOnly,MeshCollider,1,0,1,0,0,ae65d605e5c7c0247927db03cec1e41f,4300000,1,IncludedStaticWorldSolid,1,CellLegacy,WorldSolid,Assets/Game/World/Content/Physics/WorldSolidZeroBounce.physicMaterial,Reviewed static-world solid collider from the frozen M04A1 source table.,TemporaryDirectImport,msc-world-baseline-04a1.1-c3f2f337,08A1.6
ab5730f13400839185f7c1fb7204c46f,8f8d2a8b2d083a91cdab419a8e349d16,STORE/LOD/bikebar,bikebar,BuildingExterior,MeshCollider,1,0,1,0,1,0993d69d7c919b047a67ebde1e24a502,4300000,1,ExcludedDynamicRequiresPresenter,0,Excluded,,,The collider is owned by a donor Rigidbody on itself or an ancestor and requires a project-owned dynamic presenter instead of a frozen static blocker.,TemporaryDirectImport,msc-world-baseline-04a1.1-c3f2f337,08A1.6
ab7505e020d30761287bcb3dccf9a9ab,169c6267760f6c8ddb0b58a928483bab,MISC/MAITO/Cube,Cube,InteractivePropCandidate,BoxCollider,1,0,0,0,1,,0,0,ExcludedInactive,0,Excluded,,,The collider owner is inactive through the frozen donor hierarchy.,TemporaryDirectImport,msc-world-baseline-04a1.1-c3f2f337,08A1.6
ab7873412bdcdcc94fa6bc4e6734106c,79da0f7ba7afed973f39d97a8bbfe54f,RALLY/Scenery/Objects/Trailer/coll,coll,ColliderOnly,MeshCollider,1,0,1,0,0,dc8f2f5961f55a0469f790c536b94cc7,4300000,0,ExcludedInactive,0,Excluded,,,The collider owner is inactive through the frozen donor hierarchy.,TemporaryDirectImport,msc-world-baseline-04a1.1-c3f2f337,08A1.6
ab7d81c9797d39f01159cdcccdc2e328,e0ca50bc5dedfd7f324fae7cd9e9051a,JAIL/RadioPivot/radio(Clone)/Power,Power,ColliderOnly,SphereCollider,1,1,0,0,1,,0,0,ExcludedTrigger,0,Excluded,,,Trigger volumes are not imported by the solid pass.,TemporaryDirectImport,msc-world-baseline-04a1.1-c3f2f337,08A1.6
abb00258191cf66e45fd4255e602cddf,964fb2a0e74fbfc762eb8f432cc14fcf,DRAGRACE/LOD/DRAGSTRIP/Drag2/dragcar2/CarColliderAI,CarColliderAI,ColliderOnly,MeshCollider,1,0,1,0,1,27ebda14c8893524eba883d55fb02821,4300000,0,ExcludedInactive,0,Excluded,,,The collider owner is inactive through the frozen donor hierarchy.,TemporaryDirectImport,msc-world-baseline-04a1.1-c3f2f337,08A1.6
abd87f88b787aa1d32edcdcd0ed76b0d,7a9101fe7095437edc6457801233c5ab,MAP/StreetLights/2/LOD/lightpole,lightpole,UtilityPole,CapsuleCollider,1,0,0,0,0,,0,1,IncludedStaticWorldSolid,1,CellLegacy,WorldSolid,Assets/Game/World/Content/Physics/WorldSolidZeroBounce.physicMaterial,Reviewed static-world solid collider from the frozen M04A1 source table.,TemporaryDirectImport,msc-world-baseline-04a1.1-c3f2f337,08A1.6
ac03c560d5279181f67755a4dccc8f2f,2406504a3b542897812cd5b5ffcd1a4f,CABIN/LOD/Sleep/SleepTrigger,SleepTrigger,ColliderOnly,SphereCollider,1,1,0,0,0,,0,0,ExcludedTrigger,0,Excluded,,,Trigger volumes are not imported by the solid pass.,TemporaryDirectImport,msc-world-baseline-04a1.1-c3f2f337,08A1.6
ac4f682fb3586bc87277e3c7a60944d0,6c67caadad48505de0fb7c7a6f590426,MAP/MESH/TERRAIN_OBJ/Grass1,Grass1,VegetationGrass,MeshCollider,1,0,0,0,0,e998e95284781ba45b1ceb2277292c22,4300000,1,IncludedSafetyCriticalGlobal,1,GlobalLegacy,WorldSurface,Assets/Game/World/Content/Physics/WorldSurfaceZeroBounce.physicMaterial,Continuous terrain support,TemporaryDirectImport,msc-world-baseline-04a1.1-c3f2f337,08A1.6
ac71e463008c0dbb1ce5d1bb200cbf28,21739023224818b99453d06a35145cb9,REPAIRSHOP/LOD/ToolCart/Drawer/Tools/Sockets/socket(13)(Clone),socket(13)(Clone),ColliderOnly,SphereCollider,1,1,0,0,1,,0,0,ExcludedTrigger,0,Excluded,,,Trigger volumes are not imported by the solid pass.,TemporaryDirectImport,msc-world-baseline-04a1.1-c3f2f337,08A1.6
ac742ad01974971a11d7943d01983868,28b988f0173adb5615e2b13a9e8ed96b,REPAIRSHOP/LOD/Garbage/StaticCarPOLSA/police_coll,police_coll,ColliderOnly,MeshCollider,1,0,1,0,0,9f08dd8e962b3b34f8957432d4aabd39,4300000,1,IncludedStaticWorldSolid,1,CellLegacy,WorldSolid,Assets/Game/World/Content/Physics/WorldSolidZeroBounce.physicMaterial,Reviewed static-world solid collider from the frozen M04A1 source table.,TemporaryDirectImport,msc-world-baseline-04a1.1-c3f2f337,08A1.6
ad080f96a3bbd88a8461e9497fb92889,19b080477692455106a10b6bf760dba3,DANCEHALL/Functions/DanceCouple/Dancer1/Pivot/pelvis/spine_mid/shoulders(xxxxx)/collar_right/shoulder(right),shoulder(right),ColliderOnly,CapsuleCollider,0,0,0,0,1,,0,0,ExcludedDisabled,0,Excluded,,,The donor collider component is disabled.,TemporaryDirectImport,msc-world-baseline-04a1.1-c3f2f337,08A1.6
ad1265e2e2bce23b836f9bf2bb3aa080,ec0e5da443b16aa414c26c7890a4bf42,DANCEHALL/Functions/DanceCouple/Dancer2/Pivot,Pivot,ColliderOnly,BoxCollider,1,0,0,0,1,,0,0,ExcludedInactive,0,Excluded,,,The collider owner is inactive through the frozen donor hierarchy.,TemporaryDirectImport,msc-world-baseline-04a1.1-c3f2f337,08A1.6
ad3a4524a7751401c3dad8bc463f41f8,ca6e6a8cfa0398477f9d722646e50cb2,DANCEHALL/Functions/DanceCouple/Dancer1/Pivot/pelvis/spine_mid/shoulders(xxxxx)/head,head,ColliderOnly,CapsuleCollider,1,0,0,0,1,,0,0,ExcludedInactive,0,Excluded,,,The collider owner is inactive through the frozen donor hierarchy.,TemporaryDirectImport,msc-world-baseline-04a1.1-c3f2f337,08A1.6
ad4f91da1fe120b8381c504650114f65,dc3bf5d950d9ebd54013844c66efb73b,STORE/MESH/Collider,Collider,ColliderOnly,BoxCollider,1,0,0,0,0,,0,1,IncludedStaticWorldSolid,1,CellLegacy,WorldSolid,Assets/Game/World/Content/Physics/WorldSolidZeroBounce.physicMaterial,Reviewed static-world solid collider from the frozen M04A1 source table.,TemporaryDirectImport,msc-world-baseline-04a1.1-c3f2f337,08A1.6
ad5c033c6e6d07a98b5282896a4668a2,94b72d37e201440fcd3c355456552ad4,RYKIPOHJA/BuildingsLOD/MailBox/BoxHatch,BoxHatch,ColliderOnly,SphereCollider,1,1,0,0,0,,0,1,ExcludedTrigger,0,Excluded,,,Trigger volumes are not imported by the solid pass.,TemporaryDirectImport,msc-world-baseline-04a1.1-c3f2f337,08A1.6
ad766d4158e5abb8eb4f82134423861e,f700b12cf5c75a3906dd079acea3f274,MAP/Bottom,Bottom,StaticProp,BoxCollider,1,1,0,0,0,,0,1,ExcludedTrigger,0,Excluded,,,Trigger volumes are not imported by the solid pass.,TemporaryDirectImport,msc-world-baseline-04a1.1-c3f2f337,08A1.6
ad8b38fc3dce90b0b4612121980229c6,faa94ab86a5c8d812de74e4a9eff1f20,REPAIRSHOP/LOD/Store/Parts/BuyStarter,BuyStarter,ColliderOnly,SphereCollider,1,1,0,0,0,,0,1,ExcludedTrigger,0,Excluded,,,Trigger volumes are not imported by the solid pass.,TemporaryDirectImport,msc-world-baseline-04a1.1-c3f2f337,08A1.6
ada98bab48bdb4c864a737dc5842bc9e,6cb67ba00f0e5b4cf9a313cdfe5a60ef,YARD/Building/BEDROOM1/COMPUTER/Computer/Meshes/386_case(xxxxx),386_case(xxxxx),BuildingInterior,BoxCollider,1,0,0,0,0,,0,0,ExcludedInactive,0,Excluded,,,The collider owner is inactive through the frozen donor hierarchy.,TemporaryDirectImport,msc-world-baseline-04a1.1-c3f2f337,08A1.6
adb0799ba73ae19965dcf89542d1a214,5385a406cf203659a073bfa1d02d61f9,YARD/Building/MIDDLEROOM/LOD_middleroom/WindowMiddleroom,WindowMiddleroom,Window,BoxCollider,1,0,0,0,0,,0,1,IncludedStaticWorldSolid,1,CellLegacy,WorldSolid,Assets/Game/World/Content/Physics/WorldSolidZeroBounce.physicMaterial,Reviewed static-world solid collider from the frozen M04A1 source table.,TemporaryDirectImport,msc-world-baseline-04a1.1-c3f2f337,08A1.6
ade69066b888f1a7741dc5cdb3b39c1b,1aa52ce2928673c5eaca3cae935ad244,PERAJARVI/HouseOld1/Fence/fence 1,fence 1,Fence,BoxCollider,1,0,0,0,0,,0,1,IncludedStaticWorldSolid,1,CellLegacy,WorldSolid,Assets/Game/World/Content/Physics/WorldSolidZeroBounce.physicMaterial,Reviewed static-world solid collider from the frozen M04A1 source table.,TemporaryDirectImport,msc-world-baseline-04a1.1-c3f2f337,08A1.6
adfb229024d849d40ad4e06222e73301,bf33bacbafa3d45ef6d54140543975bc,DANCEHALL/Functions/FIGHTER/Fighter/Pivot/RagDoll,RagDoll,ColliderOnly,BoxCollider,1,0,0,0,1,,0,0,ExcludedInactive,0,Excluded,,,The collider owner is inactive through the frozen donor hierarchy.,TemporaryDirectImport,msc-world-baseline-04a1.1-c3f2f337,08A1.6
ae1a0d3f548df6b7bff0e77fd95907f8,dd456baac5a6aa0280186f7d094abbbb,DANCEHALL/Functions/DanceCouple/Dancer2/Pivot/pelvis/spine_middle/spine_upper,spine_upper,ColliderOnly,CapsuleCollider,0,0,0,0,1,,0,0,ExcludedDisabled,0,Excluded,,,The donor collider component is disabled.,TemporaryDirectImport,msc-world-baseline-04a1.1-c3f2f337,08A1.6
ae52df6a44df3f538f8518bff6b585d6,6a0b3ff9c87fe88db3fdb3d7fd324ec6,REPAIRSHOP/JunkCar4/Parts/rpm gauge(Clone),rpm gauge(Clone),BuildingExterior,SphereCollider,1,0,0,0,1,,0,0,ExcludedInactive,0,Excluded,,,The collider owner is inactive through the frozen donor hierarchy.,TemporaryDirectImport,msc-world-baseline-04a1.1-c3f2f337,08A1.6
ae6ff4e5618c7ab756905e51919e4675,2fbaee119868d512eb91ee7e1b687452,REPAIRSHOP/JunkYardJob/PayMoney,PayMoney,ColliderOnly,BoxCollider,1,1,0,0,0,,0,0,ExcludedTrigger,0,Excluded,,,Trigger volumes are not imported by the solid pass.,TemporaryDirectImport,msc-world-baseline-04a1.1-c3f2f337,08A1.6
ae87d361dcdb86da2daf29a498f07fbf,883b795087dfa1d9f0ca0ed2e3e2f08c,YARD/Building/Dynamics/FuseTable/ElectricShockPoint,ElectricShockPoint,ColliderOnly,BoxCollider,1,0,0,0,1,,0,1,ExcludedDynamicRequiresPresenter,0,Excluded,,,The collider is owned by a donor Rigidbody on itself or an ancestor and requires a project-owned dynamic presenter instead of a frozen static blocker.,TemporaryDirectImport,msc-world-baseline-04a1.1-c3f2f337,08A1.6
aec6da9a03f2c4738502d84f912a069b,2dee048c54a6fce0a349dcae54f43e8b,MAP/MESH/TERRAIN_OBJ/Grass2,Grass2,VegetationGrass,MeshCollider,1,0,0,0,0,d047899dc789beb4a97f47c3921c1b09,4300000,1,IncludedSafetyCriticalGlobal,1,GlobalLegacy,WorldSurface,Assets/Game/World/Content/Physics/WorldSurfaceZeroBounce.physicMaterial,Continuous terrain support,TemporaryDirectImport,msc-world-baseline-04a1.1-c3f2f337,08A1.6
aeed85f29a37167bc7de550abe209a0e,e1b8b8c5c78aa10eb1de9decad45099a,YARD/Building/LIVINGROOM/LOD_livingroom/Ryijy 1,Ryijy 1,BuildingInterior,MeshCollider,1,0,0,0,0,0000000000000000e000000000000000,10210,1,ExcludedBuiltinMeshRequiresMapping,0,Excluded,,,The donor collider references a Unity built-in mesh; no render-mesh fallback is permitted.,TemporaryDirectImport,msc-world-baseline-04a1.1-c3f2f337,08A1.6
af144abce5b3735a166c6c43d9a23fdf,6369fbef54dc1c546c859c8fb669ca9a,REPAIRSHOP/LOD/Dyno/dyno_computer,dyno_computer,BuildingExterior,MeshCollider,1,0,0,0,0,4f28269fa2572d4418a5517cb54d7e95,4300000,1,IncludedStaticWorldSolid,1,CellLegacy,WorldSolid,Assets/Game/World/Content/Physics/WorldSolidZeroBounce.physicMaterial,Reviewed static-world solid collider from the frozen M04A1 source table.,TemporaryDirectImport,msc-world-baseline-04a1.1-c3f2f337,08A1.6
af1eb34da7a97da1b3987ed69eca86f0,a24452ef27a71c8b04a098bd4ed4542c,STORE/LOD/ActivateStore/FoodProducts/Juice,Juice,ColliderOnly,CapsuleCollider,1,1,0,0,0,,0,1,ExcludedTrigger,0,Excluded,,,Trigger volumes are not imported by the solid pass.,TemporaryDirectImport,msc-world-baseline-04a1.1-c3f2f337,08A1.6
af22507d13c412c6415560119c80d065,6cf0118d191df6dfc8dc4ebeca820b97,MAP/BusStop/CrouchTrigger,CrouchTrigger,ColliderOnly,CapsuleCollider,1,1,0,0,1,,0,1,ExcludedTrigger,0,Excluded,,,Trigger volumes are not imported by the solid pass.,TemporaryDirectImport,msc-world-baseline-04a1.1-c3f2f337,08A1.6
af407b8a3b1d586d784cd6ba2e9eba57,bb7df195103cccaff4171c9272f8503c,YARD/Building/SAUNA/lauteet/coll,coll,ColliderOnly,BoxCollider,1,0,0,0,0,,0,1,IncludedStaticWorldSolid,1,CellLegacy,WorldSolid,Assets/Game/World/Content/Physics/WorldSolidZeroBounce.physicMaterial,Reviewed static-world solid collider from the frozen M04A1 source table.,TemporaryDirectImport,msc-world-baseline-04a1.1-c3f2f337,08A1.6
af5fbd79f80c4e72c005b7a0d9686f75,27179329a6ac569b881129e810e279ad,MISC/MAITO/Cube 1,Cube 1,InteractivePropCandidate,BoxCollider,1,0,0,0,1,,0,0,ExcludedInactive,0,Excluded,,,The collider owner is inactive through the frozen donor hierarchy.,TemporaryDirectImport,msc-world-baseline-04a1.1-c3f2f337,08A1.6
af93697da82c84386fd2e771f106c42d,4499b17b3c832cd23cad3de64fc9efb3,RALLY/PartsSalesman/Functions/Parts/BuyAlternator,BuyAlternator,ColliderOnly,SphereCollider,1,1,0,0,0,,0,1,ExcludedTrigger,0,Excluded,,,Trigger volumes are not imported by the solid pass.,TemporaryDirectImport,msc-world-baseline-04a1.1-c3f2f337,08A1.6
afa2532b50fc84f7dff245487c1b034f,855daaabbec98c4b379d564ccbb53b5c,MAP/Buildings/DINGONBIISI/autiotalo/LOD/box,box,ColliderOnly,BoxCollider,1,0,0,0,0,,0,1,IncludedStaticWorldSolid,1,CellLegacy,WorldSolid,Assets/Game/World/Content/Physics/WorldSolidZeroBounce.physicMaterial,Reviewed static-world solid collider from the frozen M04A1 source table.,TemporaryDirectImport,msc-world-baseline-04a1.1-c3f2f337,08A1.6
b0017ced1cfe9c9cf5e4baff1982a60b,44d712c6a16ea396d6340a5bce9e9f2e,PERAJARVI/TerraceHouse/Apartments/LOD2/LOD/WC/Shower/Functions/Valve,Valve,ColliderOnly,SphereCollider,1,1,0,0,0,,0,1,ExcludedTrigger,0,Excluded,,,Trigger volumes are not imported by the solid pass.,TemporaryDirectImport,msc-world-baseline-04a1.1-c3f2f337,08A1.6
b0428fbad13e404e2f9a587126558d61,fd1eef2722bf17094e1809b065cacd3c,STORE/MESH/Collider,Collider,ColliderOnly,BoxCollider,1,0,0,0,0,,0,1,IncludedStaticWorldSolid,1,CellLegacy,WorldSolid,Assets/Game/World/Content/Physics/WorldSolidZeroBounce.physicMaterial,Reviewed static-world solid collider from the frozen M04A1 source table.,TemporaryDirectImport,msc-world-baseline-04a1.1-c3f2f337,08A1.6
b06c08c9af9e71227c2b1d91a15a548f,01f5a7f937305a3f11c1849f5b46d18f,COTTAGE/Grill/Fireplace/WoodTrigger,WoodTrigger,ColliderOnly,BoxCollider,1,1,0,0,0,,0,1,ExcludedTrigger,0,Excluded,,,Trigger volumes are not imported by the solid pass.,TemporaryDirectImport,msc-world-baseline-04a1.1-c3f2f337,08A1.6
b0799f0fb6cafb744829ebf082c303cb,293b93e599f18be7a10b1d6010227be4,DANCEHALL/Functions/Dancer/Pivot,Pivot,ColliderOnly,BoxCollider,1,0,0,0,1,,0,0,ExcludedInactive,0,Excluded,,,The collider owner is inactive through the frozen donor hierarchy.,TemporaryDirectImport,msc-world-baseline-04a1.1-c3f2f337,08A1.6
b0fcb85a49b87249b72f4fa0382c3902,927d178e8eef1dddbd6909437a4fab93,STORE/LOD/GFX_Pub/table_pub 6,table_pub 6,BuildingExterior,BoxCollider,1,0,0,0,1,,0,1,ExcludedDynamicRequiresPresenter,0,Excluded,,,The collider is owned by a donor Rigidbody on itself or an ancestor and requires a project-owned dynamic presenter instead of a frozen static blocker.,TemporaryDirectImport,msc-world-baseline-04a1.1-c3f2f337,08A1.6
b1498f9f1275c1f5d684ad9872a1c8a9,542f3ef31e68fef1605b97d0fde5a0f2,MAP/ConstructionSite/concretepole,concretepole,StaticProp,BoxCollider,1,0,0,0,0,,0,1,IncludedStaticWorldSolid,1,CellLegacy,WorldSolid,Assets/Game/World/Content/Physics/WorldSolidZeroBounce.physicMaterial,Reviewed static-world solid collider from the frozen M04A1 source table.,TemporaryDirectImport,msc-world-baseline-04a1.1-c3f2f337,08A1.6
b152d0887147d51aad5ec2da69dd7baf,79cd20deee697aec28921cd81f4f686b,COTTAGE/LOD/NoRain,NoRain,ColliderOnly,MeshCollider,1,0,0,0,0,0000000000000000e000000000000000,10210,1,ExcludedBuiltinMeshRequiresMapping,0,Excluded,,,The donor collider references a Unity built-in mesh; no render-mesh fallback is permitted.,TemporaryDirectImport,msc-world-baseline-04a1.1-c3f2f337,08A1.6
b1844bea6576dc633cba9b421add098c,fd03645a1494f72b438bd79c97a93c7d,RALLY/Scenery/Objects/Table/coll,coll,ColliderOnly,BoxCollider,1,0,0,0,0,,0,0,ExcludedInactive,0,Excluded,,,The collider owner is inactive through the frozen donor hierarchy.,TemporaryDirectImport,msc-world-baseline-04a1.1-c3f2f337,08A1.6
b1f02ca8a085c61370e055f89776dfc0,f7aab339cfde1dddce8680c07fcce0ac,CABIN/Cabin/woodstove/woodstove,woodstove,BuildingExterior,BoxCollider,1,0,0,0,0,,0,1,IncludedStaticWorldSolid,1,CellLegacy,WorldSolid,Assets/Game/World/Content/Physics/WorldSolidZeroBounce.physicMaterial,Reviewed static-world solid collider from the frozen M04A1 source table.,TemporaryDirectImport,msc-world-baseline-04a1.1-c3f2f337,08A1.6
b201683d185ecd90f4e7a74fbfc980bd,00fb407449216f2c2a26fdeb0ba4e986,CABIN/Cabin/Mesh/saunahouse_roof 1,saunahouse_roof 1,Roof,MeshCollider,1,0,1,0,0,2cdcc8a79ece10c48a254d89ca647991,4300000,1,IncludedStaticWorldSolid,1,CellLegacy,WorldSolid,Assets/Game/World/Content/Physics/WorldSolidZeroBounce.physicMaterial,Reviewed static-world solid collider from the frozen M04A1 source table.,TemporaryDirectImport,msc-world-baseline-04a1.1-c3f2f337,08A1.6
b209d01bb27f659d9d303402ccdcf891,aeaeb3df8863e7b143f1ca10437433aa,MAP/BusStop/CrouchTrigger,CrouchTrigger,ColliderOnly,CapsuleCollider,1,1,0,0,1,,0,1,ExcludedTrigger,0,Excluded,,,Trigger volumes are not imported by the solid pass.,TemporaryDirectImport,msc-world-baseline-04a1.1-c3f2f337,08A1.6
b211417c010a67e2e57562db2ac07cb1,5d5d84e5a59e196239c7071768786fca,MAP/Buildings/BarnOld/lato_door1,lato_door1,Door,MeshCollider,1,0,0,0,0,0eb4d0a4cf353594d80da35acc3e37d1,4300000,1,ExcludedDoorRequiresBinding,0,Excluded,,,A door cannot become a static blocker before a project-owned hinge/interaction binding is authored.,TemporaryDirectImport,msc-world-baseline-04a1.1-c3f2f337,08A1.6
b21703618ad2b5199d8d36525e5ba5e8,10541ead61a05de2e3fc901f78e41967,CABIN/Cabin/Mesh/saunahouse_bed,saunahouse_bed,BuildingExterior,BoxCollider,1,0,0,0,0,,0,1,IncludedStaticWorldSolid,1,CellLegacy,WorldSolid,Assets/Game/World/Content/Physics/WorldSolidZeroBounce.physicMaterial,Reviewed static-world solid collider from the frozen M04A1 source table.,TemporaryDirectImport,msc-world-baseline-04a1.1-c3f2f337,08A1.6
b288273e0724b52758d96935dc08a62b,2ed513d86131a360d2a9109a723438b4,YARD/Building/Colliders/coll,coll,ColliderOnly,BoxCollider,1,0,0,0,0,,0,1,IncludedSafetyCriticalGlobal,1,GlobalLegacy,WorldSolid,Assets/Game/World/Content/Physics/WorldSolidZeroBounce.physicMaterial,Home spawn structural safety,TemporaryDirectImport,msc-world-baseline-04a1.1-c3f2f337,08A1.6
b30cd45bcccd0b26e2d24f8e7a87230e,65e5137bd057ee784b66960071121b16,DANCEHALL/Functions/Dancer/Pivot,Pivot,ColliderOnly,BoxCollider,1,0,0,0,1,,0,0,ExcludedInactive,0,Excluded,,,The collider owner is inactive through the frozen donor hierarchy.,TemporaryDirectImport,msc-world-baseline-04a1.1-c3f2f337,08A1.6
b34b8fd18181d3b615144eb448033820,6836c4c1b3ad6ba53501f7fe84cb16fb,COTTAGE/LOD/garden_table 1,garden_table 1,BuildingExterior,MeshCollider,1,0,1,0,0,039fdbd9d53e91249b6dbc16503bdf35,4300000,1,IncludedStaticWorldSolid,1,CellLegacy,WorldSolid,Assets/Game/World/Content/Physics/WorldSolidZeroBounce.physicMaterial,Reviewed static-world solid collider from the frozen M04A1 source table.,TemporaryDirectImport,msc-world-baseline-04a1.1-c3f2f337,08A1.6
b37e3c1815fd2d801ed3d2b0a8580e52,fb52058064adbd71832ba07a271ecda4,STORE/LOD/bikebar,bikebar,BuildingExterior,MeshCollider,1,0,1,0,1,0993d69d7c919b047a67ebde1e24a502,4300000,1,ExcludedDynamicRequiresPresenter,0,Excluded,,,The collider is owned by a donor Rigidbody on itself or an ancestor and requires a project-owned dynamic presenter instead of a frozen static blocker.,TemporaryDirectImport,msc-world-baseline-04a1.1-c3f2f337,08A1.6
b3a70e11221e81f0c7d37aa205c01c87,35956d74bbb34a190d7bea49aa335fa6,COTTAGE/LOD/Glass/glass,glass,BuildingExterior,BoxCollider,1,0,0,0,0,,0,1,IncludedStaticWorldSolid,1,CellLegacy,WorldSolid,Assets/Game/World/Content/Physics/WorldSolidZeroBounce.physicMaterial,Reviewed static-world solid collider from the frozen M04A1 source table.,TemporaryDirectImport,msc-world-baseline-04a1.1-c3f2f337,08A1.6
b3b83529cfa09972f73c3585e2d8cc3d,353bbe358e0bda53880449ecba2c798b,STORE/LOD/ActivateStore/FoodProducts/Sugar,Sugar,ColliderOnly,CapsuleCollider,1,1,0,0,0,,0,1,ExcludedTrigger,0,Excluded,,,Trigger volumes are not imported by the solid pass.,TemporaryDirectImport,msc-world-baseline-04a1.1-c3f2f337,08A1.6
b40016a2584a29101bd72606aa882362,9aa9dcc05daa937f7d6d668dd69058b6,REPAIRSHOP/LOD/Store/Shelfs/coll,coll,ColliderOnly,BoxCollider,1,0,0,0,0,,0,1,IncludedStaticWorldSolid,1,CellLegacy,WorldSolid,Assets/Game/World/Content/Physics/WorldSolidZeroBounce.physicMaterial,Reviewed static-world solid collider from the frozen M04A1 source table.,TemporaryDirectImport,msc-world-baseline-04a1.1-c3f2f337,08A1.6
b42435279211607054cda2ebc533d10f,9cc59102d2bc32f2a14622f63c8bd94f,MAP/Buildings/Barn/coll,coll,ColliderOnly,BoxCollider,1,0,0,0,0,,0,1,IncludedStaticWorldSolid,1,CellLegacy,WorldSolid,Assets/Game/World/Content/Physics/WorldSolidZeroBounce.physicMaterial,Reviewed static-world solid collider from the frozen M04A1 source table.,TemporaryDirectImport,msc-world-baseline-04a1.1-c3f2f337,08A1.6
b42c1e827552be2e7ce33304b50701b1,36e6953341c5eb0b8c93730742a4aa48,STORE/LOD/ActivateStore/SpraycanProducts/Spray06,Spray06,ColliderOnly,CapsuleCollider,1,1,0,0,0,,0,1,ExcludedTrigger,0,Excluded,,,Trigger volumes are not imported by the solid pass.,TemporaryDirectImport,msc-world-baseline-04a1.1-c3f2f337,08A1.6
b460769005b537aafb15a8f56bc742fa,5d2f50a9c6bc143e2547287eb286f686,RYKIPOHJA/BuildingsLOD/MailBox/BoxHatch,BoxHatch,ColliderOnly,SphereCollider,1,1,0,0,0,,0,1,ExcludedTrigger,0,Excluded,,,Trigger volumes are not imported by the solid pass.,TemporaryDirectImport,msc-world-baseline-04a1.1-c3f2f337,08A1.6
b463ffc73a96a70ab6b6ec5bc4a6f4fb,ab71d1dcd8237d64403039a7acc39a34,STORE/LOD/Post Box/HatchTrigger,HatchTrigger,ColliderOnly,CapsuleCollider,1,1,0,0,0,,0,1,ExcludedTrigger,0,Excluded,,,Trigger volumes are not imported by the solid pass.,TemporaryDirectImport,msc-world-baseline-04a1.1-c3f2f337,08A1.6
b46c744be079615b7b004ddeaa90e64f,8fb6d85a85217d7c722f7e3c28dbce67,DANCEHALL/Functions/DanceCouple/Dancer2/Pivot/pelvis/spine_middle/spine_upper,spine_upper,ColliderOnly,CapsuleCollider,0,0,0,0,1,,0,0,ExcludedDisabled,0,Excluded,,,The donor collider component is disabled.,TemporaryDirectImport,msc-world-baseline-04a1.1-c3f2f337,08A1.6
b4c215f716324cc126db43da39f9d488,5091716a5958cea278da9c76f6b25af3,INSPECTION/Building/collider1,collider1,ColliderOnly,MeshCollider,1,0,0,0,0,2d2afe2a6893a7048a475ff0f021ffab,4300000,1,IncludedStaticWorldSolid,1,CellLegacy,WorldSolid,Assets/Game/World/Content/Physics/WorldSolidZeroBounce.physicMaterial,Reviewed static-world solid collider from the frozen M04A1 source table.,TemporaryDirectImport,msc-world-baseline-04a1.1-c3f2f337,08A1.6
b4d34266fe106144724f4d2f4fb178dc,787a7cd017a81acc1a729cc3a45811b4,DANCEHALL/Functions/Dancer/Pivot/pelvis/spine_mid/shoulders(xxxxx)/collar_left/shoulder(leftx),shoulder(leftx),ColliderOnly,CapsuleCollider,1,0,0,0,1,,0,0,ExcludedInactive,0,Excluded,,,The collider owner is inactive through the frozen donor hierarchy.,TemporaryDirectImport,msc-world-baseline-04a1.1-c3f2f337,08A1.6
b551e3796e04c015850d087ff45263f7,8c37fece8cb7034f867ab009f6e2f84d,CABIN/LOD/WaterWell/Functions/Trigger,Trigger,ColliderOnly,SphereCollider,1,1,0,0,0,,0,1,ExcludedTrigger,0,Excluded,,,Trigger volumes are not imported by the solid pass.,TemporaryDirectImport,msc-world-baseline-04a1.1-c3f2f337,08A1.6
b5584ab31867de0d135053eec6af2989,0208de007421e270a7e9bafec441f14a,MAP/Buildings/Barn/coll,coll,ColliderOnly,BoxCollider,1,0,0,0,0,,0,1,IncludedStaticWorldSolid,1,CellLegacy,WorldSolid,Assets/Game/World/Content/Physics/WorldSolidZeroBounce.physicMaterial,Reviewed static-world solid collider from the frozen M04A1 source table.,TemporaryDirectImport,msc-world-baseline-04a1.1-c3f2f337,08A1.6
b55c2a67d9f180ab3dee0dd3ac43c9db,fb0f962be1b325cc19296c66751818c0,CABIN/Shed/garage_shed_roof,garage_shed_roof,Roof,MeshCollider,1,0,1,0,0,cf235ac5ba4fe6c4fb069f3a41745c49,4300000,1,IncludedStaticWorldSolid,1,CellLegacy,WorldSolid,Assets/Game/World/Content/Physics/WorldSolidZeroBounce.physicMaterial,Reviewed static-world solid collider from the frozen M04A1 source table.,TemporaryDirectImport,msc-world-baseline-04a1.1-c3f2f337,08A1.6
b582a8845b1ce64d14ab517ffa3bb8e0,0bf0cc076d75f55a9c66b1f2e23eda16,REPAIRSHOP/JunkCar4/Parts/center console gt(Clone),center console gt(Clone),BuildingExterior,MeshCollider,1,0,1,0,1,317757a9676bc9a4c8a1bb260f9bd033,4300000,0,ExcludedInactive,0,Excluded,,,The collider owner is inactive through the frozen donor hierarchy.,TemporaryDirectImport,msc-world-baseline-04a1.1-c3f2f337,08A1.6
b60f3fbf3401740ec4ad05d2a2272485,bf08d3c1e9d4c1c4dd64162646644057,YARD/Building/KITCHEN/house_roof_inner_kitchen,house_roof_inner_kitchen,Roof,MeshCollider,1,0,0,0,0,25209906bcea7b841afb8390d5f541cb,4300000,1,IncludedStaticWorldSolid,1,CellLegacy,WorldSolid,Assets/Game/World/Content/Physics/WorldSolidZeroBounce.physicMaterial,Reviewed static-world solid collider from the frozen M04A1 source table.,TemporaryDirectImport,msc-world-baseline-04a1.1-c3f2f337,08A1.6
b615322ca5acf4a04e342e048b217f38,8d49a1afebd414b48e8ba8d0c82e126f,STORE/LOD/GFX_Pub/chair_pub 3/colliders/coll,coll,ColliderOnly,BoxCollider,1,0,0,0,1,,0,1,ExcludedDynamicRequiresPresenter,0,Excluded,,,The collider is owned by a donor Rigidbody on itself or an ancestor and requires a project-owned dynamic presenter instead of a frozen static blocker.,TemporaryDirectImport,msc-world-baseline-04a1.1-c3f2f337,08A1.6
b6319d36b079b459d57cf42dcb94bc5f,5163272ad9f7da9464fe2a81da4b2767,YARD/Building/LIVINGROOM/phonetable,phonetable,BuildingInterior,MeshCollider,1,0,0,0,0,f3d2ca39d21c26449b11da9ff68e14fb,4300000,1,IncludedStaticWorldSolid,1,CellLegacy,WorldSolid,Assets/Game/World/Content/Physics/WorldSolidZeroBounce.physicMaterial,Reviewed static-world solid collider from the frozen M04A1 source table.,TemporaryDirectImport,msc-world-baseline-04a1.1-c3f2f337,08A1.6
b64b3edbf45df0a9051299924a5a643e,78d77617cda36294732252bd45f041d1,PERAJARVI/TerraceHouse/LOD1/hedge,hedge,BuildingExterior,MeshCollider,1,0,1,0,0,9c6458347eea44a42b431025cf59f4cc,4300000,1,IncludedStaticWorldSolid,1,CellLegacy,WorldSolid,Assets/Game/World/Content/Physics/WorldSolidZeroBounce.physicMaterial,Reviewed static-world solid collider from the frozen M04A1 source table.,TemporaryDirectImport,msc-world-baseline-04a1.1-c3f2f337,08A1.6
b6f950f5eef7ac93ded8e40c616bbc34,8e800b36bb753dc77869334b43587b7c,MAP/Buildings/BarnOld/lato_door2,lato_door2,Door,MeshCollider,1,0,0,0,0,674089cef54eb1848aa7b631f582142f,4300000,1,ExcludedDoorRequiresBinding,0,Excluded,,,A door cannot become a static blocker before a project-owned hinge/interaction binding is authored.,TemporaryDirectImport,msc-world-baseline-04a1.1-c3f2f337,08A1.6
b74eb3b3ad4695f68b6188db8ee30f20,245b261edb5184dbd76cea61dbff54ca,PERAJARVI/HouseWhite/hedge,hedge,BuildingExterior,MeshCollider,1,0,1,0,0,9c6458347eea44a42b431025cf59f4cc,4300000,1,IncludedStaticWorldSolid,1,CellLegacy,WorldSolid,Assets/Game/World/Content/Physics/WorldSolidZeroBounce.physicMaterial,Reviewed static-world solid collider from the frozen M04A1 source table.,TemporaryDirectImport,msc-world-baseline-04a1.1-c3f2f337,08A1.6
b7ab13921bcbe687e66e7cc22aefae6c,8e6ebae93060a2e82e5942f44f3d40a6,RALLY/Sunday/StartArea/Sender 1/Move/HumanTriggerCrime/PlayerColl,PlayerColl,ColliderOnly,CapsuleCollider,1,0,0,0,0,,0,0,ExcludedInactive,0,Excluded,,,The collider owner is inactive through the frozen donor hierarchy.,TemporaryDirectImport,msc-world-baseline-04a1.1-c3f2f337,08A1.6
b7bd48c941b71ad9021f1c7199d3844c,5dd9662f946cbdd297022d5eab49acb5,YARD/Building/LOD/CrouchTrigger,CrouchTrigger,ColliderOnly,CapsuleCollider,1,1,0,0,0,,0,0,ExcludedTrigger,0,Excluded,,,Trigger volumes are not imported by the solid pass.,TemporaryDirectImport,msc-world-baseline-04a1.1-c3f2f337,08A1.6
b7f36c2566ad0768e982e1de9db0bb7e,3eef54dbf44ad0d5270831ff466ec579,STORE/LOD/ActivateBar/DrunksBar/Drunk1/skeleton/pelvis/spine_middle/spine_upper/collar_right/shoulder_right,shoulder_right,ColliderOnly,CapsuleCollider,1,0,0,0,1,,0,1,ExcludedActorOrPlayer,0,Excluded,,,"Actor, NPC, skeleton or player-owned collision belongs to a later project-owned gameplay presenter.",TemporaryDirectImport,msc-world-baseline-04a1.1-c3f2f337,08A1.6
b80b490bcb0c18a13d25df0c6648f943,20a31d10452b8e8b9017b25747e2f2b7,DANCEHALL/Building/dancehut_wall,dancehut_wall,BuildingExterior,MeshCollider,1,0,0,0,0,083c579fcda52c6469b87dd37cc94145,4300000,1,IncludedStaticWorldSolid,1,CellLegacy,WorldSolid,Assets/Game/World/Content/Physics/WorldSolidZeroBounce.physicMaterial,Reviewed static-world solid collider from the frozen M04A1 source table.,TemporaryDirectImport,msc-world-baseline-04a1.1-c3f2f337,08A1.6
b823fbe82b0854ecdf39cc3f6d5140bf,db485ff57d884a57c062f09d415fb1f2,STORE/VideoPoker/GameLogic/Buttons/Bet,Bet,ColliderOnly,SphereCollider,1,1,0,0,1,,0,1,ExcludedTrigger,0,Excluded,,,Trigger volumes are not imported by the solid pass.,TemporaryDirectImport,msc-world-baseline-04a1.1-c3f2f337,08A1.6
b841f09be7034c116398a0f0e6b2541c,e164fd1a7739339dfb278fe8ee7297ae,YARD/Building/LIVINGROOM/LOD_livingroom/MAP/Darts/Shit4,Shit4,BuildingInterior,SphereCollider,1,1,0,0,0,,0,0,ExcludedTrigger,0,Excluded,,,Trigger volumes are not imported by the solid pass.,TemporaryDirectImport,msc-world-baseline-04a1.1-c3f2f337,08A1.6
b8918c077cc232b124c1b62ddb8512fb,556f6daf3829d08da6931f916beb765b,JAIL/MESh/chair,chair,BuildingExterior,BoxCollider,1,0,0,0,0,,0,0,ExcludedInactive,0,Excluded,,,The collider owner is inactive through the frozen donor hierarchy.,TemporaryDirectImport,msc-world-baseline-04a1.1-c3f2f337,08A1.6
b909d4815b884dc526fb2c58dadc4411,0eeedbf5debc8a339aa9d1187691d3cb,REPAIRSHOP/LOD/Store/Parts/BuyAlternator,BuyAlternator,ColliderOnly,SphereCollider,1,1,0,0,0,,0,1,ExcludedTrigger,0,Excluded,,,Trigger volumes are not imported by the solid pass.,TemporaryDirectImport,msc-world-baseline-04a1.1-c3f2f337,08A1.6
b970cc78945e0609a09b1c7acb74af8d,28782fbcaa9ee5484b4f416eda356207,LANDFILL/LandFillCollider,LandFillCollider,Landmark,BoxCollider,1,0,0,0,0,,0,1,IncludedStaticWorldSolid,1,CellLegacy,WorldSurface,Assets/Game/World/Content/Physics/WorldSurfaceZeroBounce.physicMaterial,Reviewed static-world solid collider from the frozen M04A1 source table.,TemporaryDirectImport,msc-world-baseline-04a1.1-c3f2f337,08A1.6
b9b375c271e5b6765e2c589bb63eb771,64c42c86b0c93f60921c8c11cf1eb59f,REPAIRSHOP/LOD/SHITHOUSE,SHITHOUSE,BuildingExterior,MeshCollider,1,0,0,0,0,1ac3f59845feda24db983c19e6cb56b9,4300000,1,IncludedStaticWorldSolid,1,CellLegacy,WorldSolid,Assets/Game/World/Content/Physics/WorldSolidZeroBounce.physicMaterial,Reviewed static-world solid collider from the frozen M04A1 source table.,TemporaryDirectImport,msc-world-baseline-04a1.1-c3f2f337,08A1.6
b9e46e15798f8f4da057bdbf85c15ddc,3bff7bdf87357e010d8d730063306d26,SOCCER/Janitor/Reijo/Pivot/HumanTriggerCrime/PlayerColl,PlayerColl,ColliderOnly,CapsuleCollider,1,0,0,0,1,,0,1,ExcludedActorOrPlayer,0,Excluded,,,"Actor, NPC, skeleton or player-owned collision belongs to a later project-owned gameplay presenter.",TemporaryDirectImport,msc-world-baseline-04a1.1-c3f2f337,08A1.6
b9eeb02fd7c3bf3943ec3df476beb4ac,cadfa2a4b28fc8ded5b8039f96a90893,YARD/Building/LOD/HedgeFence/hedge,hedge,BuildingExterior,MeshCollider,1,0,1,0,0,9c6458347eea44a42b431025cf59f4cc,4300000,1,IncludedStaticWorldSolid,1,CellLegacy,WorldSolid,Assets/Game/World/Content/Physics/WorldSolidZeroBounce.physicMaterial,Reviewed static-world solid collider from the frozen M04A1 source table.,TemporaryDirectImport,msc-world-baseline-04a1.1-c3f2f337,08A1.6
ba0e9e370319b5816713b58d2399e6ce,518b5d4bac9d7bed4c9843952e05489d,MAP/Buildings/BarnOld_junk/lato_door2,lato_door2,Door,BoxCollider,1,0,0,0,1,,0,1,ExcludedDoorRequiresBinding,0,Excluded,,,A door cannot become a static blocker before a project-owned hinge/interaction binding is authored.,TemporaryDirectImport,msc-world-baseline-04a1.1-c3f2f337,08A1.6
ba16ff4ec1f48a78ef5f3d26d634996d,505b55b1858925266652189a4359d776,YARD/Building/LIVINGROOM/LOD_livingroom/WindowLivingroom/coll,coll,ColliderOnly,BoxCollider,1,0,0,0,0,,0,1,IncludedStaticWorldSolid,1,CellLegacy,WorldSolid,Assets/Game/World/Content/Physics/WorldSolidZeroBounce.physicMaterial,Reviewed static-world solid collider from the frozen M04A1 source table.,TemporaryDirectImport,msc-world-baseline-04a1.1-c3f2f337,08A1.6
ba58570d4312a3e7035ff0a2c87afed7,e9dae8f30f7cafaaa56d42e973a64c64,RALLY/Scenery/Objects/RallyTent,RallyTent,InteractivePropCandidate,MeshCollider,1,0,0,0,0,c76ea44239aae9a42a3dde47d87633cc,4300000,0,ExcludedInactive,0,Excluded,,,The collider owner is inactive through the frozen donor hierarchy.,TemporaryDirectImport,msc-world-baseline-04a1.1-c3f2f337,08A1.6
bb162c226d48cd7037e82bd716ff8329,1a391fe88fe1b0e76b5224e9174d0cc9,DANCEHALL/Functions/DanceCouple/Dancer1/Pivot/pelvis/spine_mid/shoulders(xxxxx)/collar_left/shoulder(leftx),shoulder(leftx),ColliderOnly,CapsuleCollider,1,0,0,0,1,,0,0,ExcludedInactive,0,Excluded,,,The collider owner is inactive through the frozen donor hierarchy.,TemporaryDirectImport,msc-world-baseline-04a1.1-c3f2f337,08A1.6
bb48a8e844df3a529874a11b2882b379,366dd19254f921ef78e095702f5ed505,YARD/Building/Garage/BatteryCharger/battery_charger,battery_charger,BuildingExterior,BoxCollider,1,0,0,0,0,,0,1,IncludedStaticWorldSolid,1,CellLegacy,WorldSolid,Assets/Game/World/Content/Physics/WorldSolidZeroBounce.physicMaterial,Reviewed static-world solid collider from the frozen M04A1 source table.,TemporaryDirectImport,msc-world-baseline-04a1.1-c3f2f337,08A1.6
bb5916fc566c91fc76342bc82f7ddd93,5619922b0585b751804976e3739cb0b5,MAP/Buildings/DINGONBIISI/autiotalo/LOD/NoRain,NoRain,ColliderOnly,MeshCollider,1,0,0,0,0,0000000000000000e000000000000000,10210,1,ExcludedBuiltinMeshRequiresMapping,0,Excluded,,,The donor collider references a Unity built-in mesh; no render-mesh fallback is permitted.,TemporaryDirectImport,msc-world-baseline-04a1.1-c3f2f337,08A1.6
bb5de26ff1f77689758d44cba4fa4267,df9fc02aafdcfb59bf3b29e3337f026a,MAP/Buildings/BarnOld/lato_wall,lato_wall,StaticProp,MeshCollider,1,0,0,0,0,053d62eabcd943945a4c29fd71a4d82b,4300000,1,IncludedStaticWorldSolid,1,CellLegacy,WorldSolid,Assets/Game/World/Content/Physics/WorldSolidZeroBounce.physicMaterial,Reviewed static-world solid collider from the frozen M04A1 source table.,TemporaryDirectImport,msc-world-baseline-04a1.1-c3f2f337,08A1.6
bb5dedda51691753795b17ae53199e71,353fb9da8a7d911e92fb646850e463a5,STORE/LOD/wall_collider,wall_collider,ColliderOnly,MeshCollider,1,0,0,0,0,43a63c26fc84fc2418444ed3215067d7,4300000,1,IncludedStaticWorldSolid,1,CellLegacy,WorldSolid,Assets/Game/World/Content/Physics/WorldSolidZeroBounce.physicMaterial,Reviewed static-world solid collider from the frozen M04A1 source table.,TemporaryDirectImport,msc-world-baseline-04a1.1-c3f2f337,08A1.6
bb5e2446ac8700c090938692e074ecc1,75ab67738b9e5c2ca11a8a0ca2204cdf,PERAJARVI/TerraceHouse/Apartments_empty/rowhouse_roof,rowhouse_roof,Roof,MeshCollider,1,0,1,0,0,4819c7640fdcc32408139978b9d12153,4300000,1,IncludedStaticWorldSolid,1,CellLegacy,WorldSolid,Assets/Game/World/Content/Physics/WorldSolidZeroBounce.physicMaterial,Reviewed static-world solid collider from the frozen M04A1 source table.,TemporaryDirectImport,msc-world-baseline-04a1.1-c3f2f337,08A1.6
bb7900123d1564553427cbf21678d0c4,77e6b66f4df94bca57662fb119249b77,YARD/Building/Dynamics/FuseTable/Fusetable/Fuse7Pivot/fuseholder07/FuseTrigger,FuseTrigger,ColliderOnly,SphereCollider,1,1,0,0,1,,0,0,ExcludedTrigger,0,Excluded,,,Trigger volumes are not imported by the solid pass.,TemporaryDirectImport,msc-world-baseline-04a1.1-c3f2f337,08A1.6
bbccea98121de9095c3364d38cda9ec5,14eb133f6098b887b8646a8baee98479,SOCCER/goal2/Colliders/coll,coll,ColliderOnly,CapsuleCollider,1,0,0,0,1,,0,1,ExcludedDynamicRequiresPresenter,0,Excluded,,,The collider is owned by a donor Rigidbody on itself or an ancestor and requires a project-owned dynamic presenter instead of a frozen static blocker.,TemporaryDirectImport,msc-world-baseline-04a1.1-c3f2f337,08A1.6
bbd385f77c4deda7ad2fac1dd854aa9e,58789fe6ab07dc9ce89ec9552bd1f216,MAP/Buildings/BarnOld/lato_roof,lato_roof,Roof,MeshCollider,1,0,0,0,0,6f49787c3bbcf9e4f8b8c2b28ee9bd6f,4300000,1,IncludedStaticWorldSolid,1,CellLegacy,WorldSolid,Assets/Game/World/Content/Physics/WorldSolidZeroBounce.physicMaterial,Reviewed static-world solid collider from the frozen M04A1 source table.,TemporaryDirectImport,msc-world-baseline-04a1.1-c3f2f337,08A1.6
bbf26558223bbb058e511a7ab52124b7,890298c2b9ed9f49aff9e166d302ccca,MAP/Buildings/DINGONBIISI/autiotalo/LOD/Chair,Chair,StaticProp,BoxCollider,1,0,0,0,1,,0,1,ExcludedDynamicRequiresPresenter,0,Excluded,,,The collider is owned by a donor Rigidbody on itself or an ancestor and requires a project-owned dynamic presenter instead of a frozen static blocker.,TemporaryDirectImport,msc-world-baseline-04a1.1-c3f2f337,08A1.6
bbfe7363b328353816e4647995e3a69f,c9d3986826be2705edbce84055e88805,YARD/Building/Dynamics/FuseTable/Fusetable/MainSwitch,MainSwitch,ColliderOnly,SphereCollider,1,1,0,0,0,,0,1,ExcludedTrigger,0,Excluded,,,Trigger volumes are not imported by the solid pass.,TemporaryDirectImport,msc-world-baseline-04a1.1-c3f2f337,08A1.6
bc09dc3210a8fa8ef66f7f4cede09c9b,b0b4c21fecc6e38f583075b193c4ece6,COTTAGE/LOD/Ryijy 4,Ryijy 4,BuildingExterior,MeshCollider,1,0,0,0,0,0000000000000000e000000000000000,10210,1,ExcludedBuiltinMeshRequiresMapping,0,Excluded,,,The donor collider references a Unity built-in mesh; no render-mesh fallback is permitted.,TemporaryDirectImport,msc-world-baseline-04a1.1-c3f2f337,08A1.6
bc244250e083b8d9fa625418aef55cfb,98a9d13bb77e0cda94d283466bb0a0f6,REPAIRSHOP/JunkCar4/Parts/wheel_steel5,wheel_steel5,BuildingExterior,BoxCollider,1,1,0,0,1,,0,0,ExcludedTrigger,0,Excluded,,,Trigger volumes are not imported by the solid pass.,TemporaryDirectImport,msc-world-baseline-04a1.1-c3f2f337,08A1.6
bc45e5d2ea4349f3672922e727facf92,a0c0aab5e0962a6229aa80d683697a1d,REPAIRSHOP/LOD/Dyno/dyno_fan,dyno_fan,BuildingExterior,MeshCollider,1,0,0,0,0,634f65fc0446b9d45b086536ef08f099,4300000,1,IncludedStaticWorldSolid,1,CellLegacy,WorldSolid,Assets/Game/World/Content/Physics/WorldSolidZeroBounce.physicMaterial,Reviewed static-world solid collider from the frozen M04A1 source table.,TemporaryDirectImport,msc-world-baseline-04a1.1-c3f2f337,08A1.6
bc667479d4534c977154e15876e996dd,165f003e4c5ff3d730a7486ba8ea14b7,RALLY/Sunday/TimingSunday/Checkpoint02,Checkpoint02,ColliderOnly,MeshCollider,1,1,1,0,1,0000000000000000e000000000000000,10210,0,ExcludedTrigger,0,Excluded,,,Trigger volumes are not imported by the solid pass.,TemporaryDirectImport,msc-world-baseline-04a1.1-c3f2f337,08A1.6
bc7b82c0d3384eb19d466ca2d7037947,4251001276bb9c0cee2fe0e947587f5c,STORE/TeimoInBike/Bicycle/Functions/Teimo/RagDoll,RagDoll,ColliderOnly,BoxCollider,1,0,0,0,1,,0,0,ExcludedInactive,0,Excluded,,,The collider owner is inactive through the frozen donor hierarchy.,TemporaryDirectImport,msc-world-baseline-04a1.1-c3f2f337,08A1.6
bc8de850dde5fb21b95089a23dc6c381,86e052cb715d9bc6b972b717fd17a0fd,RALLY/Scenery/Objects/Table/coll,coll,ColliderOnly,BoxCollider,1,0,0,0,0,,0,0,ExcludedInactive,0,Excluded,,,The collider owner is inactive through the frozen donor hierarchy.,TemporaryDirectImport,msc-world-baseline-04a1.1-c3f2f337,08A1.6
bcba3766ec88252a4b37deecf40b0bdb,ed9694a70b3578c8aade3783522b5020,REPAIRSHOP/LOD/Garbage/bus_stop,bus_stop,BuildingExterior,BoxCollider,1,0,0,0,0,,0,1,IncludedStaticWorldSolid,1,CellLegacy,WorldSolid,Assets/Game/World/Content/Physics/WorldSolidZeroBounce.physicMaterial,Reviewed static-world solid collider from the frozen M04A1 source table.,TemporaryDirectImport,msc-world-baseline-04a1.1-c3f2f337,08A1.6
bcbda3b8fce370854262d230f449a59c,ca4ff0a8b9352bfdf7a1a0df8c23e349,YARD/ChickenHouse/chicken_house_roof,chicken_house_roof,Roof,MeshCollider,1,0,1,0,0,73041a6bb45c1784e93c6cb43fb21270,4300000,1,IncludedStaticWorldSolid,1,CellLegacy,WorldSolid,Assets/Game/World/Content/Physics/WorldSolidZeroBounce.physicMaterial,Reviewed static-world solid collider from the frozen M04A1 source table.,TemporaryDirectImport,msc-world-baseline-04a1.1-c3f2f337,08A1.6
bcc61a2cde459b704d062da473d52a1b,f4a1a1c8ca621a1360978da9675c45f0,REPAIRSHOP/inspection_desk 1,inspection_desk 1,BuildingExterior,MeshCollider,1,0,0,0,0,13da2d1831cf3d745aab6cfa3cc685ad,4300000,1,IncludedStaticWorldSolid,1,CellLegacy,WorldSolid,Assets/Game/World/Content/Physics/WorldSolidZeroBounce.physicMaterial,Reviewed static-world solid collider from the frozen M04A1 source table.,TemporaryDirectImport,msc-world-baseline-04a1.1-c3f2f337,08A1.6
bccafab2fd5e282478dbc4661b27db2c,dc0f5302354e540303309cdd02b5ad77,REPAIRSHOP/LOD/Store/Shelfs/coll,coll,ColliderOnly,BoxCollider,1,0,0,0,0,,0,1,IncludedStaticWorldSolid,1,CellLegacy,WorldSolid,Assets/Game/World/Content/Physics/WorldSolidZeroBounce.physicMaterial,Reviewed static-world solid collider from the frozen M04A1 source table.,TemporaryDirectImport,msc-world-baseline-04a1.1-c3f2f337,08A1.6
bd2eee808c400ee71c99162cbabed3ac,a47399fd61120d8f9ea67338e72014c2,YARD/Building/KITCHEN/OvenStove/HotPlate4/GrillTrigger,GrillTrigger,ColliderOnly,SphereCollider,1,1,0,0,0,,0,0,ExcludedTrigger,0,Excluded,,,Trigger volumes are not imported by the solid pass.,TemporaryDirectImport,msc-world-baseline-04a1.1-c3f2f337,08A1.6
bd32ea5648bb0aee52793a0cd9cd79ef,f14bdf2e62a2982d83246301dbf0be39,COTTAGE/MESH/cottage_floor2,cottage_floor2,Floor,MeshCollider,1,0,0,0,0,cb38c64c87055924389939ae4b4f26fe,4300000,1,IncludedStaticWorldSolid,1,CellLegacy,WorldSurface,Assets/Game/World/Content/Physics/WorldSurfaceZeroBounce.physicMaterial,Reviewed static-world solid collider from the frozen M04A1 source table.,TemporaryDirectImport,msc-world-baseline-04a1.1-c3f2f337,08A1.6
bd3d27a5ce60415792833b8e9f1db47c,1740ef28d6a111ac295de649611dad9e,STORE/LOD/ActivateBar/DrunksBar/Drunk2/skeleton/thig_right,thig_right,ColliderOnly,CapsuleCollider,1,0,0,0,0,,0,1,ExcludedActorOrPlayer,0,Excluded,,,"Actor, NPC, skeleton or player-owned collision belongs to a later project-owned gameplay presenter.",TemporaryDirectImport,msc-world-baseline-04a1.1-c3f2f337,08A1.6
bd44a80e8ba713f602e9472c73339dbf,9171e34ec769d0c484a990d254f455c1,REPAIRSHOP/LOD/Store/Parts/BuyPiston2,BuyPiston2,ColliderOnly,SphereCollider,1,1,0,0,0,,0,1,ExcludedTrigger,0,Excluded,,,Trigger volumes are not imported by the solid pass.,TemporaryDirectImport,msc-world-baseline-04a1.1-c3f2f337,08A1.6
bd580b21d7107659d765f0c332de33ee,d481ba91d1d945792cbfdbb23fdec2a9,SOCCER/LOD/KID1/Offset/RagDoll,RagDoll,ColliderOnly,BoxCollider,1,0,0,0,1,,0,0,ExcludedInactive,0,Excluded,,,The collider owner is inactive through the frozen donor hierarchy.,TemporaryDirectImport,msc-world-baseline-04a1.1-c3f2f337,08A1.6
bd6e5f9b7b62dd0f710419470502c295,7a58d3df8a76680b3ec8cd7694c2108b,STORE/MESH/Collider,Collider,ColliderOnly,BoxCollider,1,0,0,0,0,,0,1,IncludedStaticWorldSolid,1,CellLegacy,WorldSolid,Assets/Game/World/Content/Physics/WorldSolidZeroBounce.physicMaterial,Reviewed static-world solid collider from the frozen M04A1 source table.,TemporaryDirectImport,msc-world-baseline-04a1.1-c3f2f337,08A1.6
bd6ec23a98e1c3ec211e457c8d87fa98,2223461af429baa28924c2563bf4e4db,JAIL/NoRain,NoRain,ColliderOnly,MeshCollider,1,0,0,0,0,0000000000000000e000000000000000,10210,0,ExcludedInactive,0,Excluded,,,The collider owner is inactive through the frozen donor hierarchy.,TemporaryDirectImport,msc-world-baseline-04a1.1-c3f2f337,08A1.6
bd7847e3d0dd5f811eed35311c274d75,1823f8edb31731851db2159108671d54,STORE/LOD/ActivateBar/DrunksBar/Drunk1/skeleton/pelvis/spine_middle/spine_upper/collar_right/shoulder_right/arm_right,arm_right,ColliderOnly,CapsuleCollider,1,0,0,0,1,,0,1,ExcludedActorOrPlayer,0,Excluded,,,"Actor, NPC, skeleton or player-owned collision belongs to a later project-owned gameplay presenter.",TemporaryDirectImport,msc-world-baseline-04a1.1-c3f2f337,08A1.6
bd787d1f3dead7cb362a575f571b31f9,dc12a616a5923f6214cf4cb78b4ad6ca,YARD/Building/Garage/Shelfs/coll,coll,ColliderOnly,BoxCollider,1,0,0,0,0,,0,1,IncludedStaticWorldSolid,1,CellLegacy,WorldSolid,Assets/Game/World/Content/Physics/WorldSolidZeroBounce.physicMaterial,Reviewed static-world solid collider from the frozen M04A1 source table.,TemporaryDirectImport,msc-world-baseline-04a1.1-c3f2f337,08A1.6
bd9594597e85d805b27cc1f62557adb8,c7d41a47731c4032da0dcdfb02aa381e,MAP/Buildings/DINGONBIISI/autiotalo/LOD/Table,Table,StaticProp,BoxCollider,1,0,0,0,1,,0,1,ExcludedDynamicRequiresPresenter,0,Excluded,,,The collider is owned by a donor Rigidbody on itself or an ancestor and requires a project-owned dynamic presenter instead of a frozen static blocker.,TemporaryDirectImport,msc-world-baseline-04a1.1-c3f2f337,08A1.6
bd97de1ae61f39cd0a3da97300925aa2,2fcf475bce9b5e1c196d8efb07d49480,DANCEHALL/Functions/FIGHTER/Fighter/Pivot/ThrowBody/PlayerRigid,PlayerRigid,ColliderOnly,CapsuleCollider,1,0,0,0,1,,0,0,ExcludedInactive,0,Excluded,,,The collider owner is inactive through the frozen donor hierarchy.,TemporaryDirectImport,msc-world-baseline-04a1.1-c3f2f337,08A1.6
bda3030c806f466ddd52b0db5589162b,91ba17d991e6b8eb1799ed176cfcf4b9,DANCEHALL/Functions/GUARD/StageTrigger,StageTrigger,ColliderOnly,BoxCollider,1,1,0,0,0,,0,0,ExcludedTrigger,0,Excluded,,,Trigger volumes are not imported by the solid pass.,TemporaryDirectImport,msc-world-baseline-04a1.1-c3f2f337,08A1.6
bde46db241695cc5daa4261c3f215553,68afc14e06f4688288486ba88da5fdf1,REPAIRSHOP/LOD/floor jack(itemx),floor jack(itemx),Floor,BoxCollider,1,0,0,0,1,,0,1,ExcludedDynamicRequiresPresenter,0,Excluded,,,The collider is owned by a donor Rigidbody on itself or an ancestor and requires a project-owned dynamic presenter instead of a frozen static blocker.,TemporaryDirectImport,msc-world-baseline-04a1.1-c3f2f337,08A1.6
be44ee3e7905dedad800c8cdad65a6fb,99ff3475a1bf90a8fcdf411f407a7239,STORE/LOD/ActivateStore/CarProducts/Oilfilter,Oilfilter,ColliderOnly,SphereCollider,1,1,0,0,0,,0,1,ExcludedTrigger,0,Excluded,,,Trigger volumes are not imported by the solid pass.,TemporaryDirectImport,msc-world-baseline-04a1.1-c3f2f337,08A1.6
be476513db110fdc1337143986e65e02,0b3fabe904b874539cb970aba71772a4,THEATRE/LOD/Open/PLAY/ActorsDisable/MARA/PIVOT/Coll,Coll,ColliderOnly,CapsuleCollider,1,0,0,0,1,,0,0,ExcludedInactive,0,Excluded,,,The collider owner is inactive through the frozen donor hierarchy.,TemporaryDirectImport,msc-world-baseline-04a1.1-c3f2f337,08A1.6
be95023e58137ed8e92072304cc926c0,6585e077796d9e050ae5f3aabc676e17,RYKIPOHJA/ChickenHouse 3/chicken_house_tank,chicken_house_tank,BuildingExterior,CapsuleCollider,1,0,0,0,0,,0,1,IncludedStaticWorldSolid,1,CellLegacy,WorldSolid,Assets/Game/World/Content/Physics/WorldSolidZeroBounce.physicMaterial,Reviewed static-world solid collider from the frozen M04A1 source table.,TemporaryDirectImport,msc-world-baseline-04a1.1-c3f2f337,08A1.6
beca9cd09a3e7f31992b335975ace2f2,c6d1cc2b7e75d8512f9265eac1218e80,DRAGRACE/LOD/DRAGSTRIP/Drag1/dragcar1/CarColliderAI,CarColliderAI,ColliderOnly,MeshCollider,1,0,1,0,1,830045f89ae07dd4189ca3bfd654e474,4300000,0,ExcludedInactive,0,Excluded,,,The collider owner is inactive through the frozen donor hierarchy.,TemporaryDirectImport,msc-world-baseline-04a1.1-c3f2f337,08A1.6
bf0cf7c0033269f8471b1871d32597f4,e798e6bae12cb0a384cc2b7c58f0f1ab,COTTAGE/MESH/Cottage_lauteet/coll,coll,ColliderOnly,BoxCollider,1,0,0,0,0,,0,1,IncludedStaticWorldSolid,1,CellLegacy,WorldSolid,Assets/Game/World/Content/Physics/WorldSolidZeroBounce.physicMaterial,Reviewed static-world solid collider from the frozen M04A1 source table.,TemporaryDirectImport,msc-world-baseline-04a1.1-c3f2f337,08A1.6
bf1c2b3adb71986885a2e1210ae927d3,f0d798ed5541dc44bfc8dc17a23d7a24,MAP/WaterWell/Functions/Trigger,Trigger,ColliderOnly,SphereCollider,1,1,0,0,0,,0,1,ExcludedTrigger,0,Excluded,,,Trigger volumes are not imported by the solid pass.,TemporaryDirectImport,msc-world-baseline-04a1.1-c3f2f337,08A1.6
bf1f47af9c73b08f7c61b46777138f4c,05bd570a942faa7e872a021f496b17fa,YARD/Building/Dynamics/FuseTable/Fusetable/Fuse2,Fuse2,ColliderOnly,SphereCollider,1,1,0,0,0,,0,1,ExcludedTrigger,0,Excluded,,,Trigger volumes are not imported by the solid pass.,TemporaryDirectImport,msc-world-baseline-04a1.1-c3f2f337,08A1.6
bf2fab90c7b4d31f5b7b0926d81e0317,a7292934ed70861c018b0e75df0561c2,COTTAGE/LOD/Glass/glass 2,glass 2,BuildingExterior,BoxCollider,1,0,0,0,0,,0,1,IncludedStaticWorldSolid,1,CellLegacy,WorldSolid,Assets/Game/World/Content/Physics/WorldSolidZeroBounce.physicMaterial,Reviewed static-world solid collider from the frozen M04A1 source table.,TemporaryDirectImport,msc-world-baseline-04a1.1-c3f2f337,08A1.6
bfcf25f236de43ccb5a7c57a20993eb1,a0579fd21323122aa6edb1ef8936b453,YARD/Building/Dynamics/LightSwitches/switch_hallway,switch_hallway,ColliderOnly,SphereCollider,1,1,0,0,0,,0,1,ExcludedTrigger,0,Excluded,,,Trigger volumes are not imported by the solid pass.,TemporaryDirectImport,msc-world-baseline-04a1.1-c3f2f337,08A1.6
bfed88590e8d63809f5c9d25fdd67ebe,d9f7d25958a502a199682ff4c5401c65,WATERFACILITY/MESH/Coll,Coll,ColliderOnly,BoxCollider,1,0,0,0,0,,0,1,IncludedStaticWorldSolid,1,CellLegacy,WorldSolid,Assets/Game/World/Content/Physics/WorldSolidZeroBounce.physicMaterial,Reviewed static-world solid collider from the frozen M04A1 source table.,TemporaryDirectImport,msc-world-baseline-04a1.1-c3f2f337,08A1.6
c0032742bc63e2d5ed917237e0d2853d,354275d007fe41126f4b4d9f3decff83,DANCEHALL/Functions/DanceCouple/Dancer2/Pivot/pelvis/spine_middle/spine_upper/collar_left/shoulder_left,shoulder_left,ColliderOnly,CapsuleCollider,0,0,0,0,1,,0,0,ExcludedDisabled,0,Excluded,,,The donor collider component is disabled.,TemporaryDirectImport,msc-world-baseline-04a1.1-c3f2f337,08A1.6
c01105653d9cc2e9a69d2d70e59c1694,7261e0a21077d9b46bbbf09085127873,REPAIRSHOP/LOD/ToolCart/Drawer/Tools/Sockets/socket(12)(Clone),socket(12)(Clone),ColliderOnly,SphereCollider,1,1,0,0,1,,0,0,ExcludedTrigger,0,Excluded,,,Trigger volumes are not imported by the solid pass.,TemporaryDirectImport,msc-world-baseline-04a1.1-c3f2f337,08A1.6
c01107ae98231bd7ab5b9856f0835544,42f6acb23a5bc9eedbc752f349c753f9,DANCEHALL/Functions/DanceCouple/Dancer1/Pivot/pelvis/spine_mid/shoulders(xxxxx),shoulders(xxxxx),ColliderOnly,CapsuleCollider,0,0,0,0,1,,0,0,ExcludedDisabled,0,Excluded,,,The donor collider component is disabled.,TemporaryDirectImport,msc-world-baseline-04a1.1-c3f2f337,08A1.6
c012ea946b293541cba2a3efb6e7c4da,665154169083472dbb8cd6d0b7bf70c5,CABIN/PierOld,PierOld,BuildingExterior,MeshCollider,1,0,0,0,0,f3cd4c20eaeb998418a0a6b085e86d54,4300000,1,IncludedStaticWorldSolid,1,CellLegacy,WorldSolid,Assets/Game/World/Content/Physics/WorldSolidZeroBounce.physicMaterial,Reviewed static-world solid collider from the frozen M04A1 source table.,TemporaryDirectImport,msc-world-baseline-04a1.1-c3f2f337,08A1.6
c0759f02080aff4b87da9170dc6aa3d6,a529b2c0e79c4bbf37029cdeb9371a62,STORE/LOD/ActivateStore/CarProducts/MotorOil,MotorOil,ColliderOnly,CapsuleCollider,1,1,0,0,0,,0,1,ExcludedTrigger,0,Excluded,,,Trigger volumes are not imported by the solid pass.,TemporaryDirectImport,msc-world-baseline-04a1.1-c3f2f337,08A1.6
c0d1bd8384389e5f5932b1fde20413f3,13ea07886b4bc0f05e6c0759532455c5,REPAIRSHOP/Note/note(xxxxx),note(xxxxx),BuildingExterior,BoxCollider,1,0,0,0,1,,0,0,ExcludedInactive,0,Excluded,,,The collider owner is inactive through the frozen donor hierarchy.,TemporaryDirectImport,msc-world-baseline-04a1.1-c3f2f337,08A1.6
c137fddd539877670bfc78cea9eeafe1,b4b4954c0167c8f4cae335c2ece60f4c,THEATRE/LOD/Open/PLAY/ActorsDisable/PRESIDENT/PIVOT/skeleton/pelvis/spine_middle/spine_upper/collar_right/shoulder_right/arm_right/hand_right,hand_right,ColliderOnly,SphereCollider,1,0,0,0,1,,0,0,ExcludedInactive,0,Excluded,,,The collider owner is inactive through the frozen donor hierarchy.,TemporaryDirectImport,msc-world-baseline-04a1.1-c3f2f337,08A1.6
c16e506da564a11852c65e3099b47cbb,df055e842b5f58dc3a3f67e840182f48,DRAGRACE/LOD/DRAGSTRIP/DragTiming/ResetlaneRight,ResetlaneRight,ColliderOnly,MeshCollider,1,1,1,0,0,0000000000000000e000000000000000,10210,0,ExcludedTrigger,0,Excluded,,,Trigger volumes are not imported by the solid pass.,TemporaryDirectImport,msc-world-baseline-04a1.1-c3f2f337,08A1.6
c1909035e7298d741a280204647e3615,1841cd244401adcd528eabc7076b1002,MAP/Buildings/DINGONBIISI/autiotalo/LOD/oven,oven,StaticProp,CapsuleCollider,1,0,0,0,0,,0,1,IncludedStaticWorldSolid,1,CellLegacy,WorldSolid,Assets/Game/World/Content/Physics/WorldSolidZeroBounce.physicMaterial,Reviewed static-world solid collider from the frozen M04A1 source table.,TemporaryDirectImport,msc-world-baseline-04a1.1-c3f2f337,08A1.6
c1a7c2bd782c8e6a95b13801eefb1b2f,f08c1d0d2f4dd0ae371132f1a02f55d8,YARD/Building/Colliders/coll,coll,ColliderOnly,BoxCollider,1,0,0,0,0,,0,1,IncludedSafetyCriticalGlobal,1,GlobalLegacy,WorldSolid,Assets/Game/World/Content/Physics/WorldSolidZeroBounce.physicMaterial,Home spawn structural safety,TemporaryDirectImport,msc-world-baseline-04a1.1-c3f2f337,08A1.6
c1aaa1bc6de1e4877d29952854ffce8b,6efa1657d6c6dbc806c010ca03c4a9a7,STORE/LOD/ActivateStore/SpraycanProducts/Spray11,Spray11,ColliderOnly,CapsuleCollider,1,1,0,0,0,,0,1,ExcludedTrigger,0,Excluded,,,Trigger volumes are not imported by the solid pass.,TemporaryDirectImport,msc-world-baseline-04a1.1-c3f2f337,08A1.6
c1c66974aeb50ed1f6c2995a92829b3c,d952cc8b07df21858bc578015b6d71f1,STORE/TeimoInBike/Bicycle/Functions/bicycle/coll,coll,ColliderOnly,BoxCollider,1,0,0,0,1,,0,0,ExcludedInactive,0,Excluded,,,The collider owner is inactive through the frozen donor hierarchy.,TemporaryDirectImport,msc-world-baseline-04a1.1-c3f2f337,08A1.6
c1d6a155916384a8bc7cae55545af85a,53498ae52480517fc591b98fbf94bb55,WATERFACILITY/LOD/Door/Door 1/mesh,mesh,BuildingExterior,BoxCollider,1,0,0,0,0,,0,1,ExcludedDoorRequiresBinding,0,Excluded,,,A door cannot become a static blocker before a project-owned hinge/interaction binding is authored.,TemporaryDirectImport,msc-world-baseline-04a1.1-c3f2f337,08A1.6
c1da3cefedb8e8056aafee6bb6dc90ae,4ad3abc9add02a87a50d42164d3abba5,PERAJARVI/TerraceHouse/Apartments/LOD2/LOD/DoorWhite/Pivot/Handle,Handle,ColliderOnly,SphereCollider,1,1,0,0,0,,0,1,ExcludedTrigger,0,Excluded,,,Trigger volumes are not imported by the solid pass.,TemporaryDirectImport,msc-world-baseline-04a1.1-c3f2f337,08A1.6
c1ee142f226d6a720c2f5b509da4d637,8344a16037254d26e592c6dc647e4c76,STORE/LOD/ActivateBar/DrunksBar/Drunk2/skeleton/pelvis/spine_middle/spine_upper/collar_left/shoulder_left,shoulder_left,ColliderOnly,CapsuleCollider,1,0,0,0,1,,0,1,ExcludedActorOrPlayer,0,Excluded,,,"Actor, NPC, skeleton or player-owned collision belongs to a later project-owned gameplay presenter.",TemporaryDirectImport,msc-world-baseline-04a1.1-c3f2f337,08A1.6
c21b6df72871a72f02af2ea67d9a6e23,0529b93db7b011e1911eb9e1549907d8,INSPECTION/LOD/Lifter/Platform/Coll,Coll,ColliderOnly,BoxCollider,1,0,0,0,1,,0,1,ExcludedDynamicRequiresPresenter,0,Excluded,,,The collider is owned by a donor Rigidbody on itself or an ancestor and requires a project-owned dynamic presenter instead of a frozen static blocker.,TemporaryDirectImport,msc-world-baseline-04a1.1-c3f2f337,08A1.6
c24935392a4f5cd10997ccb725dcb42e,80b1fb5ae3b3e5824df2166fcb3574c8,YARD/Building/LIVINGROOM/Telephone/Cord/ModemCords/ModemCordIn/Trigger,Trigger,ColliderOnly,SphereCollider,1,1,0,0,0,,0,0,ExcludedTrigger,0,Excluded,,,Trigger volumes are not imported by the solid pass.,TemporaryDirectImport,msc-world-baseline-04a1.1-c3f2f337,08A1.6
c25fadfbad64cb64578da39906534c06,87034fffa14ec708f8c18b4c6f4187c0,RALLY/Saturday/TimingSaturday/Checkpoint03,Checkpoint03,ColliderOnly,MeshCollider,1,1,1,0,1,0000000000000000e000000000000000,10210,0,ExcludedTrigger,0,Excluded,,,Trigger volumes are not imported by the solid pass.,TemporaryDirectImport,msc-world-baseline-04a1.1-c3f2f337,08A1.6
c278369891f09728f6be083a38529ade,8eb5122d77e12287ba36daef701c884e,MAP/WaterWell/water_well,water_well,StaticProp,MeshCollider,1,0,0,0,0,02110c1f6542e1c40a3c02c7df924d8f,4300000,1,IncludedStaticWorldSolid,1,CellLegacy,WorldSolid,Assets/Game/World/Content/Physics/WorldSolidZeroBounce.physicMaterial,Reviewed static-world solid collider from the frozen M04A1 source table.,TemporaryDirectImport,msc-world-baseline-04a1.1-c3f2f337,08A1.6
c285b3c640aeb55a5233f7d850f9f543,8df688c7352bc6907b68c5c8f95c27f2,PERAJARVI/TerraceHouse/Apartments/LOD2/LOD/DoorWhite/Pivot/house_door1,house_door1,Door,BoxCollider,1,0,0,0,1,,0,1,ExcludedDoorRequiresBinding,0,Excluded,,,A door cannot become a static blocker before a project-owned hinge/interaction binding is authored.,TemporaryDirectImport,msc-world-baseline-04a1.1-c3f2f337,08A1.6
c2c6d904d2bf44e9e58f1732859aa475,df59a187f9a81e311e3c81e2bcce2763,REPAIRSHOP/SatsumaSpawns/Spawn,Spawn,SpawnMarker,BoxCollider,0,0,0,0,0,,0,1,ExcludedDisabled,0,Excluded,,,The donor collider component is disabled.,TemporaryDirectImport,msc-world-baseline-04a1.1-c3f2f337,08A1.6
c2c7ccb212c76efaa78b200c903f234c,ababdde8dabff62605640b43b23207d8,MAP/Buildings/BarnOld/lato_door1,lato_door1,Door,MeshCollider,1,0,0,0,0,0eb4d0a4cf353594d80da35acc3e37d1,4300000,1,ExcludedDoorRequiresBinding,0,Excluded,,,A door cannot become a static blocker before a project-owned hinge/interaction binding is authored.,TemporaryDirectImport,msc-world-baseline-04a1.1-c3f2f337,08A1.6
c2ca6c7d7f2385d6127642ce56b8f723,f686a80898f455bdfd343584a43bb99f,MAP/ConstructionSite/concretepole,concretepole,StaticProp,BoxCollider,1,0,0,0,0,,0,1,IncludedStaticWorldSolid,1,CellLegacy,WorldSolid,Assets/Game/World/Content/Physics/WorldSolidZeroBounce.physicMaterial,Reviewed static-world solid collider from the frozen M04A1 source table.,TemporaryDirectImport,msc-world-baseline-04a1.1-c3f2f337,08A1.6
c2cdfc16a998c8a6db8380209214eafb,51bfe5336ee53b53b71ffd6299be6d78,MAP/BusStop/coll,coll,ColliderOnly,MeshCollider,1,0,1,0,1,4b921c1e5bdabce49915aa12c30e55e5,4300000,1,ExcludedDynamicRequiresPresenter,0,Excluded,,,The collider is owned by a donor Rigidbody on itself or an ancestor and requires a project-owned dynamic presenter instead of a frozen static blocker.,TemporaryDirectImport,msc-world-baseline-04a1.1-c3f2f337,08A1.6
c2e9587ae5979e86ccd318dba5d5f6b4,1f6858bccc8b644c4d0f46b99f6225d6,PERAJARVI/MailBox/BoxHatch,BoxHatch,ColliderOnly,SphereCollider,1,1,0,0,0,,0,1,ExcludedTrigger,0,Excluded,,,Trigger volumes are not imported by the solid pass.,TemporaryDirectImport,msc-world-baseline-04a1.1-c3f2f337,08A1.6
c2f2636d1c8a5e24548359fb9b3d8e31,2a129aa357fb9a6f01fd2f2bee4bc092,PERAJARVI/HouseRintama2/StaticCarVICTRO/Collider,Collider,ColliderOnly,MeshCollider,1,0,1,0,0,ae65d605e5c7c0247927db03cec1e41f,4300000,1,IncludedStaticWorldSolid,1,CellLegacy,WorldSolid,Assets/Game/World/Content/Physics/WorldSolidZeroBounce.physicMaterial,Reviewed static-world solid collider from the frozen M04A1 source table.,TemporaryDirectImport,msc-world-baseline-04a1.1-c3f2f337,08A1.6
c2f9299fabcdf74ed88f45adb073a910,f635a2fe644b059974d9fd157b116bb8,MAP/JailSafeTrigger,JailSafeTrigger,ColliderOnly,BoxCollider,1,1,0,0,0,,0,1,ExcludedTrigger,0,Excluded,,,Trigger volumes are not imported by the solid pass.,TemporaryDirectImport,msc-world-baseline-04a1.1-c3f2f337,08A1.6
c31d67b55685a2ae815a419ec135a35c,e1a98a0ae5bbb27b62ce7e84c759ad6a,MAP/Buildings/DINGONBIISI/mattres,mattres,StaticProp,BoxCollider,1,0,0,0,0,,0,1,IncludedStaticWorldSolid,1,CellLegacy,WorldSolid,Assets/Game/World/Content/Physics/WorldSolidZeroBounce.physicMaterial,Reviewed static-world solid collider from the frozen M04A1 source table.,TemporaryDirectImport,msc-world-baseline-04a1.1-c3f2f337,08A1.6
c335a62c80146b18f4b454a16c44719e,6ccfd48a8989de050ec083cb97470cce,YARD/Building/LIVINGROOM/sofa_wood/sofa_pillow,sofa_pillow,BuildingInterior,BoxCollider,1,0,0,0,0,,0,1,IncludedStaticWorldSolid,1,CellLegacy,WorldSolid,Assets/Game/World/Content/Physics/WorldSolidZeroBounce.physicMaterial,Reviewed static-world solid collider from the frozen M04A1 source table.,TemporaryDirectImport,msc-world-baseline-04a1.1-c3f2f337,08A1.6
c357c6b61a6f0bd039a21786e625be3c,6a66065d6ec4669331dd7e7bff7174c6,YARD/UNCLE/LOD/Fittan 1/Collider,Collider,ColliderOnly,MeshCollider,1,0,1,0,0,ce5c6c2c3e4ceb64b873dd2415141ce7,4300000,1,IncludedStaticWorldSolid,1,CellLegacy,WorldSolid,Assets/Game/World/Content/Physics/WorldSolidZeroBounce.physicMaterial,Reviewed static-world solid collider from the frozen M04A1 source table.,TemporaryDirectImport,msc-world-baseline-04a1.1-c3f2f337,08A1.6
c3682111dd69bb2405aa5f8f20e23561,33eb7732a144c9a946eeab6d78b5f417,MAP/MESH/LogwallLarge,LogwallLarge,StaticProp,MeshCollider,1,0,1,0,0,02cdb7667d9ca4d49b627702944f9953,4300000,1,IncludedStaticWorldSolid,1,TrulyGlobalLegacy,WorldSolid,Assets/Game/World/Content/Physics/WorldSolidZeroBounce.physicMaterial,Reviewed static-world solid collider from the frozen M04A1 source table.,TemporaryDirectImport,msc-world-baseline-04a1.1-c3f2f337,08A1.6
c37884399c8ed293f545298265237fbe,14558d88449755b6420783debc6098cd,CABIN/Cabin/Ventti/Table,Table,BuildingExterior,BoxCollider,1,0,0,0,1,,0,1,ExcludedDynamicRequiresPresenter,0,Excluded,,,The collider is owned by a donor Rigidbody on itself or an ancestor and requires a project-owned dynamic presenter instead of a frozen static blocker.,TemporaryDirectImport,msc-world-baseline-04a1.1-c3f2f337,08A1.6
c37ecb7c1d1e7d0639381b914650c6ec,7949523d35f7916cce66a7b92c2a4bf3,MAP/Buildings/DINGONBIISI/autiotalo/mesh/buildingvino_Cube.003_None_wood_panel8.jpg 1,buildingvino_Cube.003_None_wood_panel8.jpg 1,StaticProp,MeshCollider,1,0,0,0,0,b80df7291a02a1a40b6d48c698c47be4,4300000,1,IncludedStaticWorldSolid,1,CellLegacy,WorldSolid,Assets/Game/World/Content/Physics/WorldSolidZeroBounce.physicMaterial,Reviewed static-world solid collider from the frozen M04A1 source table.,TemporaryDirectImport,msc-world-baseline-04a1.1-c3f2f337,08A1.6
c3ace51250b120ace2bdcfb543909f5a,cc2a82e427906a66606aefb7111fae58,YARD/Building/LIVINGROOM/TV/Switch,Switch,ColliderOnly,SphereCollider,1,1,0,0,0,,0,1,ExcludedTrigger,0,Excluded,,,Trigger volumes are not imported by the solid pass.,TemporaryDirectImport,msc-world-baseline-04a1.1-c3f2f337,08A1.6
c3be379df6579f799e6af18e5e11d5b6,72a64ff093e78f5a625e0c8ab3d0179e,MAP/HouseOld5/roof_lining,roof_lining,Roof,MeshCollider,1,0,1,0,0,6561ec2a31d25d04c84a6af793a0b8a6,4300000,1,IncludedStaticWorldSolid,1,CellLegacy,WorldSolid,Assets/Game/World/Content/Physics/WorldSolidZeroBounce.physicMaterial,Reviewed static-world solid collider from the frozen M04A1 source table.,TemporaryDirectImport,msc-world-baseline-04a1.1-c3f2f337,08A1.6
c44e870a5bb12416f5905fe7a04f008d,a71bfbf346fb6b5c38c1321f5a19fbc5,REPAIRSHOP/LOD/Dyno/Ropes/Mesh/CarRight,CarRight,ColliderOnly,SphereCollider,1,1,0,0,1,,0,0,ExcludedTrigger,0,Excluded,,,Trigger volumes are not imported by the solid pass.,TemporaryDirectImport,msc-world-baseline-04a1.1-c3f2f337,08A1.6
c4890e56be3fc824539508db224e8dcc,711a7510169de05ce6ab1b892b2cdcbe,STORE/LOD/ActivateBar/DrunksBar/Drunk2/skeleton/pelvis/spine_middle/spine_upper,spine_upper,ColliderOnly,CapsuleCollider,1,0,0,0,1,,0,1,ExcludedActorOrPlayer,0,Excluded,,,"Actor, NPC, skeleton or player-owned collision belongs to a later project-owned gameplay presenter.",TemporaryDirectImport,msc-world-baseline-04a1.1-c3f2f337,08A1.6
c4be2e230fc826a72e0ee18a56ab670f,8eb928ffe8cb8f72b1251bfb7d2bc57e,REPAIRSHOP/LOD/Store/Parts/BuyPiston4,BuyPiston4,ColliderOnly,SphereCollider,1,1,0,0,0,,0,1,ExcludedTrigger,0,Excluded,,,Trigger volumes are not imported by the solid pass.,TemporaryDirectImport,msc-world-baseline-04a1.1-c3f2f337,08A1.6
c526c0b6104f4d2874acf743b4acf7e7,eac4106b4c270e4b654615e0c9ddff56,MAP/Buildings/BarnOld_junk/lato_door2,lato_door2,Door,BoxCollider,1,0,0,0,1,,0,1,ExcludedDoorRequiresBinding,0,Excluded,,,A door cannot become a static blocker before a project-owned hinge/interaction binding is authored.,TemporaryDirectImport,msc-world-baseline-04a1.1-c3f2f337,08A1.6
c53532d89637555977308d3aac91d42f,921fbcb6a2b7886a887351fb84b03677,REPAIRSHOP/LOD/ToolCart/Drawer/Tools/Spanners/spanner(12)(Clone),spanner(12)(Clone),ColliderOnly,CapsuleCollider,1,1,0,0,1,,0,0,ExcludedTrigger,0,Excluded,,,Trigger volumes are not imported by the solid pass.,TemporaryDirectImport,msc-world-baseline-04a1.1-c3f2f337,08A1.6
c537bb854fdb612ba021f33685fa89a3,cd6e3d0d0c46581c6fabce6890497a49,YARD/UNCLE/Home/UncleDrinking/Uncle/beer case(itemx),beer case(itemx),BuildingExterior,BoxCollider,1,0,0,0,0,,0,0,ExcludedInactive,0,Excluded,,,The collider owner is inactive through the frozen donor hierarchy.,TemporaryDirectImport,msc-world-baseline-04a1.1-c3f2f337,08A1.6
c53bab4086bc036afdcd0f893dfd45d8,28f594a718dc6e4fb59d150236c4ddf4,COTTAGE/LOD/Doors/DoorFront2/Pivot/glass 6,glass 6,BuildingExterior,BoxCollider,1,0,0,0,0,,0,1,ExcludedDoorRequiresBinding,0,Excluded,,,A door cannot become a static blocker before a project-owned hinge/interaction binding is authored.,TemporaryDirectImport,msc-world-baseline-04a1.1-c3f2f337,08A1.6
c541d2141b26b90e31585789a5f66234,60925872120b33187986756df3836e6d,RALLY/PartsSalesman/Functions/Parts/BuyPiston2,BuyPiston2,ColliderOnly,SphereCollider,1,1,0,0,0,,0,1,ExcludedTrigger,0,Excluded,,,Trigger volumes are not imported by the solid pass.,TemporaryDirectImport,msc-world-baseline-04a1.1-c3f2f337,08A1.6
c54ed54eee962bdd29b2fe31398901c4,3e4248eefaa74b9b6f5fa35b2f66f7fd,MAP/GarbageCollector,GarbageCollector,ColliderOnly,BoxCollider,1,1,0,0,0,,0,1,ExcludedTrigger,0,Excluded,,,Trigger volumes are not imported by the solid pass.,TemporaryDirectImport,msc-world-baseline-04a1.1-c3f2f337,08A1.6
c5908448bf692b81eb3b7fe2d68b1323,30eb5d5ff1481a1c0166fa97c2e832de,PERAJARVI/TerraceHouse/Apartments/LOD2/LOD/WC/wcbowl,wcbowl,BuildingExterior,BoxCollider,1,0,0,0,0,,0,1,IncludedStaticWorldSolid,1,CellLegacy,WorldSolid,Assets/Game/World/Content/Physics/WorldSolidZeroBounce.physicMaterial,Reviewed static-world solid collider from the frozen M04A1 source table.,TemporaryDirectImport,msc-world-baseline-04a1.1-c3f2f337,08A1.6
c5e43f545909ffb6ce024199f331188b,4697161583b1a097e6278c0effc84323,YARD/Building/LIVINGROOM/LOD_livingroom/MAP/Darts/Shit1,Shit1,BuildingInterior,SphereCollider,1,1,0,0,0,,0,0,ExcludedTrigger,0,Excluded,,,Trigger volumes are not imported by the solid pass.,TemporaryDirectImport,msc-world-baseline-04a1.1-c3f2f337,08A1.6
c5f738b997f048cbf09d4938f0fd01f2,1fba52574d9bf3b724b6a8a915c9b6e4,YARD/Building/LOD/HedgeFence/hedge,hedge,BuildingExterior,MeshCollider,1,0,1,0,0,9c6458347eea44a42b431025cf59f4cc,4300000,1,IncludedStaticWorldSolid,1,CellLegacy,WorldSolid,Assets/Game/World/Content/Physics/WorldSolidZeroBounce.physicMaterial,Reviewed static-world solid collider from the frozen M04A1 source table.,TemporaryDirectImport,msc-world-baseline-04a1.1-c3f2f337,08A1.6
c623cf8831e5701b001392541ffff72b,61929c17af8785dffd1a721d441c15ab,RALLY/Scenery/Objects/Table/coll,coll,ColliderOnly,BoxCollider,1,0,0,0,0,,0,0,ExcludedInactive,0,Excluded,,,The collider owner is inactive through the frozen donor hierarchy.,TemporaryDirectImport,msc-world-baseline-04a1.1-c3f2f337,08A1.6
c64e2aefbdf0b63329266b7a59dab232,f1fede037217c0f7225b4d78adfff559,PERAJARVI/TerraceHouse/LOD1/hedge,hedge,BuildingExterior,MeshCollider,1,0,1,0,0,9c6458347eea44a42b431025cf59f4cc,4300000,1,IncludedStaticWorldSolid,1,CellLegacy,WorldSolid,Assets/Game/World/Content/Physics/WorldSolidZeroBounce.physicMaterial,Reviewed static-world solid collider from the frozen M04A1 source table.,TemporaryDirectImport,msc-world-baseline-04a1.1-c3f2f337,08A1.6
c66bfeb6bf70c39da4d57757970716ff,34d6bfd492bcb472730dce66b8d97cb2,YARD/UNCLE/Shed/shed_walls,shed_walls,BuildingExterior,MeshCollider,1,0,0,0,0,8869ecbf4f79e25438ab95585718ff06,4300000,1,IncludedStaticWorldSolid,1,CellLegacy,WorldSolid,Assets/Game/World/Content/Physics/WorldSolidZeroBounce.physicMaterial,Reviewed static-world solid collider from the frozen M04A1 source table.,TemporaryDirectImport,msc-world-baseline-04a1.1-c3f2f337,08A1.6
c67adb81b62e442ecdfb84e808ccbb5f,5beeac8c1e16e46351b1224a92b15261,YARD/Building/KITCHEN/Fridge/Pivot/mesh,mesh,BuildingInterior,BoxCollider,1,0,0,0,0,,0,1,IncludedStaticWorldSolid,1,CellLegacy,WorldSolid,Assets/Game/World/Content/Physics/WorldSolidZeroBounce.physicMaterial,Reviewed static-world solid collider from the frozen M04A1 source table.,TemporaryDirectImport,msc-world-baseline-04a1.1-c3f2f337,08A1.6
c68b9b677d36c3fefb1023229f7cb226,3695805bee93eb8c62053cc1033b2251,MAP/Buildings/Barn/lato_roof,lato_roof,Roof,MeshCollider,1,0,1,0,0,73acff30fd9546d42a5637f3fdcd2f20,4300000,1,IncludedStaticWorldSolid,1,CellLegacy,WorldSolid,Assets/Game/World/Content/Physics/WorldSolidZeroBounce.physicMaterial,Reviewed static-world solid collider from the frozen M04A1 source table.,TemporaryDirectImport,msc-world-baseline-04a1.1-c3f2f337,08A1.6
c696bd98baeb517a2792cf577bc3c6fb,a4bdb6a039e7d4cb861cabd655539423,MAP/MESH/TREES1_COLL,TREES1_COLL,VegetationTree,MeshCollider,1,0,0,0,0,7f96895ce31493a47b15028a8034615d,4300000,1,IncludedStaticWorldSolid,1,TrulyGlobalLegacy,WorldSolid,Assets/Game/World/Content/Physics/WorldSolidZeroBounce.physicMaterial,Reviewed static-world solid collider from the frozen M04A1 source table.,TemporaryDirectImport,msc-world-baseline-04a1.1-c3f2f337,08A1.6
c6b573dcdd8572c8c13aaa1df489c650,724aafc4281f625dfb6b639534bea448,REPAIRSHOP/LOD/ToolCart/Drawer/Tools/Spanners/spanner(13)(Clone),spanner(13)(Clone),ColliderOnly,CapsuleCollider,1,1,0,0,1,,0,0,ExcludedTrigger,0,Excluded,,,Trigger volumes are not imported by the solid pass.,TemporaryDirectImport,msc-world-baseline-04a1.1-c3f2f337,08A1.6
c6c7cd561a0eecd49ba29746a16cd489,bcf23d8c04ac6c97d58a0f561c3c6ea8,STORE/LOD/GFX_Pub/table_pub 3,table_pub 3,BuildingExterior,BoxCollider,1,0,0,0,0,,0,1,IncludedStaticWorldSolid,1,CellLegacy,WorldSolid,Assets/Game/World/Content/Physics/WorldSolidZeroBounce.physicMaterial,Reviewed static-world solid collider from the frozen M04A1 source table.,TemporaryDirectImport,msc-world-baseline-04a1.1-c3f2f337,08A1.6
c6fa5ca2f664d178283387875d5d5b11,e28b96409db1f3050e9d890f7bf40c8f,THEATRE/LOD/Open/PLAY/ActorsDisable/COP/PIVOT/Coll,Coll,ColliderOnly,CapsuleCollider,1,0,0,0,1,,0,0,ExcludedInactive,0,Excluded,,,The collider owner is inactive through the frozen donor hierarchy.,TemporaryDirectImport,msc-world-baseline-04a1.1-c3f2f337,08A1.6
c720867e7c21917162e997163aad03e6,48e19c39d66d8d0b3407475a6e5b0196,DANCEHALL/Functions/DanceCouple/Dancer2/Pivot/pelvis/spine_middle/spine_upper/collar_right/shoulder_right,shoulder_right,ColliderOnly,CapsuleCollider,0,0,0,0,1,,0,0,ExcludedDisabled,0,Excluded,,,The donor collider component is disabled.,TemporaryDirectImport,msc-world-baseline-04a1.1-c3f2f337,08A1.6
c7544433d9b45afa4cedb471fbb8bc66,c72b8e28536b4bdc1991acef0566cfc6,THEATRE/LOD/Furniture/table/coll,coll,ColliderOnly,BoxCollider,1,0,0,0,1,,0,1,ExcludedDynamicRequiresPresenter,0,Excluded,,,The collider is owned by a donor Rigidbody on itself or an ancestor and requires a project-owned dynamic presenter instead of a frozen static blocker.,TemporaryDirectImport,msc-world-baseline-04a1.1-c3f2f337,08A1.6
c7b4c2d3afbbc9d2d449a86dcc113b00,5ae2da2a858d0cf7121dbd102ccf3572,REPAIRSHOP/LOD/SHITHOUSE/SavePivot/SAVEGAME,SAVEGAME,ColliderOnly,SphereCollider,1,1,0,0,0,,0,1,ExcludedTrigger,0,Excluded,,,Trigger volumes are not imported by the solid pass.,TemporaryDirectImport,msc-world-baseline-04a1.1-c3f2f337,08A1.6
c7c480a8b27b2e0d66f990e88fcd3c39,4007b3fc6aee20fbd816edd334917de4,REPAIRSHOP/JunkCar4,JunkCar4,BuildingExterior,MeshCollider,1,0,1,0,1,aa4a2662a11d90c4a853222009ed6102,4300000,1,ExcludedVehicle,0,Excluded,,,"Vehicle collision belongs to the project-owned vehicle runtime, not the static-world pass.",TemporaryDirectImport,msc-world-baseline-04a1.1-c3f2f337,08A1.6
c82223beaaf56f51bc6ad87da343254f,22c12828e06e9e90626c6e69cfa26684,MAP/PierDancehall/coll,coll,ColliderOnly,BoxCollider,1,0,0,0,0,,0,1,IncludedStaticWorldSolid,1,CellLegacy,WorldSolid,Assets/Game/World/Content/Physics/WorldSolidZeroBounce.physicMaterial,Reviewed static-world solid collider from the frozen M04A1 source table.,TemporaryDirectImport,msc-world-baseline-04a1.1-c3f2f337,08A1.6
c84e167dc978076449d160f697e6a92c,ed52758abab2ad2b2feaf3a145982998,MAP/Factory/coll,coll,ColliderOnly,MeshCollider,1,0,0,0,0,35e82b1e957021a48a7f9b0d64f368da,4300000,1,IncludedStaticWorldSolid,1,CellLegacy,WorldSolid,Assets/Game/World/Content/Physics/WorldSolidZeroBounce.physicMaterial,Reviewed static-world solid collider from the frozen M04A1 source table.,TemporaryDirectImport,msc-world-baseline-04a1.1-c3f2f337,08A1.6
c857311bdcba7a2129cad5f612caa060,351406fbb7e4a98550794a71c17557e9,REPAIRSHOP/JunkCar4/Parts/grille gt(Clone),grille gt(Clone),BuildingExterior,MeshCollider,0,0,1,0,1,38364b0b822e1c745a0929cfa2e1a7c4,4300000,0,ExcludedDisabled,0,Excluded,,,The donor collider component is disabled.,TemporaryDirectImport,msc-world-baseline-04a1.1-c3f2f337,08A1.6
c88cd5cf84daacb0eb9177dbe64d6630,82f7189bfa09ecf165cee2f95d3b5172,COTTAGE/PierCottage/coll,coll,ColliderOnly,BoxCollider,1,0,0,0,0,,0,1,IncludedStaticWorldSolid,1,CellLegacy,WorldSolid,Assets/Game/World/Content/Physics/WorldSolidZeroBounce.physicMaterial,Reviewed static-world solid collider from the frozen M04A1 source table.,TemporaryDirectImport,msc-world-baseline-04a1.1-c3f2f337,08A1.6
c89134a63a9d586aad7a1d60fece16ca,5eb7f09786b02fadbf43a66e007fbef4,YARD/Building/Colliders/coll,coll,ColliderOnly,BoxCollider,1,0,0,0,0,,0,1,IncludedSafetyCriticalGlobal,1,GlobalLegacy,WorldSolid,Assets/Game/World/Content/Physics/WorldSolidZeroBounce.physicMaterial,Home spawn structural safety,TemporaryDirectImport,msc-world-baseline-04a1.1-c3f2f337,08A1.6
c8926b345a422ab372c6de3e50d5c124,7921c864b47ebce8e840565b9748c39a,YARD/UNCLE/Building/houseuncle_hallway_doors,houseuncle_hallway_doors,Door,MeshCollider,1,0,0,0,0,d1adb1d3ba1c1ee44a21d0fd43505ade,4300000,1,ExcludedDoorRequiresBinding,0,Excluded,,,A door cannot become a static blocker before a project-owned hinge/interaction binding is authored.,TemporaryDirectImport,msc-world-baseline-04a1.1-c3f2f337,08A1.6
c8d5050a08b424d75977491be4549840,ef4b5c34cf42289fb2744f7c4b3e5aaa,STORE/VideoPoker/HookSlot,HookSlot,ColliderOnly,SphereCollider,1,1,0,0,1,,0,1,ExcludedTrigger,0,Excluded,,,Trigger volumes are not imported by the solid pass.,TemporaryDirectImport,msc-world-baseline-04a1.1-c3f2f337,08A1.6
c8d7e6fd82db37eb775786810c323418,0da9d7919fe72405a596b229cca6c44e,STORE/LOD/Pumps/GasolinePump98/gasoline_pump,gasoline_pump,BuildingExterior,MeshCollider,1,0,1,0,0,20beaacfd5e33e74fb592c239912f3b4,4300000,1,IncludedStaticWorldSolid,1,CellLegacy,WorldSolid,Assets/Game/World/Content/Physics/WorldSolidZeroBounce.physicMaterial,Reviewed static-world solid collider from the frozen M04A1 source table.,TemporaryDirectImport,msc-world-baseline-04a1.1-c3f2f337,08A1.6
c930fd89c7ab95b88ed8b599d17763f9,da9933f2818c536eee47063b8d85e395,REPAIRSHOP/LOD/Garbage/Tractor/valmet_front_axle,valmet_front_axle,BuildingExterior,BoxCollider,1,0,0,0,0,,0,1,IncludedStaticWorldSolid,1,CellLegacy,WorldSolid,Assets/Game/World/Content/Physics/WorldSolidZeroBounce.physicMaterial,Reviewed static-world solid collider from the frozen M04A1 source table.,TemporaryDirectImport,msc-world-baseline-04a1.1-c3f2f337,08A1.6
c96513e51e7046496c80927bf9ee344f,78231d85e4ca64b267d0dcd50a06137f,MISC/fireworks bag(itemx),fireworks bag(itemx),ColliderOnly,CapsuleCollider,1,0,0,0,1,,0,1,ExcludedDynamicRequiresPresenter,0,Excluded,,,The collider is owned by a donor Rigidbody on itself or an ancestor and requires a project-owned dynamic presenter instead of a frozen static blocker.,TemporaryDirectImport,msc-world-baseline-04a1.1-c3f2f337,08A1.6
c9809872edcccbd1e66cdf8291bc5f19,62a8f99310ad4525b50543cedb8a0615,YARD/Building/KITCHEN/kitchen_table,kitchen_table,BuildingInterior,BoxCollider,1,0,0,0,0,,0,1,IncludedStaticWorldSolid,1,CellLegacy,WorldSolid,Assets/Game/World/Content/Physics/WorldSolidZeroBounce.physicMaterial,Reviewed static-world solid collider from the frozen M04A1 source table.,TemporaryDirectImport,msc-world-baseline-04a1.1-c3f2f337,08A1.6
c9d2a264bad4feb90f6e844708e54bd5,37ed0373cc252167913f59cfc28781ed,MAP/Buildings/HouseRintama5/rintama_coll,rintama_coll,ColliderOnly,MeshCollider,1,0,0,0,0,3cefb6c736c51b64bba9438a96ddd54b,4300000,1,IncludedStaticWorldSolid,1,CellLegacy,WorldSolid,Assets/Game/World/Content/Physics/WorldSolidZeroBounce.physicMaterial,Reviewed static-world solid collider from the frozen M04A1 source table.,TemporaryDirectImport,msc-world-baseline-04a1.1-c3f2f337,08A1.6
c9f70d989e743b3541f5cc27038dd9e6,08e5422586d08f847cadd97509957b2f,YARD/Building/Colliders/Collider1,Collider1,ColliderOnly,MeshCollider,1,0,0,0,0,da425dc8eed517440b6ef1f5a13862a4,4300000,1,IncludedSafetyCriticalGlobal,1,GlobalLegacy,WorldSolid,Assets/Game/World/Content/Physics/WorldSolidZeroBounce.physicMaterial,Home spawn structural safety,TemporaryDirectImport,msc-world-baseline-04a1.1-c3f2f337,08A1.6
ca8950f674f73001c440ff345071100c,0bb587694342a29f6c0df74b7ff4f2bd,MAP/Buildings/DINGONBIISI/autiotalo/mesh/buildingvino_Cube.003_None_wood_panel1.jpg.001,buildingvino_Cube.003_None_wood_panel1.jpg.001,StaticProp,MeshCollider,1,0,0,0,0,990e00b467c28f9409760fa0c747f1dc,4300000,1,IncludedStaticWorldSolid,1,CellLegacy,WorldSolid,Assets/Game/World/Content/Physics/WorldSolidZeroBounce.physicMaterial,Reviewed static-world solid collider from the frozen M04A1 source table.,TemporaryDirectImport,msc-world-baseline-04a1.1-c3f2f337,08A1.6
caa801449f67e2f3eefd46ed4065ac3e,13de6eceb36babc339e10b96b4c6f165,YARD/Building/Dynamics/FuseTable/Fusetable/Fuse1Pivot/fuseholder01/FuseTrigger,FuseTrigger,ColliderOnly,SphereCollider,1,1,0,0,1,,0,0,ExcludedTrigger,0,Excluded,,,Trigger volumes are not imported by the solid pass.,TemporaryDirectImport,msc-world-baseline-04a1.1-c3f2f337,08A1.6
cae1c35565d83f53594f1b94eb55046f,8560642394ded94a0fccaf761435d87d,STORE/LOD/GFX_Pub/chair_pub 2/colliders/coll,coll,ColliderOnly,BoxCollider,1,0,0,0,1,,0,1,ExcludedDynamicRequiresPresenter,0,Excluded,,,The collider is owned by a donor Rigidbody on itself or an ancestor and requires a project-owned dynamic presenter instead of a frozen static blocker.,TemporaryDirectImport,msc-world-baseline-04a1.1-c3f2f337,08A1.6
cb3ad7e9a8134948ce82cae6bb0620bf,c57af5e97dba64964b389e183d82455d,STORE/LOD/GFX_Store/BreakableWindows/store_windows_broken/store_windows_broken_002,store_windows_broken_002,Window,MeshCollider,1,0,1,0,1,4a22e72d28f58324dae388d649d04787,4300000,0,ExcludedInactive,0,Excluded,,,The collider owner is inactive through the frozen donor hierarchy.,TemporaryDirectImport,msc-world-baseline-04a1.1-c3f2f337,08A1.6
cb55624b89ced165b8a0de231c2dc6ee,7f4da880d27f2ceb081fe1562f22efc7,STORE/LOD/GFX_Pub/pub_wall,pub_wall,BuildingExterior,MeshCollider,1,0,0,0,0,59851dc506f213249a2536b9624dfe62,4300000,1,IncludedStaticWorldSolid,1,CellLegacy,WorldSolid,Assets/Game/World/Content/Physics/WorldSolidZeroBounce.physicMaterial,Reviewed static-world solid collider from the frozen M04A1 source table.,TemporaryDirectImport,msc-world-baseline-04a1.1-c3f2f337,08A1.6
cb81918f48ede015148850096ed96046,81644b5e9ac079fb17665c0d97a897ea,MAP/MESH/ROCKS,ROCKS,Rock,MeshCollider,1,0,0,0,0,5ea0f4109a47351439a30c35c4d89a07,4300000,1,IncludedStaticWorldSolid,1,TrulyGlobalLegacy,WorldSolid,Assets/Game/World/Content/Physics/WorldSolidZeroBounce.physicMaterial,Reviewed static-world solid collider from the frozen M04A1 source table.,TemporaryDirectImport,msc-world-baseline-04a1.1-c3f2f337,08A1.6
cb8a58ff4e92c5bea2ef75ab9e5a0ef1,26c54232be9f7c6546f0258883bfc6ee,SOCCER/LOD/football(Clone),football(Clone),InteractivePropCandidate,SphereCollider,1,0,0,0,1,,0,1,ExcludedCategory,0,Excluded,,,The semantic category is outside the reviewed static-world collision set.,TemporaryDirectImport,msc-world-baseline-04a1.1-c3f2f337,08A1.6
cb9b6d3b3ce58a2102a1882c02eccabe,55a243e424408cff008bd03d8d5741bf,MAP/GarbageCollector/Backup,Backup,ColliderOnly,BoxCollider,1,1,0,0,0,,0,1,ExcludedTrigger,0,Excluded,,,Trigger volumes are not imported by the solid pass.,TemporaryDirectImport,msc-world-baseline-04a1.1-c3f2f337,08A1.6
cba6e4460197df09518704b6415117a9,ab7c4adbe5f4a7347bb470aff6046f90,MAP/ConstructionSite/barrack,barrack,StaticProp,BoxCollider,1,0,0,0,0,,0,1,IncludedStaticWorldSolid,1,CellLegacy,WorldSolid,Assets/Game/World/Content/Physics/WorldSolidZeroBounce.physicMaterial,Reviewed static-world solid collider from the frozen M04A1 source table.,TemporaryDirectImport,msc-world-baseline-04a1.1-c3f2f337,08A1.6
cbaa47eb8914f263f5d0d07fe5045f8a,227111e601b389e1e978b10b1166ebd0,STORE/LOD/NoRain,NoRain,ColliderOnly,MeshCollider,1,0,0,0,0,0000000000000000e000000000000000,10210,1,ExcludedBuiltinMeshRequiresMapping,0,Excluded,,,The donor collider references a Unity built-in mesh; no render-mesh fallback is permitted.,TemporaryDirectImport,msc-world-baseline-04a1.1-c3f2f337,08A1.6
cbe6b2d8f01ede91c9398ac0e3d31ba8,ee06c888ce4826e02bcb12e80bbf2781,PERAJARVI/TerraceHouse/Colliders/rowhouse_glass_coll,rowhouse_glass_coll,BuildingExterior,MeshCollider,1,0,0,0,0,9f68dad3d17ec8245a87ce97700b73a0,4300000,1,IncludedStaticWorldSolid,1,CellLegacy,WorldSolid,Assets/Game/World/Content/Physics/WorldSolidZeroBounce.physicMaterial,Reviewed static-world solid collider from the frozen M04A1 source table.,TemporaryDirectImport,msc-world-baseline-04a1.1-c3f2f337,08A1.6
cbf48a39ea2ae820ff922def89d515c9,80cf859b169f6a964e727651cd6495fb,MAP/Buildings/Barn/coll,coll,ColliderOnly,BoxCollider,1,0,0,0,0,,0,1,IncludedStaticWorldSolid,1,CellLegacy,WorldSolid,Assets/Game/World/Content/Physics/WorldSolidZeroBounce.physicMaterial,Reviewed static-world solid collider from the frozen M04A1 source table.,TemporaryDirectImport,msc-world-baseline-04a1.1-c3f2f337,08A1.6
cc13bbd0493bc4ef13bf4a3b1e822073,47e23e356d9970267035ee047af42ed5,MAP/Buildings/BarnOld_junk/lato_door1,lato_door1,Door,BoxCollider,1,0,0,0,1,,0,1,ExcludedDoorRequiresBinding,0,Excluded,,,A door cannot become a static blocker before a project-owned hinge/interaction binding is authored.,TemporaryDirectImport,msc-world-baseline-04a1.1-c3f2f337,08A1.6
cc6aff57181b3fab142284bc397953a6,9d1e2de0bf379f34e5325a285292570e,COTTAGE/Sauna/CrouchTrigger,CrouchTrigger,ColliderOnly,BoxCollider,1,1,0,0,0,,0,1,ExcludedTrigger,0,Excluded,,,Trigger volumes are not imported by the solid pass.,TemporaryDirectImport,msc-world-baseline-04a1.1-c3f2f337,08A1.6
cc80980a6c450914a2857757072a3096,729a1c1b3c02cf45469b6bcf6da719a8,REPAIRSHOP/LOD/Store/Parts/BuyBlock,BuyBlock,ColliderOnly,SphereCollider,1,1,0,0,0,,0,1,ExcludedTrigger,0,Excluded,,,Trigger volumes are not imported by the solid pass.,TemporaryDirectImport,msc-world-baseline-04a1.1-c3f2f337,08A1.6
cc8f97dfcce1512534829a603c9c95fe,997ca5da94c5d4da6466ab0e628f169c,PERAJARVI/TerraceHouse/Colliders/coll_kitchen,coll_kitchen,ColliderOnly,BoxCollider,1,0,0,0,0,,0,1,IncludedStaticWorldSolid,1,CellLegacy,WorldSolid,Assets/Game/World/Content/Physics/WorldSolidZeroBounce.physicMaterial,Reviewed static-world solid collider from the frozen M04A1 source table.,TemporaryDirectImport,msc-world-baseline-04a1.1-c3f2f337,08A1.6
cc93522369d9227601bdba80f8cde6ab,2ec59370e55e9273f4e511bef411241d,DANCEHALL/Functions/Dancer/Pivot/pelvis/spine_mid/shoulders(xxxxx)/collar_right/shoulder(right)/arm(right),arm(right),ColliderOnly,CapsuleCollider,1,0,0,0,1,,0,0,ExcludedInactive,0,Excluded,,,The collider owner is inactive through the frozen donor hierarchy.,TemporaryDirectImport,msc-world-baseline-04a1.1-c3f2f337,08A1.6
cca74aa94c75d8c1af395d6cec429646,29e40e12d8e15bc62b6340dc7c5a5498,CABIN/BurntHouse/burnt_house_base,burnt_house_base,BuildingExterior,MeshCollider,1,0,0,0,0,7b43cdb0f24a475468812521401708e4,4300000,1,IncludedStaticWorldSolid,1,CellLegacy,WorldSolid,Assets/Game/World/Content/Physics/WorldSolidZeroBounce.physicMaterial,Reviewed static-world solid collider from the frozen M04A1 source table.,TemporaryDirectImport,msc-world-baseline-04a1.1-c3f2f337,08A1.6
ccd816a740cff0a001d9f0a44680a7ed,811f70bb3bcfd2a4b3b2449518a49804,YARD/Building/KITCHEN/KitchenWaterTap/ParticleDrink/WaterTap,WaterTap,ColliderOnly,CapsuleCollider,1,0,0,0,0,,0,0,ExcludedInactive,0,Excluded,,,The collider owner is inactive through the frozen donor hierarchy.,TemporaryDirectImport,msc-world-baseline-04a1.1-c3f2f337,08A1.6
cce16341e8aceefad1b0ebd1a3d639b7,5c49f6dd68b5b15e9fb68eea04a77281,RYKIPOHJA/WaterWell/Functions/Trigger,Trigger,ColliderOnly,SphereCollider,1,1,0,0,0,,0,1,ExcludedTrigger,0,Excluded,,,Trigger volumes are not imported by the solid pass.,TemporaryDirectImport,msc-world-baseline-04a1.1-c3f2f337,08A1.6
ccf50fc48b45c6072ca1f0e37469911b,cb32f3c0a00a412f0bfba383448aa27f,DANCEHALL/Functions/DanceCouple/Dancer1/Pivot/pelvis/spine_mid/shoulders(xxxxx)/collar_left/shoulder(leftx),shoulder(leftx),ColliderOnly,CapsuleCollider,1,0,0,0,1,,0,0,ExcludedInactive,0,Excluded,,,The collider owner is inactive through the frozen donor hierarchy.,TemporaryDirectImport,msc-world-baseline-04a1.1-c3f2f337,08A1.6
cd2a4cc00b055b49ef986215f7aecc40,2a6586c9aa8d82db1de3688dabaeb65c,YARD/Building/MIDDLEROOM/DoorRear/Pivot/house_door1,house_door1,Door,BoxCollider,1,0,0,0,1,,0,1,ExcludedDoorRequiresBinding,0,Excluded,,,A door cannot become a static blocker before a project-owned hinge/interaction binding is authored.,TemporaryDirectImport,msc-world-baseline-04a1.1-c3f2f337,08A1.6
cd53adbc1645787e260f1394cba795d3,a0ca45dd0b24774f1e253a89cc950f9c,COTTAGE/MESH/Cottage_porsch/coll,coll,ColliderOnly,BoxCollider,1,0,0,0,0,,0,1,IncludedStaticWorldSolid,1,CellLegacy,WorldSolid,Assets/Game/World/Content/Physics/WorldSolidZeroBounce.physicMaterial,Reviewed static-world solid collider from the frozen M04A1 source table.,TemporaryDirectImport,msc-world-baseline-04a1.1-c3f2f337,08A1.6
cd5c1dc97b77a2af379de869e1aaae0e,e08fbc98d52f9db22692e11ead669a0b,COTTAGE/MESH/Cottage_chimney,Cottage_chimney,BuildingExterior,MeshCollider,1,0,0,0,0,49f19323faac80a44864f7dd3222c619,4300000,1,IncludedStaticWorldSolid,1,CellLegacy,WorldSolid,Assets/Game/World/Content/Physics/WorldSolidZeroBounce.physicMaterial,Reviewed static-world solid collider from the frozen M04A1 source table.,TemporaryDirectImport,msc-world-baseline-04a1.1-c3f2f337,08A1.6
cd5df516a20930ad007c8cbf014b15f7,0a44a11c2e5fab6b0643f992fdc13bbc,YARD/Building/LIVINGROOM/LOD_livingroom/wcbowl,wcbowl,BuildingInterior,BoxCollider,1,0,0,0,0,,0,1,IncludedStaticWorldSolid,1,CellLegacy,WorldSolid,Assets/Game/World/Content/Physics/WorldSolidZeroBounce.physicMaterial,Reviewed static-world solid collider from the frozen M04A1 source table.,TemporaryDirectImport,msc-world-baseline-04a1.1-c3f2f337,08A1.6
cd68f72fc36320903bc8c9cbeeb6f820,d5c5ac0ba8ae5624f927c2ee4e5c4aaf,YARD/Building/LIVINGROOM/Telephone/Logic/UseHandle,UseHandle,ColliderOnly,CapsuleCollider,1,1,0,0,0,,0,1,ExcludedTrigger,0,Excluded,,,Trigger volumes are not imported by the solid pass.,TemporaryDirectImport,msc-world-baseline-04a1.1-c3f2f337,08A1.6
cd76db67b1248a12b693d8b5d0d1167f,87fae96ce94102dcf2110edc85b887de,YARD/Building/KITCHEN/Fridge/Glass,Glass,BuildingInterior,BoxCollider,1,0,0,0,0,,0,1,IncludedStaticWorldSolid,1,CellLegacy,WorldSolid,Assets/Game/World/Content/Physics/WorldSolidZeroBounce.physicMaterial,Reviewed static-world solid collider from the frozen M04A1 source table.,TemporaryDirectImport,msc-world-baseline-04a1.1-c3f2f337,08A1.6
cd8dbbc6ea89dcab5fe5f40830d44a20,7782508c4ab51c952d7f11673622fdae,MAP/Buildings/DINGONBIISI/autiotalo/LOD/WaterWell/Functions/Trigger,Trigger,ColliderOnly,SphereCollider,1,1,0,0,0,,0,1,ExcludedTrigger,0,Excluded,,,Trigger volumes are not imported by the solid pass.,TemporaryDirectImport,msc-world-baseline-04a1.1-c3f2f337,08A1.6
cd99ae77da9add0044b25d2ee5651cf7,2060eeee799d2f314077005ce7f2c8be,REPAIRSHOP/JunkCar4/Parts/wheel_steel5/Bolts/BoltPM,BoltPM,ColliderOnly,SphereCollider,0,1,0,0,1,,0,0,ExcludedDisabled,0,Excluded,,,The donor collider component is disabled.,TemporaryDirectImport,msc-world-baseline-04a1.1-c3f2f337,08A1.6
cdd75105af4f22a341010ff83b038cb9,0c6036b3bebdd8b338f6027b021c7e5f,REPAIRSHOP/LOD/Dyno/dyno_computer/Computer,Computer,ColliderOnly,SphereCollider,1,1,0,0,0,,0,1,ExcludedTrigger,0,Excluded,,,Trigger volumes are not imported by the solid pass.,TemporaryDirectImport,msc-world-baseline-04a1.1-c3f2f337,08A1.6
cdd9ebbddc9be2a6336ed1f345055017,9296e0a64005875386b018a441316f58,PERAJARVI/TerraceHouse/Apartments/LOD2/DoorsApartment2/DoorRear/house_door1,house_door1,Door,BoxCollider,1,0,0,0,0,,0,1,ExcludedDoorRequiresBinding,0,Excluded,,,A door cannot become a static blocker before a project-owned hinge/interaction binding is authored.,TemporaryDirectImport,msc-world-baseline-04a1.1-c3f2f337,08A1.6
cdeca23039e206875093b7107994438c,2dabe615f1fe86428c7af90a3793b8e6,YARD/Building/KITCHEN/OvenStove/HotPlate2/FireTrigger,FireTrigger,ColliderOnly,SphereCollider,1,1,0,0,0,,0,0,ExcludedTrigger,0,Excluded,,,Trigger volumes are not imported by the solid pass.,TemporaryDirectImport,msc-world-baseline-04a1.1-c3f2f337,08A1.6
cdfae1f9d32b1ca662970c7e397eda0c,ea30a9ad532b3c7a19ed942002f23e33,MAP/Buildings/BarnOld/lato_roof,lato_roof,Roof,MeshCollider,1,0,0,0,0,6f49787c3bbcf9e4f8b8c2b28ee9bd6f,4300000,1,IncludedStaticWorldSolid,1,CellLegacy,WorldSolid,Assets/Game/World/Content/Physics/WorldSolidZeroBounce.physicMaterial,Reviewed static-world solid collider from the frozen M04A1 source table.,TemporaryDirectImport,msc-world-baseline-04a1.1-c3f2f337,08A1.6
ce1fb2bc7d28803ba7e704f79b8c2810,c4dfc6647413b15d3f73cd661f971fe8,STORE/LOD/GFX_Store/BreakableWindows/BreakableWindow,BreakableWindow,Window,BoxCollider,1,0,0,0,1,,0,1,ExcludedDynamicRequiresPresenter,0,Excluded,,,The collider is owned by a donor Rigidbody on itself or an ancestor and requires a project-owned dynamic presenter instead of a frozen static blocker.,TemporaryDirectImport,msc-world-baseline-04a1.1-c3f2f337,08A1.6
ce2b3e7f4f0a4b3acef253bf8002f7a1,75ab67738b9e5c2ca11a8a0ca2204cdf,PERAJARVI/TerraceHouse/Apartments_empty/rowhouse_roof,rowhouse_roof,Roof,MeshCollider,1,0,0,0,0,4819c7640fdcc32408139978b9d12153,4300000,1,IncludedStaticWorldSolid,1,CellLegacy,WorldSolid,Assets/Game/World/Content/Physics/WorldSolidZeroBounce.physicMaterial,Reviewed static-world solid collider from the frozen M04A1 source table.,TemporaryDirectImport,msc-world-baseline-04a1.1-c3f2f337,08A1.6
ce8ce292308934137d97a120dd3abe48,39a0c910eb7470a3b736b9c524c68f85,MAP/Buildings/BarnOld/lato_door2,lato_door2,Door,MeshCollider,1,0,0,0,0,674089cef54eb1848aa7b631f582142f,4300000,1,ExcludedDoorRequiresBinding,0,Excluded,,,A door cannot become a static blocker before a project-owned hinge/interaction binding is authored.,TemporaryDirectImport,msc-world-baseline-04a1.1-c3f2f337,08A1.6
ceae9968c67f771c873aa0b6cbaa2e20,932750e4a4ef68b496e974abf11423bc,PERAJARVI/TerraceHouse/Colliders/coll_kitchen,coll_kitchen,ColliderOnly,BoxCollider,1,0,0,0,0,,0,1,IncludedStaticWorldSolid,1,CellLegacy,WorldSolid,Assets/Game/World/Content/Physics/WorldSolidZeroBounce.physicMaterial,Reviewed static-world solid collider from the frozen M04A1 source table.,TemporaryDirectImport,msc-world-baseline-04a1.1-c3f2f337,08A1.6
cf1acb0b08a4a32b59c0ea7a9257191b,c9e5cdc910e410b00dbd1a7ee21e0375,STORE/LOD/GFX_Pub/table_pub 4,table_pub 4,BuildingExterior,BoxCollider,1,0,0,0,0,,0,1,IncludedStaticWorldSolid,1,CellLegacy,WorldSolid,Assets/Game/World/Content/Physics/WorldSolidZeroBounce.physicMaterial,Reviewed static-world solid collider from the frozen M04A1 source table.,TemporaryDirectImport,msc-world-baseline-04a1.1-c3f2f337,08A1.6
cf1d5151695b188885931faf6c46de8b,0e1bee9b32f042a379952539c90fbc67,STORE/LOD/ActivateStore/FoodProducts/R20BatteryBox,R20BatteryBox,ColliderOnly,CapsuleCollider,1,1,0,0,0,,0,1,ExcludedTrigger,0,Excluded,,,Trigger volumes are not imported by the solid pass.,TemporaryDirectImport,msc-world-baseline-04a1.1-c3f2f337,08A1.6
cf229f46c10954ee39ef62dbf34beb9c,56cae18c8bc2da38c3eda30815e6b637,COTTAGE/Logging/log(Clone)/log(Clone),log(Clone),BuildingExterior,BoxCollider,1,0,0,0,1,,0,1,ExcludedDynamicRequiresPresenter,0,Excluded,,,The collider is owned by a donor Rigidbody on itself or an ancestor and requires a project-owned dynamic presenter instead of a frozen static blocker.,TemporaryDirectImport,msc-world-baseline-04a1.1-c3f2f337,08A1.6
cfd1db1dd0768c3eb6229646d3a7a3d5,e164993e9f9a78f21bbf0935700d45dd,YARD/Building/BEDROOM1/COMPUTER/Computer/Meshes/386_case(xxxxx)/ButtonReset,ButtonReset,ColliderOnly,SphereCollider,1,1,0,0,0,,0,0,ExcludedTrigger,0,Excluded,,,Trigger volumes are not imported by the solid pass.,TemporaryDirectImport,msc-world-baseline-04a1.1-c3f2f337,08A1.6
cff5a727f3e67bbd4ca0d5225e9bf2a2,3126994543fb175171b95b18b546d349,MAP/MESH/TRACKFIELD,TRACKFIELD,Field,MeshCollider,1,0,0,0,0,c32c8a0a3ec40f84dbef6a660fb82314,4300000,1,IncludedSafetyCriticalGlobal,1,GlobalLegacy,WorldSurface,Assets/Game/World/Content/Physics/WorldSurfaceZeroBounce.physicMaterial,Continuous track field traversal,TemporaryDirectImport,msc-world-baseline-04a1.1-c3f2f337,08A1.6
d073221c22bce7693bff6fa082fa527f,57fa2bf8d4a232aa26356b6dc516e201,DANCEHALL/Functions/DanceCouple/Dancer1/Pivot/pelvis/spine_mid/shoulders(xxxxx)/collar_left/shoulder(leftx)/arm(leftx),arm(leftx),ColliderOnly,CapsuleCollider,1,0,0,0,1,,0,0,ExcludedInactive,0,Excluded,,,The collider owner is inactive through the frozen donor hierarchy.,TemporaryDirectImport,msc-world-baseline-04a1.1-c3f2f337,08A1.6
d0d1431fb4354bcc8ce01ca2a8b9d1b9,75fab5283acabfebface24ccb24538b7,REPAIRSHOP/JunkCar1,JunkCar1,BuildingExterior,MeshCollider,1,0,1,0,1,18d003709fa94ff4ab752446500a6908,4300000,1,ExcludedVehicle,0,Excluded,,,"Vehicle collision belongs to the project-owned vehicle runtime, not the static-world pass.",TemporaryDirectImport,msc-world-baseline-04a1.1-c3f2f337,08A1.6
d10a7e57eae1578b96b2a6fa3a33e56a,c951d833196444672f2969f743c5607f,YARD/Building/Colliders/coll,coll,ColliderOnly,BoxCollider,1,0,0,0,0,,0,1,IncludedSafetyCriticalGlobal,1,GlobalLegacy,WorldSolid,Assets/Game/World/Content/Physics/WorldSolidZeroBounce.physicMaterial,Home spawn structural safety,TemporaryDirectImport,msc-world-baseline-04a1.1-c3f2f337,08A1.6
d15232c771f926504b90b514bc71d10b,449b2775fb1023c0f70b1264d25b6312,SOCCER/goal1/Colliders/coll,coll,ColliderOnly,CapsuleCollider,1,0,0,0,1,,0,1,ExcludedDynamicRequiresPresenter,0,Excluded,,,The collider is owned by a donor Rigidbody on itself or an ancestor and requires a project-owned dynamic presenter instead of a frozen static blocker.,TemporaryDirectImport,msc-world-baseline-04a1.1-c3f2f337,08A1.6
d1712cbe550a8d4e5d4510c397917999,507e0bfa71c3e6848348ee29d0eddadc,DRAGRACE/LOD/DRAGSTRIP/Drag1/dragcar1/StagingWheel,StagingWheel,ColliderOnly,CapsuleCollider,1,0,0,0,1,,0,0,ExcludedInactive,0,Excluded,,,The collider owner is inactive through the frozen donor hierarchy.,TemporaryDirectImport,msc-world-baseline-04a1.1-c3f2f337,08A1.6
d1b9ed501c39b8b625c9c51140ae4de6,a9e6fc8fd46a2aa18166653bdaa3ba6e,SOCCER/goal1/Colliders/coll,coll,ColliderOnly,CapsuleCollider,1,0,0,0,1,,0,1,ExcludedDynamicRequiresPresenter,0,Excluded,,,The collider is owned by a donor Rigidbody on itself or an ancestor and requires a project-owned dynamic presenter instead of a frozen static blocker.,TemporaryDirectImport,msc-world-baseline-04a1.1-c3f2f337,08A1.6
d1ebab380f71fe92a963ee75972c7077,7b376529866867da5206c7b318c23ec6,INSPECTION/LOD/inspection_desk/InspectionCashRegister/Register,Register,BuildingExterior,SphereCollider,1,1,0,0,0,,0,1,ExcludedTrigger,0,Excluded,,,Trigger volumes are not imported by the solid pass.,TemporaryDirectImport,msc-world-baseline-04a1.1-c3f2f337,08A1.6
d1ec898fe5091002ac1cf21d89926fcc,683f525a3a26535abe2b8fc0997afccd,STORE/LOD/ActivateBar/OrderList/3,3,ColliderOnly,CapsuleCollider,1,1,0,0,0,,0,1,ExcludedTrigger,0,Excluded,,,Trigger volumes are not imported by the solid pass.,TemporaryDirectImport,msc-world-baseline-04a1.1-c3f2f337,08A1.6
d201eb9ea438c107a0c4ebdd8f3d6b68,ffc6956273f75465647dc25e098d5d3b,RYKIPOHJA/WaterWell/water_well,water_well,BuildingExterior,MeshCollider,1,0,0,0,0,02110c1f6542e1c40a3c02c7df924d8f,4300000,1,IncludedStaticWorldSolid,1,CellLegacy,WorldSolid,Assets/Game/World/Content/Physics/WorldSolidZeroBounce.physicMaterial,Reviewed static-world solid collider from the frozen M04A1 source table.,TemporaryDirectImport,msc-world-baseline-04a1.1-c3f2f337,08A1.6
d20562657d337f4dbefb3f2c3739c4db,9c3017d16e4e0207c958b7e7810b4c30,REPAIRSHOP/LOD/Store/Shelfs/coll,coll,ColliderOnly,BoxCollider,1,0,0,0,0,,0,1,IncludedStaticWorldSolid,1,CellLegacy,WorldSolid,Assets/Game/World/Content/Physics/WorldSolidZeroBounce.physicMaterial,Reviewed static-world solid collider from the frozen M04A1 source table.,TemporaryDirectImport,msc-world-baseline-04a1.1-c3f2f337,08A1.6
d23fcf3bbfcea0f801ece4a57f3a7710,afc3fe4c5d28ee8808706f3a6d81607f,DANCEHALL/Functions/DanceCouple/Dancer2/Pivot/pelvis/spine_middle/spine_upper/collar_left/shoulder_left/arm_left,arm_left,ColliderOnly,CapsuleCollider,1,0,0,0,1,,0,0,ExcludedInactive,0,Excluded,,,The collider owner is inactive through the frozen donor hierarchy.,TemporaryDirectImport,msc-world-baseline-04a1.1-c3f2f337,08A1.6
d251d37221573046845fa9c287f05bc4,ce7301e1ebac4de10d6ddccd01850bc6,YARD/UNCLE/Building/DoorFront/Pivot/UncleDoorHandle,UncleDoorHandle,Door,SphereCollider,1,1,0,0,0,,0,0,ExcludedTrigger,0,Excluded,,,Trigger volumes are not imported by the solid pass.,TemporaryDirectImport,msc-world-baseline-04a1.1-c3f2f337,08A1.6
d28fd8b2f6cffd2bdbd175072c4f9c22,cf9d85e7205c816cdeb9ef0228dd3d23,MAP/Buildings/HouseOld2/roof_lining,roof_lining,Roof,MeshCollider,1,0,1,0,0,6561ec2a31d25d04c84a6af793a0b8a6,4300000,1,IncludedStaticWorldSolid,1,CellLegacy,WorldSolid,Assets/Game/World/Content/Physics/WorldSolidZeroBounce.physicMaterial,Reviewed static-world solid collider from the frozen M04A1 source table.,TemporaryDirectImport,msc-world-baseline-04a1.1-c3f2f337,08A1.6
d2e54136b4cd1f99d2206980c26f87a9,813e5d7d18e5bf0e4d4c691c651e91e1,YARD/Building/KITCHEN/kitchen_sokkeli/coll,coll,ColliderOnly,BoxCollider,1,0,0,0,0,,0,1,IncludedStaticWorldSolid,1,CellLegacy,WorldSolid,Assets/Game/World/Content/Physics/WorldSolidZeroBounce.physicMaterial,Reviewed static-world solid collider from the frozen M04A1 source table.,TemporaryDirectImport,msc-world-baseline-04a1.1-c3f2f337,08A1.6
d301940bf467162352d602ea69baa224,b5b7a6f495d956fdd8edb1b22efaaef9,JAIL/TV/ElectricShockPoint,ElectricShockPoint,ColliderOnly,BoxCollider,1,0,0,0,1,,0,0,ExcludedInactive,0,Excluded,,,The collider owner is inactive through the frozen donor hierarchy.,TemporaryDirectImport,msc-world-baseline-04a1.1-c3f2f337,08A1.6
d3083d07d75ee59a3210d2b78241d758,15f4d6cfffd0a40b295afc61263b85ee,DRAGRACE/Objects/Tent1/TimeSlip,TimeSlip,StaticProp,BoxCollider,1,0,0,0,0,,0,1,IncludedStaticWorldSolid,1,CellLegacy,WorldSolid,Assets/Game/World/Content/Physics/WorldSolidZeroBounce.physicMaterial,Reviewed static-world solid collider from the frozen M04A1 source table.,TemporaryDirectImport,msc-world-baseline-04a1.1-c3f2f337,08A1.6
d3170650cc61d051ed53fb9b20302b77,03ae383c3328ef111136dfbd3ead1ce7,STORE/LOD/GFX_Pub/chair_pub 4/colliders/coll,coll,ColliderOnly,BoxCollider,1,0,0,0,1,,0,1,ExcludedDynamicRequiresPresenter,0,Excluded,,,The collider is owned by a donor Rigidbody on itself or an ancestor and requires a project-owned dynamic presenter instead of a frozen static blocker.,TemporaryDirectImport,msc-world-baseline-04a1.1-c3f2f337,08A1.6
d32c10e145a7bbb1b4e0edfc975c9170,8cff53e3e532cf07a6219bc806b579c6,YARD/Building/BEDROOM1/DoorBedroom1/Pivot/Handle,Handle,ColliderOnly,SphereCollider,1,1,0,0,0,,0,1,ExcludedTrigger,0,Excluded,,,Trigger volumes are not imported by the solid pass.,TemporaryDirectImport,msc-world-baseline-04a1.1-c3f2f337,08A1.6
d37f2ec304cd9b6d8a8d505b2e91c63d,2db7dc2441f1d4e0fbaf5ebff02acd30,YARD/Building/BEDROOM1/COMPUTER/Computer/Meshes/386_speakers(xxxxx)/speaker,speaker,BuildingInterior,BoxCollider,1,0,0,0,0,,0,0,ExcludedInactive,0,Excluded,,,The collider owner is inactive through the frozen donor hierarchy.,TemporaryDirectImport,msc-world-baseline-04a1.1-c3f2f337,08A1.6
d3a802a5e076701033f167392ecd384d,f103d65326e4271dc2b0ad8b80f2c698,STORE/LOD/Fence 2/fence 5,fence 5,Fence,BoxCollider,1,0,0,0,0,,0,1,IncludedStaticWorldSolid,1,CellLegacy,WorldSolid,Assets/Game/World/Content/Physics/WorldSolidZeroBounce.physicMaterial,Reviewed static-world solid collider from the frozen M04A1 source table.,TemporaryDirectImport,msc-world-baseline-04a1.1-c3f2f337,08A1.6
d3d7c1e36b8e06293af649883ab012d7,1e4857b3e18dac804cd9880753a51adb,YARD/Building/BATHROOM/DoorBathroom/Pivot/Handle,Handle,ColliderOnly,SphereCollider,1,1,0,0,0,,0,1,ExcludedTrigger,0,Excluded,,,Trigger volumes are not imported by the solid pass.,TemporaryDirectImport,msc-world-baseline-04a1.1-c3f2f337,08A1.6
d3dbf6fa52297a3d3dd92f02690b4660,367815eaa6f21bf32055addc720c0c04,REPAIRSHOP/LOD/Garbage/Tractor/valmet_body,valmet_body,BuildingExterior,MeshCollider,1,0,1,0,0,3542385c861d1af488ea880e34e5a54c,4300000,1,IncludedStaticWorldSolid,1,CellLegacy,WorldSolid,Assets/Game/World/Content/Physics/WorldSolidZeroBounce.physicMaterial,Reviewed static-world solid collider from the frozen M04A1 source table.,TemporaryDirectImport,msc-world-baseline-04a1.1-c3f2f337,08A1.6
d433523ce27cb531445ba7a965855b8c,b392a69e316b74364973a1eee5374d7c,SOCCER/LOD/KID2/Offset/Pivot,Pivot,ColliderOnly,CapsuleCollider,0,0,0,0,1,,0,1,ExcludedDisabled,0,Excluded,,,The donor collider component is disabled.,TemporaryDirectImport,msc-world-baseline-04a1.1-c3f2f337,08A1.6
d441f8db38cdfaba707fa856656918dc,cbced5895bdb72557820be594f14413b,REPAIRSHOP/LOD/ToolCart/Drawer/Tools/Spanners/spanner(15)(Clone),spanner(15)(Clone),ColliderOnly,CapsuleCollider,1,1,0,0,1,,0,0,ExcludedTrigger,0,Excluded,,,Trigger volumes are not imported by the solid pass.,TemporaryDirectImport,msc-world-baseline-04a1.1-c3f2f337,08A1.6
d4569bbf143cf7d69745e44f50360a0f,861fcbc0cc57710fbfaf58ac29018cdb,SOCCER/LOD/KID1/Offset/Pivot/skeleton/thig_right/knee_right,knee_right,ColliderOnly,CapsuleCollider,1,0,0,0,1,,0,1,ExcludedActorOrPlayer,0,Excluded,,,"Actor, NPC, skeleton or player-owned collision belongs to a later project-owned gameplay presenter.",TemporaryDirectImport,msc-world-baseline-04a1.1-c3f2f337,08A1.6
d54e9e04be545dc138dbdb637d690c5e,b582ff1e9200074bfda06cb013a345fe,WATERFACILITY/LOD/Desk,Desk,BuildingExterior,MeshCollider,1,0,0,0,0,13da2d1831cf3d745aab6cfa3cc685ad,4300000,1,IncludedStaticWorldSolid,1,CellLegacy,WorldSolid,Assets/Game/World/Content/Physics/WorldSolidZeroBounce.physicMaterial,Reviewed static-world solid collider from the frozen M04A1 source table.,TemporaryDirectImport,msc-world-baseline-04a1.1-c3f2f337,08A1.6
d57f149461de650e2faea7b063458d9d,b96fc0c96b59b652f87adcd42df269f9,YARD/Building/Dynamics/LightSwitches/switch_entry,switch_entry,ColliderOnly,SphereCollider,1,1,0,0,0,,0,1,ExcludedTrigger,0,Excluded,,,Trigger volumes are not imported by the solid pass.,TemporaryDirectImport,msc-world-baseline-04a1.1-c3f2f337,08A1.6
d583dc35d17cb2d7ea5b80aded288d46,6d4a387bd94c67634227c3563884f648,MAP/ConstructionSite/cableroll,cableroll,StaticProp,BoxCollider,1,0,0,0,0,,0,1,IncludedStaticWorldSolid,1,CellLegacy,WorldSolid,Assets/Game/World/Content/Physics/WorldSolidZeroBounce.physicMaterial,Reviewed static-world solid collider from the frozen M04A1 source table.,TemporaryDirectImport,msc-world-baseline-04a1.1-c3f2f337,08A1.6
d5dbc0d8f654f49f6454a6a84dca0d50,d73c349c6db2020dfa0f2b13776a0e82,STORE/LOD/ActivateStore/PostOffice/PostOrderBuyComputer,PostOrderBuyComputer,ColliderOnly,BoxCollider,1,1,0,0,0,,0,0,ExcludedTrigger,0,Excluded,,,Trigger volumes are not imported by the solid pass.,TemporaryDirectImport,msc-world-baseline-04a1.1-c3f2f337,08A1.6
d6ee20c494451ba5a87f52e2118505ce,54721160ec03606e80da9f5e6591390e,REPAIRSHOP/LOD/Garbage/Fittan/Collider,Collider,ColliderOnly,MeshCollider,1,0,1,0,0,ce5c6c2c3e4ceb64b873dd2415141ce7,4300000,1,IncludedStaticWorldSolid,1,CellLegacy,WorldSolid,Assets/Game/World/Content/Physics/WorldSolidZeroBounce.physicMaterial,Reviewed static-world solid collider from the frozen M04A1 source table.,TemporaryDirectImport,msc-world-baseline-04a1.1-c3f2f337,08A1.6
d70f7d71b8d1b5f4aa2bfe8da7072d63,7b380077f0f2156592279bf4e45e708b,REPAIRSHOP/JunkCar3/HookFront,HookFront,ColliderOnly,SphereCollider,1,1,0,0,1,,0,1,ExcludedTrigger,0,Excluded,,,Trigger volumes are not imported by the solid pass.,TemporaryDirectImport,msc-world-baseline-04a1.1-c3f2f337,08A1.6
d72ee11cb66af85ad5c6fd002341fe70,e5e25e49402e439d6a0c384e50313298,CABIN/Cabin/NoRain,NoRain,ColliderOnly,MeshCollider,1,0,0,0,0,0000000000000000e000000000000000,10210,1,ExcludedBuiltinMeshRequiresMapping,0,Excluded,,,The donor collider references a Unity built-in mesh; no render-mesh fallback is permitted.,TemporaryDirectImport,msc-world-baseline-04a1.1-c3f2f337,08A1.6
d730da784659181e5ff3e131856f036f,3bdc001ecb4442d347f2376b636e2718,REPAIRSHOP/LOD/Lifter,Lifter,BuildingExterior,BoxCollider,1,0,0,0,0,,0,1,IncludedStaticWorldSolid,1,CellLegacy,WorldSolid,Assets/Game/World/Content/Physics/WorldSolidZeroBounce.physicMaterial,Reviewed static-world solid collider from the frozen M04A1 source table.,TemporaryDirectImport,msc-world-baseline-04a1.1-c3f2f337,08A1.6
d7874a1fe17586b8cb450380741eda90,90bb544c01658ed335fed61ff5f4acda,SOCCER/goal1/Colliders/coll,coll,ColliderOnly,CapsuleCollider,1,0,0,0,1,,0,1,ExcludedDynamicRequiresPresenter,0,Excluded,,,The collider is owned by a donor Rigidbody on itself or an ancestor and requires a project-owned dynamic presenter instead of a frozen static blocker.,TemporaryDirectImport,msc-world-baseline-04a1.1-c3f2f337,08A1.6
d7cdca82b3e4a9fe5670b5e57c6f1558,f7d91167b8f0277acb7af4c45cee4e71,MAP/Greenhouse,Greenhouse,BuildingExterior,MeshCollider,1,0,0,0,0,6423d68bbeaf89f4cb71c4c15c09c0bc,4300000,1,IncludedStaticWorldSolid,1,CellLegacy,WorldSolid,Assets/Game/World/Content/Physics/WorldSolidZeroBounce.physicMaterial,Reviewed static-world solid collider from the frozen M04A1 source table.,TemporaryDirectImport,msc-world-baseline-04a1.1-c3f2f337,08A1.6
d806288299c3c8f27290cc8cd10aa604,f2a6b8bbbaf0e0c1fcff5a7b0db0113e,YARD/Building/LIVINGROOM/phonetable/phonetablepillow,phonetablepillow,BuildingInterior,BoxCollider,1,0,0,0,0,,0,1,IncludedStaticWorldSolid,1,CellLegacy,WorldSolid,Assets/Game/World/Content/Physics/WorldSolidZeroBounce.physicMaterial,Reviewed static-world solid collider from the frozen M04A1 source table.,TemporaryDirectImport,msc-world-baseline-04a1.1-c3f2f337,08A1.6
d80e3af4a855c6bbd90a2b56ea063fa6,514bf0f298d3e78f7174e1d3021a4ce9,MAP/BusStop/coll,coll,ColliderOnly,MeshCollider,1,0,1,0,1,629a4157f5cc1544aa35908a63a1243b,4300000,1,ExcludedDynamicRequiresPresenter,0,Excluded,,,The collider is owned by a donor Rigidbody on itself or an ancestor and requires a project-owned dynamic presenter instead of a frozen static blocker.,TemporaryDirectImport,msc-world-baseline-04a1.1-c3f2f337,08A1.6
d82022c7872059eae64f88b318e2c81d,28b50fa1020337c7de25bc21a8ec560f,PERAJARVI/TerraceHouse/Apartments/LOD2/LOD/KITCHEN/KitchenWaterTap/Trigger,Trigger,ColliderOnly,SphereCollider,1,1,0,0,0,,0,1,ExcludedTrigger,0,Excluded,,,Trigger volumes are not imported by the solid pass.,TemporaryDirectImport,msc-world-baseline-04a1.1-c3f2f337,08A1.6
d890e5a171c88d0558a6aff708eaf6ba,e67ed0e36b1b765b0e62c31809b69990,YARD/Building/Dynamics/FuseTable/Fusetable/Fuse6,Fuse6,ColliderOnly,SphereCollider,1,1,0,0,0,,0,1,ExcludedTrigger,0,Excluded,,,Trigger volumes are not imported by the solid pass.,TemporaryDirectImport,msc-world-baseline-04a1.1-c3f2f337,08A1.6
d903fa22e2b90308aa5b98b0574f2a89,542f3ef31e68fef1605b97d0fde5a0f2,MAP/ConstructionSite/concretepole,concretepole,StaticProp,BoxCollider,1,0,0,0,0,,0,1,IncludedStaticWorldSolid,1,CellLegacy,WorldSolid,Assets/Game/World/Content/Physics/WorldSolidZeroBounce.physicMaterial,Reviewed static-world solid collider from the frozen M04A1 source table.,TemporaryDirectImport,msc-world-baseline-04a1.1-c3f2f337,08A1.6
d93ae46174afacccde63e4eb727eac3e,1eb040b92f4ef9b81b15d2275b29c7da,YARD/Building/BEDROOM1/COMPUTER/Computer/Meshes/386_case(xxxxx)/DiskDrive/TriggerDiskette,TriggerDiskette,ColliderOnly,SphereCollider,1,1,0,0,0,,0,0,ExcludedTrigger,0,Excluded,,,Trigger volumes are not imported by the solid pass.,TemporaryDirectImport,msc-world-baseline-04a1.1-c3f2f337,08A1.6
d94f21746889c57a7519b614d3feafd0,d553e5810e3ddf69b7727aef93115b80,MAP/Buildings/BarnOld/lato_door2,lato_door2,Door,MeshCollider,1,0,0,0,0,674089cef54eb1848aa7b631f582142f,4300000,1,ExcludedDoorRequiresBinding,0,Excluded,,,A door cannot become a static blocker before a project-owned hinge/interaction binding is authored.,TemporaryDirectImport,msc-world-baseline-04a1.1-c3f2f337,08A1.6
d95d05a35c9ee98278a9a6784e17b6ef,3e4a6c6d39fb72db7ead1b048da9c610,STORE/GeneralItems/n2obottle,n2obottle,ColliderOnly,BoxCollider,1,0,0,0,1,,0,0,ExcludedInactive,0,Excluded,,,The collider owner is inactive through the frozen donor hierarchy.,TemporaryDirectImport,msc-world-baseline-04a1.1-c3f2f337,08A1.6
d96ccb3d7bc83faf2db70e1a6aa768a7,d538af158d624f6cfba71696aa046280,YARD/Building/KITCHEN/Pantry/wood,wood,BuildingInterior,BoxCollider,1,0,0,0,0,,0,1,IncludedStaticWorldSolid,1,CellLegacy,WorldSolid,Assets/Game/World/Content/Physics/WorldSolidZeroBounce.physicMaterial,Reviewed static-world solid collider from the frozen M04A1 source table.,TemporaryDirectImport,msc-world-baseline-04a1.1-c3f2f337,08A1.6
d9710866f934bcda12a2ffb9dcb31b93,0da96e4d46f6e4fe91b1a3f3e3c86971,DRAGRACE/TriggerIn,TriggerIn,ColliderOnly,MeshCollider,1,1,1,0,1,0000000000000000e000000000000000,10210,1,ExcludedTrigger,0,Excluded,,,Trigger volumes are not imported by the solid pass.,TemporaryDirectImport,msc-world-baseline-04a1.1-c3f2f337,08A1.6
d9817437e794cde4dbfa89ffa0e2c607,677d81a30db5d7778dfdde87098ef0b0,MAP/Buildings/Barn/coll,coll,ColliderOnly,BoxCollider,1,0,0,0,0,,0,1,IncludedStaticWorldSolid,1,CellLegacy,WorldSolid,Assets/Game/World/Content/Physics/WorldSolidZeroBounce.physicMaterial,Reviewed static-world solid collider from the frozen M04A1 source table.,TemporaryDirectImport,msc-world-baseline-04a1.1-c3f2f337,08A1.6
d9a32ba870eff8bb18f729946e1c6e8d,14558d88449755b6420783debc6098cd,CABIN/Cabin/Ventti/Table,Table,BuildingExterior,BoxCollider,1,0,0,0,1,,0,1,ExcludedDynamicRequiresPresenter,0,Excluded,,,The collider is owned by a donor Rigidbody on itself or an ancestor and requires a project-owned dynamic presenter instead of a frozen static blocker.,TemporaryDirectImport,msc-world-baseline-04a1.1-c3f2f337,08A1.6
d9cb65006e883887da02ac8d69cbb648,a161b4e0fee71c015f4d25d9e6bcda4b,YARD/Building/LIVINGROOM/LOD_livingroom/MAP/Darts/Shit3,Shit3,BuildingInterior,SphereCollider,1,1,0,0,0,,0,0,ExcludedTrigger,0,Excluded,,,Trigger volumes are not imported by the solid pass.,TemporaryDirectImport,msc-world-baseline-04a1.1-c3f2f337,08A1.6
d9e8a97626937b4e0e013a814a91a93d,55ad5aedde1b470048fe7629bc1785c7,YARD/Building/Garage/GarageDoors/DoorLeft/Coll,Coll,ColliderOnly,BoxCollider,1,0,0,0,1,,0,1,ExcludedDoorRequiresBinding,0,Excluded,,,A door cannot become a static blocker before a project-owned hinge/interaction binding is authored.,TemporaryDirectImport,msc-world-baseline-04a1.1-c3f2f337,08A1.6
d9ea8ae8bb406ca6a58bb266e8a7d509,8206bd23279524743caa8e2f593438dc,MAP/Buildings/BarnOld/lato_door1,lato_door1,Door,MeshCollider,1,0,0,0,0,0eb4d0a4cf353594d80da35acc3e37d1,4300000,1,ExcludedDoorRequiresBinding,0,Excluded,,,A door cannot become a static blocker before a project-owned hinge/interaction binding is authored.,TemporaryDirectImport,msc-world-baseline-04a1.1-c3f2f337,08A1.6
da4d20e349fde166a130335d1f94190d,25f35131558ed99d1f6d36f26d5e1305,COTTAGE/Fireplace/SetFire,SetFire,ColliderOnly,SphereCollider,1,1,0,0,0,,0,0,ExcludedTrigger,0,Excluded,,,Trigger volumes are not imported by the solid pass.,TemporaryDirectImport,msc-world-baseline-04a1.1-c3f2f337,08A1.6
da9218c853b98451c98095d4addde343,8d2e26bfa117e46edae18e6fd28a1de7,STORE/LOD/NoRain,NoRain,ColliderOnly,MeshCollider,1,0,0,0,0,0000000000000000e000000000000000,10210,1,ExcludedBuiltinMeshRequiresMapping,0,Excluded,,,The donor collider references a Unity built-in mesh; no render-mesh fallback is permitted.,TemporaryDirectImport,msc-world-baseline-04a1.1-c3f2f337,08A1.6
db8f7c3ab9163a68b6d7cb01bf32f415,02ecafe367222e6e62433e98f8282c77,CABIN/Cabin/Mesh/saunahouse_indoor_walls,saunahouse_indoor_walls,BuildingInterior,MeshCollider,1,0,0,0,0,287d77f6128dbdc4aaf84db6b5f778da,4300000,1,IncludedStaticWorldSolid,1,CellLegacy,WorldSolid,Assets/Game/World/Content/Physics/WorldSolidZeroBounce.physicMaterial,Reviewed static-world solid collider from the frozen M04A1 source table.,TemporaryDirectImport,msc-world-baseline-04a1.1-c3f2f337,08A1.6
db909aaa09b8fadb17ea32305cef83bb,b3326cd1a123a496fe44b26d64dda2e6,MAP/MESH/TERRAIN_OBJ/DirtRoad,DirtRoad,Road,MeshCollider,1,0,0,0,0,1dec28816307f7145be781eff2d3d7c3,4300000,1,IncludedSafetyCriticalGlobal,1,GlobalLegacy,WorldSurface,Assets/Game/World/Content/Physics/WorldSurfaceZeroBounce.physicMaterial,Continuous dirt road traversal,TemporaryDirectImport,msc-world-baseline-04a1.1-c3f2f337,08A1.6
dc0b74b84829aa48175ed34c2a0fdf85,caf217f4276d96a1e4368d9e378f8191,STORE/MESH/Collider,Collider,ColliderOnly,BoxCollider,1,0,0,0,0,,0,1,IncludedStaticWorldSolid,1,CellLegacy,WorldSolid,Assets/Game/World/Content/Physics/WorldSolidZeroBounce.physicMaterial,Reviewed static-world solid collider from the frozen M04A1 source table.,TemporaryDirectImport,msc-world-baseline-04a1.1-c3f2f337,08A1.6
dc75ab53439aa4897e0e71bff9c9c153,cf4f858b1697922f8d613ca855639896,COTTAGE/MESH/Cottage_cabins/coll,coll,ColliderOnly,BoxCollider,1,0,0,0,0,,0,1,IncludedStaticWorldSolid,1,CellLegacy,WorldSolid,Assets/Game/World/Content/Physics/WorldSolidZeroBounce.physicMaterial,Reviewed static-world solid collider from the frozen M04A1 source table.,TemporaryDirectImport,msc-world-baseline-04a1.1-c3f2f337,08A1.6
dc7dc02b41aad6f3b6e9a083cae281dc,d903a9da7ddc3d39693332262bc2f382,REPAIRSHOP/LOD/Store/Parts/BuyOilpan,BuyOilpan,ColliderOnly,SphereCollider,1,1,0,0,0,,0,1,ExcludedTrigger,0,Excluded,,,Trigger volumes are not imported by the solid pass.,TemporaryDirectImport,msc-world-baseline-04a1.1-c3f2f337,08A1.6
dca19aaddff78d4343af43b9049cb94a,ef2953d2fe3928067b463a61f6855139,PERAJARVI/TerraceHouse/Colliders/coll_kitchen,coll_kitchen,ColliderOnly,BoxCollider,1,0,0,0,0,,0,1,IncludedStaticWorldSolid,1,CellLegacy,WorldSolid,Assets/Game/World/Content/Physics/WorldSolidZeroBounce.physicMaterial,Reviewed static-world solid collider from the frozen M04A1 source table.,TemporaryDirectImport,msc-world-baseline-04a1.1-c3f2f337,08A1.6
dca1c18d7d5d0e94524e7e8d420143ca,cbc4c1382e1808eb098c0ba0cd423fb5,YARD/Building/Colliders/coll,coll,ColliderOnly,BoxCollider,1,0,0,0,0,,0,1,IncludedSafetyCriticalGlobal,1,GlobalLegacy,WorldSolid,Assets/Game/World/Content/Physics/WorldSolidZeroBounce.physicMaterial,Home spawn structural safety,TemporaryDirectImport,msc-world-baseline-04a1.1-c3f2f337,08A1.6
dcb6b13ad5932f28eb061d5cb4b93f4b,fd28f7502bf575bb593912a0ebe34b1b,REPAIRSHOP/LOD/ToolCart/Drawer/Tools/Sockets/socket(7)(Clone),socket(7)(Clone),ColliderOnly,SphereCollider,1,1,0,0,1,,0,0,ExcludedTrigger,0,Excluded,,,Trigger volumes are not imported by the solid pass.,TemporaryDirectImport,msc-world-baseline-04a1.1-c3f2f337,08A1.6
dcc8e1c61b4bacfc59cf25786a9703a1,1a158e651e71976ef539e08f3d5c2cab,MAP/SkijumpHill/steps,steps,StaticProp,MeshCollider,1,0,0,0,0,b226e32c10930db40bd27303dc2bdefe,4300000,1,IncludedStaticWorldSolid,1,CellLegacy,WorldSolid,Assets/Game/World/Content/Physics/WorldSolidZeroBounce.physicMaterial,Reviewed static-world solid collider from the frozen M04A1 source table.,TemporaryDirectImport,msc-world-baseline-04a1.1-c3f2f337,08A1.6
dccd160830d7c1ee3dc6df494a4bca93,6086874e96f090c5632d9a0d2342fa45,YARD/Building/BEDROOM2/LOD_bedroom2/SCALE/mesh777,mesh777,BuildingInterior,BoxCollider,1,0,0,0,0,,0,1,IncludedStaticWorldSolid,1,CellLegacy,WorldSolid,Assets/Game/World/Content/Physics/WorldSolidZeroBounce.physicMaterial,Reviewed static-world solid collider from the frozen M04A1 source table.,TemporaryDirectImport,msc-world-baseline-04a1.1-c3f2f337,08A1.6
dccd85ba2619992cc58b8b9ffa8547ce,9512798e655210d78a04f09de6b96d6f,MAP/MESH/LogwallLarge,LogwallLarge,StaticProp,MeshCollider,1,0,1,0,0,02cdb7667d9ca4d49b627702944f9953,4300000,1,IncludedStaticWorldSolid,1,TrulyGlobalLegacy,WorldSolid,Assets/Game/World/Content/Physics/WorldSolidZeroBounce.physicMaterial,Reviewed static-world solid collider from the frozen M04A1 source table.,TemporaryDirectImport,msc-world-baseline-04a1.1-c3f2f337,08A1.6
dcd0a924982349f66beea428c209503f,e2827adf69a84fee8a8033c3e4540481,COTTAGE/LOD/WaterWell/water_well,water_well,BuildingExterior,MeshCollider,1,0,0,0,0,02110c1f6542e1c40a3c02c7df924d8f,4300000,1,IncludedStaticWorldSolid,1,CellLegacy,WorldSolid,Assets/Game/World/Content/Physics/WorldSolidZeroBounce.physicMaterial,Reviewed static-world solid collider from the frozen M04A1 source table.,TemporaryDirectImport,msc-world-baseline-04a1.1-c3f2f337,08A1.6
dce6dc66c542840bc53f8ec7723969b0,8e3d98a02b2ec4881486a24eeaaea249,JAIL/MESh/jail_bed/jail_bed,jail_bed,BuildingExterior,BoxCollider,1,0,0,0,0,,0,0,ExcludedInactive,0,Excluded,,,The collider owner is inactive through the frozen donor hierarchy.,TemporaryDirectImport,msc-world-baseline-04a1.1-c3f2f337,08A1.6
dcebc2ea79644afbfad2fa6a8bf5d7f0,c41a6383662e1f0f225f703f0efa81e8,YARD/Building/Garage/BatteryCharger/TriggerCharger,TriggerCharger,ColliderOnly,SphereCollider,1,1,0,0,0,,0,1,ExcludedTrigger,0,Excluded,,,Trigger volumes are not imported by the solid pass.,TemporaryDirectImport,msc-world-baseline-04a1.1-c3f2f337,08A1.6
dd3401a16c484f0be093c2799ea2a0d3,19482c6c2d23cee4d5a81493a84b178b,MAP/MESH/RAILROAD/CollCar,CollCar,ColliderOnly,MeshCollider,1,0,0,0,0,e181f49765e8a6e418b05d3abe1f7564,4300000,0,ExcludedInactive,0,Excluded,,,The collider owner is inactive through the frozen donor hierarchy.,TemporaryDirectImport,msc-world-baseline-04a1.1-c3f2f337,08A1.6
dd7000462c64f76579868085c89fb9b9,c76da01b2440e52bee5f1994fe029c5e,YARD/Building/SAUNA/lauteet/coll,coll,ColliderOnly,BoxCollider,1,0,0,0,0,,0,1,IncludedStaticWorldSolid,1,CellLegacy,WorldSolid,Assets/Game/World/Content/Physics/WorldSolidZeroBounce.physicMaterial,Reviewed static-world solid collider from the frozen M04A1 source table.,TemporaryDirectImport,msc-world-baseline-04a1.1-c3f2f337,08A1.6
dd9fe1c26b9e48283b5affda486f117d,faf2cee75a333f4316a9b55a258d9063,MAP/Buildings/DINGONBIISI/autiotalo/LOD/door,door,Door,BoxCollider,1,0,0,0,0,,0,1,ExcludedDoorRequiresBinding,0,Excluded,,,A door cannot become a static blocker before a project-owned hinge/interaction binding is authored.,TemporaryDirectImport,msc-world-baseline-04a1.1-c3f2f337,08A1.6
ddc51069d51f60823230a5892dbab222,058a9c4d4630f8ca6ab7f4fcd39abac1,REPAIRSHOP/LOD/Garbage/Flatbed,Flatbed,BuildingExterior,BoxCollider,1,0,0,0,0,,0,1,IncludedStaticWorldSolid,1,CellLegacy,WorldSolid,Assets/Game/World/Content/Physics/WorldSolidZeroBounce.physicMaterial,Reviewed static-world solid collider from the frozen M04A1 source table.,TemporaryDirectImport,msc-world-baseline-04a1.1-c3f2f337,08A1.6
ddda933d2648fd5da936c46ce594b86d,b23152cad6b00196d43b591154d8d419,DANCEHALL/Doors/DoorLeft/dancehut_doorleft,dancehut_doorleft,Door,BoxCollider,1,0,0,0,1,,0,1,ExcludedDoorRequiresBinding,0,Excluded,,,A door cannot become a static blocker before a project-owned hinge/interaction binding is authored.,TemporaryDirectImport,msc-world-baseline-04a1.1-c3f2f337,08A1.6
dde5f1e6dfcec3a2f5821c91f4e6a477,1669f8d727496291222c13c5f39cfcd1,MAP/MESH/TERRAIN_OBJ/RockPale,RockPale,Rock,MeshCollider,1,0,0,0,0,5961344a0b77ca342bce1f3f433af40e,4300000,1,IncludedStaticWorldSolid,1,TrulyGlobalLegacy,WorldSurface,Assets/Game/World/Content/Physics/WorldSurfaceZeroBounce.physicMaterial,Reviewed static-world solid collider from the frozen M04A1 source table.,TemporaryDirectImport,msc-world-baseline-04a1.1-c3f2f337,08A1.6
ddeab098a714238880f7da5c1a163314,b1566badbf150826057459804f5a0b22,PERAJARVI/TerraceHouse/BrickWall/roof,roof,Roof,BoxCollider,1,0,0,0,0,,0,1,IncludedStaticWorldSolid,1,CellLegacy,WorldSolid,Assets/Game/World/Content/Physics/WorldSolidZeroBounce.physicMaterial,Reviewed static-world solid collider from the frozen M04A1 source table.,TemporaryDirectImport,msc-world-baseline-04a1.1-c3f2f337,08A1.6
ddeee389bd02030cb7fd75cf22ca0d35,800a130a631d107a651f468bc3dd4949,PERAJARVI/TerraceHouse/Colliders/closet,closet,ColliderOnly,BoxCollider,1,0,0,0,0,,0,1,IncludedStaticWorldSolid,1,CellLegacy,WorldSolid,Assets/Game/World/Content/Physics/WorldSolidZeroBounce.physicMaterial,Reviewed static-world solid collider from the frozen M04A1 source table.,TemporaryDirectImport,msc-world-baseline-04a1.1-c3f2f337,08A1.6
de221cdbd698d0b637407770ffcf0902,45972bddb744670f58602c878841a829,CABIN/Shed/Doors/DoorLeft/Mesh,Mesh,BuildingExterior,BoxCollider,1,0,0,0,1,,0,1,ExcludedDoorRequiresBinding,0,Excluded,,,A door cannot become a static blocker before a project-owned hinge/interaction binding is authored.,TemporaryDirectImport,msc-world-baseline-04a1.1-c3f2f337,08A1.6
de2aba914d2e0b7ef35079d616fc8a73,dcff01c51ca34ef85cea4a63704baaf9,RYKIPOHJA/BuildingsLOD/Graindryer/coll,coll,ColliderOnly,MeshCollider,1,0,0,0,0,3cfc0c722c5b66e4baec9e9007ae61ec,4300000,1,IncludedStaticWorldSolid,1,CellLegacy,WorldSolid,Assets/Game/World/Content/Physics/WorldSolidZeroBounce.physicMaterial,Reviewed static-world solid collider from the frozen M04A1 source table.,TemporaryDirectImport,msc-world-baseline-04a1.1-c3f2f337,08A1.6
dea6cc33704c89fe2fd5e1b9048b4094,2f44505c28910e27737c72d74fda329a,STORE/LOD/GFX_Store/BreakableWindows/store_windows_broken/store_windows_broken_009,store_windows_broken_009,Window,MeshCollider,1,0,1,0,1,cf1b6324aa3703d46aef12a705a3fb32,4300000,0,ExcludedInactive,0,Excluded,,,The collider owner is inactive through the frozen donor hierarchy.,TemporaryDirectImport,msc-world-baseline-04a1.1-c3f2f337,08A1.6
deecc760a5ac5fcff4b594f182b970d7,efa020650d14be3f081c7f9104951d80,STORE/LOD/pa 2,pa 2,BuildingExterior,BoxCollider,1,0,0,0,0,,0,1,IncludedStaticWorldSolid,1,CellLegacy,WorldSolid,Assets/Game/World/Content/Physics/WorldSolidZeroBounce.physicMaterial,Reviewed static-world solid collider from the frozen M04A1 source table.,TemporaryDirectImport,msc-world-baseline-04a1.1-c3f2f337,08A1.6
df036fbdb5647a2607192afcca124d24,443347345ecfcb9529d0844594f833d8,THEATRE/LOD/theatre_set 3,theatre_set 3,BuildingExterior,BoxCollider,1,0,0,0,0,,0,1,IncludedStaticWorldSolid,1,CellLegacy,WorldSolid,Assets/Game/World/Content/Physics/WorldSolidZeroBounce.physicMaterial,Reviewed static-world solid collider from the frozen M04A1 source table.,TemporaryDirectImport,msc-world-baseline-04a1.1-c3f2f337,08A1.6
df0ab7f1893fc729e2f876a90e8fb4af,6f79e2609cea58e3ef423dfd61d18647,PERAJARVI/TerraceHouse/Apartments/LOD2/LOD/WC/Shower/Functions/Switch,Switch,ColliderOnly,SphereCollider,1,1,0,0,0,,0,1,ExcludedTrigger,0,Excluded,,,Trigger volumes are not imported by the solid pass.,TemporaryDirectImport,msc-world-baseline-04a1.1-c3f2f337,08A1.6
df1b4afcbdc6c132b7f472104b6b5de2,134a11c11f002a5d341c69b77fa4dd1a,STORE/LOD/GFX_Pub/store_terrace,store_terrace,BuildingExterior,MeshCollider,1,0,0,0,0,fbc2a507db0fbcd47a3bc9e4c2feaf00,4300000,1,IncludedStaticWorldSolid,1,CellLegacy,WorldSolid,Assets/Game/World/Content/Physics/WorldSolidZeroBounce.physicMaterial,Reviewed static-world solid collider from the frozen M04A1 source table.,TemporaryDirectImport,msc-world-baseline-04a1.1-c3f2f337,08A1.6
df1c276adcf6c95f0f4d4a4bc2bfaf18,f137bb633f2784d42c21b5a8dd66fce9,STORE/LOD/GFX_Pub/table_pub 5,table_pub 5,BuildingExterior,BoxCollider,1,0,0,0,0,,0,1,IncludedStaticWorldSolid,1,CellLegacy,WorldSolid,Assets/Game/World/Content/Physics/WorldSolidZeroBounce.physicMaterial,Reviewed static-world solid collider from the frozen M04A1 source table.,TemporaryDirectImport,msc-world-baseline-04a1.1-c3f2f337,08A1.6
df1e43b78525aa69a449578739b336de,0ca026e78d2347ad2d0c8c561773646d,YARD/Building/SAUNA/Sauna/Kiuas/GrillTrigger,GrillTrigger,ColliderOnly,CapsuleCollider,1,1,0,0,0,,0,0,ExcludedTrigger,0,Excluded,,,Trigger volumes are not imported by the solid pass.,TemporaryDirectImport,msc-world-baseline-04a1.1-c3f2f337,08A1.6
df525bb10826fd9e7daba6e72b01f76a,5bcbb77b2dde1412772d97f752c5eb91,COTTAGE/LOD/Doors/DoorFront1/Pivot/Handle,Handle,ColliderOnly,SphereCollider,1,1,0,0,0,,0,1,ExcludedTrigger,0,Excluded,,,Trigger volumes are not imported by the solid pass.,TemporaryDirectImport,msc-world-baseline-04a1.1-c3f2f337,08A1.6
dfd0466e0c63bda2d882bb22147ea53b,c1e8a74061d0d65a3cea8aaf21fbdeed,MAP/PierStore/coll,coll,ColliderOnly,BoxCollider,1,0,0,0,0,,0,1,IncludedStaticWorldSolid,1,CellLegacy,WorldSolid,Assets/Game/World/Content/Physics/WorldSolidZeroBounce.physicMaterial,Reviewed static-world solid collider from the frozen M04A1 source table.,TemporaryDirectImport,msc-world-baseline-04a1.1-c3f2f337,08A1.6
dfd1dd4a46fe1b9c0a041ee6dc441250,83573519ff5abe94abfa3d7d93a378a3,YARD/MailBox/BoxHatch,BoxHatch,ColliderOnly,SphereCollider,1,1,0,0,0,,0,1,ExcludedTrigger,0,Excluded,,,Trigger volumes are not imported by the solid pass.,TemporaryDirectImport,msc-world-baseline-04a1.1-c3f2f337,08A1.6
e001d2a8345923af8bebb511437e0d9b,54201252ee9d15b0915eff086c7c394f,YARD/Building/BEDROOM2/LOD_bedroom2/WindowBedroom2/coll,coll,ColliderOnly,BoxCollider,1,0,0,0,0,,0,1,IncludedStaticWorldSolid,1,CellLegacy,WorldSolid,Assets/Game/World/Content/Physics/WorldSolidZeroBounce.physicMaterial,Reviewed static-world solid collider from the frozen M04A1 source table.,TemporaryDirectImport,msc-world-baseline-04a1.1-c3f2f337,08A1.6
e041de0872f1556d2946e0a3878c6bc2,2240b9ce6c619848997d365adb75efde,DANCEHALL/Functions/DanceCouple/Dancer2/Pivot/pelvis/spine_middle/spine_upper/collar_left/shoulder_left,shoulder_left,ColliderOnly,CapsuleCollider,0,0,0,0,1,,0,0,ExcludedDisabled,0,Excluded,,,The donor collider component is disabled.,TemporaryDirectImport,msc-world-baseline-04a1.1-c3f2f337,08A1.6
e05777ac80fdc3f156a05e0c500e1ff3,d9617e467056754cb16a8a4c3d81dd7a,PERAJARVI/TerraceHouse/LOD1/NoRain,NoRain,ColliderOnly,MeshCollider,1,0,0,0,0,0000000000000000e000000000000000,10210,1,ExcludedBuiltinMeshRequiresMapping,0,Excluded,,,The donor collider references a Unity built-in mesh; no render-mesh fallback is permitted.,TemporaryDirectImport,msc-world-baseline-04a1.1-c3f2f337,08A1.6
e0b74ef1fc58487fb4af3322c7ceaaa6,030ceb817c0409507bbdfec6160bb4ad,DANCEHALL/Building/dancehut_base,dancehut_base,BuildingExterior,MeshCollider,1,0,0,0,0,ac9742bb66cf5c2408c193db88d6b1ad,4300000,1,IncludedStaticWorldSolid,1,CellLegacy,WorldSolid,Assets/Game/World/Content/Physics/WorldSolidZeroBounce.physicMaterial,Reviewed static-world solid collider from the frozen M04A1 source table.,TemporaryDirectImport,msc-world-baseline-04a1.1-c3f2f337,08A1.6
e0bea6bc026f12be972d4c4077a147dc,4382dd0e9b7d84e1ae2fc27df1b4234f,YARD/Building/LIVINGROOM/Fireplace/SausageTrigger,SausageTrigger,ColliderOnly,SphereCollider,1,1,0,0,0,,0,1,ExcludedTrigger,0,Excluded,,,Trigger volumes are not imported by the solid pass.,TemporaryDirectImport,msc-world-baseline-04a1.1-c3f2f337,08A1.6
e0e8b96492dca9a768286193aec0deb6,2c10e40ff032d2e6668f2cffb113d901,DRAGRACE/LOD/DRAGSTRIP/DragTiming/Bounds/Right,Right,ColliderOnly,MeshCollider,1,1,1,0,0,0000000000000000e000000000000000,10210,0,ExcludedTrigger,0,Excluded,,,Trigger volumes are not imported by the solid pass.,TemporaryDirectImport,msc-world-baseline-04a1.1-c3f2f337,08A1.6
e0f4c5ee1d58f823a40aea273037ea83,7d5c510780491a56817754d5e0ccfa06,MAP/Buildings/DINGONBIISI/old_cowhouse,old_cowhouse,BuildingExterior,MeshCollider,1,0,0,0,0,71fe4d2a681485c4492f5d7d65c90c2b,4300000,1,IncludedStaticWorldSolid,1,CellLegacy,WorldSolid,Assets/Game/World/Content/Physics/WorldSolidZeroBounce.physicMaterial,Reviewed static-world solid collider from the frozen M04A1 source table.,TemporaryDirectImport,msc-world-baseline-04a1.1-c3f2f337,08A1.6
e15df808be17c8d02b77744e23d5c741,14e1c8dbe41d51dd5526f18f2ecc4fc9,WATERFACILITY/LOD/garage_doors_closed 1,garage_doors_closed 1,Door,BoxCollider,1,0,0,0,0,,0,1,ExcludedDoorRequiresBinding,0,Excluded,,,A door cannot become a static blocker before a project-owned hinge/interaction binding is authored.,TemporaryDirectImport,msc-world-baseline-04a1.1-c3f2f337,08A1.6
e1767d9c5d16003ff827122280b9181a,0ad51d1d4b46cab197678744e2370fbb,DANCEHALL/Functions/DanceCouple/Dancer2/Pivot/pelvis/spine_middle/spine_upper/collar_left/shoulder_left/arm_left,arm_left,ColliderOnly,CapsuleCollider,1,0,0,0,1,,0,0,ExcludedInactive,0,Excluded,,,The collider owner is inactive through the frozen donor hierarchy.,TemporaryDirectImport,msc-world-baseline-04a1.1-c3f2f337,08A1.6
e182e0d69f6ac12b277c53b182744dd8,ad9ce8af7c69b24169f11b08a5e5bc96,COTTAGE/saunabench,saunabench,BuildingExterior,BoxCollider,1,0,0,0,0,,0,1,IncludedStaticWorldSolid,1,CellLegacy,WorldSolid,Assets/Game/World/Content/Physics/WorldSolidZeroBounce.physicMaterial,Reviewed static-world solid collider from the frozen M04A1 source table.,TemporaryDirectImport,msc-world-baseline-04a1.1-c3f2f337,08A1.6
e2078ac80cd11288eed7e34f60e9399a,8a54e48af105c750bc8af94e40678d85,COTTAGE/LOD/Doors/DoorFront2/Pivot/Handle,Handle,ColliderOnly,SphereCollider,1,1,0,0,0,,0,1,ExcludedTrigger,0,Excluded,,,Trigger volumes are not imported by the solid pass.,TemporaryDirectImport,msc-world-baseline-04a1.1-c3f2f337,08A1.6
e227c700c97dde6ee211d9ae3cae9b61,dfffce3af75d10ffd7b25eb016a4cd9b,STORE/LOD/GFX_Pub/table_pub 7,table_pub 7,BuildingExterior,BoxCollider,1,0,0,0,1,,0,1,ExcludedDynamicRequiresPresenter,0,Excluded,,,The collider is owned by a donor Rigidbody on itself or an ancestor and requires a project-owned dynamic presenter instead of a frozen static blocker.,TemporaryDirectImport,msc-world-baseline-04a1.1-c3f2f337,08A1.6
e25963691fe3270ecea7719560c8ca68,a22aca3591d398a904329d3a830b0722,MAP/MESH/RAILROAD,RAILROAD,Road,MeshCollider,1,0,0,0,0,c1f2a3a5bcea99941a9c9f917697a612,4300000,1,IncludedSafetyCriticalGlobal,1,GlobalLegacy,WorldSurface,Assets/Game/World/Content/Physics/WorldSurfaceZeroBounce.physicMaterial,Continuous railroad traversal,TemporaryDirectImport,msc-world-baseline-04a1.1-c3f2f337,08A1.6
e2655dd7448679c7a41098669fad22d1,4b898276e60ebacbb0ac07215a4b2837,MAP/MESH/FOLIAGE/TREEWALL_LOW/treewallcoll,treewallcoll,VegetationTree,MeshCollider,1,0,0,0,0,d181f7e1af495dd46a71df131f3c9915,4300000,1,IncludedStaticWorldSolid,1,TrulyGlobalLegacy,WorldSolid,Assets/Game/World/Content/Physics/WorldSolidZeroBounce.physicMaterial,Reviewed static-world solid collider from the frozen M04A1 source table.,TemporaryDirectImport,msc-world-baseline-04a1.1-c3f2f337,08A1.6
e33d7ef50c92fa467325a810312da2bf,8e8328b424c86a899501d521b5cbb4c9,YARD/Building/BEDROOM1/DoorBedroom1/Pivot/house_door1,house_door1,Door,BoxCollider,1,0,0,0,1,,0,1,ExcludedDoorRequiresBinding,0,Excluded,,,A door cannot become a static blocker before a project-owned hinge/interaction binding is authored.,TemporaryDirectImport,msc-world-baseline-04a1.1-c3f2f337,08A1.6
e37f458cb0596579d488bf37ccf07e94,825a1fc9a60fabfc78779ed61892ed01,YARD/Building/LOD/VenttiPigHouse/Pivot/Char/skeleton/pelvis/spine_middle/spine_upper/collar_right/shoulder_right/arm_right/hand_right/fingers_right/HandCollider,HandCollider,ColliderOnly,SphereCollider,1,0,0,0,1,,0,0,ExcludedInactive,0,Excluded,,,The collider owner is inactive through the frozen donor hierarchy.,TemporaryDirectImport,msc-world-baseline-04a1.1-c3f2f337,08A1.6
e3aa2328fe247f33727910570e4e421a,3d02c16c1960d8fa43a883cb15eb6ae1,YARD/PlayerMailBox/EnvelopeInspection,EnvelopeInspection,BuildingExterior,CapsuleCollider,1,1,0,0,0,,0,0,ExcludedTrigger,0,Excluded,,,Trigger volumes are not imported by the solid pass.,TemporaryDirectImport,msc-world-baseline-04a1.1-c3f2f337,08A1.6
e3ddf182018c90d850d6d6858f519334,99f64bdd019f150cd6e8390175d9dd76,MAP/Buildings/Barn/lato_roof,lato_roof,Roof,MeshCollider,1,0,1,0,0,73acff30fd9546d42a5637f3fdcd2f20,4300000,1,IncludedStaticWorldSolid,1,CellLegacy,WorldSolid,Assets/Game/World/Content/Physics/WorldSolidZeroBounce.physicMaterial,Reviewed static-world solid collider from the frozen M04A1 source table.,TemporaryDirectImport,msc-world-baseline-04a1.1-c3f2f337,08A1.6
e3f6f73c978fae539bd50192bee60d50,b59cb5005fe2fa331a114a98f74f5032,MAP/Buildings/BarnOld/lato_wall,lato_wall,StaticProp,MeshCollider,1,0,0,0,0,053d62eabcd943945a4c29fd71a4d82b,4300000,1,IncludedStaticWorldSolid,1,CellLegacy,WorldSolid,Assets/Game/World/Content/Physics/WorldSolidZeroBounce.physicMaterial,Reviewed static-world solid collider from the frozen M04A1 source table.,TemporaryDirectImport,msc-world-baseline-04a1.1-c3f2f337,08A1.6
e43d6eafb72862a8d21252cf19eb91da,2c16ef74054badb38120131f94037d7e,COTTAGE/Sauna/Stove/mesh,mesh,BuildingExterior,MeshCollider,1,0,0,0,0,218ec4f42ac556844a73b69b2edc270c,4300000,1,IncludedStaticWorldSolid,1,CellLegacy,WorldSolid,Assets/Game/World/Content/Physics/WorldSolidZeroBounce.physicMaterial,Reviewed static-world solid collider from the frozen M04A1 source table.,TemporaryDirectImport,msc-world-baseline-04a1.1-c3f2f337,08A1.6
e4474f2a451172f949123c2f37727a69,7d02f149febba255af256479c63313ec,STORE/LOD/ActivateStore/PlayerColl,PlayerColl,ColliderOnly,BoxCollider,1,0,0,0,0,,0,1,IncludedStaticWorldSolid,1,CellLegacy,WorldSolid,Assets/Game/World/Content/Physics/WorldSolidZeroBounce.physicMaterial,Reviewed static-world solid collider from the frozen M04A1 source table.,TemporaryDirectImport,msc-world-baseline-04a1.1-c3f2f337,08A1.6
e4d45dd0e16bbeef885ff50b58433bec,f77489822ee95c3fdf899c6119993732,DANCEHALL/Functions/Dancer/Pivot/pelvis/spine_mid/shoulders(xxxxx),shoulders(xxxxx),ColliderOnly,CapsuleCollider,1,0,0,0,1,,0,0,ExcludedInactive,0,Excluded,,,The collider owner is inactive through the frozen donor hierarchy.,TemporaryDirectImport,msc-world-baseline-04a1.1-c3f2f337,08A1.6
e50beaa38692cbed99b92705fa8ed4e8,ef7741198894f7ed8d40d861f8fd20fe,MAP/Buildings/DINGONBIISI/autiotalo/mesh/buildingvino_Cube.003_None_wood6.jpg,buildingvino_Cube.003_None_wood6.jpg,StaticProp,MeshCollider,1,0,0,0,0,638ea862122abd54da03de9180e6fc8c,4300000,1,IncludedStaticWorldSolid,1,CellLegacy,WorldSolid,Assets/Game/World/Content/Physics/WorldSolidZeroBounce.physicMaterial,Reviewed static-world solid collider from the frozen M04A1 source table.,TemporaryDirectImport,msc-world-baseline-04a1.1-c3f2f337,08A1.6
e54549436133da213365250c0d5b098e,58b047a53d1ee2f4a3c58f97e10a7af8,DANCEHALL/Functions/Dancer/Pivot/pelvis/spine_mid/shoulders(xxxxx)/collar_left/shoulder(leftx)/arm(leftx),arm(leftx),ColliderOnly,CapsuleCollider,1,0,0,0,1,,0,0,ExcludedInactive,0,Excluded,,,The collider owner is inactive through the frozen donor hierarchy.,TemporaryDirectImport,msc-world-baseline-04a1.1-c3f2f337,08A1.6
e54a0e2fa5df08c191a3ad77b04053c5,4bf8143951a87466a34582fc2996a226,YARD/Building/LIVINGROOM/LOD_livingroom/jukkapalm,jukkapalm,BuildingInterior,BoxCollider,1,0,0,0,0,,0,1,IncludedStaticWorldSolid,1,CellLegacy,WorldSolid,Assets/Game/World/Content/Physics/WorldSolidZeroBounce.physicMaterial,Reviewed static-world solid collider from the frozen M04A1 source table.,TemporaryDirectImport,msc-world-baseline-04a1.1-c3f2f337,08A1.6
e55fc6915d50a70aef24e8b3c1b99348,c6cdcd37045816117096742baea7913c,YARD/Building/KITCHEN/kitchen_sokkeli/coll,coll,ColliderOnly,BoxCollider,1,0,0,0,0,,0,1,IncludedStaticWorldSolid,1,CellLegacy,WorldSolid,Assets/Game/World/Content/Physics/WorldSolidZeroBounce.physicMaterial,Reviewed static-world solid collider from the frozen M04A1 source table.,TemporaryDirectImport,msc-world-baseline-04a1.1-c3f2f337,08A1.6
e572001a1b817bf1f662c88b72e29c42,3d1ec9ef12565953b0a0b298548d417f,COTTAGE/LOD/Glass/glass 1,glass 1,BuildingExterior,BoxCollider,1,0,0,0,0,,0,1,IncludedStaticWorldSolid,1,CellLegacy,WorldSolid,Assets/Game/World/Content/Physics/WorldSolidZeroBounce.physicMaterial,Reviewed static-world solid collider from the frozen M04A1 source table.,TemporaryDirectImport,msc-world-baseline-04a1.1-c3f2f337,08A1.6
e57557f48c7b8933a13817e914cfa6b7,927d178e8eef1dddbd6909437a4fab93,STORE/LOD/GFX_Pub/table_pub 6,table_pub 6,BuildingExterior,BoxCollider,1,0,0,0,1,,0,1,ExcludedDynamicRequiresPresenter,0,Excluded,,,The collider is owned by a donor Rigidbody on itself or an ancestor and requires a project-owned dynamic presenter instead of a frozen static blocker.,TemporaryDirectImport,msc-world-baseline-04a1.1-c3f2f337,08A1.6
e5831ae4f587f8c55ca219945ab271a4,f84fa47092477214324913d2cef393ff,YARD/Building/BEDROOM2/house_roof_inner_bedroom2,house_roof_inner_bedroom2,Roof,MeshCollider,1,0,0,0,0,eb0a2fe9412ec40438b3f142e7e10bc7,4300000,1,IncludedStaticWorldSolid,1,CellLegacy,WorldSolid,Assets/Game/World/Content/Physics/WorldSolidZeroBounce.physicMaterial,Reviewed static-world solid collider from the frozen M04A1 source table.,TemporaryDirectImport,msc-world-baseline-04a1.1-c3f2f337,08A1.6
e628ca692c5e6ca6e5acdc5c8d978f96,a2cd04ecc1fe5eb6adbd105fbf63fdbe,STORE/LOD/GFX_Store/store_inside,store_inside,BuildingInterior,MeshCollider,1,0,0,0,0,d77c24a86f647b34489db4d9dc390d62,4300000,1,IncludedStaticWorldSolid,1,CellLegacy,WorldSolid,Assets/Game/World/Content/Physics/WorldSolidZeroBounce.physicMaterial,Reviewed static-world solid collider from the frozen M04A1 source table.,TemporaryDirectImport,msc-world-baseline-04a1.1-c3f2f337,08A1.6
e647c6db9d1a1b62a3a5ab3897fa424d,78231d85e4ca64b267d0dcd50a06137f,MISC/fireworks bag(itemx),fireworks bag(itemx),ColliderOnly,BoxCollider,1,0,0,0,1,,0,1,ExcludedDynamicRequiresPresenter,0,Excluded,,,The collider is owned by a donor Rigidbody on itself or an ancestor and requires a project-owned dynamic presenter instead of a frozen static blocker.,TemporaryDirectImport,msc-world-baseline-04a1.1-c3f2f337,08A1.6
e66b9685d14a1710a55d782af5da083d,d3e309a76c1d3b8cc5a21fe491e032a6,JAIL/MESh/jail_parts,jail_parts,BuildingExterior,MeshCollider,1,0,0,0,0,ba5b2df4eb4fcfa4cbbfcfd0053dfdf9,4300000,0,ExcludedInactive,0,Excluded,,,The collider owner is inactive through the frozen donor hierarchy.,TemporaryDirectImport,msc-world-baseline-04a1.1-c3f2f337,08A1.6
e7188ab9bba0cc3b16b100b26b60a9bc,5f1cdec1251e03aacc6d9fbaaf8bdb2c,YARD/UNCLE/Building/houseuncle_hallway_roof,houseuncle_hallway_roof,Roof,MeshCollider,1,0,0,0,0,f4015a08ab895d242a106ff5c489819b,4300000,1,IncludedStaticWorldSolid,1,CellLegacy,WorldSolid,Assets/Game/World/Content/Physics/WorldSolidZeroBounce.physicMaterial,Reviewed static-world solid collider from the frozen M04A1 source table.,TemporaryDirectImport,msc-world-baseline-04a1.1-c3f2f337,08A1.6
e74a4c487677c0cfa6b34d3cd63ed4f0,fd93898691d35d95b31229b610a1015d,MAP/BusStop/coll,coll,ColliderOnly,MeshCollider,1,0,1,0,1,629a4157f5cc1544aa35908a63a1243b,4300000,1,ExcludedDynamicRequiresPresenter,0,Excluded,,,The collider is owned by a donor Rigidbody on itself or an ancestor and requires a project-owned dynamic presenter instead of a frozen static blocker.,TemporaryDirectImport,msc-world-baseline-04a1.1-c3f2f337,08A1.6
e74ef1d02ae41d1f39b7d0c029b8cff9,5a1f0f94fd25bf37201a3ddfccbdac20,YARD/Building/HOUSEFIRE/Bedroom1/ParticleFire/FireTrigger,FireTrigger,ColliderOnly,SphereCollider,1,1,0,0,0,,0,0,ExcludedTrigger,0,Excluded,,,Trigger volumes are not imported by the solid pass.,TemporaryDirectImport,msc-world-baseline-04a1.1-c3f2f337,08A1.6
e753363f6e96681703bb20bd2c14d50a,4d334875e0c26757d009d30a76dbd0cf,CABIN/Cabin/woodstove/Fireplace/SausageTrigger,SausageTrigger,ColliderOnly,SphereCollider,1,1,0,0,0,,0,1,ExcludedTrigger,0,Excluded,,,Trigger volumes are not imported by the solid pass.,TemporaryDirectImport,msc-world-baseline-04a1.1-c3f2f337,08A1.6
e76bb5f90a929e9ab017ea5791a07f51,e866550b15656a7b3c9169827524fe5a,YARD/Building/SAUNA/DoorSauna/Pivot/sauna_door1,sauna_door1,Door,BoxCollider,1,0,0,0,1,,0,1,ExcludedDoorRequiresBinding,0,Excluded,,,A door cannot become a static blocker before a project-owned hinge/interaction binding is authored.,TemporaryDirectImport,msc-world-baseline-04a1.1-c3f2f337,08A1.6
e76c494daf7a11bb3341add11f19f123,890298c2b9ed9f49aff9e166d302ccca,MAP/Buildings/DINGONBIISI/autiotalo/LOD/Chair,Chair,StaticProp,BoxCollider,1,0,0,0,1,,0,1,ExcludedDynamicRequiresPresenter,0,Excluded,,,The collider is owned by a donor Rigidbody on itself or an ancestor and requires a project-owned dynamic presenter instead of a frozen static blocker.,TemporaryDirectImport,msc-world-baseline-04a1.1-c3f2f337,08A1.6
e76e60381b9caa55672c1340b7d3aeb0,19482c6c2d23cee4d5a81493a84b178b,MAP/MESH/RAILROAD/CollCar,CollCar,ColliderOnly,MeshCollider,1,0,0,0,0,70459948b18f31745b0f3b4eec4532a1,4300000,0,ExcludedInactive,0,Excluded,,,The collider owner is inactive through the frozen donor hierarchy.,TemporaryDirectImport,msc-world-baseline-04a1.1-c3f2f337,08A1.6
e77967214254730a0fa05e884e918a9e,4873693b7833a49a3f335fa143e051d0,STORE/LOD/ActivateBar/DrunksBar/Drunk1/skeleton/pelvis/spine_middle/spine_upper,spine_upper,ColliderOnly,CapsuleCollider,1,0,0,0,1,,0,1,ExcludedActorOrPlayer,0,Excluded,,,"Actor, NPC, skeleton or player-owned collision belongs to a later project-owned gameplay presenter.",TemporaryDirectImport,msc-world-baseline-04a1.1-c3f2f337,08A1.6
e78563f3817872cc3d7f4b8f6e20b88d,f149c56e0c72708db7efa0d8193656f5,CABIN/Cabin/Ventti/Chair,Chair,BuildingExterior,BoxCollider,1,0,0,0,1,,0,1,ExcludedDynamicRequiresPresenter,0,Excluded,,,The collider is owned by a donor Rigidbody on itself or an ancestor and requires a project-owned dynamic presenter instead of a frozen static blocker.,TemporaryDirectImport,msc-world-baseline-04a1.1-c3f2f337,08A1.6
e78c35673824f7830fda597bbc3fe321,861e691433df2a741855f7546340ec4a,PERAJARVI/HouseRintamaCrazy/Fence/fence 4,fence 4,Fence,BoxCollider,1,0,0,0,0,,0,1,IncludedStaticWorldSolid,1,CellLegacy,WorldSolid,Assets/Game/World/Content/Physics/WorldSolidZeroBounce.physicMaterial,Reviewed static-world solid collider from the frozen M04A1 source table.,TemporaryDirectImport,msc-world-baseline-04a1.1-c3f2f337,08A1.6
e862f8a8d2bf10003341dc2044ef725b,3a41116b4c9c167353cc794f2a67d5bc,MAP/Buildings/DINGONBIISI/autiotalo/LOD/FrontDoor/PivotLeft/left,left,StaticProp,BoxCollider,1,0,0,0,1,,0,1,ExcludedDoorRequiresBinding,0,Excluded,,,A door cannot become a static blocker before a project-owned hinge/interaction binding is authored.,TemporaryDirectImport,msc-world-baseline-04a1.1-c3f2f337,08A1.6
e871a46f6b76cfe4e823f9803cfc85c2,c5f3aa98c9cb9bac83dd2df4dcbd7d32,SOCCER/goal2/Colliders/coll,coll,ColliderOnly,CapsuleCollider,1,0,0,0,1,,0,1,ExcludedDynamicRequiresPresenter,0,Excluded,,,The collider is owned by a donor Rigidbody on itself or an ancestor and requires a project-owned dynamic presenter instead of a frozen static blocker.,TemporaryDirectImport,msc-world-baseline-04a1.1-c3f2f337,08A1.6
e89fd882ead25fdf536fe0626ca893ca,2f317477f867b06ea5a3de48c916357f,SOCCER/DistanceSphere3,DistanceSphere3,ColliderOnly,SphereCollider,1,1,0,0,0,,0,0,ExcludedTrigger,0,Excluded,,,Trigger volumes are not imported by the solid pass.,TemporaryDirectImport,msc-world-baseline-04a1.1-c3f2f337,08A1.6
e8c49c265f82276fa1b3c92387e68e85,8650fba219acdbd5ffcc4cd3741fd989,REPAIRSHOP/LOD/ToolCart/mesh,mesh,BuildingExterior,BoxCollider,1,0,0,0,0,,0,1,IncludedStaticWorldSolid,1,CellLegacy,WorldSolid,Assets/Game/World/Content/Physics/WorldSolidZeroBounce.physicMaterial,Reviewed static-world solid collider from the frozen M04A1 source table.,TemporaryDirectImport,msc-world-baseline-04a1.1-c3f2f337,08A1.6
e8c7bf4cb4b65b4cc8221e39aef85939,7e0827f2728788609977cac00f6aa5cc,SOCCER/goal1/Colliders/coll,coll,ColliderOnly,CapsuleCollider,1,0,0,0,1,,0,1,ExcludedDynamicRequiresPresenter,0,Excluded,,,The collider is owned by a donor Rigidbody on itself or an ancestor and requires a project-owned dynamic presenter instead of a frozen static blocker.,TemporaryDirectImport,msc-world-baseline-04a1.1-c3f2f337,08A1.6
e8e2e6fb87a565399172ab30b07ce17c,a770e78c66d6216733de7dc81001df00,MAP/Buildings/Barn/coll,coll,ColliderOnly,BoxCollider,1,0,0,0,0,,0,1,IncludedStaticWorldSolid,1,CellLegacy,WorldSolid,Assets/Game/World/Content/Physics/WorldSolidZeroBounce.physicMaterial,Reviewed static-world solid collider from the frozen M04A1 source table.,TemporaryDirectImport,msc-world-baseline-04a1.1-c3f2f337,08A1.6
e950f20d5ae87c5ad55e02241ab4992a,493689afb356a981571272a2d2c0adad,MAP/Buildings/BarnOld_junk/lato_roof,lato_roof,Roof,MeshCollider,1,0,0,0,0,6f49787c3bbcf9e4f8b8c2b28ee9bd6f,4300000,1,IncludedStaticWorldSolid,1,CellLegacy,WorldSolid,Assets/Game/World/Content/Physics/WorldSolidZeroBounce.physicMaterial,Reviewed static-world solid collider from the frozen M04A1 source table.,TemporaryDirectImport,msc-world-baseline-04a1.1-c3f2f337,08A1.6
e97cba0a005ef8a6b473fa4da1171bd9,04a050150acc5099f777756b01696783,DRAGRACE/LOD/DRAGSTRIP/Drag1/dragcar1/CarColliderAI,CarColliderAI,ColliderOnly,MeshCollider,1,0,1,0,1,830045f89ae07dd4189ca3bfd654e474,4300000,0,ExcludedInactive,0,Excluded,,,The collider owner is inactive through the frozen donor hierarchy.,TemporaryDirectImport,msc-world-baseline-04a1.1-c3f2f337,08A1.6
e9fa6b58c84e5aaf34592c9fd376d645,6af10bfcbec756b4fde8c6e84b08e488,REPAIRSHOP/LOD/Store/Parts/BuyGearbox,BuyGearbox,ColliderOnly,SphereCollider,1,1,0,0,0,,0,1,ExcludedTrigger,0,Excluded,,,Trigger volumes are not imported by the solid pass.,TemporaryDirectImport,msc-world-baseline-04a1.1-c3f2f337,08A1.6
ea7e2a7e468a3b9f120d8b760cff45c4,7428459b1452e51ce00f0e529f4ca725,PERAJARVI/CHURCH/LOD/memorial,memorial,BuildingExterior,MeshCollider,1,0,0,0,0,3078a1e8df9f6014684e8ce932cee183,4300000,1,IncludedStaticWorldSolid,1,CellLegacy,WorldSolid,Assets/Game/World/Content/Physics/WorldSolidZeroBounce.physicMaterial,Reviewed static-world solid collider from the frozen M04A1 source table.,TemporaryDirectImport,msc-world-baseline-04a1.1-c3f2f337,08A1.6
ea8114f3b9fce63fb20a159f842f81f7,8a3d5ca225c8e1a9c9e046103e02030d,MAP/BusStop/coll,coll,ColliderOnly,MeshCollider,1,0,1,0,1,23b41cb8660230a4e963ec37d8eef155,4300000,1,ExcludedDynamicRequiresPresenter,0,Excluded,,,The collider is owned by a donor Rigidbody on itself or an ancestor and requires a project-owned dynamic presenter instead of a frozen static blocker.,TemporaryDirectImport,msc-world-baseline-04a1.1-c3f2f337,08A1.6
ea845bbb025ac0bebead4ed54b23eaaa,a990d5ee94d06fb5e3192fbf4bb5b9f1,THEATRE/LOD/Open/Audience/MarkkuTheatre,MarkkuTheatre,ColliderOnly,CapsuleCollider,1,0,0,0,0,,0,0,ExcludedInactive,0,Excluded,,,The collider owner is inactive through the frozen donor hierarchy.,TemporaryDirectImport,msc-world-baseline-04a1.1-c3f2f337,08A1.6
ea8d4187e07ee3e24439a7a55ccded0a,23282d4e4ffde2e134cc10d108cf3659,STORE/VideoPoker/GameLogic/Buttons/DoubleHigh,DoubleHigh,ColliderOnly,SphereCollider,1,1,0,0,1,,0,1,ExcludedTrigger,0,Excluded,,,Trigger volumes are not imported by the solid pass.,TemporaryDirectImport,msc-world-baseline-04a1.1-c3f2f337,08A1.6
ea9aa930b7f105bc5c941fad67609f1c,88a00c5f3c4781f03219c33ebeb2281e,MAP/Buildings/DINGONBIISI/autiotalo/mesh/buildingvino_Cube.003_None_plastic_carpet.jpg,buildingvino_Cube.003_None_plastic_carpet.jpg,StaticProp,MeshCollider,1,0,0,0,0,79e9054fa9feec243be2150a6f78525d,4300000,1,IncludedStaticWorldSolid,1,CellLegacy,WorldSolid,Assets/Game/World/Content/Physics/WorldSolidZeroBounce.physicMaterial,Reviewed static-world solid collider from the frozen M04A1 source table.,TemporaryDirectImport,msc-world-baseline-04a1.1-c3f2f337,08A1.6
ea9e84fe267dc90224a6d4229298c7f5,86df6a3dc2e57f4b8565c3f23f0d8684,STORE/LOD/GFX_Store/BreakableWindows/store_windows_broken/store_windows_broken_003,store_windows_broken_003,Window,MeshCollider,1,0,1,0,1,6c585844b6857a049805364a2547af2a,4300000,0,ExcludedInactive,0,Excluded,,,The collider owner is inactive through the frozen donor hierarchy.,TemporaryDirectImport,msc-world-baseline-04a1.1-c3f2f337,08A1.6
eac1e03c78d13de95df988236c18c779,4efef1ac08dd6afe213ba9beea33d7d6,MISC/potato box(xxxxx),potato box(xxxxx),InteractivePropCandidate,BoxCollider,1,0,0,0,1,,0,0,ExcludedInactive,0,Excluded,,,The collider owner is inactive through the frozen donor hierarchy.,TemporaryDirectImport,msc-world-baseline-04a1.1-c3f2f337,08A1.6
eb098544e0bf5382bd2f938316f8d833,c578f914304beb0ed461b440d81961de,MAP/MESH/TERRAIN_OBJ/Gravel,Gravel,StaticProp,MeshCollider,1,0,0,0,0,c3bd641cdd610da4198c63c95fb93f4e,4300000,1,IncludedSafetyCriticalGlobal,1,GlobalLegacy,WorldSurface,Assets/Game/World/Content/Physics/WorldSurfaceZeroBounce.physicMaterial,Continuous gravel traversal,TemporaryDirectImport,msc-world-baseline-04a1.1-c3f2f337,08A1.6
eb14f38808a0dc8c6efeaa741f759c41,bb880ab5af9b93611b676c19a1519ece,PERAJARVI/TerraceHouse/LOD1/ConcretePig,ConcretePig,BuildingExterior,BoxCollider,1,0,0,0,0,,0,1,IncludedStaticWorldSolid,1,CellLegacy,WorldSolid,Assets/Game/World/Content/Physics/WorldSolidZeroBounce.physicMaterial,Reviewed static-world solid collider from the frozen M04A1 source table.,TemporaryDirectImport,msc-world-baseline-04a1.1-c3f2f337,08A1.6
eb247df953c929d8ec39c55be1adecf6,64716e6adfc2b9af2e53f796cc052878,YARD/Building/Dynamics/FuseTable/Fusetable/Fuse3Pivot/fuseholder03,fuseholder03,ColliderOnly,BoxCollider,1,0,0,0,1,,0,1,ExcludedDynamicRequiresPresenter,0,Excluded,,,The collider is owned by a donor Rigidbody on itself or an ancestor and requires a project-owned dynamic presenter instead of a frozen static blocker.,TemporaryDirectImport,msc-world-baseline-04a1.1-c3f2f337,08A1.6
eb6c462c3b7ea294ae53ccb0ba939912,100d423d3ca48fe6626e19157fb646d1,DRAGRACE/LOD/DRAGSTRIP/Sender/Pivot/HumanCollider,HumanCollider,ColliderOnly,CapsuleCollider,1,1,0,0,0,,0,0,ExcludedTrigger,0,Excluded,,,Trigger volumes are not imported by the solid pass.,TemporaryDirectImport,msc-world-baseline-04a1.1-c3f2f337,08A1.6
eb839c52b28f6525ab8b5373d078392d,0bfd44f7dde17b71b18afa501b45f117,REPAIRSHOP/LOD/Store/Parts/BuyHeadgasket,BuyHeadgasket,ColliderOnly,SphereCollider,1,1,0,0,0,,0,1,ExcludedTrigger,0,Excluded,,,Trigger volumes are not imported by the solid pass.,TemporaryDirectImport,msc-world-baseline-04a1.1-c3f2f337,08A1.6
eb9db53ef1d3357a30ef1a53e25a8097,7e7d926468fa7d047cb9ecda68e537ca,PERAJARVI/HouseOld1/Fence/fence 4,fence 4,Fence,BoxCollider,1,0,0,0,0,,0,1,IncludedStaticWorldSolid,1,CellLegacy,WorldSolid,Assets/Game/World/Content/Physics/WorldSolidZeroBounce.physicMaterial,Reviewed static-world solid collider from the frozen M04A1 source table.,TemporaryDirectImport,msc-world-baseline-04a1.1-c3f2f337,08A1.6
ebcf4eeee8b03285984f279bc5d622cc,befde1d9bedd4fb92ec6ea557aea35b3,YARD/Building/BEDROOM1/ATK Table/coll,coll,ColliderOnly,BoxCollider,1,0,0,0,0,,0,1,IncludedStaticWorldSolid,1,CellLegacy,WorldSolid,Assets/Game/World/Content/Physics/WorldSolidZeroBounce.physicMaterial,Reviewed static-world solid collider from the frozen M04A1 source table.,TemporaryDirectImport,msc-world-baseline-04a1.1-c3f2f337,08A1.6
ec0d1b2b6c6fad0cd291bbcd79078a01,72c72494846dbe1a8de6557534df9900,CABIN/Cabin/woodstove/HatchPivot/woodstove_hatch/Handle,Handle,ColliderOnly,SphereCollider,1,1,0,0,0,,0,0,ExcludedTrigger,0,Excluded,,,Trigger volumes are not imported by the solid pass.,TemporaryDirectImport,msc-world-baseline-04a1.1-c3f2f337,08A1.6
ec16b39896d0ab1722927065bb0072b9,d40470ccc1aacaa214d62b8cb08f26fe,MAP/MESH/RAILROAD_TUNNEL/Info,Info,StaticProp,BoxCollider,1,0,0,0,0,,0,1,IncludedStaticWorldSolid,1,TrulyGlobalLegacy,WorldSolid,Assets/Game/World/Content/Physics/WorldSolidZeroBounce.physicMaterial,Reviewed static-world solid collider from the frozen M04A1 source table.,TemporaryDirectImport,msc-world-baseline-04a1.1-c3f2f337,08A1.6
ec39c1bb3442fc263820df126cf10c27,65ddfb0f01d5da8ee4ceb661f80f17e3,MAP/Buildings/BarnOld/lato_door1,lato_door1,Door,MeshCollider,1,0,0,0,0,0eb4d0a4cf353594d80da35acc3e37d1,4300000,1,ExcludedDoorRequiresBinding,0,Excluded,,,A door cannot become a static blocker before a project-owned hinge/interaction binding is authored.,TemporaryDirectImport,msc-world-baseline-04a1.1-c3f2f337,08A1.6
ec4778f52a97b2bb0ce074104013e9ee,745101ab731c38172e545e079dedf516,YARD/Building/SAUNA/Sauna/Kiuas/mesh,mesh,BuildingExterior,MeshCollider,1,0,0,0,0,ae7971fad391f9440b3d37f6d1fa22dc,4300000,1,IncludedStaticWorldSolid,1,CellLegacy,WorldSolid,Assets/Game/World/Content/Physics/WorldSolidZeroBounce.physicMaterial,Reviewed static-world solid collider from the frozen M04A1 source table.,TemporaryDirectImport,msc-world-baseline-04a1.1-c3f2f337,08A1.6
ec48a3c9901efafa6ba93c790abc7a00,d229ec1af96716dd1208e934fb08fa21,MAP/BusStop/CrouchTrigger,CrouchTrigger,ColliderOnly,CapsuleCollider,1,1,0,0,1,,0,1,ExcludedTrigger,0,Excluded,,,Trigger volumes are not imported by the solid pass.,TemporaryDirectImport,msc-world-baseline-04a1.1-c3f2f337,08A1.6
ecb592bfa87f289da5aedcd8f208503a,886df828025087d9b6b86e2214c84e27,PERAJARVI/TerraceHouse/Apartments/LOD2/DoorsApartment1/DoorFront/Pivot/Handle,Handle,ColliderOnly,SphereCollider,1,1,0,0,0,,0,0,ExcludedTrigger,0,Excluded,,,Trigger volumes are not imported by the solid pass.,TemporaryDirectImport,msc-world-baseline-04a1.1-c3f2f337,08A1.6
ecee82e2dfdd6e3f69cd456c5788fa6a,2dce712cd1a109387a2edbe14a6d1ed2,YARD/Building/MIDDLEROOM/DoorMiddleroom/Pivot/Handle,Handle,ColliderOnly,SphereCollider,1,1,0,0,0,,0,1,ExcludedTrigger,0,Excluded,,,Trigger volumes are not imported by the solid pass.,TemporaryDirectImport,msc-world-baseline-04a1.1-c3f2f337,08A1.6
ed0a4923fe99fabdd90124a8d372569e,332df0436f1db1579832c313f6078cb0,MAP/PierDancehall/coll,coll,ColliderOnly,BoxCollider,1,0,0,0,0,,0,1,IncludedStaticWorldSolid,1,CellLegacy,WorldSolid,Assets/Game/World/Content/Physics/WorldSolidZeroBounce.physicMaterial,Reviewed static-world solid collider from the frozen M04A1 source table.,TemporaryDirectImport,msc-world-baseline-04a1.1-c3f2f337,08A1.6
ed54c31378f824e33e9688966dbe036e,a829f1f559f136fa86946044f6bd85dd,JAIL/RadioPivot/radio(Clone),radio(Clone),ColliderOnly,BoxCollider,1,0,0,0,1,,0,0,ExcludedInactive,0,Excluded,,,The collider owner is inactive through the frozen donor hierarchy.,TemporaryDirectImport,msc-world-baseline-04a1.1-c3f2f337,08A1.6
ed54cc90c9980e75be946eeb021993f0,9ce1a4c8825ac2f70dd2a81ca433f1f2,YARD/MachineHall/collider,collider,ColliderOnly,MeshCollider,1,0,0,0,0,d8e722ef33849f84d94b2f0c76d1fee3,4300000,1,IncludedStaticWorldSolid,1,CellLegacy,WorldSolid,Assets/Game/World/Content/Physics/WorldSolidZeroBounce.physicMaterial,Reviewed static-world solid collider from the frozen M04A1 source table.,TemporaryDirectImport,msc-world-baseline-04a1.1-c3f2f337,08A1.6
ed68a80be4fd8dbc55e5797704018c55,246dce1a100824ee19e65ba6fe8739bd,COTTAGE/LOD/Doors/DoorSauna/Pivot/Handle,Handle,ColliderOnly,SphereCollider,1,1,0,0,0,,0,1,ExcludedTrigger,0,Excluded,,,Trigger volumes are not imported by the solid pass.,TemporaryDirectImport,msc-world-baseline-04a1.1-c3f2f337,08A1.6
ed83b284159ac1d3ea7eda4fa02704c0,ac5dc93b5e7769129db02018cc1aadb7,STORE/LOD/Pumps/gasoline_pumps_roof,gasoline_pumps_roof,Roof,BoxCollider,1,0,0,0,0,,0,1,IncludedStaticWorldSolid,1,CellLegacy,WorldSolid,Assets/Game/World/Content/Physics/WorldSolidZeroBounce.physicMaterial,Reviewed static-world solid collider from the frozen M04A1 source table.,TemporaryDirectImport,msc-world-baseline-04a1.1-c3f2f337,08A1.6
ed8540aa2ab7a4b3774c6ed742a321fa,f7be4ade78695bad660a6b606cdae31b,YARD/Building/BEDROOM1/COMPUTER/Computer/Meshes/386_case(xxxxx)/ButtonPower,ButtonPower,ColliderOnly,SphereCollider,1,1,0,0,0,,0,0,ExcludedTrigger,0,Excluded,,,Trigger volumes are not imported by the solid pass.,TemporaryDirectImport,msc-world-baseline-04a1.1-c3f2f337,08A1.6
ed91ea4ff0f546b63b26cdf09c5b64c3,936a8cde31c0f54fb3b74951dfe42197,STORE/LOD/ActivateStore/FoodProducts/Cigarettes,Cigarettes,ColliderOnly,SphereCollider,1,1,0,0,0,,0,1,ExcludedTrigger,0,Excluded,,,Trigger volumes are not imported by the solid pass.,TemporaryDirectImport,msc-world-baseline-04a1.1-c3f2f337,08A1.6
edd3bf1250f00d239c6dbfdde07f1340,a9fdba8664fdb4855f2b3d46a3cd10fa,YARD/Building/Dynamics/FuseTable/Fusetable/Fuse1Pivot/fuseholder01,fuseholder01,ColliderOnly,BoxCollider,1,0,0,0,1,,0,1,ExcludedDynamicRequiresPresenter,0,Excluded,,,The collider is owned by a donor Rigidbody on itself or an ancestor and requires a project-owned dynamic presenter instead of a frozen static blocker.,TemporaryDirectImport,msc-world-baseline-04a1.1-c3f2f337,08A1.6
eddef86f0e37bbc558ca77c4b5cc703c,7940073aed8c092797c9f8e8570f5d00,PERAJARVI/TerraceHouse/LOD1/ConcretePig,ConcretePig,BuildingExterior,BoxCollider,1,0,0,0,0,,0,1,IncludedStaticWorldSolid,1,CellLegacy,WorldSolid,Assets/Game/World/Content/Physics/WorldSolidZeroBounce.physicMaterial,Reviewed static-world solid collider from the frozen M04A1 source table.,TemporaryDirectImport,msc-world-baseline-04a1.1-c3f2f337,08A1.6
ee710ebd9ba8f753665c1b70ce1c891f,bea0784ac18dbf8308f651c0af115715,YARD/Building/LOD/CrouchTrigger,CrouchTrigger,ColliderOnly,CapsuleCollider,1,1,0,0,0,,0,0,ExcludedTrigger,0,Excluded,,,Trigger volumes are not imported by the solid pass.,TemporaryDirectImport,msc-world-baseline-04a1.1-c3f2f337,08A1.6
ee74f68b99907315bd0cffb2cc04e332,c11cb5c53c52d2a4b3a2d0c0ebd3ceed,PERAJARVI/HouseWhite/hedge,hedge,BuildingExterior,MeshCollider,1,0,1,0,0,9c6458347eea44a42b431025cf59f4cc,4300000,1,IncludedStaticWorldSolid,1,CellLegacy,WorldSolid,Assets/Game/World/Content/Physics/WorldSolidZeroBounce.physicMaterial,Reviewed static-world solid collider from the frozen M04A1 source table.,TemporaryDirectImport,msc-world-baseline-04a1.1-c3f2f337,08A1.6
ee7e6f438eb79509a412e1b1ba308b7a,028ede675e09bd3b5d5e6508adfd8b22,STORE/LOD/GFX_Store/SlotMachine/LockButtos/LockRoll2,LockRoll2,ColliderOnly,SphereCollider,1,1,0,0,0,,0,1,ExcludedTrigger,0,Excluded,,,Trigger volumes are not imported by the solid pass.,TemporaryDirectImport,msc-world-baseline-04a1.1-c3f2f337,08A1.6
ee7e795fb102002d4b734f73b6f99b7b,95763fec05f12140a569f350fc98c539,RALLY/Saturday/TimingSaturday/Lines/Start,Start,ColliderOnly,MeshCollider,1,1,1,0,1,0000000000000000e000000000000000,10210,0,ExcludedTrigger,0,Excluded,,,Trigger volumes are not imported by the solid pass.,TemporaryDirectImport,msc-world-baseline-04a1.1-c3f2f337,08A1.6
eeab2ea6dac4084cd28620921498e6dd,4efef1ac08dd6afe213ba9beea33d7d6,MISC/potato box(xxxxx),potato box(xxxxx),InteractivePropCandidate,BoxCollider,1,0,0,0,1,,0,0,ExcludedInactive,0,Excluded,,,The collider owner is inactive through the frozen donor hierarchy.,TemporaryDirectImport,msc-world-baseline-04a1.1-c3f2f337,08A1.6
eee415f2cd3d397d939beedffcafb29a,ff1c901c6bc2518e7ea3b47137d69b1c,YARD/MachineHall/Logging/log(Clone),log(Clone),BuildingExterior,BoxCollider,1,0,0,0,1,,0,1,ExcludedDynamicRequiresPresenter,0,Excluded,,,The collider is owned by a donor Rigidbody on itself or an ancestor and requires a project-owned dynamic presenter instead of a frozen static blocker.,TemporaryDirectImport,msc-world-baseline-04a1.1-c3f2f337,08A1.6
eefc366c5830eb17f31b523124543eeb,d694802c4bba1a25a03615b79ece695e,DANCEHALL/Building/dancehut,dancehut,BuildingExterior,MeshCollider,1,0,0,0,0,5298547b051ffb04a9ce0b01f85280f9,4300000,1,IncludedStaticWorldSolid,1,CellLegacy,WorldSolid,Assets/Game/World/Content/Physics/WorldSolidZeroBounce.physicMaterial,Reviewed static-world solid collider from the frozen M04A1 source table.,TemporaryDirectImport,msc-world-baseline-04a1.1-c3f2f337,08A1.6
ef42b70e1dd6c3d76b8ce9c9279d6f40,b99cb83596816d2d4a6a6ad30f88f00c,STORE/LOD/GFX_Pub/Bottle,Bottle,BuildingExterior,BoxCollider,1,0,0,0,1,,0,1,ExcludedDynamicRequiresPresenter,0,Excluded,,,The collider is owned by a donor Rigidbody on itself or an ancestor and requires a project-owned dynamic presenter instead of a frozen static blocker.,TemporaryDirectImport,msc-world-baseline-04a1.1-c3f2f337,08A1.6
ef4886e16ef512734d0e62a80b4f19d7,aca526e9646006b30c150177974d95e3,PERAJARVI/TerraceHouse/Apartments/LOD2/DoorsApartment1/DoorFront/Pivot/house_door1,house_door1,Door,BoxCollider,1,0,0,0,1,,0,1,ExcludedDoorRequiresBinding,0,Excluded,,,A door cannot become a static blocker before a project-owned hinge/interaction binding is authored.,TemporaryDirectImport,msc-world-baseline-04a1.1-c3f2f337,08A1.6
ef52482fcb2baee92626bc6c7d96a4c5,41889effb8941e0ef1aa015c802f648d,STORE/LOD/Door2/Pivot/mesh,mesh,BuildingExterior,BoxCollider,1,0,0,0,0,,0,1,ExcludedDoorRequiresBinding,0,Excluded,,,A door cannot become a static blocker before a project-owned hinge/interaction binding is authored.,TemporaryDirectImport,msc-world-baseline-04a1.1-c3f2f337,08A1.6
ef5d0bf1f0bb3487f6c969593d56c92d,d413d3a80a1ef0bcc1057adf405d23d3,YARD/Building/LOD/VenttiPigHouse/Pivot/Char/skeleton/pelvis/spine_middle/spine_upper/collar_left/shoulder_left/arm_left/hand_left/finger_left/HandCollider,HandCollider,ColliderOnly,SphereCollider,1,0,0,0,1,,0,0,ExcludedInactive,0,Excluded,,,The collider owner is inactive through the frozen donor hierarchy.,TemporaryDirectImport,msc-world-baseline-04a1.1-c3f2f337,08A1.6
efcb4fd340944bf1099f03925409ad92,006422df8f701646ab7a38e113a32c16,PERAJARVI/TerraceHouse/Apartments/LOD2/LOD/WC/ToiletSink/toilet_sink,toilet_sink,BuildingExterior,BoxCollider,1,0,0,0,0,,0,1,IncludedStaticWorldSolid,1,CellLegacy,WorldSolid,Assets/Game/World/Content/Physics/WorldSolidZeroBounce.physicMaterial,Reviewed static-world solid collider from the frozen M04A1 source table.,TemporaryDirectImport,msc-world-baseline-04a1.1-c3f2f337,08A1.6
efe2a409d28b75a51416de0f19818311,7e11e58b67958a8510a14d66e269dd88,STORE/LOD/GFX_Store/BreakableWindows/store_windows_broken/store_windows_broken_004,store_windows_broken_004,Window,MeshCollider,1,0,1,0,1,54aa9b659d6d6d345970a7d830e00f06,4300000,0,ExcludedInactive,0,Excluded,,,The collider owner is inactive through the frozen donor hierarchy.,TemporaryDirectImport,msc-world-baseline-04a1.1-c3f2f337,08A1.6
f05d4e6140f5b9951e515f7cae5b6b54,4007b3fc6aee20fbd816edd334917de4,REPAIRSHOP/JunkCar4,JunkCar4,BuildingExterior,MeshCollider,1,0,1,0,1,d218804ec421e444ba24cde0c59072bb,4300000,1,ExcludedVehicle,0,Excluded,,,"Vehicle collision belongs to the project-owned vehicle runtime, not the static-world pass.",TemporaryDirectImport,msc-world-baseline-04a1.1-c3f2f337,08A1.6
f0adaf2d40da5028a6065c41491a53b7,f1cb8a58788dba21a79671980ea698a9,PERAJARVI/TerraceHouse/Colliders/collider,collider,ColliderOnly,MeshCollider,1,0,0,0,0,902ed7ffee9e0ff4885d0c6a3be9b39e,4300000,1,IncludedStaticWorldSolid,1,CellLegacy,WorldSolid,Assets/Game/World/Content/Physics/WorldSolidZeroBounce.physicMaterial,Reviewed static-world solid collider from the frozen M04A1 source table.,TemporaryDirectImport,msc-world-baseline-04a1.1-c3f2f337,08A1.6
f0cdf5c0e27f4743d85e4254c2156f3e,56876d4591280e072b992fe46d1d85bd,STORE/LOD/GFX_Pub/table_pub,table_pub,BuildingExterior,BoxCollider,1,0,0,0,1,,0,1,ExcludedDynamicRequiresPresenter,0,Excluded,,,The collider is owned by a donor Rigidbody on itself or an ancestor and requires a project-owned dynamic presenter instead of a frozen static blocker.,TemporaryDirectImport,msc-world-baseline-04a1.1-c3f2f337,08A1.6
f0e06d7680e7498d4dceed73dbe7f44f,cd58d6ffd03fdfbc662a13a34c5fa88e,REPAIRSHOP/SatsumaSpawns/Spawn,Spawn,SpawnMarker,BoxCollider,0,0,0,0,0,,0,1,ExcludedDisabled,0,Excluded,,,The donor collider component is disabled.,TemporaryDirectImport,msc-world-baseline-04a1.1-c3f2f337,08A1.6
f17a657f97f57e5396b97dbb08e97cf4,65c99e8152c6cf5ac63f794b2713537f,THEATRE/Colliders/coll,coll,ColliderOnly,MeshCollider,1,0,0,0,0,6c13767a0fb598b479aa014138ca9e1a,4300000,1,IncludedStaticWorldSolid,1,CellLegacy,WorldSolid,Assets/Game/World/Content/Physics/WorldSolidZeroBounce.physicMaterial,Reviewed static-world solid collider from the frozen M04A1 source table.,TemporaryDirectImport,msc-world-baseline-04a1.1-c3f2f337,08A1.6
f190ab23ed70322be495cc79881916ca,b560eec39e61dad1fd9a9bda4625b32a,REPAIRSHOP/SatsumaSpawns/Spawn,Spawn,SpawnMarker,BoxCollider,0,0,0,0,0,,0,1,ExcludedDisabled,0,Excluded,,,The donor collider component is disabled.,TemporaryDirectImport,msc-world-baseline-04a1.1-c3f2f337,08A1.6
f1bf41ea3c1036618f8a8f93e4aa4544,01aa39fc7d7a865432ac4589531e7f3c,YARD/Building/HOUSEFIRE/Kitchen/ParticleFire/FireTrigger,FireTrigger,ColliderOnly,SphereCollider,1,1,0,0,0,,0,0,ExcludedTrigger,0,Excluded,,,Trigger volumes are not imported by the solid pass.,TemporaryDirectImport,msc-world-baseline-04a1.1-c3f2f337,08A1.6
f1db7077c71dc2e29a1326ffea26ecff,22ec4a9995ec4450a99e5b5c8b2c8bd8,JAIL/MESh/jail_cell,jail_cell,BuildingExterior,MeshCollider,1,0,0,0,0,04399a6113c3dc043842be37176fca3c,4300000,0,ExcludedInactive,0,Excluded,,,The collider owner is inactive through the frozen donor hierarchy.,TemporaryDirectImport,msc-world-baseline-04a1.1-c3f2f337,08A1.6
f1f7da3031ad76bb0b128320fa3d77a0,806d45959031283dbc0520173b1c7af6,RYKIPOHJA/BuildingsLOD/HouseOld5/wall,wall,BuildingExterior,BoxCollider,1,0,0,0,0,,0,1,IncludedStaticWorldSolid,1,CellLegacy,WorldSolid,Assets/Game/World/Content/Physics/WorldSolidZeroBounce.physicMaterial,Reviewed static-world solid collider from the frozen M04A1 source table.,TemporaryDirectImport,msc-world-baseline-04a1.1-c3f2f337,08A1.6
f22e767e00c32cf1c757d044c45044df,c637d6b891b498db8227b53cd8a7cfda,RALLY/Sunday/TimingSunday/Lines/Start,Start,ColliderOnly,MeshCollider,1,1,1,0,1,0000000000000000e000000000000000,10210,0,ExcludedTrigger,0,Excluded,,,Trigger volumes are not imported by the solid pass.,TemporaryDirectImport,msc-world-baseline-04a1.1-c3f2f337,08A1.6
f27acf33f5ef1e49f7c77d03058cb187,2baa973a5b6a8e7f11cab0277479309e,YARD/Building/BEDROOM1/LOD_bedroom1/Sleep/SleepTrigger,SleepTrigger,ColliderOnly,SphereCollider,1,1,0,0,0,,0,1,ExcludedTrigger,0,Excluded,,,Trigger volumes are not imported by the solid pass.,TemporaryDirectImport,msc-world-baseline-04a1.1-c3f2f337,08A1.6
f2842871f00c374a608d105452fc1d56,76a4db32717afb40d1be4c88010464ce,DANCEHALL/Functions/BAND/Bassist/Pivot,Pivot,ColliderOnly,CapsuleCollider,1,0,0,0,0,,0,0,ExcludedInactive,0,Excluded,,,The collider owner is inactive through the frozen donor hierarchy.,TemporaryDirectImport,msc-world-baseline-04a1.1-c3f2f337,08A1.6
f30ab7f96c7d11f80afea9d7fceae60e,584c75be6d1caf39d2ccf27c3090667a,PERAJARVI/TerraceHouse/Apartments/LOD2/LOD/DoorWhite/Pivot/house_door1,house_door1,Door,BoxCollider,1,0,0,0,1,,0,1,ExcludedDoorRequiresBinding,0,Excluded,,,A door cannot become a static blocker before a project-owned hinge/interaction binding is authored.,TemporaryDirectImport,msc-world-baseline-04a1.1-c3f2f337,08A1.6
f31392988679b2d81bcc13f47e4dcad9,6585e077796d9e050ae5f3aabc676e17,RYKIPOHJA/ChickenHouse 3/chicken_house_tank,chicken_house_tank,BuildingExterior,BoxCollider,1,0,0,0,0,,0,1,IncludedStaticWorldSolid,1,CellLegacy,WorldSolid,Assets/Game/World/Content/Physics/WorldSolidZeroBounce.physicMaterial,Reviewed static-world solid collider from the frozen M04A1 source table.,TemporaryDirectImport,msc-world-baseline-04a1.1-c3f2f337,08A1.6
f32afd47d0993c4b30b792a04d2fa8b9,153964ba2e6f034a308db443532e8c1a,REPAIRSHOP/LOD/ToolCart/Drawer/Tools/ruler  (Clone),ruler  (Clone),ColliderOnly,CapsuleCollider,1,1,0,0,1,,0,0,ExcludedTrigger,0,Excluded,,,Trigger volumes are not imported by the solid pass.,TemporaryDirectImport,msc-world-baseline-04a1.1-c3f2f337,08A1.6
f3c1711fb117278bf546cc8cccb3a861,94295ec44ac780dde0fcc9acb575a210,REPAIRSHOP/LOD/Door/Handle,Handle,ColliderOnly,SphereCollider,1,1,0,0,0,,0,1,ExcludedTrigger,0,Excluded,,,Trigger volumes are not imported by the solid pass.,TemporaryDirectImport,msc-world-baseline-04a1.1-c3f2f337,08A1.6
f424cebc23055ade9a778c7c6445f50b,db8cadec777c59704fafdab5a4fefdce,STORE/LOD/ActivateStore/FoodProducts/Beer,Beer,ColliderOnly,CapsuleCollider,1,1,0,0,0,,0,1,ExcludedTrigger,0,Excluded,,,Trigger volumes are not imported by the solid pass.,TemporaryDirectImport,msc-world-baseline-04a1.1-c3f2f337,08A1.6
f42e8f3cf54e59b9c8b701d430ca4cfa,d71d768218e3e3b392f6747b94d90701,MAP/Buildings/BarnOld_junk/lato_roof,lato_roof,Roof,MeshCollider,1,0,0,0,0,6f49787c3bbcf9e4f8b8c2b28ee9bd6f,4300000,1,IncludedStaticWorldSolid,1,CellLegacy,WorldSolid,Assets/Game/World/Content/Physics/WorldSolidZeroBounce.physicMaterial,Reviewed static-world solid collider from the frozen M04A1 source table.,TemporaryDirectImport,msc-world-baseline-04a1.1-c3f2f337,08A1.6
f47dd210fc28e3f3fe9b314f447be1d9,4928b04d06eb748365f415e647f66777,DANCEHALL/Functions/Dancer,Dancer,ColliderOnly,CapsuleCollider,1,0,0,0,1,,0,0,ExcludedInactive,0,Excluded,,,The collider owner is inactive through the frozen donor hierarchy.,TemporaryDirectImport,msc-world-baseline-04a1.1-c3f2f337,08A1.6
f4a384df79a6f79668e0aabc11f5080a,a48f2b10458a470688c2b08ffe1cada1,MAP/Buildings/DINGONBIISI/autiotalo/mesh/buildingvino_Cube.003_None_wood_panel8.jpg,buildingvino_Cube.003_None_wood_panel8.jpg,StaticProp,MeshCollider,1,0,0,0,0,7862d8e3ac485de4b9c0f945b94405af,4300000,1,IncludedStaticWorldSolid,1,CellLegacy,WorldSolid,Assets/Game/World/Content/Physics/WorldSolidZeroBounce.physicMaterial,Reviewed static-world solid collider from the frozen M04A1 source table.,TemporaryDirectImport,msc-world-baseline-04a1.1-c3f2f337,08A1.6
f4db4219fd33a79ca528989eac5993a2,8d50f85d60d7a03cf1173eeca2273fb9,CABIN/LOD/Logging/Pölkky/PlayerOnlyColl,PlayerOnlyColl,ColliderOnly,CapsuleCollider,1,0,0,0,0,,0,1,IncludedStaticWorldSolid,1,CellLegacy,WorldSolid,Assets/Game/World/Content/Physics/WorldSolidZeroBounce.physicMaterial,Reviewed static-world solid collider from the frozen M04A1 source table.,TemporaryDirectImport,msc-world-baseline-04a1.1-c3f2f337,08A1.6
f51f3f444ba90541b860a5354521e24f,4efef1ac08dd6afe213ba9beea33d7d6,MISC/potato box(xxxxx),potato box(xxxxx),InteractivePropCandidate,BoxCollider,1,0,0,0,1,,0,0,ExcludedInactive,0,Excluded,,,The collider owner is inactive through the frozen donor hierarchy.,TemporaryDirectImport,msc-world-baseline-04a1.1-c3f2f337,08A1.6
f59075447742108b5b1cf93f41c876c5,cce2a4e1bdab9bd5e1b920597570257d,YARD/Building/BEDROOM1/boybed/coll,coll,ColliderOnly,BoxCollider,1,0,0,0,0,,0,1,IncludedStaticWorldSolid,1,CellLegacy,WorldSolid,Assets/Game/World/Content/Physics/WorldSolidZeroBounce.physicMaterial,Reviewed static-world solid collider from the frozen M04A1 source table.,TemporaryDirectImport,msc-world-baseline-04a1.1-c3f2f337,08A1.6
f595f85b4eea05b9de2d784656f3fe22,3f48c3f8da113c762f5ef4d32409e45c,YARD/Building/LIVINGROOM/house_roof_metal,house_roof_metal,Roof,MeshCollider,1,0,0,0,0,8af7b7d975a0a074ebb3dd798540a14f,4300000,1,IncludedStaticWorldSolid,1,CellLegacy,WorldSolid,Assets/Game/World/Content/Physics/WorldSolidZeroBounce.physicMaterial,Reviewed static-world solid collider from the frozen M04A1 source table.,TemporaryDirectImport,msc-world-baseline-04a1.1-c3f2f337,08A1.6
f5cadac41d718bd3c3030bc282abc75b,5d3cfb2ad67b227d5022a646cf9e2927,DRAGRACE/LOD/DRAGSTRIP/DragTiming/LaneLeft/60ft,60ft,ColliderOnly,MeshCollider,1,1,1,0,0,0000000000000000e000000000000000,10210,0,ExcludedTrigger,0,Excluded,,,Trigger volumes are not imported by the solid pass.,TemporaryDirectImport,msc-world-baseline-04a1.1-c3f2f337,08A1.6
f5db14688f4c36175e8b595767fd6076,830673ec3796376840b9b3c1fa53e3a0,SOCCER/goal1/Colliders/coll,coll,ColliderOnly,CapsuleCollider,1,0,0,0,1,,0,1,ExcludedDynamicRequiresPresenter,0,Excluded,,,The collider is owned by a donor Rigidbody on itself or an ancestor and requires a project-owned dynamic presenter instead of a frozen static blocker.,TemporaryDirectImport,msc-world-baseline-04a1.1-c3f2f337,08A1.6
f60f51674adb2f6719b075b323701914,29ca61b2b2254f49c5458ab113eb11e0,STORE/LOD/ActivateStore/SpraycanProducts/Spray10,Spray10,ColliderOnly,CapsuleCollider,1,1,0,0,0,,0,1,ExcludedTrigger,0,Excluded,,,Trigger volumes are not imported by the solid pass.,TemporaryDirectImport,msc-world-baseline-04a1.1-c3f2f337,08A1.6
f63dcfd50bd31b514d929ea712e86b10,8cf61deda44c8b30119257dbed2d16a8,REPAIRSHOP/JunkCar3,JunkCar3,BuildingExterior,MeshCollider,1,0,1,0,1,5f17013b3ae8272439d12a80d2ba76c3,4300000,1,ExcludedVehicle,0,Excluded,,,"Vehicle collision belongs to the project-owned vehicle runtime, not the static-world pass.",TemporaryDirectImport,msc-world-baseline-04a1.1-c3f2f337,08A1.6
f642866a900cc5b3189c4408c85cd997,ddaa9444f6c32d0e5fd57e21ed40d27a,MAP/Greenhouse,Greenhouse,BuildingExterior,MeshCollider,1,0,0,0,0,6423d68bbeaf89f4cb71c4c15c09c0bc,4300000,1,IncludedStaticWorldSolid,1,CellLegacy,WorldSolid,Assets/Game/World/Content/Physics/WorldSolidZeroBounce.physicMaterial,Reviewed static-world solid collider from the frozen M04A1 source table.,TemporaryDirectImport,msc-world-baseline-04a1.1-c3f2f337,08A1.6
f650b2079e2cc3b752f136194bedb40b,fb9221c70def05fab77cbb20cb20afef,PERAJARVI/TerraceHouse/Apartments_empty/rowhouse_roof,rowhouse_roof,Roof,MeshCollider,1,0,1,0,0,4819c7640fdcc32408139978b9d12153,4300000,1,IncludedStaticWorldSolid,1,CellLegacy,WorldSolid,Assets/Game/World/Content/Physics/WorldSolidZeroBounce.physicMaterial,Reviewed static-world solid collider from the frozen M04A1 source table.,TemporaryDirectImport,msc-world-baseline-04a1.1-c3f2f337,08A1.6
f65db0b9a0f6fa7418de3f826cc397fb,13d4baaaf9400e923e75ba028a9004c4,STORE/LOD/ActivateStore/SpraycanProducts/Spray09,Spray09,ColliderOnly,CapsuleCollider,1,1,0,0,0,,0,1,ExcludedTrigger,0,Excluded,,,Trigger volumes are not imported by the solid pass.,TemporaryDirectImport,msc-world-baseline-04a1.1-c3f2f337,08A1.6
f67ba45f5599609df7542280a6f0f83e,e64ac2743ebc2baa11afcddb990616b4,STORE/LOD/Pumps/GasolinePumpD/gasoline_pump,gasoline_pump,BuildingExterior,MeshCollider,1,0,1,0,0,20beaacfd5e33e74fb592c239912f3b4,4300000,1,IncludedStaticWorldSolid,1,CellLegacy,WorldSolid,Assets/Game/World/Content/Physics/WorldSolidZeroBounce.physicMaterial,Reviewed static-world solid collider from the frozen M04A1 source table.,TemporaryDirectImport,msc-world-baseline-04a1.1-c3f2f337,08A1.6
f6872001dbbacfef1f22bce832f21e2d,14558d88449755b6420783debc6098cd,CABIN/Cabin/Ventti/Table,Table,BuildingExterior,BoxCollider,1,0,0,0,1,,0,1,ExcludedDynamicRequiresPresenter,0,Excluded,,,The collider is owned by a donor Rigidbody on itself or an ancestor and requires a project-owned dynamic presenter instead of a frozen static blocker.,TemporaryDirectImport,msc-world-baseline-04a1.1-c3f2f337,08A1.6
f68a8d4464709e06302b472b798e3677,bbbc6313da43d26e2c94dc2a12e9d610,RALLY/Sunday/TimingSunday/Lines/Reverse,Reverse,ColliderOnly,MeshCollider,1,1,1,0,1,0000000000000000e000000000000000,10210,0,ExcludedTrigger,0,Excluded,,,Trigger volumes are not imported by the solid pass.,TemporaryDirectImport,msc-world-baseline-04a1.1-c3f2f337,08A1.6
f6bac81c28df6f6ab1242090bb56c710,997c0dce490a56097f1f67c2d69c3ed5,YARD/Building/LIVINGROOM/chair_wood/chair_pillow,chair_pillow,BuildingInterior,BoxCollider,1,0,0,0,0,,0,1,IncludedStaticWorldSolid,1,CellLegacy,WorldSolid,Assets/Game/World/Content/Physics/WorldSolidZeroBounce.physicMaterial,Reviewed static-world solid collider from the frozen M04A1 source table.,TemporaryDirectImport,msc-world-baseline-04a1.1-c3f2f337,08A1.6
f6ccbf6b6e023ef9ee7e40c15a14a6f2,4ac9c113173810b7f714ba59e0f694aa,STORE/LOD/GFX_Store/cardboard_stand,cardboard_stand,BuildingExterior,BoxCollider,1,0,0,0,0,,0,1,IncludedStaticWorldSolid,1,CellLegacy,WorldSolid,Assets/Game/World/Content/Physics/WorldSolidZeroBounce.physicMaterial,Reviewed static-world solid collider from the frozen M04A1 source table.,TemporaryDirectImport,msc-world-baseline-04a1.1-c3f2f337,08A1.6
f6ddd3670a5273e16b27aec2b14bd423,85063115fa7c0643cdccba59af595007,YARD/Building/KITCHEN/Fridge/mesh,mesh,BuildingInterior,MeshCollider,1,0,0,0,0,5a902a41a8c123b4699b875ddde2846d,4300000,1,IncludedStaticWorldSolid,1,CellLegacy,WorldSolid,Assets/Game/World/Content/Physics/WorldSolidZeroBounce.physicMaterial,Reviewed static-world solid collider from the frozen M04A1 source table.,TemporaryDirectImport,msc-world-baseline-04a1.1-c3f2f337,08A1.6
f7020dee483d86c998320df7ae5ad148,1105d4392d77387359b2c62bd6eca5ac,DANCEHALL/Functions/BAND/Singer/Pivot,Pivot,ColliderOnly,CapsuleCollider,1,0,0,0,0,,0,0,ExcludedInactive,0,Excluded,,,The collider owner is inactive through the frozen donor hierarchy.,TemporaryDirectImport,msc-world-baseline-04a1.1-c3f2f337,08A1.6
f72488ee431d226e360174271f7925ab,12a52534c95efa3138bc665b2a5005d5,YARD/Building/BEDROOM1/COMPUTER/Computer/Meshes/386_peripherals(xxxxx),386_peripherals(xxxxx),BuildingInterior,BoxCollider,1,0,0,0,0,,0,0,ExcludedInactive,0,Excluded,,,The collider owner is inactive through the frozen donor hierarchy.,TemporaryDirectImport,msc-world-baseline-04a1.1-c3f2f337,08A1.6
f730a2949521645adf57abb30f8c1037,06856a9e34bb01f9294339a3d5dc9466,YARD/MachineHall/floor_coll,floor_coll,Floor,BoxCollider,1,0,0,0,0,,0,1,IncludedStaticWorldSolid,1,CellLegacy,WorldSurface,Assets/Game/World/Content/Physics/WorldSurfaceZeroBounce.physicMaterial,Reviewed static-world solid collider from the frozen M04A1 source table.,TemporaryDirectImport,msc-world-baseline-04a1.1-c3f2f337,08A1.6
f74f0255724945fcab968abb1520ed9f,8e9fc179f78bfdd5c1291d9c89f7c23f,WATERFACILITY/LOD/Door/Door 1/Handle,Handle,ColliderOnly,SphereCollider,1,1,0,0,0,,0,1,ExcludedTrigger,0,Excluded,,,Trigger volumes are not imported by the solid pass.,TemporaryDirectImport,msc-world-baseline-04a1.1-c3f2f337,08A1.6
f76534ba8f52e83879315e7d86d07113,01379046f0a9769615a20ca1ddd62ac7,YARD/Building/KITCHEN/OvenStove/KnobPower3,KnobPower3,ColliderOnly,SphereCollider,1,1,0,0,0,,0,1,ExcludedTrigger,0,Excluded,,,Trigger volumes are not imported by the solid pass.,TemporaryDirectImport,msc-world-baseline-04a1.1-c3f2f337,08A1.6
f78ffb93e01a4c0e13b74d341bfe92ef,83055e7c3b7aa29e3f8ff8e7104e8922,JAIL/MESh/table(Clone),table(Clone),BuildingExterior,BoxCollider,1,0,0,0,0,,0,0,ExcludedInactive,0,Excluded,,,The collider owner is inactive through the frozen donor hierarchy.,TemporaryDirectImport,msc-world-baseline-04a1.1-c3f2f337,08A1.6
f7902816944a2999b78be6e24202d658,db1c0f3e6268add16ff536b38bed297b,CABIN/Cabin/Mesh/saunahouse_kitchen_cabins,saunahouse_kitchen_cabins,BuildingInterior,BoxCollider,1,0,0,0,0,,0,1,IncludedStaticWorldSolid,1,CellLegacy,WorldSolid,Assets/Game/World/Content/Physics/WorldSolidZeroBounce.physicMaterial,Reviewed static-world solid collider from the frozen M04A1 source table.,TemporaryDirectImport,msc-world-baseline-04a1.1-c3f2f337,08A1.6
f81034c61bf36d0b95c6c8a88032bfdf,da4c8f75694e8fa64a6a7039ccb81a2a,MAP/SkijumpHill/stairs_coll,stairs_coll,ColliderOnly,MeshCollider,1,0,0,0,0,68729d9b6a780664bb7a1d0966305f9e,4300000,1,IncludedStaticWorldSolid,1,CellLegacy,WorldSolid,Assets/Game/World/Content/Physics/WorldSolidZeroBounce.physicMaterial,Reviewed static-world solid collider from the frozen M04A1 source table.,TemporaryDirectImport,msc-world-baseline-04a1.1-c3f2f337,08A1.6
f873fcaa17183507bfb78bab205257a7,cd68382e2a67648dc68770d67110e64e,MAP/Buildings/BarnOld_junk/lato_door1,lato_door1,Door,BoxCollider,1,0,0,0,1,,0,1,ExcludedDoorRequiresBinding,0,Excluded,,,A door cannot become a static blocker before a project-owned hinge/interaction binding is authored.,TemporaryDirectImport,msc-world-baseline-04a1.1-c3f2f337,08A1.6
f899e0e814392e4f2a55be24315f6332,cc1ebee642bc6f1c46285b30093c5a35,COTTAGE/kitchen_bench 1,kitchen_bench 1,BuildingInterior,BoxCollider,1,0,0,0,0,,0,1,IncludedStaticWorldSolid,1,CellLegacy,WorldSolid,Assets/Game/World/Content/Physics/WorldSolidZeroBounce.physicMaterial,Reviewed static-world solid collider from the frozen M04A1 source table.,TemporaryDirectImport,msc-world-baseline-04a1.1-c3f2f337,08A1.6
f8c072549918210d598906206db4750c,947c8f07860535709b0fa97dc682e070,MAP/MESH/BRIDGE_dirt/NoRain,NoRain,ColliderOnly,MeshCollider,1,0,1,0,0,0000000000000000e000000000000000,10210,1,ExcludedBuiltinMeshRequiresMapping,0,Excluded,,,The donor collider references a Unity built-in mesh; no render-mesh fallback is permitted.,TemporaryDirectImport,msc-world-baseline-04a1.1-c3f2f337,08A1.6
f96235e6362efc750ae35c0c1c58a6a1,1bb8b0eecb8b491be44e21f680da94e0,YARD/Building/LIVINGROOM/LOD_livingroom/MAP/Darts/GrandmaFood,GrandmaFood,BuildingInterior,SphereCollider,1,1,0,0,0,,0,0,ExcludedTrigger,0,Excluded,,,Trigger volumes are not imported by the solid pass.,TemporaryDirectImport,msc-world-baseline-04a1.1-c3f2f337,08A1.6
f98940ca542dc4dd918a0bc44f84f9e1,e875dab37fa5482d2bb8d1aa76fe1378,REPAIRSHOP/LOD/Office/Fleetari/Brochure,Brochure,BuildingExterior,BoxCollider,1,0,0,0,0,,0,1,IncludedStaticWorldSolid,1,CellLegacy,WorldSolid,Assets/Game/World/Content/Physics/WorldSolidZeroBounce.physicMaterial,Reviewed static-world solid collider from the frozen M04A1 source table.,TemporaryDirectImport,msc-world-baseline-04a1.1-c3f2f337,08A1.6
f98c2f8b1ca5ab1f7f67a71a14b0125c,4441972214ce0fd6e38c4e1f41c948a3,YARD/Building/KITCHEN/Fridge/Glass,Glass,BuildingInterior,BoxCollider,1,0,0,0,0,,0,1,IncludedStaticWorldSolid,1,CellLegacy,WorldSolid,Assets/Game/World/Content/Physics/WorldSolidZeroBounce.physicMaterial,Reviewed static-world solid collider from the frozen M04A1 source table.,TemporaryDirectImport,msc-world-baseline-04a1.1-c3f2f337,08A1.6
f9db84f15692c44304511afbbd85bd59,9cf4d823bb21fcd3dcca3d8522c1aa39,STORE/LOD/ActivateStore/PostOffice/PostOrderBuy,PostOrderBuy,ColliderOnly,BoxCollider,1,1,0,0,0,,0,0,ExcludedTrigger,0,Excluded,,,Trigger volumes are not imported by the solid pass.,TemporaryDirectImport,msc-world-baseline-04a1.1-c3f2f337,08A1.6
f9e25699fc679b8478e0672eb2afca66,a2a4b990cbd5da4c1b9a28e2d2d9be79,YARD/Building/LOD/BasketBallHoop,BasketBallHoop,BuildingExterior,MeshCollider,1,0,0,0,0,b528b65f8e768ff42a6bfc22c9217023,4300000,1,IncludedStaticWorldSolid,1,CellLegacy,WorldSolid,Assets/Game/World/Content/Physics/WorldSolidZeroBounce.physicMaterial,Reviewed static-world solid collider from the frozen M04A1 source table.,TemporaryDirectImport,msc-world-baseline-04a1.1-c3f2f337,08A1.6
f9ed0d15faf58632ab62c8931dd101b9,0570bf377404a2de980d33c2e9ad81a6,YARD/Building/HOUSEFIRE/Bedroom2/ParticleFire/FireTrigger,FireTrigger,ColliderOnly,SphereCollider,1,1,0,0,0,,0,0,ExcludedTrigger,0,Excluded,,,Trigger volumes are not imported by the solid pass.,TemporaryDirectImport,msc-world-baseline-04a1.1-c3f2f337,08A1.6
f9f1fd978ade292df4982433a5604ffb,4bfef92e904f2c6e2c12aeb98cc0a00a,DANCEHALL/Functions/DanceCouple/Dancer1/Pivot/pelvis/spine_mid/shoulders(xxxxx)/head,head,ColliderOnly,CapsuleCollider,1,0,0,0,1,,0,0,ExcludedInactive,0,Excluded,,,The collider owner is inactive through the frozen donor hierarchy.,TemporaryDirectImport,msc-world-baseline-04a1.1-c3f2f337,08A1.6
fa76d70f52b1e41f83d276013c4924eb,0e99a7092a613df35a204ed4f4743722,RALLY/Scenery/Objects/Trailer/coll,coll,ColliderOnly,MeshCollider,1,0,1,0,0,5025a14cd0868e4409a80c8c99a07eed,4300000,0,ExcludedInactive,0,Excluded,,,The collider owner is inactive through the frozen donor hierarchy.,TemporaryDirectImport,msc-world-baseline-04a1.1-c3f2f337,08A1.6
fa7d80be50ff8a6ac83787d41bb1d49f,0e443691bbdc755becb19a783be02075,MAP/ChickenHouse/chicken_house_tank,chicken_house_tank,BuildingExterior,CapsuleCollider,1,0,0,0,0,,0,1,IncludedStaticWorldSolid,1,CellLegacy,WorldSolid,Assets/Game/World/Content/Physics/WorldSolidZeroBounce.physicMaterial,Reviewed static-world solid collider from the frozen M04A1 source table.,TemporaryDirectImport,msc-world-baseline-04a1.1-c3f2f337,08A1.6
faa613ae5742a44e3aa36dcedd9d6c65,34b88b4ead9dafd5e618bb8cc3d6ec78,REPAIRSHOP/LOD/ToolCart/Drawer/Tools/Sockets/socket(10)(Clone),socket(10)(Clone),ColliderOnly,SphereCollider,1,1,0,0,1,,0,0,ExcludedTrigger,0,Excluded,,,Trigger volumes are not imported by the solid pass.,TemporaryDirectImport,msc-world-baseline-04a1.1-c3f2f337,08A1.6
fad35b634aa1ab377f0c78be98869cae,a4bf7a3abc30a273affe07343c580d7e,COTTAGE/LOD/WaterWell/Functions/Trigger,Trigger,ColliderOnly,SphereCollider,1,1,0,0,0,,0,1,ExcludedTrigger,0,Excluded,,,Trigger volumes are not imported by the solid pass.,TemporaryDirectImport,msc-world-baseline-04a1.1-c3f2f337,08A1.6
fb08ac9195d2ac63614fda26d24246d4,703a7de32673317a64b06bf43fb319f1,THEATRE/LOD/Furniture/chair,chair,BuildingExterior,BoxCollider,1,0,0,0,1,,0,1,ExcludedDynamicRequiresPresenter,0,Excluded,,,The collider is owned by a donor Rigidbody on itself or an ancestor and requires a project-owned dynamic presenter instead of a frozen static blocker.,TemporaryDirectImport,msc-world-baseline-04a1.1-c3f2f337,08A1.6
fb12f1d6a26e06e693f9571ba5ed8312,e5e7442a34f76bd85065b3f269347e10,THEATRE/LOD/Furniture/shelf,shelf,BuildingExterior,BoxCollider,1,0,0,0,1,,0,1,ExcludedDynamicRequiresPresenter,0,Excluded,,,The collider is owned by a donor Rigidbody on itself or an ancestor and requires a project-owned dynamic presenter instead of a frozen static blocker.,TemporaryDirectImport,msc-world-baseline-04a1.1-c3f2f337,08A1.6
fb3cd829fa6e7cfbd818e8589e7bb3d2,847f56ce8c1be238f4bcae514bb55fdf,YARD/Building/LOD/HedgeFence/hedge,hedge,BuildingExterior,MeshCollider,1,0,1,0,0,9c6458347eea44a42b431025cf59f4cc,4300000,1,IncludedStaticWorldSolid,1,CellLegacy,WorldSolid,Assets/Game/World/Content/Physics/WorldSolidZeroBounce.physicMaterial,Reviewed static-world solid collider from the frozen M04A1 source table.,TemporaryDirectImport,msc-world-baseline-04a1.1-c3f2f337,08A1.6
fb57827f15eac02e6a6c4a72f35ddc23,b23da5c5a5c0b238f625c8e8c4f8de76,REPAIRSHOP/LOD/ToolCart/Drawer/Tools/screwdriver(Clone),screwdriver(Clone),ColliderOnly,CapsuleCollider,1,1,0,0,1,,0,0,ExcludedTrigger,0,Excluded,,,Trigger volumes are not imported by the solid pass.,TemporaryDirectImport,msc-world-baseline-04a1.1-c3f2f337,08A1.6
fb5ac6f00f3c92938c56a594748a93e9,70ff4d2d37ec7e39e3dd57a08efe85df,REPAIRSHOP/LOD/Store/Parts/BuyClutchDisc,BuyClutchDisc,ColliderOnly,SphereCollider,1,1,0,0,0,,0,1,ExcludedTrigger,0,Excluded,,,Trigger volumes are not imported by the solid pass.,TemporaryDirectImport,msc-world-baseline-04a1.1-c3f2f337,08A1.6
fb81db64981d09b973ad12e23cd1b31c,dadf92b24afc8478f14f2d8491b2bb2a,STORE/LOD/ActivateStore/LOTTO/BuyLotto,BuyLotto,ColliderOnly,SphereCollider,1,1,0,0,0,,0,1,ExcludedTrigger,0,Excluded,,,Trigger volumes are not imported by the solid pass.,TemporaryDirectImport,msc-world-baseline-04a1.1-c3f2f337,08A1.6
fbbcbf92129760bcbde59a2cbdc13134,668327075eeda2d0c38cfa0f75496bf1,STORE/LOD/GFX_Pub/chair_pub 3/colliders/coll,coll,ColliderOnly,BoxCollider,1,0,0,0,1,,0,1,ExcludedDynamicRequiresPresenter,0,Excluded,,,The collider is owned by a donor Rigidbody on itself or an ancestor and requires a project-owned dynamic presenter instead of a frozen static blocker.,TemporaryDirectImport,msc-world-baseline-04a1.1-c3f2f337,08A1.6
fbcb3f36fae74c642bc2c480748e4def,dfffce3af75d10ffd7b25eb016a4cd9b,STORE/LOD/GFX_Pub/table_pub 7,table_pub 7,BuildingExterior,BoxCollider,1,0,0,0,1,,0,1,ExcludedDynamicRequiresPresenter,0,Excluded,,,The collider is owned by a donor Rigidbody on itself or an ancestor and requires a project-owned dynamic presenter instead of a frozen static blocker.,TemporaryDirectImport,msc-world-baseline-04a1.1-c3f2f337,08A1.6
fbff676e57ce1fe645926700bd538242,832031a8a0464fa78cda51887b6d2513,RYKIPOHJA/BuildingsLOD/HouseOld5/roof_lining,roof_lining,Roof,MeshCollider,1,0,1,0,0,6561ec2a31d25d04c84a6af793a0b8a6,4300000,1,IncludedStaticWorldSolid,1,CellLegacy,WorldSolid,Assets/Game/World/Content/Physics/WorldSolidZeroBounce.physicMaterial,Reviewed static-world solid collider from the frozen M04A1 source table.,TemporaryDirectImport,msc-world-baseline-04a1.1-c3f2f337,08A1.6
fc0d2651f9b4a86561851f4969360c64,3a3f46048a4b2e3ca0403ea6d3119938,SOCCER/goal2/Colliders/coll,coll,ColliderOnly,CapsuleCollider,1,0,0,0,1,,0,1,ExcludedDynamicRequiresPresenter,0,Excluded,,,The collider is owned by a donor Rigidbody on itself or an ancestor and requires a project-owned dynamic presenter instead of a frozen static blocker.,TemporaryDirectImport,msc-world-baseline-04a1.1-c3f2f337,08A1.6
fc295dcfe489f976013f65f3251b832e,ccf44b25d7c0be3286f276803ea31eb5,STORE/LOD/ActivateStore/FoodProducts/Sausages,Sausages,ColliderOnly,CapsuleCollider,1,1,0,0,0,,0,1,ExcludedTrigger,0,Excluded,,,Trigger volumes are not imported by the solid pass.,TemporaryDirectImport,msc-world-baseline-04a1.1-c3f2f337,08A1.6
fc68f1f41a07073bd3cf84b191a6b602,0469020db99cf98a8575e6ae5047c109,STORE/VideoPoker/GameLogic/Buttons/Hold3,Hold3,ColliderOnly,SphereCollider,1,1,0,0,1,,0,1,ExcludedTrigger,0,Excluded,,,Trigger volumes are not imported by the solid pass.,TemporaryDirectImport,msc-world-baseline-04a1.1-c3f2f337,08A1.6
fc6e9326f3607053d520f9486490e8b5,2898978fa044667df43d09b3cda3c026,MISC/MAITO/Cube 4,Cube 4,InteractivePropCandidate,BoxCollider,1,0,0,0,1,,0,0,ExcludedInactive,0,Excluded,,,The collider owner is inactive through the frozen donor hierarchy.,TemporaryDirectImport,msc-world-baseline-04a1.1-c3f2f337,08A1.6
fc78c49fe40c20cfcb0744c2c518b508,c38d37b0f98f2b2bb00e3a5425770489,RALLY/PartsSalesman/Functions/Parts/BuyStarter,BuyStarter,ColliderOnly,SphereCollider,1,1,0,0,0,,0,1,ExcludedTrigger,0,Excluded,,,Trigger volumes are not imported by the solid pass.,TemporaryDirectImport,msc-world-baseline-04a1.1-c3f2f337,08A1.6
fd05749101d384ee27f6dbeb349154b1,8fba5518858f01b144961e14c7471458,MAP/Buildings/Barn/coll,coll,ColliderOnly,BoxCollider,1,0,0,0,0,,0,1,IncludedStaticWorldSolid,1,CellLegacy,WorldSolid,Assets/Game/World/Content/Physics/WorldSolidZeroBounce.physicMaterial,Reviewed static-world solid collider from the frozen M04A1 source table.,TemporaryDirectImport,msc-world-baseline-04a1.1-c3f2f337,08A1.6
fd404f21a0f2c94da4c2c5eb85f3bc95,2987bdc3576114fda4b4b319bd0d4681,MAP/MESH/TERRAIN_OBJ/Fields,Fields,Field,MeshCollider,1,0,0,0,0,62329ef689f366b4290c277a9647d692,4300000,1,IncludedSafetyCriticalGlobal,1,GlobalLegacy,WorldSurface,Assets/Game/World/Content/Physics/WorldSurfaceZeroBounce.physicMaterial,Continuous field traversal,TemporaryDirectImport,msc-world-baseline-04a1.1-c3f2f337,08A1.6
fda560f09f157082f82e2605736f2c9d,512eb06e132621dec46fab0b00cd0345,STORE/LOD/GFX_Store/BreakableWindows/store_windows_broken/store_windows_broken_006,store_windows_broken_006,Window,MeshCollider,1,0,1,0,1,c874a3a70acdefb4a8ad8ab215b817ae,4300000,0,ExcludedInactive,0,Excluded,,,The collider owner is inactive through the frozen donor hierarchy.,TemporaryDirectImport,msc-world-baseline-04a1.1-c3f2f337,08A1.6
fdae3ddcc506f6e5cfd0a895a5b66125,31703cf445a515e81272a8fe7d96f0b5,MAP/MESH/LogwallLarge,LogwallLarge,StaticProp,MeshCollider,1,0,1,0,0,02cdb7667d9ca4d49b627702944f9953,4300000,1,IncludedStaticWorldSolid,1,TrulyGlobalLegacy,WorldSolid,Assets/Game/World/Content/Physics/WorldSolidZeroBounce.physicMaterial,Reviewed static-world solid collider from the frozen M04A1 source table.,TemporaryDirectImport,msc-world-baseline-04a1.1-c3f2f337,08A1.6
fdbe3c4ab6c7ea439ae7d49116cc65b0,6f9762d83f4aa3a555f70fc9773ad69a,THEATRE/LOD/Open/PLAY/ActorsDisable/PRESIDENT/PIVOT/skeleton/pelvis/spine_middle/spine_upper/collar_left/shoulder_left/arm_left/hand_left,hand_left,ColliderOnly,SphereCollider,1,0,0,0,1,,0,0,ExcludedInactive,0,Excluded,,,The collider owner is inactive through the frozen donor hierarchy.,TemporaryDirectImport,msc-world-baseline-04a1.1-c3f2f337,08A1.6
fdcd077fb9bb4c54318624dafda12271,0e729cdb1975202b64e0302dc429afe2,YARD/Building/LIVINGROOM/LOD_livingroom/MAP/Darts/Wood1,Wood1,BuildingInterior,SphereCollider,1,1,0,0,0,,0,0,ExcludedTrigger,0,Excluded,,,Trigger volumes are not imported by the solid pass.,TemporaryDirectImport,msc-world-baseline-04a1.1-c3f2f337,08A1.6
fdfd9461780e21c20986f7bda04c4586,45503ace79406faac56b2c58bc45c8f7,YARD/Building/Dynamics/FuseTable/Fusetable/Fuse7,Fuse7,ColliderOnly,SphereCollider,1,1,0,0,0,,0,1,ExcludedTrigger,0,Excluded,,,Trigger volumes are not imported by the solid pass.,TemporaryDirectImport,msc-world-baseline-04a1.1-c3f2f337,08A1.6
fe1ab65cd8f8424e4d63e5e4f22c01fb,3490006d266443c36b024877dd82b06f,CABIN/Cabin/Ventti/PIG/VenttiPig/Pivot/Char/skeleton/pelvis/spine_middle/spine_upper/collar_right/shoulder_right/arm_right/hand_right/fingers_right/HandCollider,HandCollider,ColliderOnly,SphereCollider,1,0,0,0,1,,0,0,ExcludedInactive,0,Excluded,,,The collider owner is inactive through the frozen donor hierarchy.,TemporaryDirectImport,msc-world-baseline-04a1.1-c3f2f337,08A1.6
fed32b49d9ccc799d2269f7d5c01f1f2,7ea414bfc2f7638d251412fbdde6e20b,CABIN/LOD/WaterWell/water_well,water_well,BuildingExterior,MeshCollider,1,0,0,0,0,02110c1f6542e1c40a3c02c7df924d8f,4300000,1,IncludedStaticWorldSolid,1,CellLegacy,WorldSolid,Assets/Game/World/Content/Physics/WorldSolidZeroBounce.physicMaterial,Reviewed static-world solid collider from the frozen M04A1 source table.,TemporaryDirectImport,msc-world-baseline-04a1.1-c3f2f337,08A1.6
ff9e547b02f88b0124d9136885f3b985,6e154603bbabc79bef0f6b8a7b8614c2,MAP/Factory/MachineHall/coll,coll,ColliderOnly,BoxCollider,1,0,0,0,0,,0,1,IncludedStaticWorldSolid,1,CellLegacy,WorldSolid,Assets/Game/World/Content/Physics/WorldSolidZeroBounce.physicMaterial,Reviewed static-world solid collider from the frozen M04A1 source table.,TemporaryDirectImport,msc-world-baseline-04a1.1-c3f2f337,08A1.6
ffbf1bffca776cc0d864a04c40d72859,78e355137777a79c3f1c3bf79b16e830,SOCCER/goal1/Colliders/coll,coll,ColliderOnly,CapsuleCollider,1,0,0,0,1,,0,1,ExcludedDynamicRequiresPresenter,0,Excluded,,,The collider is owned by a donor Rigidbody on itself or an ancestor and requires a project-owned dynamic presenter instead of a frozen static blocker.,TemporaryDirectImport,msc-world-baseline-04a1.1-c3f2f337,08A1.6
ffc02e5dee9f3855b42d838bb2c4dcf1,2d59a1d4a61a6f5fa4d9a3f760dc7140,STORE/LOD/ActivateStore/SpraycanProducts/Spray04,Spray04,ColliderOnly,CapsuleCollider,1,1,0,0,0,,0,1,ExcludedTrigger,0,Excluded,,,Trigger volumes are not imported by the solid pass.,TemporaryDirectImport,msc-world-baseline-04a1.1-c3f2f337,08A1.6
ffdaa5cd3058ff1312d3905a994e0c08,b5a8ca5af45e6143776202b23194e838,PERAJARVI/HouseRintamaCrazy/rintama_wall,rintama_wall,BuildingExterior,MeshCollider,1,0,0,0,0,f7575f04f7d52f540bfa2c25138dba86,4300000,1,IncludedStaticWorldSolid,1,CellLegacy,WorldSolid,Assets/Game/World/Content/Physics/WorldSolidZeroBounce.physicMaterial,Reviewed static-world solid collider from the frozen M04A1 source table.,TemporaryDirectImport,msc-world-baseline-04a1.1-c3f2f337,08A1.6
