AssetKind,SourceGuid,SourceRelativePath,SourceSha256,SourceMetaSha256,SourceShaderOrProperties,CompatibilityOrRole,GeneratedAssetPath,ConversionFingerprintSha256,ReferenceCount,Width,Height,SourceBytes,EstimatedRuntimeBytes,SRGB,NormalMap,Mipmaps,StreamingMipmaps,WrapMode,FilterMode,AnisoLevel,Classification,Status,Notes
Material,011a65401b0b20241800d2a3fe119ac7,assetripper-unity-project/ExportedProject/Assets/Material/wood10.mat,1670103ef5cc9dda405bbdf2a2b14af6063ba44e958768ddc1180c7082ba3642,,BuiltIn/7,OpaqueLit,Assets/Game/LegacyImport/RuntimeBaseline/Generated/World/Materials/LegacyTextured/M06B2_011a65401b0b20241800d2a3fe119ac7.mat,b5eb1bd49c849c463ff883e30a81bdc44e03b7525861cca898ed258528963392,1,,,769,7576,,,,,,,,TemporaryDirectImport,Converted,Project-owned shader-aware HDRP compatibility material (08A1-temporary-hdrp-compatibility-v3); donor shader code is not imported.
Material,01276ca3ba7b9d847ab65a714052a724,assetripper-unity-project/ExportedProject/Assets/Material/plaster.mat,ac063ce430128c45f943e012390f3c7cc4648cc419b0f1176b4e34dc69a3488c,,BuiltIn/7,OpaqueLit,Assets/Game/LegacyImport/RuntimeBaseline/Generated/World/Materials/LegacyTextured/M06B2_01276ca3ba7b9d847ab65a714052a724.mat,026672ed5bdff0a947e3810f4afd14b69126059f0127b8a47bc886056573b312,1,,,1893,7576,,,,,,,,TemporaryDirectImport,Converted,Project-owned shader-aware HDRP compatibility material (08A1-temporary-hdrp-compatibility-v3); donor shader code is not imported.
Material,012b7f2522e1d1e4599c91e91bf037da,assetripper-unity-project/ExportedProject/Assets/Material/cardboard_box.mat,36ea2b4c2fead6b208d0ccdd3a845f4bd69f40e028ef689805d901e3d9198587,,BuiltIn/7,OpaqueLit,Assets/Game/LegacyImport/RuntimeBaseline/Generated/World/Materials/LegacyTextured/M06B2_012b7f2522e1d1e4599c91e91bf037da.mat,c0e8c28a106550ca356b5c2a32c95c13e53f2f96c12ec37b913165e29ebd5816,4,,,779,7576,,,,,,,,TemporaryDirectImport,Converted,Project-owned shader-aware HDRP compatibility material (08A1-temporary-hdrp-compatibility-v3); donor shader code is not imported.
Material,0163a99e90ca7104889755e9840f7bec,assetripper-unity-project/ExportedProject/Assets/Material/mast.mat,e7d13ed3c3d334d7b39f0d2bead821199860c681f9a76062dd65c4282114196d,,BuiltIn/7,OpaqueLit,Assets/Game/LegacyImport/RuntimeBaseline/Generated/World/Materials/LegacyTextured/M06B2_0163a99e90ca7104889755e9840f7bec.mat,1c4c7e03b4c33a02539aa6e3842483d43c6a5e8a1fc952ff0d1db13a94116eec,1,,,1902,7576,,,,,,,,TemporaryDirectImport,Converted,Project-owned shader-aware HDRP compatibility material (08A1-temporary-hdrp-compatibility-v3); donor shader code is not imported.
Material,01ffbe2f081493f45bec089b2a5a82d7,assetripper-unity-project/ExportedProject/Assets/Material/rally_signs.mat,53a9942f6be9a7985027764826572927fe4211b62491fe3d0edeb1532b2d4db4,,BuiltIn/7,OpaqueLit,Assets/Game/LegacyImport/RuntimeBaseline/Generated/World/Materials/LegacyTextured/M06B2_01ffbe2f081493f45bec089b2a5a82d7.mat,358506e12c5deb4d6f55be4d50f84c7cd1b30d7361310b2885bd09416251a47d,36,,,1895,7576,,,,,,,,TemporaryDirectImport,Converted,Project-owned shader-aware HDRP compatibility material (08A1-temporary-hdrp-compatibility-v3); donor shader code is not imported.
Material,0314abc01380d60468dc4791cd6d2867,assetripper-unity-project/ExportedProject/Assets/Material/tiles1.mat,9c9532f105d91291e50a6d7ec5f0b196ee45cbabe901130c84ad58076cd15519,,BuiltIn/7,OpaqueLit,Assets/Game/LegacyImport/RuntimeBaseline/Generated/World/Materials/LegacyTextured/M06B2_0314abc01380d60468dc4791cd6d2867.mat,d18689d1b93829ca81973549a747c3a517a9a69940a27cd1064af364056f652b,1,,,1893,7576,,,,,,,,TemporaryDirectImport,Converted,Project-owned shader-aware HDRP compatibility material (08A1-temporary-hdrp-compatibility-v3); donor shader code is not imported.
Material,034d277fe63ce0c4987b2da5acc4e3e9,assetripper-unity-project/ExportedProject/Assets/Material/color07.mat,9e83440c3c3695d35c480556d644f052a5f4d88dac4589cd7e6853cb1e34b68c,,Standard,OpaqueLit,Assets/Game/LegacyImport/RuntimeBaseline/Generated/World/Materials/LegacyTextured/M06B2_034d277fe63ce0c4987b2da5acc4e3e9.mat,6b288a0393989988b07f2039e0da2535eef8ee5c51eda78bf696b6fbe8a30783,3,,,3476,7656,,,,,,,,TemporaryDirectImport,Converted,Project-owned shader-aware HDRP compatibility material (08A1-temporary-hdrp-compatibility-v3); donor shader code is not imported.
Material,039ab40732f109b439a172bd6d7a4346,assetripper-unity-project/ExportedProject/Assets/Material/card_house6.mat,2b7952ee6eeab3fa924a8a5c1b6e9440faa8af42ec8441cda74952de831d4a39,,Legacy Shaders/Diffuse Detail,OpaqueLit,Assets/Game/LegacyImport/RuntimeBaseline/Generated/World/Materials/LegacyTextured/M06B2_039ab40732f109b439a172bd6d7a4346.mat,c1f72441ca2aac3bedade75b7f9ec7b1a1e0d5097d089cdd4eed83a4d4cc1e87,1,,,2147,7576,,,,,,,,TemporaryDirectImport,Converted,Project-owned shader-aware HDRP compatibility material (08A1-temporary-hdrp-compatibility-v3); donor shader code is not imported.
Material,04ed28788404f884e94b12d39c7ca0d6,assetripper-unity-project/ExportedProject/Assets/Material/wood_panel12.mat,b1fd5c10f56d66558de425ac0c43734f499c95176f1e7eb185f3eff85b690bfd,,BuiltIn/7,OpaqueLit,Assets/Game/LegacyImport/RuntimeBaseline/Generated/World/Materials/LegacyTextured/M06B2_04ed28788404f884e94b12d39c7ca0d6.mat,f359d516122304373c5b3f6e10d2a8b86bccbaec8020cd285dc74d4ca936a8d4,95,,,1920,7576,,,,,,,,TemporaryDirectImport,Converted,Project-owned shader-aware HDRP compatibility material (08A1-temporary-hdrp-compatibility-v3); donor shader code is not imported.
Material,052e7feb16347dc48a2a6ca12c8aa25e,assetripper-unity-project/ExportedProject/Assets/Material/wood_panel8.mat,fe67cc36216195bd4a6254505ccf8fe57b9ff653beff1ef47d3ff13493d8be33,,BuiltIn/7,OpaqueLit,Assets/Game/LegacyImport/RuntimeBaseline/Generated/World/Materials/LegacyTextured/M06B2_052e7feb16347dc48a2a6ca12c8aa25e.mat,8d4f1e8463b975749d752dd0df290076d1fb459ab0e6a0993fbe50960479aff3,14,,,1901,7576,,,,,,,,TemporaryDirectImport,Converted,Project-owned shader-aware HDRP compatibility material (08A1-temporary-hdrp-compatibility-v3); donor shader code is not imported.
Material,0567b15ad8936e6408eef7eebad8ca64,assetripper-unity-project/ExportedProject/Assets/Material/truck_rims_new.mat,bc61a7820c30f0bdabe72aa180970bb98cc01f9e49053ae7577f452663d4255f,,BuiltIn/7,OpaqueLit,Assets/Game/LegacyImport/RuntimeBaseline/Generated/World/Materials/LegacyTextured/M06B2_0567b15ad8936e6408eef7eebad8ca64.mat,1fe4d268e03ea1d53efb74244d2642cb8f6ab1fbe9f500abdf637714a6a040e3,2,,,1922,7576,,,,,,,,TemporaryDirectImport,Converted,Project-owned shader-aware HDRP compatibility material (08A1-temporary-hdrp-compatibility-v3); donor shader code is not imported.
Material,06cd824234ef21f40b2c797b15acbd26,assetripper-unity-project/ExportedProject/Assets/Material/wood4.mat,57aa3a08dd0d58b5805b59599e3daa577cbccb0ad155cc3b48c680d35b35b96c,,BuiltIn/7,OpaqueLit,Assets/Game/LegacyImport/RuntimeBaseline/Generated/World/Materials/LegacyTextured/M06B2_06cd824234ef21f40b2c797b15acbd26.mat,25254fc0d7aa9c9fd93bc617577eca05280e780b9ddda2127a2e6f63dcd7fe7b,1,,,2089,7576,,,,,,,,TemporaryDirectImport,Converted,Project-owned shader-aware HDRP compatibility material (08A1-temporary-hdrp-compatibility-v3); donor shader code is not imported.
Material,08d8474c379cef442a6c04483493190b,assetripper-unity-project/ExportedProject/Assets/Material/livingroom_table.mat,8e5cb78d6ef04fbe51d3b8de54431280606d62e19dbdc2ef42d8c8bc91fb4edd,,Standard,OpaqueLit,Assets/Game/LegacyImport/RuntimeBaseline/Generated/World/Materials/LegacyTextured/M06B2_08d8474c379cef442a6c04483493190b.mat,1203b1e9fecbedb993fcbb6fd0168e9cd5267ff0cd16ef606558f0097f637cef,2,,,3283,7576,,,,,,,,TemporaryDirectImport,Converted,Project-owned shader-aware HDRP compatibility material (08A1-temporary-hdrp-compatibility-v3); donor shader code is not imported.
Material,09a10169084281b4188ea156be5a56c0,assetripper-unity-project/ExportedProject/Assets/Material/tiles4.mat,834544abb2418b72e108f972c16bb5dfdad25596b5dc393d162ade59b00ec3b4,,BuiltIn/7,OpaqueLit,Assets/Game/LegacyImport/RuntimeBaseline/Generated/World/Materials/LegacyTextured/M06B2_09a10169084281b4188ea156be5a56c0.mat,888cbc7076baad718f3456a7a36217ac817c5f44e1c36163436258a595c525ef,5,,,1916,7576,,,,,,,,TemporaryDirectImport,Converted,Project-owned shader-aware HDRP compatibility material (08A1-temporary-hdrp-compatibility-v3); donor shader code is not imported.
Material,0b9c346450cf6564991b8a9a52e556b2,assetripper-unity-project/ExportedProject/Assets/Material/card_house1.mat,ca50d54a4c293d849165f8ff976ad1ee3b457965e96cdc340574f4c5d6707cab,,Legacy Shaders/Diffuse Detail,OpaqueLit,Assets/Game/LegacyImport/RuntimeBaseline/Generated/World/Materials/LegacyTextured/M06B2_0b9c346450cf6564991b8a9a52e556b2.mat,a0fec0ade6e7f4ae334f5b692bbdee17fd792d5555e80cd5a76e1bb9d91b40aa,1,,,2147,7576,,,,,,,,TemporaryDirectImport,Converted,Project-owned shader-aware HDRP compatibility material (08A1-temporary-hdrp-compatibility-v3); donor shader code is not imported.
Material,0cda977e31e26a741be6112cb58b1740,assetripper-unity-project/ExportedProject/Assets/Material/npc_car4.mat,68e2e16220f752fb0006610559354db56ee1880323595736e3802a6e67fcb092,,Standard,OpaqueLit,Assets/Game/LegacyImport/RuntimeBaseline/Generated/World/Materials/LegacyTextured/M06B2_0cda977e31e26a741be6112cb58b1740.mat,b879ab139b93a1c42f04f331aedc0e087ad6f330bb020be810ad7f2868cc86c4,1,,,4107,7576,,,,,,,,TemporaryDirectImport,Converted,Project-owned shader-aware HDRP compatibility material (08A1-temporary-hdrp-compatibility-v3); donor shader code is not imported.
Material,0cdbf55b049decb43bf8ff86d3d2c809,assetripper-unity-project/ExportedProject/Assets/Material/wood_panel9.mat,891e79abf505d920366cd726bd253b91c333e9f09030f45290dfe650bebefd16,,BuiltIn/7,OpaqueLit,Assets/Game/LegacyImport/RuntimeBaseline/Generated/World/Materials/LegacyTextured/M06B2_0cdbf55b049decb43bf8ff86d3d2c809.mat,37650baf695a014d6c06a561964e16b5a2ea52c974cde08d9a2e5aa7d9e85b1a,12,,,1911,7576,,,,,,,,TemporaryDirectImport,Converted,Project-owned shader-aware HDRP compatibility material (08A1-temporary-hdrp-compatibility-v3); donor shader code is not imported.
Material,0d2e4c7b028a45b43ac2f071caaebbb4,assetripper-unity-project/ExportedProject/Assets/Material/4TIE.mat,bd089f2e5db88f6d057708aa5549cd68276f99f6561ae723a44d9b8088289e1f,,Standard,OpaqueLit,Assets/Game/LegacyImport/RuntimeBaseline/Generated/World/Materials/LegacyTextured/M06B2_0d2e4c7b028a45b43ac2f071caaebbb4.mat,f227f60256b32054da780818fa43bee7bb9fe0a00579c66a2320416392ce0a5e,1,,,4829,7736,,,,,,,,TemporaryDirectImport,Converted,Project-owned shader-aware HDRP compatibility material (08A1-temporary-hdrp-compatibility-v3); donor shader code is not imported.
Material,0d7848b78ba58f14fb3d2ca5048dc19d,assetripper-unity-project/ExportedProject/Assets/Material/videopoker_lights_on.mat,43ad7477217257bcaff2aae6bc3a08584d5ff6d523010e82b4ae3e0708c4cf22,,Standard,EmissiveLit,Assets/Game/LegacyImport/RuntimeBaseline/Generated/World/Materials/LegacyTextured/M06B2_0d7848b78ba58f14fb3d2ca5048dc19d.mat,1a8fbc8a855facd009d696ad2154fac050f4d117a708a1c7dc08afcacaef97fa,1,,,3346,7576,,,,,,,,TemporaryDirectImport,Converted,Project-owned shader-aware HDRP compatibility material (08A1-temporary-hdrp-compatibility-v3); donor shader code is not imported.
Material,1124d0bf10a8a8242868f3092ae969a8,assetripper-unity-project/ExportedProject/Assets/Material/lamp_paper_off.mat,4d57051f301c95c98c2179e59d8151986f76f0c51a5bc0c1059c92753fb2f80a,,BuiltIn/7,OpaqueLit,Assets/Game/LegacyImport/RuntimeBaseline/Generated/World/Materials/LegacyTextured/M06B2_1124d0bf10a8a8242868f3092ae969a8.mat,58613342ab770c69b42b0d2daabbb3060e3d9cd86a9c53518bdca17dc6cfa576,1,,,2607,7576,,,,,,,,TemporaryDirectImport,Converted,Project-owned shader-aware HDRP compatibility material (08A1-temporary-hdrp-compatibility-v3); donor shader code is not imported.
Material,12fa23154f37b914db2028c9c5b92373,assetripper-unity-project/ExportedProject/Assets/Material/slot_buttons_on.mat,a925c17a45e11f7ce386de499c89777196372ef01def5af5a4755f995accae05,,Standard,EmissiveLit,Assets/Game/LegacyImport/RuntimeBaseline/Generated/World/Materials/LegacyTextured/M06B2_12fa23154f37b914db2028c9c5b92373.mat,51681ac8b23b4eeb84bdc4728e4ce82a966853277729055d1e8956b2e770ac55,1,,,3341,7576,,,,,,,,TemporaryDirectImport,Converted,Project-owned shader-aware HDRP compatibility material (08A1-temporary-hdrp-compatibility-v3); donor shader code is not imported.
Material,13068344900403f449c751b475ec3746,assetripper-unity-project/ExportedProject/Assets/Material/color12_0.mat,22e3d9a69582220cf6f6cf24bf0050f75d7af4758f0a7528c13d3e812e4321dc,,Standard,OpaqueLit,Assets/Game/LegacyImport/RuntimeBaseline/Generated/World/Materials/LegacyTextured/M06B2_13068344900403f449c751b475ec3746.mat,520e259faca2e0417bfcc3dcd8d2a83fea6c6dfc13e38c051758bf876cc7c0df,3,,,3484,7656,,,,,,,,TemporaryDirectImport,Converted,Project-owned shader-aware HDRP compatibility material (08A1-temporary-hdrp-compatibility-v3); donor shader code is not imported.
Material,1355ac04ad5e4e0469bf3d3f7c4658b9,assetripper-unity-project/ExportedProject/Assets/Material/dancehall_painting.mat,af6db084ca00639c361094eaa6f2d97cd9648ad68822d1331f1b758c7a1623a9,,BuiltIn/7,OpaqueLit,Assets/Game/LegacyImport/RuntimeBaseline/Generated/World/Materials/LegacyTextured/M06B2_1355ac04ad5e4e0469bf3d3f7c4658b9.mat,9c721355990039e2384fb4d8d704f34ddb28b3151f874472f39d6c66b3854cbc,1,,,1904,7576,,,,,,,,TemporaryDirectImport,Converted,Project-owned shader-aware HDRP compatibility material (08A1-temporary-hdrp-compatibility-v3); donor shader code is not imported.
Material,13ee5541ea37e0e4b8f2ed8f87a6c315,assetripper-unity-project/ExportedProject/Assets/Material/dotted_white_yellow.mat,fe441f9429dd730e4612294f853c7ac1186dccc114cbbd29f3f2bd766bb697f1,,Standard,AlphaClipLit,Assets/Game/LegacyImport/RuntimeBaseline/Generated/World/Materials/LegacyTextured/M06B2_13ee5541ea37e0e4b8f2ed8f87a6c315.mat,5c4af8ec820839668fba286354270e1a5a4eb00d1988bef4418113e50c9b40a5,1,,,3465,7824,,,,,,,,TemporaryDirectImport,Converted,Project-owned shader-aware HDRP compatibility material (08A1-temporary-hdrp-compatibility-v3); donor shader code is not imported.
Material,151f2e275c009954dac10df9e9221d87,assetripper-unity-project/ExportedProject/Assets/Material/wcbowl.mat,7fc543980fb426081c7c1661a0d853fc9c2b1569f5cb079965c0b475c0d7cc4b,,Standard,OpaqueLit,Assets/Game/LegacyImport/RuntimeBaseline/Generated/World/Materials/LegacyTextured/M06B2_151f2e275c009954dac10df9e9221d87.mat,a415e5374989d9ee4ee558cc82c63c1a225fc834e12d1e9d6136948107170943,6,,,3268,7576,,,,,,,,TemporaryDirectImport,Converted,Project-owned shader-aware HDRP compatibility material (08A1-temporary-hdrp-compatibility-v3); donor shader code is not imported.
Material,1535c205239309c4ebd05366618ca5b1,assetripper-unity-project/ExportedProject/Assets/Material/ROCKPALE.mat,9bf1046237caada5f3d1adda4e2469b020e71edec3d2a0632f8637c1303fdf27,,Standard,OpaqueLit,Assets/Game/LegacyImport/RuntimeBaseline/Generated/World/Materials/LegacyTextured/M06B2_1535c205239309c4ebd05366618ca5b1.mat,38bda9d48d24ed434a70823e401bcaf585bdf23b01265ac251a0b4b04b82e2fe,1,,,4777,7736,,,,,,,,TemporaryDirectImport,Converted,Project-owned shader-aware HDRP compatibility material (08A1-temporary-hdrp-compatibility-v3); donor shader code is not imported.
Material,176c387e585726d44a831f2397d27ee2,assetripper-unity-project/ExportedProject/Assets/Material/valmet_tires.mat,3a05656110364d80b4cf9455d546c092537680ff2fa8df787cd58166185079f7,,BuiltIn/7,OpaqueLit,Assets/Game/LegacyImport/RuntimeBaseline/Generated/World/Materials/LegacyTextured/M06B2_176c387e585726d44a831f2397d27ee2.mat,188346212f469f564267012bd135403e36754fe9fdd56aedab9cdb89dfcbd705,10,,,2098,7576,,,,,,,,TemporaryDirectImport,Converted,Project-owned shader-aware HDRP compatibility material (08A1-temporary-hdrp-compatibility-v3); donor shader code is not imported.
Material,18e1e93eb65e9544d81747e04650ef15,assetripper-unity-project/ExportedProject/Assets/Material/card_player9.mat,65c64cee8b236e069e371a28d9a9390c462835b5659d684e1a3c0edd690f420e,,Legacy Shaders/Diffuse Detail,OpaqueLit,Assets/Game/LegacyImport/RuntimeBaseline/Generated/World/Materials/LegacyTextured/M06B2_18e1e93eb65e9544d81747e04650ef15.mat,b6bd3953664de6b5a7759a0c94727f76417776edeaa672a5ddda7c64e3eb20b9,1,,,2148,7576,,,,,,,,TemporaryDirectImport,Converted,Project-owned shader-aware HDRP compatibility material (08A1-temporary-hdrp-compatibility-v3); donor shader code is not imported.
Material,1ea1d0e9ce3df484ab5061b4de22479a,assetripper-unity-project/ExportedProject/Assets/Material/wood5.mat,d94836a5215d96e847ada4852e9dd478b9e1e5957c7d189918e4903b1d922d41,,BuiltIn/7,OpaqueLit,Assets/Game/LegacyImport/RuntimeBaseline/Generated/World/Materials/LegacyTextured/M06B2_1ea1d0e9ce3df484ab5061b4de22479a.mat,7d93d628f8ecf26bee67a4bd782b229e98198162aee7dd74003f563ee24a7da1,1,,,1864,7576,,,,,,,,TemporaryDirectImport,Converted,Project-owned shader-aware HDRP compatibility material (08A1-temporary-hdrp-compatibility-v3); donor shader code is not imported.
Material,1eec4fa7c4700b640bb2b290370963f9,assetripper-unity-project/ExportedProject/Assets/Material/truck_tire_old.mat,07441d8a44e5dd2b67a770254b2a5e88c7d6d6d991baf22e3cae17bf7ce9a2d0,,BuiltIn/7,OpaqueLit,Assets/Game/LegacyImport/RuntimeBaseline/Generated/World/Materials/LegacyTextured/M06B2_1eec4fa7c4700b640bb2b290370963f9.mat,bc1cb6747f622c7406c6aa642b95b489fd517966210bd49bef83739bd856ad1d,5,,,1925,7576,,,,,,,,TemporaryDirectImport,Converted,Project-owned shader-aware HDRP compatibility material (08A1-temporary-hdrp-compatibility-v3); donor shader code is not imported.
Material,1ef4efee5367d784bb66b9be11bddcac,assetripper-unity-project/ExportedProject/Assets/Material/repair_shop_floor.mat,0a18c67dd1726165cd003453cb1afd65eaf28a657ce5fecd5fce6dabb30f5715,,Standard,OpaqueLit,Assets/Game/LegacyImport/RuntimeBaseline/Generated/World/Materials/LegacyTextured/M06B2_1ef4efee5367d784bb66b9be11bddcac.mat,c9b3c45e84180ff805cb897ce48647323850d4f62cc0af40ed15ccb224d20855,1,,,3439,7736,,,,,,,,TemporaryDirectImport,Converted,Project-owned shader-aware HDRP compatibility material (08A1-temporary-hdrp-compatibility-v3); donor shader code is not imported.
Material,1f89df477adbdd04c86d5a88b00da817,assetripper-unity-project/ExportedProject/Assets/Material/plastic1.mat,0bef4852ee82ca500e1d70226e142a488163a9b5c123a354b3e8767663bc5d93,,Standard,OpaqueLit,Assets/Game/LegacyImport/RuntimeBaseline/Generated/World/Materials/LegacyTextured/M06B2_1f89df477adbdd04c86d5a88b00da817.mat,a91bad269a9839bce8578d07ef9fcdb7ac7ec2365e5f555255641ef913848ae4,6,,,3441,7576,,,,,,,,TemporaryDirectImport,Converted,Project-owned shader-aware HDRP compatibility material (08A1-temporary-hdrp-compatibility-v3); donor shader code is not imported.
Material,20654a88cf94a284daafbbb91e1c64cb,assetripper-unity-project/ExportedProject/Assets/Material/wall_brick3.mat,136cc59e3f86a3315ec7e5f6bb370c981b114148fc732aa0c7eea404b546fbe9,,BuiltIn/7,OpaqueLit,Assets/Game/LegacyImport/RuntimeBaseline/Generated/World/Materials/LegacyTextured/M06B2_20654a88cf94a284daafbbb91e1c64cb.mat,459186bf9336d3d0d7018bcc54961e2146fab904c51ff02daa4d983f0ccd6f10,2,,,1921,7576,,,,,,,,TemporaryDirectImport,Converted,Project-owned shader-aware HDRP compatibility material (08A1-temporary-hdrp-compatibility-v3); donor shader code is not imported.
Material,2268461739a86394a858851d7497d2b7,assetripper-unity-project/ExportedProject/Assets/Material/fabric_70s.mat,fb816bfa9f95d7affceb9c3894d024608d0e02f352df91bd9d795ca8926d997f,,BuiltIn/7,OpaqueLit,Assets/Game/LegacyImport/RuntimeBaseline/Generated/World/Materials/LegacyTextured/M06B2_2268461739a86394a858851d7497d2b7.mat,df8a24f97293691449d632fbb041ffad31b34b2f82ba2c2238ff71ddd7c3be2e,3,,,1920,7576,,,,,,,,TemporaryDirectImport,Converted,Project-owned shader-aware HDRP compatibility material (08A1-temporary-hdrp-compatibility-v3); donor shader code is not imported.
Material,23e812d4652bf1849af4e922f7817ac4,assetripper-unity-project/ExportedProject/Assets/Material/store_banners.mat,63078547144d7e7d6b61fcf3cfb6e8255024daaa1e8b05ebf1c3ce08c26be178,,BuiltIn/7,OpaqueLit,Assets/Game/LegacyImport/RuntimeBaseline/Generated/World/Materials/LegacyTextured/M06B2_23e812d4652bf1849af4e922f7817ac4.mat,f11a7bd80554111a5a04858fa194b2db54a52cc90b6abb11426e8035d089035c,6,,,752,7576,,,,,,,,TemporaryDirectImport,Converted,Project-owned shader-aware HDRP compatibility material (08A1-temporary-hdrp-compatibility-v3); donor shader code is not imported.
Material,274798cd8649b9741a50b91fead62968,assetripper-unity-project/ExportedProject/Assets/Material/light_hallway.mat,2587b93cdd96c1c5067a87c656806776d722264c96aa95e6408c16421c79817d,,Standard,AlphaClipLit,Assets/Game/LegacyImport/RuntimeBaseline/Generated/World/Materials/LegacyTextured/M06B2_274798cd8649b9741a50b91fead62968.mat,e878c88caa43e1fdf84b21baa3cf5a1957e3f2c8a0a50d7dce0e3b5c40a67970,2,,,3292,7664,,,,,,,,TemporaryDirectImport,Converted,Project-owned shader-aware HDRP compatibility material (08A1-temporary-hdrp-compatibility-v3); donor shader code is not imported.
Material,275aec141dc286c4c9f9c76412d32ce0,assetripper-unity-project/ExportedProject/Assets/Material/card_player8.mat,c3a3745312cdbcab652c4d8c10603be196fc22e499fd5e493b2d01419900d6de,,Legacy Shaders/Diffuse Detail,OpaqueLit,Assets/Game/LegacyImport/RuntimeBaseline/Generated/World/Materials/LegacyTextured/M06B2_275aec141dc286c4c9f9c76412d32ce0.mat,2a63e9cc89757f599f8c5277762a21ff2bdddbfc2cc18fba12257b149e1624be,1,,,2148,7576,,,,,,,,TemporaryDirectImport,Converted,Project-owned shader-aware HDRP compatibility material (08A1-temporary-hdrp-compatibility-v3); donor shader code is not imported.
Material,28e28501dd24126478ca984aa254583b,assetripper-unity-project/ExportedProject/Assets/Material/valmet_chassis.mat,e497b0cec837a1785142765cb0bec3c4e6a48419816799dc9e7523538d8ea445,,BuiltIn/7,OpaqueLit,Assets/Game/LegacyImport/RuntimeBaseline/Generated/World/Materials/LegacyTextured/M06B2_28e28501dd24126478ca984aa254583b.mat,6360d1f933190825bc57702233d9dbc5b2d9c73c11305f260ab311102a35f81a,2,,,753,7576,,,,,,,,TemporaryDirectImport,Converted,Project-owned shader-aware HDRP compatibility material (08A1-temporary-hdrp-compatibility-v3); donor shader code is not imported.
Material,291de3b77a18a164aac67a31a24afa74,assetripper-unity-project/ExportedProject/Assets/Material/satsuma_tach.mat,0970e913d6c981221f658fc25577e5472aae7ed8c7a75dfe5e732217ee662338,,Standard,OpaqueLit,Assets/Game/LegacyImport/RuntimeBaseline/Generated/World/Materials/LegacyTextured/M06B2_291de3b77a18a164aac67a31a24afa74.mat,a097a9349f34f71f53d999ac8ab162a11b15d6f2146aad068d9079894aea1f08,1,,,3522,7576,,,,,,,,TemporaryDirectImport,Converted,Project-owned shader-aware HDRP compatibility material (08A1-temporary-hdrp-compatibility-v3); donor shader code is not imported.
Material,2959fa8ba3eea804fa42d76d9b6a86f1,assetripper-unity-project/ExportedProject/Assets/Material/ATLAS_DOORS.mat,ba5272fee0be96e848ca41abc429466086433292c40d5321420ddb53d11a5e1c,,BuiltIn/7,OpaqueLit,Assets/Game/LegacyImport/RuntimeBaseline/Generated/World/Materials/LegacyTextured/M06B2_2959fa8ba3eea804fa42d76d9b6a86f1.mat,7bd9bae99eb44d6b052ebecf8333026c55fe7868e3b0dd7a3d67b40157b644f0,28,,,1919,7576,,,,,,,,TemporaryDirectImport,Converted,Project-owned shader-aware HDRP compatibility material (08A1-temporary-hdrp-compatibility-v3); donor shader code is not imported.
Material,29d13813c6719704d8708e326f2c6047,assetripper-unity-project/ExportedProject/Assets/Material/wall_paint4.mat,0abe0255387b3b4facc4b2f8d685742993b347c7f8c746d5de25ca2df3fbbd93,,BuiltIn/7,OpaqueLit,Assets/Game/LegacyImport/RuntimeBaseline/Generated/World/Materials/LegacyTextured/M06B2_29d13813c6719704d8708e326f2c6047.mat,d2472b54266057f4a9a401dee9ffa9e5e883e999667f91d4c7caa46fe0f3ac7c,2,,,1921,7576,,,,,,,,TemporaryDirectImport,Converted,Project-owned shader-aware HDRP compatibility material (08A1-temporary-hdrp-compatibility-v3); donor shader code is not imported.
Material,29dd0c7527250a24ab478a5de638e93d,assetripper-unity-project/ExportedProject/Assets/Material/kitchentaso.mat,3174af6774b3b4dafe939bcc66dbe1f16c03c03ce0a4b7bcab3965d0af633e59,,Standard,OpaqueLit,Assets/Game/LegacyImport/RuntimeBaseline/Generated/World/Materials/LegacyTextured/M06B2_29dd0c7527250a24ab478a5de638e93d.mat,f856e72edc4115b6051bba5b35684e6bb048c83964bed89314f5f063ab182307,2,,,3280,7576,,,,,,,,TemporaryDirectImport,Converted,Project-owned shader-aware HDRP compatibility material (08A1-temporary-hdrp-compatibility-v3); donor shader code is not imported.
Material,29f141555dcbafc4bbaa79d3f2f80a0d,assetripper-unity-project/ExportedProject/Assets/Material/color11_0.mat,e3d4ddb581bf6cee9259a1a4696585f16909764e15f916c35f5f1e27bc542ed9,,Standard,OpaqueLit,Assets/Game/LegacyImport/RuntimeBaseline/Generated/World/Materials/LegacyTextured/M06B2_29f141555dcbafc4bbaa79d3f2f80a0d.mat,0273c146c8b939e39bb536d7117c17c7f8d6f85954cfd8c2abb605697591a962,3,,,3482,7656,,,,,,,,TemporaryDirectImport,Converted,Project-owned shader-aware HDRP compatibility material (08A1-temporary-hdrp-compatibility-v3); donor shader code is not imported.
Material,2b8378937c6afb64390d5474f4bcd14a,assetripper-unity-project/ExportedProject/Assets/Material/ROAD.mat,80decf91b0d93417a23aef52d3f4fcf84e671521b3267ce52fc789bc050fb8ab,,Legacy Shaders/Diffuse Detail,OpaqueLit,Assets/Game/LegacyImport/RuntimeBaseline/Generated/World/Materials/LegacyTextured/M06B2_2b8378937c6afb64390d5474f4bcd14a.mat,9ddd6f6bd638529785fa9927933a0ec9130b45d93f43185b66a26b3726912acc,1,,,2392,7736,,,,,,,,TemporaryDirectImport,Converted,Project-owned shader-aware HDRP compatibility material (08A1-temporary-hdrp-compatibility-v3); donor shader code is not imported.
Material,2d214106acacdec45883eeccd2d3435c,assetripper-unity-project/ExportedProject/Assets/Material/wood_panel2.mat,ee5295ea2186c89b6b821aed59ddd199100755410841ff1b9ca78cff28ac16af,,BuiltIn/7,OpaqueLit,Assets/Game/LegacyImport/RuntimeBaseline/Generated/World/Materials/LegacyTextured/M06B2_2d214106acacdec45883eeccd2d3435c.mat,84037cc2bd878de7c022ae7db416a9b76d859a56c7b6f9059187b6df1a159ae4,2,,,1936,7576,,,,,,,,TemporaryDirectImport,Converted,Project-owned shader-aware HDRP compatibility material (08A1-temporary-hdrp-compatibility-v3); donor shader code is not imported.
Material,2f9246a136bd8e049bb93f57adf802d4,assetripper-unity-project/ExportedProject/Assets/Material/carpet2.mat,cc4e45458fb483ccfb7372550652eaa5106330b3eb4dd188926ff1159ad73485,,Legacy Shaders/Diffuse Detail,OpaqueLit,Assets/Game/LegacyImport/RuntimeBaseline/Generated/World/Materials/LegacyTextured/M06B2_2f9246a136bd8e049bb93f57adf802d4.mat,6a081a00b44b2930b962027454f5f043df192be076aef7132e0cd5fea500f777,1,,,2146,7576,,,,,,,,TemporaryDirectImport,Converted,Project-owned shader-aware HDRP compatibility material (08A1-temporary-hdrp-compatibility-v3); donor shader code is not imported.
Material,3053483f32ee213419283150a38bf862,assetripper-unity-project/ExportedProject/Assets/Material/MUD.mat,792d1600d95af9a47fec8964bf04cffa74bf3674236bf9122e8659ab1ebd0dd2,,Standard (Specular setup),OpaqueLit,Assets/Game/LegacyImport/RuntimeBaseline/Generated/World/Materials/LegacyTextured/M06B2_3053483f32ee213419283150a38bf862.mat,b047de3d4d78701a154de2cac855123d83fdddff628b3d245721078a19751879,1,,,4894,7736,,,,,,,,TemporaryDirectImport,Converted,Project-owned shader-aware HDRP compatibility material (08A1-temporary-hdrp-compatibility-v3); donor shader code is not imported.
Material,315065a9823cfb54498c2f921b08b8b2,assetripper-unity-project/ExportedProject/Assets/Material/rally_ad.mat,2abdc438fca019f86e2e8ea3c246bd84077fd77c5a0d935a86cf31bf2c79f008,,Standard,OpaqueLit,Assets/Game/LegacyImport/RuntimeBaseline/Generated/World/Materials/LegacyTextured/M06B2_315065a9823cfb54498c2f921b08b8b2.mat,fa9ac2967687f306c378f6ce1e517cfd1816b76a71b8a90f75d0f11aa050aaf6,2,,,3267,7576,,,,,,,,TemporaryDirectImport,Converted,Project-owned shader-aware HDRP compatibility material (08A1-temporary-hdrp-compatibility-v3); donor shader code is not imported.
Material,328d0158877fdb24288102adfb0620c8,assetripper-unity-project/ExportedProject/Assets/Material/wood_panel16.mat,81b27d677c37212c4bf0510e9c48c716ba16ac8e4883078b65e8c76038f1560d,,BuiltIn/7,OpaqueLit,Assets/Game/LegacyImport/RuntimeBaseline/Generated/World/Materials/LegacyTextured/M06B2_328d0158877fdb24288102adfb0620c8.mat,d398fd487f8fe602d71a2e017f4b09dac6daee15b90f1602e15d4f3399cf5b15,1,,,1896,7576,,,,,,,,TemporaryDirectImport,Converted,Project-owned shader-aware HDRP compatibility material (08A1-temporary-hdrp-compatibility-v3); donor shader code is not imported.
Material,34897fe2d5d1ff74f95a645a85a4587d,assetripper-unity-project/ExportedProject/Assets/Material/wallpaper4.mat,6af9e6843981ae6a03fd3e533eaf9440494d2b64cb1321e6a382ad69a7cbeccd,,BuiltIn/7,OpaqueLit,Assets/Game/LegacyImport/RuntimeBaseline/Generated/World/Materials/LegacyTextured/M06B2_34897fe2d5d1ff74f95a645a85a4587d.mat,a7816d1c0019c08c0767625b2c312d9e1d806f6823c9bddf529ec1d21b3228e3,2,,,749,7576,,,,,,,,TemporaryDirectImport,Converted,Project-owned shader-aware HDRP compatibility material (08A1-temporary-hdrp-compatibility-v3); donor shader code is not imported.
Material,36565801c3f195a4fa7c759c08fd2051,assetripper-unity-project/ExportedProject/Assets/Material/gasoline_pumps_glass.mat,2ee26664532afc411569fdfaa80355552c7a83f1c02853ffb5b6f4885472dfc6,,Standard,TransparentLit,Assets/Game/LegacyImport/RuntimeBaseline/Generated/World/Materials/LegacyTextured/M06B2_36565801c3f195a4fa7c759c08fd2051.mat,e3491e6a784728d9dae475c4af8106d5e1977c7d00ea25513b700ee1f3e1aa54,3,,,3306,7744,,,,,,,,TemporaryDirectImport,Converted,Project-owned shader-aware HDRP compatibility material (08A1-temporary-hdrp-compatibility-v3); donor shader code is not imported.
Material,36a2bf77cc1ffce4696080ed5304205c,assetripper-unity-project/ExportedProject/Assets/Material/wood8.mat,44e6b858348ffb5033d779344c9179f5481bada785046e14748d608d60d481ba,,BuiltIn/7,OpaqueLit,Assets/Game/LegacyImport/RuntimeBaseline/Generated/World/Materials/LegacyTextured/M06B2_36a2bf77cc1ffce4696080ed5304205c.mat,431b22efcbdf4b160b12678f644d55702a422e812f23326002d3421433549185,10,,,1915,7576,,,,,,,,TemporaryDirectImport,Converted,Project-owned shader-aware HDRP compatibility material (08A1-temporary-hdrp-compatibility-v3); donor shader code is not imported.
Material,36edebdc5bf80da488894973f01c7f46,assetripper-unity-project/ExportedProject/Assets/Material/card_player4.mat,6ba60b390053a3512680c5c4eb32ca43db366c9cc82cfd5f9d941a81368f54b7,,Legacy Shaders/Diffuse Detail,OpaqueLit,Assets/Game/LegacyImport/RuntimeBaseline/Generated/World/Materials/LegacyTextured/M06B2_36edebdc5bf80da488894973f01c7f46.mat,6f0f4318cf4b8699d54a3da0b6544b7da73f3386ad7a6d701a4cd36329b5f867,1,,,2148,7576,,,,,,,,TemporaryDirectImport,Converted,Project-owned shader-aware HDRP compatibility material (08A1-temporary-hdrp-compatibility-v3); donor shader code is not imported.
Material,37017cd03d4f7b944a2979d3bc6940a6,assetripper-unity-project/ExportedProject/Assets/Material/wallpaper1.mat,16bd798f44fbe097017589ab36bd3db7aedebe4997c702d3ca3ed4e578f0cc38,,BuiltIn/7,OpaqueLit,Assets/Game/LegacyImport/RuntimeBaseline/Generated/World/Materials/LegacyTextured/M06B2_37017cd03d4f7b944a2979d3bc6940a6.mat,a0cd02313836e98e641937f9774b56a342929dd64c38e9ed69919a3fcf52cde9,1,,,749,7576,,,,,,,,TemporaryDirectImport,Converted,Project-owned shader-aware HDRP compatibility material (08A1-temporary-hdrp-compatibility-v3); donor shader code is not imported.
Material,385e2c95dfb52264aafc4c5b16fec253,assetripper-unity-project/ExportedProject/Assets/Material/tires_old.mat,6bd178ef944d7cc96042c2894aa59be11a948709ccb14a51c7b324f8d9a47834,,BuiltIn/7,OpaqueLit,Assets/Game/LegacyImport/RuntimeBaseline/Generated/World/Materials/LegacyTextured/M06B2_385e2c95dfb52264aafc4c5b16fec253.mat,081fe2d3ebee813c9291922cdc7cd4a2d5d88113dac2c4aa460274b0af66543c,12,,,952,7576,,,,,,,,TemporaryDirectImport,Converted,Project-owned shader-aware HDRP compatibility material (08A1-temporary-hdrp-compatibility-v3); donor shader code is not imported.
Material,38b4c16bc65924049bf7fdfdff5d2a61,assetripper-unity-project/ExportedProject/Assets/Material/carpet1.mat,e0561b896cbbf05c10e544806db92cc0911e17e33034ac86c2efd38c43b1105f,,Legacy Shaders/Diffuse Detail,OpaqueLit,Assets/Game/LegacyImport/RuntimeBaseline/Generated/World/Materials/LegacyTextured/M06B2_38b4c16bc65924049bf7fdfdff5d2a61.mat,232048cacad1764101aa71dba930cc2b25cb090b15e372ca5da3899affd54961,1,,,2146,7576,,,,,,,,TemporaryDirectImport,Converted,Project-owned shader-aware HDRP compatibility material (08A1-temporary-hdrp-compatibility-v3); donor shader code is not imported.
Material,395321640ea41a94fb6b394410206132,assetripper-unity-project/ExportedProject/Assets/Material/wood_panel11.mat,811a62e4844674e85f7ac2dd70edffc9de1a099d2bc8e12a7524ef546cf7c82e,,BuiltIn/7,OpaqueLit,Assets/Game/LegacyImport/RuntimeBaseline/Generated/World/Materials/LegacyTextured/M06B2_395321640ea41a94fb6b394410206132.mat,bbd954210f1a5dea72dd537c2af1c8c28bc77703c2f35c3eabd5210d88976262,6,,,751,7576,,,,,,,,TemporaryDirectImport,Converted,Project-owned shader-aware HDRP compatibility material (08A1-temporary-hdrp-compatibility-v3); donor shader code is not imported.
Material,3aecbc73bb50e7d489631c937d25ff56,assetripper-unity-project/ExportedProject/Assets/Material/WATER_COLOR.mat,ce816880e1a4cff120e297262f9d70d4ca07419152a4515ccbbbd0202d09e2b1,,Standard,TransparentLit,Assets/Game/LegacyImport/RuntimeBaseline/Generated/World/Materials/LegacyTextured/M06B2_3aecbc73bb50e7d489631c937d25ff56.mat,6c6fc80880a8f34e0455edbfa2a4445ddd12f6f0fa569cce72d6ed9dc65d0be1,1,,,4662,7744,,,,,,,,TemporaryDirectImport,Converted,Project-owned shader-aware HDRP compatibility material (08A1-temporary-hdrp-compatibility-v3); donor shader code is not imported.
Material,3bbdb57d208571d41a572b27f55a451e,assetripper-unity-project/ExportedProject/Assets/Material/bottle_booze_transparent.mat,0b7b5b1e18cd6a975955d030f6b3d7896aff0facfea890ec19a431e6433e0879,,Standard,TransparentLit,Assets/Game/LegacyImport/RuntimeBaseline/Generated/World/Materials/LegacyTextured/M06B2_3bbdb57d208571d41a572b27f55a451e.mat,2c5eb6024710436b8a1ceeb656c57a45e9af6f00544a7cce068e0febaa128a49,1,,,3650,7744,,,,,,,,TemporaryDirectImport,Converted,Project-owned shader-aware HDRP compatibility material (08A1-temporary-hdrp-compatibility-v3); donor shader code is not imported.
Material,3c70f4743b3634c4d853f0f23009ce86,assetripper-unity-project/ExportedProject/Assets/Material/metal_shiny.mat,f6ebaa86668edfe41ce9ddb225362c9c61fb14dd64e9e88e255d32d302321588,,Standard,OpaqueLit,Assets/Game/LegacyImport/RuntimeBaseline/Generated/World/Materials/LegacyTextured/M06B2_3c70f4743b3634c4d853f0f23009ce86.mat,c89d66894778c5209e4191f2ce82916e70427e59b5ee5f2f941783e88694973f,1,,,3426,7576,,,,,,,,TemporaryDirectImport,Converted,Project-owned shader-aware HDRP compatibility material (08A1-temporary-hdrp-compatibility-v3); donor shader code is not imported.
Material,3cb3695986ab44b439f884c63b789eaa,assetripper-unity-project/ExportedProject/Assets/Material/card_house5.mat,dc956f6855ca5b1604e02990f7e841a197df55628d891c7c3f8db5c673a34ca6,,Legacy Shaders/Diffuse Detail,OpaqueLit,Assets/Game/LegacyImport/RuntimeBaseline/Generated/World/Materials/LegacyTextured/M06B2_3cb3695986ab44b439f884c63b789eaa.mat,dd7ca481c536e4c279bb2e319b876ac1a377573799feacb97178c619cdad2425,1,,,2147,7576,,,,,,,,TemporaryDirectImport,Converted,Project-owned shader-aware HDRP compatibility material (08A1-temporary-hdrp-compatibility-v3); donor shader code is not imported.
Material,3e22b6aef244d364e9ca2a6e194891aa,assetripper-unity-project/ExportedProject/Assets/Material/Water4Simple.mat,6bb9b5949b44f12a09dce2658643bef7007109d58640fc07d6630cdbf5c009d5,,FX/SimpleWater4,TemporaryWater,Assets/Game/LegacyImport/RuntimeBaseline/Generated/World/Materials/LegacyTextured/M06B2_3e22b6aef244d364e9ca2a6e194891aa.mat,4b1385143751e932b57a1fc9277f27cc74072e884b13d4aded406cb1c4a99674,1,,,3721,7824,,,,,,,,TemporaryDirectImport,Converted,Project-owned shader-aware HDRP compatibility material (08A1-temporary-hdrp-compatibility-v3); donor shader code is not imported.
Material,3e3fbdf9c47702c4ca03333c451ba9cc,assetripper-unity-project/ExportedProject/Assets/Material/wall_metal3.mat,7e9fe2fcd2ad0cd59402c235715917476555ee1cb7deebc8c63a0603c6b04b4f,,Standard,AlphaClipLit,Assets/Game/LegacyImport/RuntimeBaseline/Generated/World/Materials/LegacyTextured/M06B2_3e3fbdf9c47702c4ca03333c451ba9cc.mat,029b08b837812eed4e053779ccbc5d4c3b4b17a7a1763da8b7dee859bfaba70c,1,,,3290,7664,,,,,,,,TemporaryDirectImport,Converted,Project-owned shader-aware HDRP compatibility material (08A1-temporary-hdrp-compatibility-v3); donor shader code is not imported.
Material,3ee4b33d4decd0d4fa45d2472d672a0a,assetripper-unity-project/ExportedProject/Assets/Material/wood_panel19.mat,242c1682c9dccbb6a6642e23e64d691e2b31b727f804d1dc5200a0f01ba4439c,,BuiltIn/7,OpaqueLit,Assets/Game/LegacyImport/RuntimeBaseline/Generated/World/Materials/LegacyTextured/M06B2_3ee4b33d4decd0d4fa45d2472d672a0a.mat,49412993ec5d4939304988234e91a6d11a04bbe2bacf1ee5702341f88eb61a00,1,,,1896,7576,,,,,,,,TemporaryDirectImport,Converted,Project-owned shader-aware HDRP compatibility material (08A1-temporary-hdrp-compatibility-v3); donor shader code is not imported.
Material,3f440bded0291204486262a8826cab0a,assetripper-unity-project/ExportedProject/Assets/Material/color10_0.mat,0dabac3fd1f848938f646600cc1e0afb02a2f7828783d512145652c19182a275,,Standard,OpaqueLit,Assets/Game/LegacyImport/RuntimeBaseline/Generated/World/Materials/LegacyTextured/M06B2_3f440bded0291204486262a8826cab0a.mat,48414de9dd7381a899fb9d013cb3e7e620bd7ad9a26c86540076d3bd74f0e30d,3,,,3481,7656,,,,,,,,TemporaryDirectImport,Converted,Project-owned shader-aware HDRP compatibility material (08A1-temporary-hdrp-compatibility-v3); donor shader code is not imported.
Material,3ff28ccf74043f849a9919b65fa7b81f,assetripper-unity-project/ExportedProject/Assets/Material/wall_paint7.mat,b599731fccbd10cdee0135bf00a2c8911f3fb81dc17bc9c81e82371873a6ce92,,BuiltIn/7,OpaqueLit,Assets/Game/LegacyImport/RuntimeBaseline/Generated/World/Materials/LegacyTextured/M06B2_3ff28ccf74043f849a9919b65fa7b81f.mat,6d6000a03ab8d21b7c2fb7c40335988ff482c66ff803ef67b74da50eab640af6,4,,,776,7576,,,,,,,,TemporaryDirectImport,Converted,Project-owned shader-aware HDRP compatibility material (08A1-temporary-hdrp-compatibility-v3); donor shader code is not imported.
Material,41ab6cea070209e498471b8ad3c5b378,assetripper-unity-project/ExportedProject/Assets/Material/water_under.mat,768e92ba51925b15d0f5b5efa9cccd07bc03dead0a4cd69a6c899e0a88f7d52a,,Standard,TransparentLit,Assets/Game/LegacyImport/RuntimeBaseline/Generated/World/Materials/LegacyTextured/M06B2_41ab6cea070209e498471b8ad3c5b378.mat,1d34003a227db20df39960a238200b084fc3d710579b43f9846849c7c0e68954,2,,,3389,7744,,,,,,,,TemporaryDirectImport,Converted,Project-owned shader-aware HDRP compatibility material (08A1-temporary-hdrp-compatibility-v3); donor shader code is not imported.
Material,41c65ba9d038a514dbf906677cdc7a6a,assetripper-unity-project/ExportedProject/Assets/Material/dirty_wallpaper.mat,762d8077753bcbb22869fc02df6d9b24118392458aef6973addc6f5343e0acd2,,Legacy Shaders/Diffuse Detail,OpaqueLit,Assets/Game/LegacyImport/RuntimeBaseline/Generated/World/Materials/LegacyTextured/M06B2_41c65ba9d038a514dbf906677cdc7a6a.mat,4f72013bbf1caaf74ab77c9b142b1342db0637ead04ac6829458677a54628fef,1,,,2131,7576,,,,,,,,TemporaryDirectImport,Converted,Project-owned shader-aware HDRP compatibility material (08A1-temporary-hdrp-compatibility-v3); donor shader code is not imported.
Material,4270f4c85d588a54b977b9aa2f26b18d,assetripper-unity-project/ExportedProject/Assets/Material/flagpole.mat,bd22afa895887012dbea054ce8b5669916f88c974ea7f1c701aaba44c93aeae3,,BuiltIn/7,OpaqueLit,Assets/Game/LegacyImport/RuntimeBaseline/Generated/World/Materials/LegacyTextured/M06B2_4270f4c85d588a54b977b9aa2f26b18d.mat,2077521c2c870f59d5b295a2186e2419ed610a3b2aa15225f49247b293f249c5,5,,,774,7576,,,,,,,,TemporaryDirectImport,Converted,Project-owned shader-aware HDRP compatibility material (08A1-temporary-hdrp-compatibility-v3); donor shader code is not imported.
Material,42b530eb71692134e8579866bceb8ae1,assetripper-unity-project/ExportedProject/Assets/Material/CHROME.mat,8b0390316fac1277badc1d769c703e36eae981259ad0e4445c32d3628a00cec9,,Standard (Specular setup),OpaqueLit,Assets/Game/LegacyImport/RuntimeBaseline/Generated/World/Materials/LegacyTextured/M06B2_42b530eb71692134e8579866bceb8ae1.mat,a95a48c00e59f0e78f6faab4c179e665ca5c3e9435abf2eb88dc50eeb9333980,17,,,3815,7576,,,,,,,,TemporaryDirectImport,Converted,Project-owned shader-aware HDRP compatibility material (08A1-temporary-hdrp-compatibility-v3); donor shader code is not imported.
Material,45fbb77927965604c91a75fe7752c5e2,assetripper-unity-project/ExportedProject/Assets/Material/wall_paint6.mat,c91de379a014d9149c220a400c2ba594d587800753ba0260c3902abf508fd8b2,,BuiltIn/7,OpaqueLit,Assets/Game/LegacyImport/RuntimeBaseline/Generated/World/Materials/LegacyTextured/M06B2_45fbb77927965604c91a75fe7752c5e2.mat,58fd2d7ab8828982f6e5adcc444ada8e6b7393146572d189772c977c0ff05d5a,3,,,2090,7576,,,,,,,,TemporaryDirectImport,Converted,Project-owned shader-aware HDRP compatibility material (08A1-temporary-hdrp-compatibility-v3); donor shader code is not imported.
Material,46515f5545d8fa84c93dd81b9def9908,assetripper-unity-project/ExportedProject/Assets/Material/card_house8.mat,5dadfbadb6ea51af5c698dcd5333650d0a74b703d8c67b5ff0132ed60c1d8c54,,Legacy Shaders/Diffuse Detail,OpaqueLit,Assets/Game/LegacyImport/RuntimeBaseline/Generated/World/Materials/LegacyTextured/M06B2_46515f5545d8fa84c93dd81b9def9908.mat,276ee07022df8981f0387598977f9aba16e4ac1e51366db4ff3a66b8f6aa9925,1,,,2147,7576,,,,,,,,TemporaryDirectImport,Converted,Project-owned shader-aware HDRP compatibility material (08A1-temporary-hdrp-compatibility-v3); donor shader code is not imported.
Material,46641cb58b79c604cbfaf33ab9c19e9c,assetripper-unity-project/ExportedProject/Assets/Material/ruler.mat,bbd15941883028dd1b3929240fb4e030719d9afe7d85abe300344084165de73b,,Standard,OpaqueLit,Assets/Game/LegacyImport/RuntimeBaseline/Generated/World/Materials/LegacyTextured/M06B2_46641cb58b79c604cbfaf33ab9c19e9c.mat,01f96d45b11f430091d58a2c68215ce3de15b6d619eb0ed08cb87b6552b4a985,1,,,3457,7656,,,,,,,,TemporaryDirectImport,Converted,Project-owned shader-aware HDRP compatibility material (08A1-temporary-hdrp-compatibility-v3); donor shader code is not imported.
Material,473d5f9e51de4f74c87329b7e2855687,assetripper-unity-project/ExportedProject/Assets/Material/kitchen_doors.mat,5efba6b2e316a1fa5556d6bd490a856ce42b4943b8e696f9ec91c77072f9f36e,,BuiltIn/7,OpaqueLit,Assets/Game/LegacyImport/RuntimeBaseline/Generated/World/Materials/LegacyTextured/M06B2_473d5f9e51de4f74c87329b7e2855687.mat,1e3e573ad0dc5758a7fdd57e50bcf66ca60079a99fbccb70a7c2d9c418251068,2,,,1928,7576,,,,,,,,TemporaryDirectImport,Converted,Project-owned shader-aware HDRP compatibility material (08A1-temporary-hdrp-compatibility-v3); donor shader code is not imported.
Material,4876f5939078b094f975118573adf9c0,assetripper-unity-project/ExportedProject/Assets/Material/dotted_white.mat,1bdea7835a081fcfb4df850d92e956f5d766a7e6b945d01df9e77a0badaedeb6,,Standard,AlphaClipLit,Assets/Game/LegacyImport/RuntimeBaseline/Generated/World/Materials/LegacyTextured/M06B2_4876f5939078b094f975118573adf9c0.mat,e4cd242bbd22df9fbc41306654360e63638fb44f7c1178f0a2621cf289203cd7,1,,,3458,7824,,,,,,,,TemporaryDirectImport,Converted,Project-owned shader-aware HDRP compatibility material (08A1-temporary-hdrp-compatibility-v3); donor shader code is not imported.
Material,495818ef59f0d834ea3a835203091cdb,assetripper-unity-project/ExportedProject/Assets/Material/wallpaper2.mat,ad95d97461d829b07d02db1a9ebf2d3f84917ff795f059bc8e34c3c813c1bb8a,,BuiltIn/7,OpaqueLit,Assets/Game/LegacyImport/RuntimeBaseline/Generated/World/Materials/LegacyTextured/M06B2_495818ef59f0d834ea3a835203091cdb.mat,26a31e4f3bded2c6a5d21ceb4b468c292d31f7bff433ad6abfc1e04d154e357f,1,,,1924,7576,,,,,,,,TemporaryDirectImport,Converted,Project-owned shader-aware HDRP compatibility material (08A1-temporary-hdrp-compatibility-v3); donor shader code is not imported.
Material,4c655eee1f5769647aaba353726e3d53,assetripper-unity-project/ExportedProject/Assets/Material/WHEAT_SIDE.mat,34ab9c4c25d48037117038b435745772cf2bf575bbfec475078306e7c27440a6,,Standard,AlphaClipLit,Assets/Game/LegacyImport/RuntimeBaseline/Generated/World/Materials/LegacyTextured/M06B2_4c655eee1f5769647aaba353726e3d53.mat,f2e136c932d33e0fd9ab03c9a09f07895703d575a11f6eb051809c6d2756a5a4,1,,,3834,7744,,,,,,,,TemporaryDirectImport,Converted,Project-owned shader-aware HDRP compatibility material (08A1-temporary-hdrp-compatibility-v3); donor shader code is not imported.
Material,4c7e993824e409b4aab199b533f2033f,assetripper-unity-project/ExportedProject/Assets/Material/paint 7.mat,d2722585af2a6a805da756c82983f76874fc91042108e195994f51d05cb7a179,,Standard,OpaqueLit,Assets/Game/LegacyImport/RuntimeBaseline/Generated/World/Materials/LegacyTextured/M06B2_4c7e993824e409b4aab199b533f2033f.mat,90538800dfb799560a41e914cf7c8856e49faba6b617b0c897b7c221d4f8a2cf,4,,,3988,7576,,,,,,,,TemporaryDirectImport,Converted,Project-owned shader-aware HDRP compatibility material (08A1-temporary-hdrp-compatibility-v3); donor shader code is not imported.
Material,4e242d5a6ee08ec46bb7facd191ecceb,assetripper-unity-project/ExportedProject/Assets/Material/color06.mat,d6126f67bc6fbffe6a3fb6c6c0053b1adabcff34709e903b4706cedb035a17a0,,Standard,OpaqueLit,Assets/Game/LegacyImport/RuntimeBaseline/Generated/World/Materials/LegacyTextured/M06B2_4e242d5a6ee08ec46bb7facd191ecceb.mat,1bf349357cb0674c068183ef75e87d29d15a6a427585c89f4da454e2022536c6,3,,,3483,7656,,,,,,,,TemporaryDirectImport,Converted,Project-owned shader-aware HDRP compatibility material (08A1-temporary-hdrp-compatibility-v3); donor shader code is not imported.
Material,4fc5068342b347643b8a8a7732ea3d6e,assetripper-unity-project/ExportedProject/Assets/Material/color05.mat,0abe1f20cb3dc4cb4303e65ac3964414791060a71dac141216d732fd8efeaa48,,Standard,OpaqueLit,Assets/Game/LegacyImport/RuntimeBaseline/Generated/World/Materials/LegacyTextured/M06B2_4fc5068342b347643b8a8a7732ea3d6e.mat,4f64e2b65902b351d7933eb79b3de8fac49416ed5d7515a5dc6f80a631cabc07,3,,,3484,7656,,,,,,,,TemporaryDirectImport,Converted,Project-owned shader-aware HDRP compatibility material (08A1-temporary-hdrp-compatibility-v3); donor shader code is not imported.
Material,505c0da5d59fb1a4fbc38445d0494ef3,assetripper-unity-project/ExportedProject/Assets/Material/bottle_beer.mat,edf0c33219bea3ace01f6b5d1241e94261afe5dacf62aef69c994dee78f79c48,,Standard,OpaqueLit,Assets/Game/LegacyImport/RuntimeBaseline/Generated/World/Materials/LegacyTextured/M06B2_505c0da5d59fb1a4fbc38445d0494ef3.mat,ef9d26a82870ef701ef6491843fee7b0fd0a1de6e6756385e8c2f1282b98b717,17,,,3622,7576,,,,,,,,TemporaryDirectImport,Converted,Project-owned shader-aware HDRP compatibility material (08A1-temporary-hdrp-compatibility-v3); donor shader code is not imported.
Material,52580e7b1213f134b9d538d61097139e,assetripper-unity-project/ExportedProject/Assets/Material/roof_metal 1.mat,71471b3686239a9e1107353af077020d643cd4dc5d9f915ff7d95aa80b674b41,,BuiltIn/7,OpaqueLit,Assets/Game/LegacyImport/RuntimeBaseline/Generated/World/Materials/LegacyTextured/M06B2_52580e7b1213f134b9d538d61097139e.mat,55f83a5b84d4f9e29344760759c3157cfd587547fba00112baf943c1a53fe618,8,,,1922,7576,,,,,,,,TemporaryDirectImport,Converted,Project-owned shader-aware HDRP compatibility material (08A1-temporary-hdrp-compatibility-v3); donor shader code is not imported.
Material,5319aa8eb798ed4448cc0e4a75e8cd22,assetripper-unity-project/ExportedProject/Assets/Material/npc_car6.mat,ad7c39fef043d5b68a1019d3e1e43f7742520c006043a99d96dc329ea01527bc,,Standard,OpaqueLit,Assets/Game/LegacyImport/RuntimeBaseline/Generated/World/Materials/LegacyTextured/M06B2_5319aa8eb798ed4448cc0e4a75e8cd22.mat,864c1e5810e887ae3512455d0b716f247119ab180222aefd3880d86547089013,1,,,4070,7576,,,,,,,,TemporaryDirectImport,Converted,Project-owned shader-aware HDRP compatibility material (08A1-temporary-hdrp-compatibility-v3); donor shader code is not imported.
Material,5331eb6053122a543bb6668ec5bd908e,assetripper-unity-project/ExportedProject/Assets/Material/VEGETATION.mat,95ddb1d59e45a9423bece5b166e9f514d1e9b9daaa7a9f1041a0f152c5e78b65,,Nature/Tree Soft Occlusion Leaves,AlphaClipLit,Assets/Game/LegacyImport/RuntimeBaseline/Generated/World/Materials/LegacyTextured/M06B2_5331eb6053122a543bb6668ec5bd908e.mat,dcd252b42cd09c5a83917e1635dce79a1fe16624774a9f61e8b3ab652979d8d8,16,,,1512,7744,,,,,,,,TemporaryDirectImport,Converted,Project-owned shader-aware HDRP compatibility material (08A1-temporary-hdrp-compatibility-v3); donor shader code is not imported.
Material,53dfc1c66e571494fa65be4e5410b7af,assetripper-unity-project/ExportedProject/Assets/Material/386_screen.mat,ae0be479226c87b8d83b130959b3bd98d0afa5a810b08bca1a6cadafee635a9c,,BuiltIn/10752,TransparentUnlit,Assets/Game/LegacyImport/RuntimeBaseline/Generated/World/Materials/LegacyTextured/M06B2_53dfc1c66e571494fa65be4e5410b7af.mat,ffcfb2b4a31ce76fbd856fd9fbbe3e31a5c17f0e828de284db4740d83e244aa9,1,,,1928,3440,,,,,,,,TemporaryDirectImport,Converted,Project-owned shader-aware HDRP compatibility material (08A1-temporary-hdrp-compatibility-v3); donor shader code is not imported.
Material,54965379338f15b4db38e9607303b3af,assetripper-unity-project/ExportedProject/Assets/Material/store_window_banners.mat,8bd73ff8f76d101e7259ee065329fe4caaace4f0c4b291640d3f5881ec61839d,,Standard,OpaqueLit,Assets/Game/LegacyImport/RuntimeBaseline/Generated/World/Materials/LegacyTextured/M06B2_54965379338f15b4db38e9607303b3af.mat,12b6739e819737eba28ae6608b28b1a50ae011ad421074eb5e4d60afe18498af,19,,,3289,7576,,,,,,,,TemporaryDirectImport,Converted,Project-owned shader-aware HDRP compatibility material (08A1-temporary-hdrp-compatibility-v3); donor shader code is not imported.
Material,54f680e058a005a4ea506d9ea9831073,assetripper-unity-project/ExportedProject/Assets/Material/ROCKWALL.mat,54925f61ca4c35c2d82a0e88db314da8949da208e52786d73a8da97751beb0b1,,Standard,OpaqueLit,Assets/Game/LegacyImport/RuntimeBaseline/Generated/World/Materials/LegacyTextured/M06B2_54f680e058a005a4ea506d9ea9831073.mat,8bd5d0f9647053703f52c9ddd228ac053a4495758c24948db881a57ce892864e,2,,,4772,7736,,,,,,,,TemporaryDirectImport,Converted,Project-owned shader-aware HDRP compatibility material (08A1-temporary-hdrp-compatibility-v3); donor shader code is not imported.
Material,5517bbb0862389642906419c2480fccd,assetripper-unity-project/ExportedProject/Assets/Material/color09.mat,d2f95105b33d4a2b6c76aefe1a38f977479fe9c584523ad20ff41f414982d7c1,,Standard,OpaqueLit,Assets/Game/LegacyImport/RuntimeBaseline/Generated/World/Materials/LegacyTextured/M06B2_5517bbb0862389642906419c2480fccd.mat,5f0138ba0aa35621e3a3e8f139bfec1c9b61247ed054accf1aff9bb56a23fd35,3,,,3482,7656,,,,,,,,TemporaryDirectImport,Converted,Project-owned shader-aware HDRP compatibility material (08A1-temporary-hdrp-compatibility-v3); donor shader code is not imported.
Material,56d8bfd532b19e149a6987e1a81d1d10,assetripper-unity-project/ExportedProject/Assets/Material/ATLAS_GROCERIES.mat,e09651bc57fea451b4254402ef1612be4d79df55d23bcc90cf16a7c40eb05548,,BuiltIn/7,OpaqueLit,Assets/Game/LegacyImport/RuntimeBaseline/Generated/World/Materials/LegacyTextured/M06B2_56d8bfd532b19e149a6987e1a81d1d10.mat,5d79313f4f59474162ae20681874c355047b7076daa57aa7886400e94a00b75d,119,,,1923,7576,,,,,,,,TemporaryDirectImport,Converted,Project-owned shader-aware HDRP compatibility material (08A1-temporary-hdrp-compatibility-v3); donor shader code is not imported.
Material,5795ea9daff1efd419642c3139300ac2,assetripper-unity-project/ExportedProject/Assets/Material/tires_DRAG.mat,1cc8000fd74fa0227b0ca81ea95ef425dd3560d6712064107ab2eda5e0f22828,,Standard,OpaqueLit,Assets/Game/LegacyImport/RuntimeBaseline/Generated/World/Materials/LegacyTextured/M06B2_5795ea9daff1efd419642c3139300ac2.mat,2a476e4b9c5f41a1308a7dd4e1a1bb2fe1082b77fe80bd30cb540f3f8c27e08c,2,,,3519,7656,,,,,,,,TemporaryDirectImport,Converted,Project-owned shader-aware HDRP compatibility material (08A1-temporary-hdrp-compatibility-v3); donor shader code is not imported.
Material,5867006cdfa8abe479a6039816b5e06b,assetripper-unity-project/ExportedProject/Assets/Material/lippusiima.mat,eea95418844b1c64181273473a5cf0ade6fbbdb9315babafb2b6e3241258ccc4,,BuiltIn/7,OpaqueLit,Assets/Game/LegacyImport/RuntimeBaseline/Generated/World/Materials/LegacyTextured/M06B2_5867006cdfa8abe479a6039816b5e06b.mat,70361ea5cdbcf41b1d857ef7378f2da9f8558941411bbec94fdd0e568071215e,43,,,1902,7576,,,,,,,,TemporaryDirectImport,Converted,Project-owned shader-aware HDRP compatibility material (08A1-temporary-hdrp-compatibility-v3); donor shader code is not imported.
Material,58b4f582d87b67845b7b4cfeee6b34c7,assetripper-unity-project/ExportedProject/Assets/Material/selector_green.mat,a5573c11b068bbd7e8384ef49c3ac2bf49c70a6ef903ba5784608d1233f41b23,,BuiltIn/10755,Unlit,Assets/Game/LegacyImport/RuntimeBaseline/Generated/World/Materials/LegacyTextured/M06B2_58b4f582d87b67845b7b4cfeee6b34c7.mat,d0c83a7bfc59a3bc27ef35a5680e26fdf36c6c7f688501d278d05e1d5a0fd0b8,2,,,539,3352,,,,,,,,TemporaryDirectImport,Converted,Project-owned shader-aware HDRP compatibility material (08A1-temporary-hdrp-compatibility-v3); donor shader code is not imported.
Material,58bb4e6cde6b5b64f937c72c1c9942e5,assetripper-unity-project/ExportedProject/Assets/Material/shelf_bars.mat,d8cdbc67ab8eb589497bab302efa3031191d734c587fff1f0bc10b90da50b529,,Standard,AlphaClipLit,Assets/Game/LegacyImport/RuntimeBaseline/Generated/World/Materials/LegacyTextured/M06B2_58bb4e6cde6b5b64f937c72c1c9942e5.mat,4bb687f7b9a5d05493884ecc7f98ec35eb4193c8a921cd5a0ace71c1b73f0051,11,,,3489,7664,,,,,,,,TemporaryDirectImport,Converted,Project-owned shader-aware HDRP compatibility material (08A1-temporary-hdrp-compatibility-v3); donor shader code is not imported.
Material,58cbe5606cd520c4ca4a5b3b1c1548fb,assetripper-unity-project/ExportedProject/Assets/Material/wall_brick2.mat,e6d1f81f68f73afa0573f2cc06923c3bd4d6b9dd2fde08da73e25dcefe659536,,Legacy Shaders/Bumped Diffuse,OpaqueLit,Assets/Game/LegacyImport/RuntimeBaseline/Generated/World/Materials/LegacyTextured/M06B2_58cbe5606cd520c4ca4a5b3b1c1548fb.mat,3df7e603920974b46f17f7cd32306cb7da8e45e1f8c89eae3c5129c718227231,8,,,2151,7656,,,,,,,,TemporaryDirectImport,Converted,Project-owned shader-aware HDRP compatibility material (08A1-temporary-hdrp-compatibility-v3); donor shader code is not imported.
Material,59394e0945262bb44b27bb5d3eadcc6d,assetripper-unity-project/ExportedProject/Assets/Material/fabric_flower2.mat,4fab220b884a8aa4ca0de924e04ce2aabc62e73b8aacea0feddd4ba3f40c819c,,BuiltIn/7,OpaqueLit,Assets/Game/LegacyImport/RuntimeBaseline/Generated/World/Materials/LegacyTextured/M06B2_59394e0945262bb44b27bb5d3eadcc6d.mat,a77745167ed58abc5e74987697fd9cb4cd4b802b27da777e782e6f02c3301e43,1,,,753,7576,,,,,,,,TemporaryDirectImport,Converted,Project-owned shader-aware HDRP compatibility material (08A1-temporary-hdrp-compatibility-v3); donor shader code is not imported.
Material,5a5c0f1993185af4fac578c232e2eaea,assetripper-unity-project/ExportedProject/Assets/Material/TREEWALL_higher.mat,3ae1be33e3327e7763ce7e5d02d8abb9dc58bd5c59104e8ffc94b636236f666a,,Nature/Tree Creator Leaves,AlphaClipLit,Assets/Game/LegacyImport/RuntimeBaseline/Generated/World/Materials/LegacyTextured/M06B2_5a5c0f1993185af4fac578c232e2eaea.mat,14682bda8d9e50304edee9b29445dbd2fe89b3ba412fdcdec52d98c7314c781f,1,,,2555,7824,,,,,,,,TemporaryDirectImport,Converted,Project-owned shader-aware HDRP compatibility material (08A1-temporary-hdrp-compatibility-v3); donor shader code is not imported.
Material,5b6be930878f72847bfc6e7dd6238bf3,assetripper-unity-project/ExportedProject/Assets/Material/fabric_suomi.mat,2ec5d76e82b87b66a2fa93614b16159a0e74ee6add971b414e6e1c70bb523d8e,,Standard,OpaqueLit,Assets/Game/LegacyImport/RuntimeBaseline/Generated/World/Materials/LegacyTextured/M06B2_5b6be930878f72847bfc6e7dd6238bf3.mat,4c050dfef67b90c8fba68a55b47448d3e90dbaad87cb63c095d9366497862960,3,,,3434,7736,,,,,,,,TemporaryDirectImport,Converted,Project-owned shader-aware HDRP compatibility material (08A1-temporary-hdrp-compatibility-v3); donor shader code is not imported.
Material,5bf4375d50d51b94892331cdd0a262ee,assetripper-unity-project/ExportedProject/Assets/Material/christmas_tree.mat,a7041ec556e46322df6515508d563b4707c1bb139af06bbbb73833e5d49e5f09,,BuiltIn/7,OpaqueLit,Assets/Game/LegacyImport/RuntimeBaseline/Generated/World/Materials/LegacyTextured/M06B2_5bf4375d50d51b94892331cdd0a262ee.mat,268eac1f06e03ecffef63ace9d111e8258fb460e5653cfd5fcbf343bf93a3423,1,,,1872,7576,,,,,,,,TemporaryDirectImport,Converted,Project-owned shader-aware HDRP compatibility material (08A1-temporary-hdrp-compatibility-v3); donor shader code is not imported.
Material,5c3c46f13bd5de54bae979b1ee3f87a7,assetripper-unity-project/ExportedProject/Assets/Material/LANDFILL_PILES.mat,e9001323e890da3b5a7283ea819bfef154c6ff67a5353bbdd2a543f1c178ce8c,,Legacy Shaders/Diffuse Detail,OpaqueLit,Assets/Game/LegacyImport/RuntimeBaseline/Generated/World/Materials/LegacyTextured/M06B2_5c3c46f13bd5de54bae979b1ee3f87a7.mat,7062818226157e4a7eae5f9e3ae94014617e4473059264e0785b64109dbd9fdb,2,,,3515,7736,,,,,,,,TemporaryDirectImport,Converted,Project-owned shader-aware HDRP compatibility material (08A1-temporary-hdrp-compatibility-v3); donor shader code is not imported.
Material,5cc44389f1f10bf4cabee6d33feb1551,assetripper-unity-project/ExportedProject/Assets/Material/GRAVEL.mat,81f7bc5f8101a17290a721a49aa9f126f7ad5067b074d9894c04b44f6dccea48,,Legacy Shaders/Diffuse Detail,OpaqueLit,Assets/Game/LegacyImport/RuntimeBaseline/Generated/World/Materials/LegacyTextured/M06B2_5cc44389f1f10bf4cabee6d33feb1551.mat,1ff43ed7df7e0ba5014e735768c988767e024d6ee710c3d4854671ea540e0005,1,,,2161,7736,,,,,,,,TemporaryDirectImport,Converted,Project-owned shader-aware HDRP compatibility material (08A1-temporary-hdrp-compatibility-v3); donor shader code is not imported.
Material,5ce8c8e4273c7624fa209816bbc53e54,assetripper-unity-project/ExportedProject/Assets/Material/wood_panel6.mat,a0d88645638cc45425c8001f7777aa98c48aaa00876f73002778d27872a4d501,,BuiltIn/7,OpaqueLit,Assets/Game/LegacyImport/RuntimeBaseline/Generated/World/Materials/LegacyTextured/M06B2_5ce8c8e4273c7624fa209816bbc53e54.mat,5415ce143fbceb3322a3938afc2df4b201d5bdd858edaef5d3f617740972d5da,1,,,756,7576,,,,,,,,TemporaryDirectImport,Converted,Project-owned shader-aware HDRP compatibility material (08A1-temporary-hdrp-compatibility-v3); donor shader code is not imported.
Material,5daf8ae88eb33924f8a342685a5044a2,assetripper-unity-project/ExportedProject/Assets/Material/wall_brick4.mat,5cd66b4c728411853fe9cd9ca400f81d471ffa62f59a5d0b6a410b5569079544,,BuiltIn/7,OpaqueLit,Assets/Game/LegacyImport/RuntimeBaseline/Generated/World/Materials/LegacyTextured/M06B2_5daf8ae88eb33924f8a342685a5044a2.mat,35d85a39bb59f56119e9eda0c0b7e46c1be415fad86c4d7efe7fbf3c2a358f6f,3,,,1921,7576,,,,,,,,TemporaryDirectImport,Converted,Project-owned shader-aware HDRP compatibility material (08A1-temporary-hdrp-compatibility-v3); donor shader code is not imported.
Material,5ff650016d86e7445be12e42b88a66ea,assetripper-unity-project/ExportedProject/Assets/Material/color01.mat,76761354846494b55919bfed6f97d814c52581bfdbe7b8f6329521dfa56b66f2,,Standard,OpaqueLit,Assets/Game/LegacyImport/RuntimeBaseline/Generated/World/Materials/LegacyTextured/M06B2_5ff650016d86e7445be12e42b88a66ea.mat,62c53837d9ab2f745666055aede0cd32c6f3fbe29430e644f6d2cec0bdb7c3ee,3,,,3481,7656,,,,,,,,TemporaryDirectImport,Converted,Project-owned shader-aware HDRP compatibility material (08A1-temporary-hdrp-compatibility-v3); donor shader code is not imported.
Material,611975a97505b0949afe667f3a237e45,assetripper-unity-project/ExportedProject/Assets/Material/npc_car2.mat,8e944f2e8d0d1cc4d3420cb688c567cf7079e00b119e68749f9dc71ddfbaed19,,Standard,OpaqueLit,Assets/Game/LegacyImport/RuntimeBaseline/Generated/World/Materials/LegacyTextured/M06B2_611975a97505b0949afe667f3a237e45.mat,c9696544784116294bbec454c380919398df9c2d6cdc92844ef55f3f39bf52d3,1,,,4110,7576,,,,,,,,TemporaryDirectImport,Converted,Project-owned shader-aware HDRP compatibility material (08A1-temporary-hdrp-compatibility-v3); donor shader code is not imported.
Material,62ea84d96e2a78f4a83cb96577125278,assetripper-unity-project/ExportedProject/Assets/Material/seats.mat,8ed9d2102804938ec4f864fb964355d91962ec418b11d79cb5bb2827cf16e152,,Legacy Shaders/Reflective/Bumped Specular,OpaqueLit,Assets/Game/LegacyImport/RuntimeBaseline/Generated/World/Materials/LegacyTextured/M06B2_62ea84d96e2a78f4a83cb96577125278.mat,614fb8f9707fd0fd8461cbd991317b15d2e7e0f755c13b408acd77438734bbc4,1,,,1518,7656,,,,,,,,TemporaryDirectImport,Converted,Project-owned shader-aware HDRP compatibility material (08A1-temporary-hdrp-compatibility-v3); donor shader code is not imported.
Material,63504e94bf046804fb2d865ec0a9d1a2,assetripper-unity-project/ExportedProject/Assets/Material/rally_banners.mat,0a2559fd9b2fabcdf9e3c232b91e116d848d6727e415e823f317a88e4c694731,,BuiltIn/7,OpaqueLit,Assets/Game/LegacyImport/RuntimeBaseline/Generated/World/Materials/LegacyTextured/M06B2_63504e94bf046804fb2d865ec0a9d1a2.mat,aef860dabbb665b60f14be06aead556a5ffc9311beadf6a56e86d43835335b4f,24,,,1899,7576,,,,,,,,TemporaryDirectImport,Converted,Project-owned shader-aware HDRP compatibility material (08A1-temporary-hdrp-compatibility-v3); donor shader code is not imported.
Material,64edcaaf91c4c914d87106d9ac507ded,assetripper-unity-project/ExportedProject/Assets/Material/terrace_shade.mat,9156340857a5ddad1eac04ebc74f9b84f9bca9c0f7bbdd02b767e5ca5a80b9bb,,BuiltIn/7,OpaqueLit,Assets/Game/LegacyImport/RuntimeBaseline/Generated/World/Materials/LegacyTextured/M06B2_64edcaaf91c4c914d87106d9ac507ded.mat,4525bf9f9ad339914ef804ac53b5b8071628831c26b18a641d6e97478ad7899a,3,,,2098,7576,,,,,,,,TemporaryDirectImport,Converted,Project-owned shader-aware HDRP compatibility material (08A1-temporary-hdrp-compatibility-v3); donor shader code is not imported.
Material,6523ecc3a1a6530468696a093eccedaf,assetripper-unity-project/ExportedProject/Assets/Material/roof_wood2.mat,a8c4a8559224865cfcdf0e4d2cd8532529dca2cda889d00a63995e5b93a06828,,BuiltIn/7,OpaqueLit,Assets/Game/LegacyImport/RuntimeBaseline/Generated/World/Materials/LegacyTextured/M06B2_6523ecc3a1a6530468696a093eccedaf.mat,b9712acdc3043c62929078299da9d7b9ab15f3e36f456a524b3aa8909abb84b6,6,,,773,7576,,,,,,,,TemporaryDirectImport,Converted,Project-owned shader-aware HDRP compatibility material (08A1-temporary-hdrp-compatibility-v3); donor shader code is not imported.
Material,66578b8ffddbeec478a2266aef1a995b,assetripper-unity-project/ExportedProject/Assets/Material/xmas_lights_unlit.mat,e838a28282a8ec4f6434dfc35a438305eacd08a3f7fe524a7cc0e48ed0bcf2ed,,Standard,OpaqueLit,Assets/Game/LegacyImport/RuntimeBaseline/Generated/World/Materials/LegacyTextured/M06B2_66578b8ffddbeec478a2266aef1a995b.mat,3f4d4fcb25ebdd078c91d1bdc2d6776552e327310003dac4a34ec8a3510781de,1,,,3585,7576,,,,,,,,TemporaryDirectImport,Converted,Project-owned shader-aware HDRP compatibility material (08A1-temporary-hdrp-compatibility-v3); donor shader code is not imported.
Material,66f6fc9f186c51b479bba8edd2b99d0a,assetripper-unity-project/ExportedProject/Assets/Material/curtain2.mat,f060a3995d23c19f1e9d1f1ea01595bfddf5813327764e5436076e93d1947f31,,BuiltIn/7,OpaqueLit,Assets/Game/LegacyImport/RuntimeBaseline/Generated/World/Materials/LegacyTextured/M06B2_66f6fc9f186c51b479bba8edd2b99d0a.mat,184232817eb13677344314c3af32216c4ed0b731bffcc140e79b26037a626520,2,,,747,7576,,,,,,,,TemporaryDirectImport,Converted,Project-owned shader-aware HDRP compatibility material (08A1-temporary-hdrp-compatibility-v3); donor shader code is not imported.
Material,677a40d965ceae6488fac36995c8f819,assetripper-unity-project/ExportedProject/Assets/Material/dyno_screen.mat,51c57543ff231622d486a2d6a910912b88a206597cdefcf838e11667e1f5cfcd,,BuiltIn/10752,Unlit,Assets/Game/LegacyImport/RuntimeBaseline/Generated/World/Materials/LegacyTextured/M06B2_677a40d965ceae6488fac36995c8f819.mat,7efe34d3b10b824e6de6b7f18047dba5a4592317c1db9aa67a86510ad38fd76e,1,,,1907,3352,,,,,,,,TemporaryDirectImport,Converted,Project-owned shader-aware HDRP compatibility material (08A1-temporary-hdrp-compatibility-v3); donor shader code is not imported.
Material,67c2ce469c249f045a1244c6584eec61,assetripper-unity-project/ExportedProject/Assets/Material/log.mat,c99bc98ebbe766ed0b8263fc785db39bd698d8c61133c9a73df8d1bec3c82d07,,BuiltIn/7,OpaqueLit,Assets/Game/LegacyImport/RuntimeBaseline/Generated/World/Materials/LegacyTextured/M06B2_67c2ce469c249f045a1244c6584eec61.mat,8c2ce41717c0e3d014a52e4ca98f6c0d65e188281850e194c3877654c43aecbf,86,,,1911,7576,,,,,,,,TemporaryDirectImport,Converted,Project-owned shader-aware HDRP compatibility material (08A1-temporary-hdrp-compatibility-v3); donor shader code is not imported.
Material,6844f25cbcc5b054882191a810e0402f,assetripper-unity-project/ExportedProject/Assets/Material/chassis_dyno.mat,e56bb9dab3aa616ace26862105f3a7de7e238204ccb06dae19c64523ddcba650,,Standard,OpaqueLit,Assets/Game/LegacyImport/RuntimeBaseline/Generated/World/Materials/LegacyTextured/M06B2_6844f25cbcc5b054882191a810e0402f.mat,59d9ba9d1d987d4d775aafb42faccfa6ae7ce5cbb1611d7c93ac2d91065dc162,9,,,3399,7576,,,,,,,,TemporaryDirectImport,Converted,Project-owned shader-aware HDRP compatibility material (08A1-temporary-hdrp-compatibility-v3); donor shader code is not imported.
Material,6890a6026d57c454398d73112d37a908,assetripper-unity-project/ExportedProject/Assets/Material/store_equipment.mat,7138db2a5aff279ebcf7f2b516a251a802c8cc6f3e92d0accf06396a52edf19b,,BuiltIn/7,OpaqueLit,Assets/Game/LegacyImport/RuntimeBaseline/Generated/World/Materials/LegacyTextured/M06B2_6890a6026d57c454398d73112d37a908.mat,ae76e302259c13437b7b4e7f02329083be4808bd928441266f51318c4d985cff,11,,,1923,7576,,,,,,,,TemporaryDirectImport,Converted,Project-owned shader-aware HDRP compatibility material (08A1-temporary-hdrp-compatibility-v3); donor shader code is not imported.
Material,69ad9b54c687ad847a9df25112c2d430,assetripper-unity-project/ExportedProject/Assets/Material/tiles5.mat,686c014ee60a60e20e206d49f13c958bb0d2fb510905c0988f840671d0662c55,,BuiltIn/7,OpaqueLit,Assets/Game/LegacyImport/RuntimeBaseline/Generated/World/Materials/LegacyTextured/M06B2_69ad9b54c687ad847a9df25112c2d430.mat,76f77229d2ffeecab24f6904c62bfc9a964dad37f3ea6b0e86e46295b61220f9,2,,,1917,7576,,,,,,,,TemporaryDirectImport,Converted,Project-owned shader-aware HDRP compatibility material (08A1-temporary-hdrp-compatibility-v3); donor shader code is not imported.
Material,69c3e7da8e98b2d47a9478fbecc17c14,assetripper-unity-project/ExportedProject/Assets/Material/selector_red.mat,ebe9f9431a72faa201749c44b88414ccad4fe2c561a3d13ef63a7aa56b5ea9ee,,BuiltIn/10755,Unlit,Assets/Game/LegacyImport/RuntimeBaseline/Generated/World/Materials/LegacyTextured/M06B2_69c3e7da8e98b2d47a9478fbecc17c14.mat,ae918161a690b973a619208bd7bd14d46d552345521f0a068e34add952df4f5c,1,,,537,3352,,,,,,,,TemporaryDirectImport,Converted,Project-owned shader-aware HDRP compatibility material (08A1-temporary-hdrp-compatibility-v3); donor shader code is not imported.
Material,6a3fd4e6b0401ef47a9d6f4b2f3d2082,assetripper-unity-project/ExportedProject/Assets/Material/wood_panel7.mat,ed8f40f938f67e14a8e125889f8362ad2e0d4978b82f1e90785234e15b6c7a3e,,BuiltIn/7,OpaqueLit,Assets/Game/LegacyImport/RuntimeBaseline/Generated/World/Materials/LegacyTextured/M06B2_6a3fd4e6b0401ef47a9d6f4b2f3d2082.mat,0c02cf889107ffbe6eef1fafec7292bb91fc766578c938268f7fe241ba82e70c,12,,,1917,7576,,,,,,,,TemporaryDirectImport,Converted,Project-owned shader-aware HDRP compatibility material (08A1-temporary-hdrp-compatibility-v3); donor shader code is not imported.
Material,6b143164e51274444931d678e7fd0489,assetripper-unity-project/ExportedProject/Assets/Material/colormatte01.mat,b1cb4bc1db216eeefc6d3a59379400691a80caaa40417469a3d04da56ad21a8b,,BuiltIn/7,OpaqueLit,Assets/Game/LegacyImport/RuntimeBaseline/Generated/World/Materials/LegacyTextured/M06B2_6b143164e51274444931d678e7fd0489.mat,5e81eaed54da9d41442017d21036625507c00f951746d2e490c4ba57835b68f9,3,,,2040,7576,,,,,,,,TemporaryDirectImport,Converted,Project-owned shader-aware HDRP compatibility material (08A1-temporary-hdrp-compatibility-v3); donor shader code is not imported.
Material,6d69d5cc869ef2a47986c183089c26e7,assetripper-unity-project/ExportedProject/Assets/Material/truck_frame.mat,d7c94469102781839d5acde402d3235cf8b6d8c191e32cfea16839aa2a4b4350,,BuiltIn/7,OpaqueLit,Assets/Game/LegacyImport/RuntimeBaseline/Generated/World/Materials/LegacyTextured/M06B2_6d69d5cc869ef2a47986c183089c26e7.mat,bb013af1e3200ff301402b8ae5f68440225e617213939fd4efe2270df3ba2016,8,,,1919,7576,,,,,,,,TemporaryDirectImport,Converted,Project-owned shader-aware HDRP compatibility material (08A1-temporary-hdrp-compatibility-v3); donor shader code is not imported.
Material,722dd654cbe291b4a9b9d8bdcaf41db3,assetripper-unity-project/ExportedProject/Assets/Material/wood_panel15.mat,18fcf0cf796c456161c0144ba29f20255cc6ae661183ba19ddf32b802846436b,,BuiltIn/7,OpaqueLit,Assets/Game/LegacyImport/RuntimeBaseline/Generated/World/Materials/LegacyTextured/M06B2_722dd654cbe291b4a9b9d8bdcaf41db3.mat,3a0542184a81a14ab75d8cfaf6c82ae1de4cbea580c4d2ed528bc45db62ac705,21,,,1896,7576,,,,,,,,TemporaryDirectImport,Converted,Project-owned shader-aware HDRP compatibility material (08A1-temporary-hdrp-compatibility-v3); donor shader code is not imported.
Material,73e87647b45ef734eaae256eb9dc9647,assetripper-unity-project/ExportedProject/Assets/Material/concrete_slabs_y.mat,0e5258e7106ff2f6b1fe8afb9f59f79ec65631f7b641d0ede0460d716f6ac9bf,,BuiltIn/7,OpaqueLit,Assets/Game/LegacyImport/RuntimeBaseline/Generated/World/Materials/LegacyTextured/M06B2_73e87647b45ef734eaae256eb9dc9647.mat,2201c0a82399b7d2d5272165473c7519d7585a01b949c6f347099b557a0cd1da,1,,,1926,7576,,,,,,,,TemporaryDirectImport,Converted,Project-owned shader-aware HDRP compatibility material (08A1-temporary-hdrp-compatibility-v3); donor shader code is not imported.
Material,741f47e17356ece4cbcad6c7cdcbf2aa,assetripper-unity-project/ExportedProject/Assets/Material/ryijy1.mat,c52f85e7668a28dc8f42fd6775efb77634e9d5a9e93835c0a1ea2f5201c8a756,,Legacy Shaders/Diffuse Detail,OpaqueLit,Assets/Game/LegacyImport/RuntimeBaseline/Generated/World/Materials/LegacyTextured/M06B2_741f47e17356ece4cbcad6c7cdcbf2aa.mat,26a91ce41c5f1bacbc407ed08b1e3ee2964b0b26bbcd60b811c258f83c135130,1,,,2144,7576,,,,,,,,TemporaryDirectImport,Converted,Project-owned shader-aware HDRP compatibility material (08A1-temporary-hdrp-compatibility-v3); donor shader code is not imported.
Material,749ffe5b9d091894eb89ccb2cb02e6c2,assetripper-unity-project/ExportedProject/Assets/Material/wood_panel14.mat,1b08816ad03eaa8f272a4926a47379552b3af29cb25d5be55b405ca9c1a0e405,,BuiltIn/7,OpaqueLit,Assets/Game/LegacyImport/RuntimeBaseline/Generated/World/Materials/LegacyTextured/M06B2_749ffe5b9d091894eb89ccb2cb02e6c2.mat,832a215f8a2e790b62f2cf23ba242d2b5bbe7683527da090cf02ccbcc50c02c5,3,,,1931,7576,,,,,,,,TemporaryDirectImport,Converted,Project-owned shader-aware HDRP compatibility material (08A1-temporary-hdrp-compatibility-v3); donor shader code is not imported.
Material,74e2af945e6f6e948a99429361720d66,assetripper-unity-project/ExportedProject/Assets/Material/TREEWALL_lower.mat,9364411df99b858e38178a96ecb2a9efc25643c12552f5efd6595ae533e7dfb8,,Nature/Tree Creator Leaves,AlphaClipLit,Assets/Game/LegacyImport/RuntimeBaseline/Generated/World/Materials/LegacyTextured/M06B2_74e2af945e6f6e948a99429361720d66.mat,0e0377b6785f0da77a3ab6aa92a864b1267e2ddd4dcff13ea786812026b090b0,1,,,2562,7824,,,,,,,,TemporaryDirectImport,Converted,Project-owned shader-aware HDRP compatibility material (08A1-temporary-hdrp-compatibility-v3); donor shader code is not imported.
Material,76a898d1565301b4ab641f0d201031ef,assetripper-unity-project/ExportedProject/Assets/Material/slot_buttons_off.mat,41da407e2061c41eb972f62e002525ddc94b8e25b2eed3692267dbfb3f704d57,,Standard,OpaqueLit,Assets/Game/LegacyImport/RuntimeBaseline/Generated/World/Materials/LegacyTextured/M06B2_76a898d1565301b4ab641f0d201031ef.mat,7c02d58c6ccd100ec6887dfc25870f83c1468c70d312f3619c4e42bd0f1ac748,6,,,3277,7576,,,,,,,,TemporaryDirectImport,Converted,Project-owned shader-aware HDRP compatibility material (08A1-temporary-hdrp-compatibility-v3); donor shader code is not imported.
Material,772517eaa38ab4b4ca88da91ff2b6b42,assetripper-unity-project/ExportedProject/Assets/Material/tent_roof.mat,83b928ec7e18cb94ab1e78d299bd97032c21c840552fe4c4c60adbe9ea33863d,,Legacy Shaders/Bumped Diffuse,OpaqueLit,Assets/Game/LegacyImport/RuntimeBaseline/Generated/World/Materials/LegacyTextured/M06B2_772517eaa38ab4b4ca88da91ff2b6b42.mat,31264e8d62b0a3c227e706953c8a87fbf60f31acd7b6b5052648e63ce559fb85,6,,,2159,7656,,,,,,,,TemporaryDirectImport,Converted,Project-owned shader-aware HDRP compatibility material (08A1-temporary-hdrp-compatibility-v3); donor shader code is not imported.
Material,77423119895b1d249a9cc0de14362299,assetripper-unity-project/ExportedProject/Assets/Material/Default-Material.mat,5f419eca9a0e21e89a24946735b0f32c078fffefc9bf91df4653497896760cf2,,Standard,OpaqueLit,Assets/Game/LegacyImport/RuntimeBaseline/Generated/World/Materials/LegacyTextured/M06B2_77423119895b1d249a9cc0de14362299.mat,f55e95d8bcc64d32ff4e242d87215348c1e140d2353521b68df0184d7ee6ad30,85,,,3463,7576,,,,,,,,TemporaryDirectImport,Converted,Project-owned shader-aware HDRP compatibility material (08A1-temporary-hdrp-compatibility-v3); donor shader code is not imported.
Material,795dd9c017867d243937395efa38b1ef,assetripper-unity-project/ExportedProject/Assets/Material/wood_charred.mat,b57b215139510fc5ae9dd5cae7e5496e089a3deb6c6c527f4d6f27516868932f,,BuiltIn/7,OpaqueLit,Assets/Game/LegacyImport/RuntimeBaseline/Generated/World/Materials/LegacyTextured/M06B2_795dd9c017867d243937395efa38b1ef.mat,e5dda4897318f041c5e5594ecbdd92f5d728f162774aac7a7c8a7696d5568e03,16,,,1922,7576,,,,,,,,TemporaryDirectImport,Converted,Project-owned shader-aware HDRP compatibility material (08A1-temporary-hdrp-compatibility-v3); donor shader code is not imported.
Material,7a19fb2d522ee4c44a2ae61c01a064fa,assetripper-unity-project/ExportedProject/Assets/Material/GRASS.mat,c4caa6a144271b0acc77079bf444a6d8fb0abffd26bcec6e9a393b7a9a5ff094,,Legacy Shaders/Diffuse Detail,OpaqueLit,Assets/Game/LegacyImport/RuntimeBaseline/Generated/World/Materials/LegacyTextured/M06B2_7a19fb2d522ee4c44a2ae61c01a064fa.mat,0309b4773cfbc86f2ee86a3546d21bf307d0b771644c5e93eaada6ab3bd7f284,2,,,3489,7736,,,,,,,,TemporaryDirectImport,Converted,Project-owned shader-aware HDRP compatibility material (08A1-temporary-hdrp-compatibility-v3); donor shader code is not imported.
Material,7b01a4c4c1fd8b244b775747eb4c36bd,assetripper-unity-project/ExportedProject/Assets/Material/cover 3.mat,02ab2d6d633a94e2e0e05c65ae189ff33f5986282a3402a53258c2b6a096e466,,BuiltIn/7,OpaqueLit,Assets/Game/LegacyImport/RuntimeBaseline/Generated/World/Materials/LegacyTextured/M06B2_7b01a4c4c1fd8b244b775747eb4c36bd.mat,bb692258363403922cc0a9853ba4bec0ff062365141e98aa69d84fc0ae90939a,4,,,946,7576,,,,,,,,TemporaryDirectImport,Converted,Project-owned shader-aware HDRP compatibility material (08A1-temporary-hdrp-compatibility-v3); donor shader code is not imported.
Material,7d5038a7240ef1648acc661376b77905,assetripper-unity-project/ExportedProject/Assets/Material/car_lights_on.mat,8ed1edb6af30eff8cb8d9cd16dd22027d15d8140416571cdde594fe7b90bb9f4,,BuiltIn/10752,Unlit,Assets/Game/LegacyImport/RuntimeBaseline/Generated/World/Materials/LegacyTextured/M06B2_7d5038a7240ef1648acc661376b77905.mat,14dc42b05ca2c3cbe531d0cac3df29b3e66818fda9580e7da88c1c41fca36158,14,,,2072,3352,,,,,,,,TemporaryDirectImport,Converted,Project-owned shader-aware HDRP compatibility material (08A1-temporary-hdrp-compatibility-v3); donor shader code is not imported.
Material,7f41e86f760f49548915cb5288daf911,assetripper-unity-project/ExportedProject/Assets/Material/house_generic_windows_dark.mat,c8e38709775edcc65dcf24617d996fe290becd04f5bf893ae5572a30e274f4c8,,Standard,OpaqueLit,Assets/Game/LegacyImport/RuntimeBaseline/Generated/World/Materials/LegacyTextured/M06B2_7f41e86f760f49548915cb5288daf911.mat,2ad77c917d435fd579623ab046947bcb02672d039880b524ca115b726c53e8aa,9,,,3289,7576,,,,,,,,TemporaryDirectImport,Converted,Project-owned shader-aware HDRP compatibility material (08A1-temporary-hdrp-compatibility-v3); donor shader code is not imported.
Material,7f7a275bae2e9cc41bd59950c95a0e0c,assetripper-unity-project/ExportedProject/Assets/Material/envelope.mat,59576a8209d8ad8071cdb9ce5d050c37b2115fd7ec2bef3d652589b43ead7f00,,BuiltIn/7,OpaqueLit,Assets/Game/LegacyImport/RuntimeBaseline/Generated/World/Materials/LegacyTextured/M06B2_7f7a275bae2e9cc41bd59950c95a0e0c.mat,12a4a510a0ce955699125b123c0ac0b02fe68e65e10e5567a1a2e024502f715d,9,,,747,7576,,,,,,,,TemporaryDirectImport,Converted,Project-owned shader-aware HDRP compatibility material (08A1-temporary-hdrp-compatibility-v3); donor shader code is not imported.
Material,809a3281970d1e24591ea3666b99b1ef,assetripper-unity-project/ExportedProject/Assets/Material/wall_metal1.mat,e1745a0b97b82d6afc1071fa5c25e6c6cd45cfc90815f0bfe6dd63055e815e32,,BuiltIn/7,OpaqueLit,Assets/Game/LegacyImport/RuntimeBaseline/Generated/World/Materials/LegacyTextured/M06B2_809a3281970d1e24591ea3666b99b1ef.mat,205031bb3a3aa08d0a18cf7ebe9152cceb452c10572f404e11383e53ccb44b6e,5,,,1922,7576,,,,,,,,TemporaryDirectImport,Converted,Project-owned shader-aware HDRP compatibility material (08A1-temporary-hdrp-compatibility-v3); donor shader code is not imported.
Material,80cde2653bfa3f94bb89b9c4be11fc19,assetripper-unity-project/ExportedProject/Assets/Material/chicken_tank.mat,31276d881eeeb55653efc712ed8ff1c510c8757c366a6a855aed2b00f1166544,,BuiltIn/7,OpaqueLit,Assets/Game/LegacyImport/RuntimeBaseline/Generated/World/Materials/LegacyTextured/M06B2_80cde2653bfa3f94bb89b9c4be11fc19.mat,b83c590252a7881a3b558f9d81e6ed6efdd2ee834e515000617c38cf9641e348,3,,,1913,7576,,,,,,,,TemporaryDirectImport,Converted,Project-owned shader-aware HDRP compatibility material (08A1-temporary-hdrp-compatibility-v3); donor shader code is not imported.
Material,827e7dc82c95cb44287fae07c1279c8d,assetripper-unity-project/ExportedProject/Assets/Material/gasoline_pumps.mat,a4f48bfa0d3a3b7b73602f1173b35b1650c55b5f01b4cbe821d005f4c5374bfa,,Standard,OpaqueLit,Assets/Game/LegacyImport/RuntimeBaseline/Generated/World/Materials/LegacyTextured/M06B2_827e7dc82c95cb44287fae07c1279c8d.mat,0a40023755b94353cba54d344d35786bc712a3ec49980e778c1dd83b1c04a2e2,7,,,3302,7576,,,,,,,,TemporaryDirectImport,Converted,Project-owned shader-aware HDRP compatibility material (08A1-temporary-hdrp-compatibility-v3); donor shader code is not imported.
Material,886e0290e5b5ee3468d868e3ff071535,assetripper-unity-project/ExportedProject/Assets/Material/wood_panel3.mat,a6c100d10495ba3952ee15d63cef3c1ad32a109d6ce8ba5587e14d11bb6fad2c,,BuiltIn/7,OpaqueLit,Assets/Game/LegacyImport/RuntimeBaseline/Generated/World/Materials/LegacyTextured/M06B2_886e0290e5b5ee3468d868e3ff071535.mat,f36306691d817ef457cc66a58c9cea1afdf7d3f47e4993aa0fe3d4f85193e552,7,,,774,7576,,,,,,,,TemporaryDirectImport,Converted,Project-owned shader-aware HDRP compatibility material (08A1-temporary-hdrp-compatibility-v3); donor shader code is not imported.
Material,88d9b02b4b67b744482d7aac5e539101,assetripper-unity-project/ExportedProject/Assets/Material/wood_panel10.mat,af4b39111e6042bd073243b3023241e1d6da28f4de76263784ac093aaa227d52,,BuiltIn/7,OpaqueLit,Assets/Game/LegacyImport/RuntimeBaseline/Generated/World/Materials/LegacyTextured/M06B2_88d9b02b4b67b744482d7aac5e539101.mat,949cb4ff80f19d807249bdadb8a1f18980e8329d8ddbe254defde0934c8e4d4b,2,,,757,7576,,,,,,,,TemporaryDirectImport,Converted,Project-owned shader-aware HDRP compatibility material (08A1-temporary-hdrp-compatibility-v3); donor shader code is not imported.
Material,8919a9215a71e8a4a8de393f311ce64c,assetripper-unity-project/ExportedProject/Assets/Material/ATLAS_OFFICE.mat,32c3ed6b23d6eebc7e4b2c4c665e3b22e0aa88df6b1e1f9605c3031527fd7984,,BuiltIn/7,OpaqueLit,Assets/Game/LegacyImport/RuntimeBaseline/Generated/World/Materials/LegacyTextured/M06B2_8919a9215a71e8a4a8de393f311ce64c.mat,3be7028672869633e080102b5a4221541923b1d8bb3175f30b4fc604ee906aa0,24,,,1920,7576,,,,,,,,TemporaryDirectImport,Converted,Project-owned shader-aware HDRP compatibility material (08A1-temporary-hdrp-compatibility-v3); donor shader code is not imported.
Material,898463887fd59c04998932d663bf972c,assetripper-unity-project/ExportedProject/Assets/Material/dashboard_console.mat,9ae1b1b28749602aa7edcf47807f1b620d42352db38d20f23519703afe1234af,,Standard,OpaqueLit,Assets/Game/LegacyImport/RuntimeBaseline/Generated/World/Materials/LegacyTextured/M06B2_898463887fd59c04998932d663bf972c.mat,1c4fab3f4c9b287c970a2bcf54cd383f7a56da0ad92d9a8fc0564d8c561cdc84,3,,,3640,7576,,,,,,,,TemporaryDirectImport,Converted,Project-owned shader-aware HDRP compatibility material (08A1-temporary-hdrp-compatibility-v3); donor shader code is not imported.
Material,8a322a37ae4b19e43aff4cb90e3f0208,assetripper-unity-project/ExportedProject/Assets/Material/color02.mat,b1da3bd2a59ee0dd35d2ed807609fe5ce69180f40472eeb7d264ad3089e2fe61,,Standard,OpaqueLit,Assets/Game/LegacyImport/RuntimeBaseline/Generated/World/Materials/LegacyTextured/M06B2_8a322a37ae4b19e43aff4cb90e3f0208.mat,c4a13e6e92eeb45add7c59bd2d3f3a82a0c3cd7a8cea037c6341d670852ca446,3,,,3484,7656,,,,,,,,TemporaryDirectImport,Converted,Project-owned shader-aware HDRP compatibility material (08A1-temporary-hdrp-compatibility-v3); donor shader code is not imported.
Material,8ae218d04967ab342a9062750530a27b,assetripper-unity-project/ExportedProject/Assets/Material/curtain4.mat,9759dfa3233313f66e5a951d980e3ffb4b6e232cd6fb011b0840723f2bed91d3,,BuiltIn/7,OpaqueLit,Assets/Game/LegacyImport/RuntimeBaseline/Generated/World/Materials/LegacyTextured/M06B2_8ae218d04967ab342a9062750530a27b.mat,43f43263499285a4a8ac0fc9f38c5f32b2da2c6a18b84edb396827acb8248bc3,1,,,747,7576,,,,,,,,TemporaryDirectImport,Converted,Project-owned shader-aware HDRP compatibility material (08A1-temporary-hdrp-compatibility-v3); donor shader code is not imported.
Material,8bfec09363af1874c9014a405b359a22,assetripper-unity-project/ExportedProject/Assets/Material/npc_car7.mat,04aa4d2f764080b62129efe6dca988362f26bc7337449d3b7a182c202276f3ef,,Standard,OpaqueLit,Assets/Game/LegacyImport/RuntimeBaseline/Generated/World/Materials/LegacyTextured/M06B2_8bfec09363af1874c9014a405b359a22.mat,b3de282ea4b7558a602d00afd3983a1ea32adb7d718ee535a66b818409463016,1,,,4072,7576,,,,,,,,TemporaryDirectImport,Converted,Project-owned shader-aware HDRP compatibility material (08A1-temporary-hdrp-compatibility-v3); donor shader code is not imported.
Material,8c3f358bd1b8021428672df026040af0,assetripper-unity-project/ExportedProject/Assets/Material/card_house2.mat,4841f42b925e4b02b487a88b6e947a350c54a68f142e1a73b48ecf9890ef8c72,,Legacy Shaders/Diffuse Detail,OpaqueLit,Assets/Game/LegacyImport/RuntimeBaseline/Generated/World/Materials/LegacyTextured/M06B2_8c3f358bd1b8021428672df026040af0.mat,1e5dbfa604c0f66f0436348600136d46638fde8145d0f1659f47eb8cac96ebe9,1,,,2147,7576,,,,,,,,TemporaryDirectImport,Converted,Project-owned shader-aware HDRP compatibility material (08A1-temporary-hdrp-compatibility-v3); donor shader code is not imported.
Material,8ca5405bbae56964088a1b1b65ced72e,assetripper-unity-project/ExportedProject/Assets/Material/wall_paint3.mat,1cda19a1449c1acbae633a34e92051ccb019a30508fa3c7d2eab055c15ab6dc9,,BuiltIn/7,OpaqueLit,Assets/Game/LegacyImport/RuntimeBaseline/Generated/World/Materials/LegacyTextured/M06B2_8ca5405bbae56964088a1b1b65ced72e.mat,eadbcd4c9097ea487ac89e8fda2cded38c4634ae24d090f7928f9a90a447616b,5,,,1919,7576,,,,,,,,TemporaryDirectImport,Converted,Project-owned shader-aware HDRP compatibility material (08A1-temporary-hdrp-compatibility-v3); donor shader code is not imported.
Material,8d4e50ca29c92b640881a0b14d43754f,assetripper-unity-project/ExportedProject/Assets/Material/wood9.mat,2146ea92932398c007e9edbd0bc1ed7da99fda89ecffada279c4015f9a415e45,,BuiltIn/7,OpaqueLit,Assets/Game/LegacyImport/RuntimeBaseline/Generated/World/Materials/LegacyTextured/M06B2_8d4e50ca29c92b640881a0b14d43754f.mat,bb157155e89c8bd3bb5245a7e08bbb2ce28db19d6ca2d5dcc2231b9eeceb2965,33,,,1889,7576,,,,,,,,TemporaryDirectImport,Converted,Project-owned shader-aware HDRP compatibility material (08A1-temporary-hdrp-compatibility-v3); donor shader code is not imported.
Material,8d97063d7321bd442aa359d72bed2fad,assetripper-unity-project/ExportedProject/Assets/Material/concrete_slabs.mat,5996e1dab1125c9c11df739cf84ce425b580ab7dc00c96dadfad34ac1887e688,,BuiltIn/7,OpaqueLit,Assets/Game/LegacyImport/RuntimeBaseline/Generated/World/Materials/LegacyTextured/M06B2_8d97063d7321bd442aa359d72bed2fad.mat,488433e44f6fe8827722a9843eaf15154a72bdec42d2b2faa438af8913f61e64,5,,,1922,7576,,,,,,,,TemporaryDirectImport,Converted,Project-owned shader-aware HDRP compatibility material (08A1-temporary-hdrp-compatibility-v3); donor shader code is not imported.
Material,8dfb833f348cbed4bb4a2993a4bc797f,assetripper-unity-project/ExportedProject/Assets/Material/RIM_PAINT_RUSTY.mat,fac1b402b19523c4f112c1052a52fd6a8237bdfd2e441a31da5a8ea30f8e5ebf,,Standard (Specular setup),OpaqueLit,Assets/Game/LegacyImport/RuntimeBaseline/Generated/World/Materials/LegacyTextured/M06B2_8dfb833f348cbed4bb4a2993a4bc797f.mat,264ecfb6b5e8ea4368265ebabf94e91ed574e0b0fbba909a72c31ccd03edbbd6,1,,,4376,7736,,,,,,,,TemporaryDirectImport,Converted,Project-owned shader-aware HDRP compatibility material (08A1-temporary-hdrp-compatibility-v3); donor shader code is not imported.
Material,8f40e8844cda43347b20e27dccbfc1e6,assetripper-unity-project/ExportedProject/Assets/Material/wood_panel1.mat,ede9810a7b42dc8d7c4b4424ad9aa128e9924f5dc21f2cfba3170d192720fab8,,BuiltIn/7,OpaqueLit,Assets/Game/LegacyImport/RuntimeBaseline/Generated/World/Materials/LegacyTextured/M06B2_8f40e8844cda43347b20e27dccbfc1e6.mat,148f5aaeafa4b334eb8775205f0730e6123fc686f57eb1d554d7a8d2295a8526,12,,,1895,7576,,,,,,,,TemporaryDirectImport,Converted,Project-owned shader-aware HDRP compatibility material (08A1-temporary-hdrp-compatibility-v3); donor shader code is not imported.
Material,8fe92f988e25e4a4094567927fc981c6,assetripper-unity-project/ExportedProject/Assets/Material/reg_plate3.mat,74256c6d40eb05dbfa9c5d6dd2313aa3af5679542fac7c53711a9af18bae7dc8,,Standard,OpaqueLit,Assets/Game/LegacyImport/RuntimeBaseline/Generated/World/Materials/LegacyTextured/M06B2_8fe92f988e25e4a4094567927fc981c6.mat,876ea2c1098446861893cf5f36ee585efdf67d6cd5de287ac630f7b89dce36c6,2,,,3395,7576,,,,,,,,TemporaryDirectImport,Converted,Project-owned shader-aware HDRP compatibility material (08A1-temporary-hdrp-compatibility-v3); donor shader code is not imported.
Material,90d61f2c2ba45fe449ec424594535d62,assetripper-unity-project/ExportedProject/Assets/Material/satsuma_needles.mat,3fad5d9717adbb329cac49c58604084632f4ff78681c1ad5996a2be8d2d0b345,,Car/LightsEmmissive,EmissiveLit,Assets/Game/LegacyImport/RuntimeBaseline/Generated/World/Materials/LegacyTextured/M06B2_90d61f2c2ba45fe449ec424594535d62.mat,f6a7063d70a988b390d6e6f999a38be0e14dc05c53614d9e9cdc7891f6304b95,1,,,2252,7576,,,,,,,,TemporaryDirectImport,Converted,Project-owned shader-aware HDRP compatibility material (08A1-temporary-hdrp-compatibility-v3); donor shader code is not imported.
Material,910b8ecad2caab044b3a0af0e7768f5f,assetripper-unity-project/ExportedProject/Assets/Material/dashboard_glass.mat,fa461540363ef5aa60c99de9f1fa10ba563d3e69e81ba1f96882bc2acbe78a81,,Standard,TransparentLit,Assets/Game/LegacyImport/RuntimeBaseline/Generated/World/Materials/LegacyTextured/M06B2_910b8ecad2caab044b3a0af0e7768f5f.mat,da62de1d99ea68016813f41b8cef34e6d41c456268a8498744911948ff1015b5,1,,,3295,7744,,,,,,,,TemporaryDirectImport,Converted,Project-owned shader-aware HDRP compatibility material (08A1-temporary-hdrp-compatibility-v3); donor shader code is not imported.
Material,92e3c8e996139644080610c68b7c7436,assetripper-unity-project/ExportedProject/Assets/Material/full_yellow.mat,370b494402b0feed6a3e47266ed2ab1dfa6b4b81f976117b0aa2c3eb7280cefc,,Standard,AlphaClipLit,Assets/Game/LegacyImport/RuntimeBaseline/Generated/World/Materials/LegacyTextured/M06B2_92e3c8e996139644080610c68b7c7436.mat,b53fbd77a51bbf0f0177104c8417dfd9bfbc306112d5c7f58b918132b7d1f18f,1,,,3457,7824,,,,,,,,TemporaryDirectImport,Converted,Project-owned shader-aware HDRP compatibility material (08A1-temporary-hdrp-compatibility-v3); donor shader code is not imported.
Material,933e69d549d838643913eb7a2b7181bf,assetripper-unity-project/ExportedProject/Assets/Material/paint.mat,78a43dcb92ac9da6cf57e77fb7e2fa0b2b5f8d833386c0e2d21f46b07d944dc5,,Standard,OpaqueLit,Assets/Game/LegacyImport/RuntimeBaseline/Generated/World/Materials/LegacyTextured/M06B2_933e69d549d838643913eb7a2b7181bf.mat,699c00ffa172296f9a045dfd15ca3464b4da50bc29afa5b01036dc0865e96fd0,1,,,3238,7576,,,,,,,,TemporaryDirectImport,Converted,Project-owned shader-aware HDRP compatibility material (08A1-temporary-hdrp-compatibility-v3); donor shader code is not imported.
Material,936484fa4ff0ced41a1bc4ad43f4342a,assetripper-unity-project/ExportedProject/Assets/Material/opaque_plastic.mat,c22bdf61579e1af393fb98e3419cd45aec4c6b7ecf1f49e2c02beacb10667963,,Legacy Shaders/Transparent/Diffuse,TransparentLit,Assets/Game/LegacyImport/RuntimeBaseline/Generated/World/Materials/LegacyTextured/M06B2_936484fa4ff0ced41a1bc4ad43f4342a.mat,1bf7f598d8a6e794b301488d1c15fd0c50fce7b111bae706b656a4a0a0f962eb,3,,,2270,7744,,,,,,,,TemporaryDirectImport,Converted,Project-owned shader-aware HDRP compatibility material (08A1-temporary-hdrp-compatibility-v3); donor shader code is not imported.
Material,9372192a1cf4b5140821ab65a5035257,assetripper-unity-project/ExportedProject/Assets/Material/CAR_WINDOWS_dark.mat,f6973471d11db94cf6da66a591ad8af316ec4449e1adb6feeef4fc79d9a37e11,,Standard,TransparentLit,Assets/Game/LegacyImport/RuntimeBaseline/Generated/World/Materials/LegacyTextured/M06B2_9372192a1cf4b5140821ab65a5035257.mat,638d726ee1ab9c390d1f443f6151fc2b849aeafd0cbedbfca43402d3dfff9989,2,,,3768,7824,,,,,,,,TemporaryDirectImport,Converted,Project-owned shader-aware HDRP compatibility material (08A1-temporary-hdrp-compatibility-v3); donor shader code is not imported.
Material,94cd40966ef8720459aeebe3f7a7ff22,assetripper-unity-project/ExportedProject/Assets/Material/football.mat,15a9f63aecb5f1f9edd2c4408b2d840306a8072f9516b3a36d553d98c9b0e00c,,Standard,OpaqueLit,Assets/Game/LegacyImport/RuntimeBaseline/Generated/World/Materials/LegacyTextured/M06B2_94cd40966ef8720459aeebe3f7a7ff22.mat,278c49b3325c256b7c8e33f1184a689ad4ed9ca0d6bbc861292b6e1983017fb2,1,,,3380,7736,,,,,,,,TemporaryDirectImport,Converted,Project-owned shader-aware HDRP compatibility material (08A1-temporary-hdrp-compatibility-v3); donor shader code is not imported.
Material,9582d474215e5b440b95fe602a01516e,assetripper-unity-project/ExportedProject/Assets/Material/car_lights_off_opaque.mat,e0564d54ff235e377bd54a22f59514edfccac15406fcb823170e89b061217900,,Standard,OpaqueLit,Assets/Game/LegacyImport/RuntimeBaseline/Generated/World/Materials/LegacyTextured/M06B2_9582d474215e5b440b95fe602a01516e.mat,7a4d6cef8f4c508b831a7f6d6b36edbf0b17fccec4ee4cecd2267abbf865dbb5,9,,,3311,7576,,,,,,,,TemporaryDirectImport,Converted,Project-owned shader-aware HDRP compatibility material (08A1-temporary-hdrp-compatibility-v3); donor shader code is not imported.
Material,972d7fac7db5a0043ae5c4a134009bdb,assetripper-unity-project/ExportedProject/Assets/Material/truck_interior.mat,76cac9bccc05c7b739eced33678065abd616da0e3544b50fe8a6c797b98ea26c,,BuiltIn/7,OpaqueLit,Assets/Game/LegacyImport/RuntimeBaseline/Generated/World/Materials/LegacyTextured/M06B2_972d7fac7db5a0043ae5c4a134009bdb.mat,f403288b27417953a19e79c84d87beb522d3a7435ab9eff6514275277cf3e71c,1,,,1898,7576,,,,,,,,TemporaryDirectImport,Converted,Project-owned shader-aware HDRP compatibility material (08A1-temporary-hdrp-compatibility-v3); donor shader code is not imported.
Material,975498a9864d30845a366fdd8576521d,assetripper-unity-project/ExportedProject/Assets/Material/wall_paint2.mat,d2f3eb067105ccde26fc7d0a31f92fa8db5bdb4f2fc984a8cf9ddb7f2860e084,,BuiltIn/7,OpaqueLit,Assets/Game/LegacyImport/RuntimeBaseline/Generated/World/Materials/LegacyTextured/M06B2_975498a9864d30845a366fdd8576521d.mat,e877bf0ae050f4cb3817d7d07e5d398bf7d476c0daf2612ae42d7cc0eeac4ab4,1,,,2096,7576,,,,,,,,TemporaryDirectImport,Converted,Project-owned shader-aware HDRP compatibility material (08A1-temporary-hdrp-compatibility-v3); donor shader code is not imported.
Material,97a8ed7230bdb414aa2b5d92287b2029,assetripper-unity-project/ExportedProject/Assets/Material/card_player2.mat,9b95788fe9909e2c56752d8de01a9d6f72faf7a8869a4d037dec7b98c88bac21,,Legacy Shaders/Diffuse Detail,OpaqueLit,Assets/Game/LegacyImport/RuntimeBaseline/Generated/World/Materials/LegacyTextured/M06B2_97a8ed7230bdb414aa2b5d92287b2029.mat,d1782c7fd42937c5f4736a3662f75b572fd94908422ac0a71f34368dd13ff762,1,,,2148,7576,,,,,,,,TemporaryDirectImport,Converted,Project-owned shader-aware HDRP compatibility material (08A1-temporary-hdrp-compatibility-v3); donor shader code is not imported.
Material,97c34af4d69882c4184b59bd7952639f,assetripper-unity-project/ExportedProject/Assets/Material/fabric_mattress.mat,7b9520b984133a517709e16c2e15d14bd386783eab99b311a0b3172fe907cd29,,BuiltIn/7,OpaqueLit,Assets/Game/LegacyImport/RuntimeBaseline/Generated/World/Materials/LegacyTextured/M06B2_97c34af4d69882c4184b59bd7952639f.mat,e846c051c5e1f68473db9b61fdef7fd95158308268a4273113d9238f5209ca8e,2,,,781,7576,,,,,,,,TemporaryDirectImport,Converted,Project-owned shader-aware HDRP compatibility material (08A1-temporary-hdrp-compatibility-v3); donor shader code is not imported.
Material,98697bae08a8c114ba9774c487f2658d,assetripper-unity-project/ExportedProject/Assets/Material/BOLTS.mat,b1f35298c9ad41bd87bb1a42ad8f8d99611916aebc6f2618c129ccfd4ea1d4ed,,BuiltIn/7,OpaqueLit,Assets/Game/LegacyImport/RuntimeBaseline/Generated/World/Materials/LegacyTextured/M06B2_98697bae08a8c114ba9774c487f2658d.mat,51491f2abed5de7b22e8a3a3fc68f368ecd79e46b7466703e2fd25772cd2e85f,8,,,1891,7576,,,,,,,,TemporaryDirectImport,Converted,Project-owned shader-aware HDRP compatibility material (08A1-temporary-hdrp-compatibility-v3); donor shader code is not imported.
Material,98ad3f921bf7ea241a2724f6b6657207,assetripper-unity-project/ExportedProject/Assets/Material/carpet_plastic2.mat,aca38c926bd58a6a1481f4915e0aee1a0419f9752e5508765639ad9bea9f1647,,Standard,OpaqueLit,Assets/Game/LegacyImport/RuntimeBaseline/Generated/World/Materials/LegacyTextured/M06B2_98ad3f921bf7ea241a2724f6b6657207.mat,7e6d23fcef0e081c34321afa4d7bc0b42ef7889c271c188868f2c322702da388,1,,,3389,7736,,,,,,,,TemporaryDirectImport,Converted,Project-owned shader-aware HDRP compatibility material (08A1-temporary-hdrp-compatibility-v3); donor shader code is not imported.
Material,98f55c71a86a0eb4683e721772261798,assetripper-unity-project/ExportedProject/Assets/Material/roof_panel.mat,c629f5732cd7214764cf08a0a95724f7b798cc09d0049a1b035cc5e4a6e26f51,,BuiltIn/7,OpaqueLit,Assets/Game/LegacyImport/RuntimeBaseline/Generated/World/Materials/LegacyTextured/M06B2_98f55c71a86a0eb4683e721772261798.mat,cc02dabc830b847f7cfe392b473af116e5fa95da5d48bd84222d5e553d7fd6e6,6,,,1921,7576,,,,,,,,TemporaryDirectImport,Converted,Project-owned shader-aware HDRP compatibility material (08A1-temporary-hdrp-compatibility-v3); donor shader code is not imported.
Material,98ff65850ca2b564dab7209368c79edf,assetripper-unity-project/ExportedProject/Assets/Material/videopoker_gfx.mat,1cd779ec1f61637a952f423f95b88f63fbe41f07ef05fdb259c7b840aa0d7caf,,Standard (Specular setup),OpaqueLit,Assets/Game/LegacyImport/RuntimeBaseline/Generated/World/Materials/LegacyTextured/M06B2_98ff65850ca2b564dab7209368c79edf.mat,b1e410deb5b2a53aef07290d8fe4d2441ea1792f330b6abfaec8528f90e0dce7,1,,,3441,7576,,,,,,,,TemporaryDirectImport,Converted,Project-owned shader-aware HDRP compatibility material (08A1-temporary-hdrp-compatibility-v3); donor shader code is not imported.
Material,99242da19be567947b99e63890ce3939,assetripper-unity-project/ExportedProject/Assets/Material/office_kitchen_tiles.mat,e83e5355e659c380dc8d2b388abc1eefa94d70032faae15c2443c98de54430fb,,Standard,OpaqueLit,Assets/Game/LegacyImport/RuntimeBaseline/Generated/World/Materials/LegacyTextured/M06B2_99242da19be567947b99e63890ce3939.mat,e176da5f014352c0fcb6d51f7efc9a4ccc5f21e1c740d97743be384362103aba,1,,,3371,7656,,,,,,,,TemporaryDirectImport,Converted,Project-owned shader-aware HDRP compatibility material (08A1-temporary-hdrp-compatibility-v3); donor shader code is not imported.
Material,994acf10317bb234bad91a7ef9c14d17,assetripper-unity-project/ExportedProject/Assets/Material/tv_off.mat,72db47f57bf3ae2189d41a7cee895712ebde57be554513dcc7508142b07ee02e,,Standard,OpaqueLit,Assets/Game/LegacyImport/RuntimeBaseline/Generated/World/Materials/LegacyTextured/M06B2_994acf10317bb234bad91a7ef9c14d17.mat,5e84376cd32128ada4574dd22de37629fd3647f4d24eb39b458c94d7e3865ddc,2,,,3531,7576,,,,,,,,TemporaryDirectImport,Converted,Project-owned shader-aware HDRP compatibility material (08A1-temporary-hdrp-compatibility-v3); donor shader code is not imported.
Material,9a819defc3e47a44e9c64adf3e01a9eb,assetripper-unity-project/ExportedProject/Assets/Material/hedge.mat,e2d4d038b8bf0f6a58b71ca7e28ef44687b6f993dee1e68beb1257e25fa27761,,BuiltIn/7,OpaqueLit,Assets/Game/LegacyImport/RuntimeBaseline/Generated/World/Materials/LegacyTextured/M06B2_9a819defc3e47a44e9c64adf3e01a9eb.mat,174e0180c5b84b5654ac317728e1b1d095d138ec031aa17db9e4a46a2b6970bd,18,,,771,7580,,,,,,,,TemporaryDirectImport,Converted,Project-owned shader-aware HDRP compatibility material (08A1-temporary-hdrp-compatibility-v3); donor shader code is not imported.
Material,9c252b042df168d43ba9f0ec84c0b61a,assetripper-unity-project/ExportedProject/Assets/Material/wall_metal2.mat,742c275599da677b48ab20175705d5dce6cafc2d83a7091d56faace7e093e379,,BuiltIn/7,OpaqueLit,Assets/Game/LegacyImport/RuntimeBaseline/Generated/World/Materials/LegacyTextured/M06B2_9c252b042df168d43ba9f0ec84c0b61a.mat,3f50507b384f78317be34c368cad5dddc37b707b0b40d91aa925e8c1fc70482b,9,,,1940,7576,,,,,,,,TemporaryDirectImport,Converted,Project-owned shader-aware HDRP compatibility material (08A1-temporary-hdrp-compatibility-v3); donor shader code is not imported.
Material,9cbc6f81537bd45488dd6fc5e9232883,assetripper-unity-project/ExportedProject/Assets/Material/WHEAT_TOP.mat,345e70a502fdd1c962ba8df8b703e27439be2d84a86e27bf803d475e8af23ce9,,BuiltIn/7,OpaqueLit,Assets/Game/LegacyImport/RuntimeBaseline/Generated/World/Materials/LegacyTextured/M06B2_9cbc6f81537bd45488dd6fc5e9232883.mat,5a51243900f4376e108ecbb5af421f0dfa08c9bc8d85cc785ff25adf95d6fc68,1,,,1946,7576,,,,,,,,TemporaryDirectImport,Converted,Project-owned shader-aware HDRP compatibility material (08A1-temporary-hdrp-compatibility-v3); donor shader code is not imported.
Material,9cfa25054a9ef3042a415b774133bf5b,assetripper-unity-project/ExportedProject/Assets/Material/wall_metal4.mat,7df14956894f615f0664a5133daa71f2dd14e37283e64572d6851f3e75745880,,BuiltIn/7,OpaqueLit,Assets/Game/LegacyImport/RuntimeBaseline/Generated/World/Materials/LegacyTextured/M06B2_9cfa25054a9ef3042a415b774133bf5b.mat,5135de40aab8a56c430baea317fb0e3e1f0f687019c153a8cefc268ff78d3028,2,,,1922,7576,,,,,,,,TemporaryDirectImport,Converted,Project-owned shader-aware HDRP compatibility material (08A1-temporary-hdrp-compatibility-v3); donor shader code is not imported.
Material,9ec8d9e273b47b144909849f2020b0a3,assetripper-unity-project/ExportedProject/Assets/Material/card_player3.mat,995de0ffe913df40b7eae56e31967c8582ecfc8b89bfeb9d659196f259305b55,,Legacy Shaders/Diffuse Detail,OpaqueLit,Assets/Game/LegacyImport/RuntimeBaseline/Generated/World/Materials/LegacyTextured/M06B2_9ec8d9e273b47b144909849f2020b0a3.mat,234dae8eb3ba4dee1c31cc0c2669eec60eb648fcb310886cadc75da33bbd452b,1,,,2148,7576,,,,,,,,TemporaryDirectImport,Converted,Project-owned shader-aware HDRP compatibility material (08A1-temporary-hdrp-compatibility-v3); donor shader code is not imported.
Material,9f1e631607d66ba48b4f5734dddaffe2,assetripper-unity-project/ExportedProject/Assets/Material/valmet_body.mat,2eca6031232e93922a66d82b6e2d53d2d4cf408c6943423ed6c24294cd5406b2,,BuiltIn/7,OpaqueLit,Assets/Game/LegacyImport/RuntimeBaseline/Generated/World/Materials/LegacyTextured/M06B2_9f1e631607d66ba48b4f5734dddaffe2.mat,ef6ec52497fa35447d27febd043c0f4f578c99d2afc71fae3bf6d2247f524b86,2,,,750,7576,,,,,,,,TemporaryDirectImport,Converted,Project-owned shader-aware HDRP compatibility material (08A1-temporary-hdrp-compatibility-v3); donor shader code is not imported.
Material,a0571159690cbed438f5965225dc2df4,assetripper-unity-project/ExportedProject/Assets/Material/terrain_0.mat,3fdd392a645a81c69029abb785ffc32fd5a3b79877de1daa8d356480c01ae0ab,,Standard,OpaqueLit,Assets/Game/LegacyImport/RuntimeBaseline/Generated/World/Materials/LegacyTextured/M06B2_a0571159690cbed438f5965225dc2df4.mat,05b608f298cc5d5274f1c6efa8ffe224ecc4082c562c5c9e4f69cb39ef0d0549,1,,,3361,7656,,,,,,,,TemporaryDirectImport,Converted,Project-owned shader-aware HDRP compatibility material (08A1-temporary-hdrp-compatibility-v3); donor shader code is not imported.
Material,a1ac98c6256c9324c9937bf44cd37a32,assetripper-unity-project/ExportedProject/Assets/Material/ROADSIDE.mat,9a0c957f9e03f067f1c5911311bf709a07feb533408e3eadc1124d7643d68f7d,,Legacy Shaders/Diffuse Detail,OpaqueLit,Assets/Game/LegacyImport/RuntimeBaseline/Generated/World/Materials/LegacyTextured/M06B2_a1ac98c6256c9324c9937bf44cd37a32.mat,c227cc8d8f7da4cc52f458b4f8407d36459e6ecbc16f9dcb698bea4188a34fe3,1,,,3460,7576,,,,,,,,TemporaryDirectImport,Converted,Project-owned shader-aware HDRP compatibility material (08A1-temporary-hdrp-compatibility-v3); donor shader code is not imported.
Material,a1f5959787c382a4a890ea8b6542be3a,assetripper-unity-project/ExportedProject/Assets/Material/roof_metal 2.mat,74440045a2117544017cc5952fe6144a5bc8dab7c4f5c63c715ffe6dae7acbb7,,BuiltIn/7,OpaqueLit,Assets/Game/LegacyImport/RuntimeBaseline/Generated/World/Materials/LegacyTextured/M06B2_a1f5959787c382a4a890ea8b6542be3a.mat,199fa178386bee155de5bdfc6780fd6f9f008000309cf03ba5a40fc1dfc08051,21,,,1922,7576,,,,,,,,TemporaryDirectImport,Converted,Project-owned shader-aware HDRP compatibility material (08A1-temporary-hdrp-compatibility-v3); donor shader code is not imported.
Material,a298bd379cf5c5548ab715ee6d85d4a9,assetripper-unity-project/ExportedProject/Assets/Material/ATLAS_GARAGE.mat,6e95e74ac23199090c022b9cc9fed7fdfa607d8868ff95d32a42b75c355b789a,,Standard,OpaqueLit,Assets/Game/LegacyImport/RuntimeBaseline/Generated/World/Materials/LegacyTextured/M06B2_a298bd379cf5c5548ab715ee6d85d4a9.mat,66dead2037a5915cb2656e13b8de34d42c8a7006f5d6b3a895e443c6b6c222f8,70,,,3273,7576,,,,,,,,TemporaryDirectImport,Converted,Project-owned shader-aware HDRP compatibility material (08A1-temporary-hdrp-compatibility-v3); donor shader code is not imported.
Material,a32abbdcd1322d2439d498788f27030e,assetripper-unity-project/ExportedProject/Assets/Material/CAR_WINDOWS.mat,3324b46fee829cff96ddced894e404b2726c0962b6dd06e51ea2d15f1201aa41,,Standard,TransparentLit,Assets/Game/LegacyImport/RuntimeBaseline/Generated/World/Materials/LegacyTextured/M06B2_a32abbdcd1322d2439d498788f27030e.mat,bd8b9b2199bb88ebfc9e7334108681f65f9f411226a326ec8273dfbaad3881f4,6,,,3739,7824,,,,,,,,TemporaryDirectImport,Converted,Project-owned shader-aware HDRP compatibility material (08A1-temporary-hdrp-compatibility-v3); donor shader code is not imported.
Material,a3946c78645878c4f93a1d16d90462d7,assetripper-unity-project/ExportedProject/Assets/Material/fabric_flower.mat,8beb32e2534afd7d32b33e6b787e6bfda408354985c37a8f83d648dfcc1b42d7,,BuiltIn/7,OpaqueLit,Assets/Game/LegacyImport/RuntimeBaseline/Generated/World/Materials/LegacyTextured/M06B2_a3946c78645878c4f93a1d16d90462d7.mat,93cad907b62350cd30b6979bdf91c5fdde3ad92648acb1def8e61aef9f4e8c64,2,,,1921,7576,,,,,,,,TemporaryDirectImport,Converted,Project-owned shader-aware HDRP compatibility material (08A1-temporary-hdrp-compatibility-v3); donor shader code is not imported.
Material,a6b073589b71d114ca5abb007a0db79f,assetripper-unity-project/ExportedProject/Assets/Material/bed_white.mat,dac8a065e79ab6f253a47e12874e1a1aa0d35a7c1672be7d298472d2ca958d9d,,BuiltIn/7,OpaqueLit,Assets/Game/LegacyImport/RuntimeBaseline/Generated/World/Materials/LegacyTextured/M06B2_a6b073589b71d114ca5abb007a0db79f.mat,1b58abac2acca46639bf78da4a0aaa78a6892908142e0d86f09bd2de110f1ec1,20,,,1919,7576,,,,,,,,TemporaryDirectImport,Converted,Project-owned shader-aware HDRP compatibility material (08A1-temporary-hdrp-compatibility-v3); donor shader code is not imported.
Material,a6e90433d95e94541be7ded615466cbe,assetripper-unity-project/ExportedProject/Assets/Material/wood_panel5.mat,11021edfe26260f3affe4d63586a4e0415813ff61594d5a5780ac3f1fe43a704,,BuiltIn/7,OpaqueLit,Assets/Game/LegacyImport/RuntimeBaseline/Generated/World/Materials/LegacyTextured/M06B2_a6e90433d95e94541be7ded615466cbe.mat,b03938a5c01d9af2470679fbd82fce4d9817233b8e139da3625abf35dff38e3f,11,,,754,7576,,,,,,,,TemporaryDirectImport,Converted,Project-owned shader-aware HDRP compatibility material (08A1-temporary-hdrp-compatibility-v3); donor shader code is not imported.
Material,a7187369c033b14428e25f37210c96ec,assetripper-unity-project/ExportedProject/Assets/Material/shelf_flats.mat,a74ab3ec0ef68901b79e19cb643c19b682db0668451767f75a9a14424e3ca084,,Standard,OpaqueLit,Assets/Game/LegacyImport/RuntimeBaseline/Generated/World/Materials/LegacyTextured/M06B2_a7187369c033b14428e25f37210c96ec.mat,1c2289bd836acdb17833e2d45f30e6d4e49e457bc47c7b89db0e2bc7b453d428,12,,,3450,7576,,,,,,,,TemporaryDirectImport,Converted,Project-owned shader-aware HDRP compatibility material (08A1-temporary-hdrp-compatibility-v3); donor shader code is not imported.
Material,a7755fdefda1c7c4baff26ff3d18338b,assetripper-unity-project/ExportedProject/Assets/Material/house_generic_windows.mat,5a7edf7679088b406f0d34b43b0e653489cf4c24dab414140c19a152dc0d3ea7,,Standard,EmissiveLit,Assets/Game/LegacyImport/RuntimeBaseline/Generated/World/Materials/LegacyTextured/M06B2_a7755fdefda1c7c4baff26ff3d18338b.mat,c3efaccca4035d1f9b154ee8143f33ab358b518dcba2344885c2fede6ab07983,113,,,3389,7576,,,,,,,,TemporaryDirectImport,Converted,Project-owned shader-aware HDRP compatibility material (08A1-temporary-hdrp-compatibility-v3); donor shader code is not imported.
Material,a7c4ab4f5f6e2444a818eb3df08ba11b,assetripper-unity-project/ExportedProject/Assets/Material/wood1.mat,3ab33cd38f731bfbd2549fc4800cd9886a80dff4579e7e1bc7fb2597c20d54b0,,BuiltIn/7,OpaqueLit,Assets/Game/LegacyImport/RuntimeBaseline/Generated/World/Materials/LegacyTextured/M06B2_a7c4ab4f5f6e2444a818eb3df08ba11b.mat,a96453bdde432a9f0126d1f174c317475b97d9b7f5ceb5f0c570421018cfda18,24,,,1913,7576,,,,,,,,TemporaryDirectImport,Converted,Project-owned shader-aware HDRP compatibility material (08A1-temporary-hdrp-compatibility-v3); donor shader code is not imported.
Material,ac0991fbe27bf564a83e2a4106496ffb,assetripper-unity-project/ExportedProject/Assets/Material/paint 5.mat,2591b693034f5e5bb498839e5d7e6da6102eebae9716a6db9e6fbdb783eaf36c,,BuiltIn/7,OpaqueLit,Assets/Game/LegacyImport/RuntimeBaseline/Generated/World/Materials/LegacyTextured/M06B2_ac0991fbe27bf564a83e2a4106496ffb.mat,a7e58b15cc0110dc87d86f3f03c30e180148839febef01371ca1d8bd74dd7d1f,1,,,1050,7576,,,,,,,,TemporaryDirectImport,Converted,Project-owned shader-aware HDRP compatibility material (08A1-temporary-hdrp-compatibility-v3); donor shader code is not imported.
Material,ac16b05116c6e674d89a8977decf96e0,assetripper-unity-project/ExportedProject/Assets/Material/home_flag.mat,0af242d87165a06cad76cc448c1d31f347c059f1a3793d3b665ae027ddae6b3e,,Standard,OpaqueLit,Assets/Game/LegacyImport/RuntimeBaseline/Generated/World/Materials/LegacyTextured/M06B2_ac16b05116c6e674d89a8977decf96e0.mat,8ae44f014804cc4a3ff17fbc49c8ec05335e88ec8d18478f99d50898c3643745,1,,,3446,7656,,,,,,,,TemporaryDirectImport,Converted,Project-owned shader-aware HDRP compatibility material (08A1-temporary-hdrp-compatibility-v3); donor shader code is not imported.
Material,ace84d57da9b1f04e82e7eaf8c908d30,assetripper-unity-project/ExportedProject/Assets/Material/show_paint_metallic.mat,282afe84df3e392643cae34472f9b17cca4896c6e1fc66f3813f7565eab3c577,,Standard,OpaqueLit,Assets/Game/LegacyImport/RuntimeBaseline/Generated/World/Materials/LegacyTextured/M06B2_ace84d57da9b1f04e82e7eaf8c908d30.mat,c40e01ceef98f98f7384e9425207d5e1629c4423be41e6bc3a29988c4e9a552c,1,,,3444,7576,,,,,,,,TemporaryDirectImport,Converted,Project-owned shader-aware HDRP compatibility material (08A1-temporary-hdrp-compatibility-v3); donor shader code is not imported.
Material,ad2f7b6e8cc080845a7a7fd4264fbb83,assetripper-unity-project/ExportedProject/Assets/Material/ATLAS_MOTOR.mat,2550a187879a2a16a2024b2e9233ba8961c09f9c652e2d3dcd40726857a2c683,,Standard (Specular setup),OpaqueLit,Assets/Game/LegacyImport/RuntimeBaseline/Generated/World/Materials/LegacyTextured/M06B2_ad2f7b6e8cc080845a7a7fd4264fbb83.mat,86aa8c3149d1391e78229583e0dea47b06e95bcba6d786380cd704e1207f2282,186,,,4264,7656,,,,,,,,TemporaryDirectImport,Converted,Project-owned shader-aware HDRP compatibility material (08A1-temporary-hdrp-compatibility-v3); donor shader code is not imported.
Material,addb0e57a6f6d18479c93c39246b9b15,assetripper-unity-project/ExportedProject/Assets/Material/metal_floor.mat,4b498cbdfd1512a18a71ef8cca549859fb13afb8391f8aaf97b3bfaa64dc9074,,Standard,AlphaClipLit,Assets/Game/LegacyImport/RuntimeBaseline/Generated/World/Materials/LegacyTextured/M06B2_addb0e57a6f6d18479c93c39246b9b15.mat,03d990cb5e58628d06a44920ac5faaf2af63ff2fdf92ee91ff4908a0e413d482,2,,,3315,7664,,,,,,,,TemporaryDirectImport,Converted,Project-owned shader-aware HDRP compatibility material (08A1-temporary-hdrp-compatibility-v3); donor shader code is not imported.
Material,ade9647a931c6f649acc61a5286c9941,assetripper-unity-project/ExportedProject/Assets/Material/wood3.mat,e964d357c3626878f3c3236501a8296a5c758427a639786e9dc4c97d377c5769,,BuiltIn/7,OpaqueLit,Assets/Game/LegacyImport/RuntimeBaseline/Generated/World/Materials/LegacyTextured/M06B2_ade9647a931c6f649acc61a5286c9941.mat,d4678d559c89cd7543b36d4a74d12989ba6f54d35d0d39c92353759204e3fa96,14,,,1898,7576,,,,,,,,TemporaryDirectImport,Converted,Project-owned shader-aware HDRP compatibility material (08A1-temporary-hdrp-compatibility-v3); donor shader code is not imported.
Material,afa6d45625955c14e99321b7c4c86fce,assetripper-unity-project/ExportedProject/Assets/Material/card_house7.mat,0c5181d813ff0162817468bb1a4a42137d498f9a1e4928cd728fb3bdd470c7ba,,Legacy Shaders/Diffuse Detail,OpaqueLit,Assets/Game/LegacyImport/RuntimeBaseline/Generated/World/Materials/LegacyTextured/M06B2_afa6d45625955c14e99321b7c4c86fce.mat,5af9220a01ac7c66230099f3ae0f8870152285aa4da96ceace144c8b81ef8b43,1,,,2147,7576,,,,,,,,TemporaryDirectImport,Converted,Project-owned shader-aware HDRP compatibility material (08A1-temporary-hdrp-compatibility-v3); donor shader code is not imported.
Material,b0e677b7fa667284e9619dbd8388ee4f,assetripper-unity-project/ExportedProject/Assets/Material/ATLAS_ART.mat,a03a071e65f898a266040fa77c22c13daf5e07f06a8b9217fece19d922bfe0cd,,BuiltIn/7,OpaqueLit,Assets/Game/LegacyImport/RuntimeBaseline/Generated/World/Materials/LegacyTextured/M06B2_b0e677b7fa667284e9619dbd8388ee4f.mat,92502a2c1b0408bc3284b4b09854643626bcb5af228b3e85c7548faac1bbda9e,9,,,1901,7576,,,,,,,,TemporaryDirectImport,Converted,Project-owned shader-aware HDRP compatibility material (08A1-temporary-hdrp-compatibility-v3); donor shader code is not imported.
Material,b18602f9c9c46684584e9e309e8699bb,assetripper-unity-project/ExportedProject/Assets/Material/jaillcell.mat,c0c7d94da8ea0ccd86ed4e183e7c1466643bcff043fb45e21b77f5ba97b13789,,Legacy Shaders/Diffuse Detail,OpaqueLit,Assets/Game/LegacyImport/RuntimeBaseline/Generated/World/Materials/LegacyTextured/M06B2_b18602f9c9c46684584e9e309e8699bb.mat,73287731f07f4cf02a8921255027adfd734db664c610abe26835c36fc0cadfd8,1,,,2143,7576,,,,,,,,TemporaryDirectImport,Converted,Project-owned shader-aware HDRP compatibility material (08A1-temporary-hdrp-compatibility-v3); donor shader code is not imported.
Material,b25c3fa49b0daea4eb0bfbba218c4666,assetripper-unity-project/ExportedProject/Assets/Material/carpet3.mat,3303ae6cca90b3a24a3cb3e1b2a6b6d1d6d94d334e452a78b401e2374f2e38be,,Legacy Shaders/Diffuse Detail,OpaqueLit,Assets/Game/LegacyImport/RuntimeBaseline/Generated/World/Materials/LegacyTextured/M06B2_b25c3fa49b0daea4eb0bfbba218c4666.mat,ae237d4d812d44da406f9826aa52b438bc8de099f97e5096d702ba884b7379e8,2,,,2146,7576,,,,,,,,TemporaryDirectImport,Converted,Project-owned shader-aware HDRP compatibility material (08A1-temporary-hdrp-compatibility-v3); donor shader code is not imported.
Material,b344598e99c1a7446841f3852b13f705,assetripper-unity-project/ExportedProject/Assets/Material/SPRAY_MAT.mat,0aa9b5da7d75d6c763d0d28689b95162b4787fb53c5892af2895f684401b3178,,Standard,OpaqueLit,Assets/Game/LegacyImport/RuntimeBaseline/Generated/World/Materials/LegacyTextured/M06B2_b344598e99c1a7446841f3852b13f705.mat,290a77c79bf51a91809ea899aea2c0de8f71278cb4809b88b20ebc959f163c71,1,,,3243,7576,,,,,,,,TemporaryDirectImport,Converted,Project-owned shader-aware HDRP compatibility material (08A1-temporary-hdrp-compatibility-v3); donor shader code is not imported.
Material,b3e8f6161e4c4894fbb28e0a00a163a0,assetripper-unity-project/ExportedProject/Assets/Material/roof_wood1.mat,ef2a4b2103aaf731386780ca38927b062890350c35d7eebe622d42e6bab4b2d2,,BuiltIn/7,OpaqueLit,Assets/Game/LegacyImport/RuntimeBaseline/Generated/World/Materials/LegacyTextured/M06B2_b3e8f6161e4c4894fbb28e0a00a163a0.mat,5f0c7fff73ac69a69d55dfa6306ae7160e3905066efa9efa99702af101714149,4,,,776,7576,,,,,,,,TemporaryDirectImport,Converted,Project-owned shader-aware HDRP compatibility material (08A1-temporary-hdrp-compatibility-v3); donor shader code is not imported.
Material,b410e297b5c562e40b57f410e393e84e,assetripper-unity-project/ExportedProject/Assets/Material/wall_paint5.mat,ed0217227d6121c5557d7b604ea2a76726e7b94696e16c51efd26a781a888127,,BuiltIn/7,OpaqueLit,Assets/Game/LegacyImport/RuntimeBaseline/Generated/World/Materials/LegacyTextured/M06B2_b410e297b5c562e40b57f410e393e84e.mat,ef017b2ce9b19e1c96c3ce2a6b26f02a421c4a6eb412a0bf7b834fabab2f175c,8,,,1922,7576,,,,,,,,TemporaryDirectImport,Converted,Project-owned shader-aware HDRP compatibility material (08A1-temporary-hdrp-compatibility-v3); donor shader code is not imported.
Material,b475a5406604ef84dbcfa9c56fcf3e69,assetripper-unity-project/ExportedProject/Assets/Material/tiles3.mat,6ea2353074750ab58223d943df84450c5c05e89b0c1bfb0a19a644f700ea957f,,BuiltIn/7,OpaqueLit,Assets/Game/LegacyImport/RuntimeBaseline/Generated/World/Materials/LegacyTextured/M06B2_b475a5406604ef84dbcfa9c56fcf3e69.mat,c7995444b6aa1962d7db2cff7ceb3d3811157c57649faa2f9d927686f5f0b339,1,,,1917,7576,,,,,,,,TemporaryDirectImport,Converted,Project-owned shader-aware HDRP compatibility material (08A1-temporary-hdrp-compatibility-v3); donor shader code is not imported.
Material,b487a7e664eb31d43920f4f7f7273a72,assetripper-unity-project/ExportedProject/Assets/Material/paint 4.mat,00845285ca9836608d80bff81a813826d08ae4b0bdd7f3684589caf48ade85df,,BuiltIn/7,OpaqueLit,Assets/Game/LegacyImport/RuntimeBaseline/Generated/World/Materials/LegacyTextured/M06B2_b487a7e664eb31d43920f4f7f7273a72.mat,1616d5b3b65d71b8630ce7c85aa483816e884c75d0a5b9fdfea6d2dad8826b83,4,,,1051,7576,,,,,,,,TemporaryDirectImport,Converted,Project-owned shader-aware HDRP compatibility material (08A1-temporary-hdrp-compatibility-v3); donor shader code is not imported.
Material,b4ab95dc0b4ed3542966d80423084e1a,assetripper-unity-project/ExportedProject/Assets/Material/slot_machine.mat,3b5bc6c35d4963a2036db25d54333987392d2d5cee20c604150981b0bc650d9b,,Standard (Specular setup),OpaqueLit,Assets/Game/LegacyImport/RuntimeBaseline/Generated/World/Materials/LegacyTextured/M06B2_b4ab95dc0b4ed3542966d80423084e1a.mat,c342fb70dde0220fe916781b12b1823afd278d0110aef2b6369ad7c0d1875ae3,3,,,3459,7576,,,,,,,,TemporaryDirectImport,Converted,Project-owned shader-aware HDRP compatibility material (08A1-temporary-hdrp-compatibility-v3); donor shader code is not imported.
Material,b9425bb39988daf43a466f163ec699f6,assetripper-unity-project/ExportedProject/Assets/Material/cash_register.mat,664381fb493ade13b66a089d20d66f2a8923d190b15f03217498343171585f18,,BuiltIn/7,OpaqueLit,Assets/Game/LegacyImport/RuntimeBaseline/Generated/World/Materials/LegacyTextured/M06B2_b9425bb39988daf43a466f163ec699f6.mat,34fcc8048b29ee7b4ed7090de865f2cb551a9ffd8ac0849d81ed5c32e5106b6d,5,,,2121,7576,,,,,,,,TemporaryDirectImport,Converted,Project-owned shader-aware HDRP compatibility material (08A1-temporary-hdrp-compatibility-v3); donor shader code is not imported.
Material,b9e2851933fd5f54292f0a692a8c2f61,assetripper-unity-project/ExportedProject/Assets/Material/flatbed_chassis.mat,c33305c1f0d9763fc06eb312f866108bb7d5a07ed5369001d670781aad18ceb7,,BuiltIn/7,OpaqueLit,Assets/Game/LegacyImport/RuntimeBaseline/Generated/World/Materials/LegacyTextured/M06B2_b9e2851933fd5f54292f0a692a8c2f61.mat,96a14350582388af5e66b08fc5c1b48236532be5b9cd5b703a553a82ca597895,1,,,1923,7576,,,,,,,,TemporaryDirectImport,Converted,Project-owned shader-aware HDRP compatibility material (08A1-temporary-hdrp-compatibility-v3); donor shader code is not imported.
Material,b9e64245cffb12e4a8584039e35a02c7,assetripper-unity-project/ExportedProject/Assets/Material/hiillos_off.mat,145b92d0c757d231f912a30e1949d6cafa2bcec457e9075e22f908be369e738a,,BuiltIn/7,EmissiveLit,Assets/Game/LegacyImport/RuntimeBaseline/Generated/World/Materials/LegacyTextured/M06B2_b9e64245cffb12e4a8584039e35a02c7.mat,f7bcc065f4b57c8696843f3f374a7fb9adbfdf04dc5bf1f1a07f31e5d1197a6b,4,,,2124,7576,,,,,,,,TemporaryDirectImport,Converted,Project-owned shader-aware HDRP compatibility material (08A1-temporary-hdrp-compatibility-v3); donor shader code is not imported.
Material,bb3e90d2fd6671b43baec5392c41df2c,assetripper-unity-project/ExportedProject/Assets/Material/ATLAS_BUILDINGS.mat,168c561f084221da364a34942277370b58991616adbb592f3310737888d8eceb,,BuiltIn/7,OpaqueLit,Assets/Game/LegacyImport/RuntimeBaseline/Generated/World/Materials/LegacyTextured/M06B2_bb3e90d2fd6671b43baec5392c41df2c.mat,aefcdae05ae6d721b29149f195aafe3bbf01e1ceee261d58bd3275cf04526e20,156,,,1923,7576,,,,,,,,TemporaryDirectImport,Converted,Project-owned shader-aware HDRP compatibility material (08A1-temporary-hdrp-compatibility-v3); donor shader code is not imported.
Material,bc4c85b54ac6054428d76e49914801cc,assetripper-unity-project/ExportedProject/Assets/Material/Water4Adv_Lake.mat,dec3ddaba8055e057039f82b39b7eb351425704b740e17f88a98664386357174,,FX/Water4,TemporaryWater,Assets/Game/LegacyImport/RuntimeBaseline/Generated/World/Materials/LegacyTextured/M06B2_bc4c85b54ac6054428d76e49914801cc.mat,d35a51b385aa64a5d9c9fb1d288bbf4c93ea9442f5e39cb1d9e275d900022a1f,1,,,7737,7824,,,,,,,,TemporaryDirectImport,Converted,Project-owned shader-aware HDRP compatibility material (08A1-temporary-hdrp-compatibility-v3); donor shader code is not imported.
Material,bd0188d8562547c4cbf6ac4301c63605,assetripper-unity-project/ExportedProject/Assets/Material/repair_shop_wall1.mat,a532787e2d928237149bd87fe637e644c454ef8d9ed0eb12064a73122a102abb,,Standard,OpaqueLit,Assets/Game/LegacyImport/RuntimeBaseline/Generated/World/Materials/LegacyTextured/M06B2_bd0188d8562547c4cbf6ac4301c63605.mat,06136d35a5b647ee5c585aa5a65442bb219006a96bc5ee5f2dce515eddd5d6a3,1,,,3347,7576,,,,,,,,TemporaryDirectImport,Converted,Project-owned shader-aware HDRP compatibility material (08A1-temporary-hdrp-compatibility-v3); donor shader code is not imported.
Material,be486ed83c2f6474eb12d4f1e3119f6b,assetripper-unity-project/ExportedProject/Assets/Material/wood13.mat,c1ef51167557523e680339c2f8002fcc6571484dc74a4d49f1370f187d6920f6,,BuiltIn/7,OpaqueLit,Assets/Game/LegacyImport/RuntimeBaseline/Generated/World/Materials/LegacyTextured/M06B2_be486ed83c2f6474eb12d4f1e3119f6b.mat,e4ec533777805821c7eab901c1202227972e00fd455b668319f046d9cc341d9f,7,,,1916,7576,,,,,,,,TemporaryDirectImport,Converted,Project-owned shader-aware HDRP compatibility material (08A1-temporary-hdrp-compatibility-v3); donor shader code is not imported.
Material,bee65a18eecc0bc409361e160d6b1aca,assetripper-unity-project/ExportedProject/Assets/Material/DIRTROAD.mat,3b0854a8a42d0cc4c29403244eebe909b66f0541ee12079deda5226674cc5427,,Legacy Shaders/Diffuse Detail,OpaqueLit,Assets/Game/LegacyImport/RuntimeBaseline/Generated/World/Materials/LegacyTextured/M06B2_bee65a18eecc0bc409361e160d6b1aca.mat,b51ca643fd42fca5979493ac4891beb173c2bca121ef196a697d43a7df5fbeca,1,,,2358,7736,,,,,,,,TemporaryDirectImport,Converted,Project-owned shader-aware HDRP compatibility material (08A1-temporary-hdrp-compatibility-v3); donor shader code is not imported.
Material,c0b1b21bf0d55d24f8b9d5df49e94c01,assetripper-unity-project/ExportedProject/Assets/Material/fabric_green.mat,9adc63b0f4048f1a51df08df4e701adbab58acd1d9988f6c7404b59a4fd19604,,BuiltIn/7,OpaqueLit,Assets/Game/LegacyImport/RuntimeBaseline/Generated/World/Materials/LegacyTextured/M06B2_c0b1b21bf0d55d24f8b9d5df49e94c01.mat,df27cc344b7ba20418148f87e5f9963ff31ad9e3586a098915afe50101b481f3,1,,,778,7576,,,,,,,,TemporaryDirectImport,Converted,Project-owned shader-aware HDRP compatibility material (08A1-temporary-hdrp-compatibility-v3); donor shader code is not imported.
Material,c1430bf5323813a4bae1fa52be66bf68,assetripper-unity-project/ExportedProject/Assets/Material/satsuma_gauges.mat,9a67d3892eba71a0b10d2cf397b1e4b1059f7d9ac5804d1eb2f07d7d6f1dd223,,Standard,OpaqueLit,Assets/Game/LegacyImport/RuntimeBaseline/Generated/World/Materials/LegacyTextured/M06B2_c1430bf5323813a4bae1fa52be66bf68.mat,9d18304e944321c894f10eebcff98a7eae0a839433c40989734ff8901805cf5c,6,,,3524,7576,,,,,,,,TemporaryDirectImport,Converted,Project-owned shader-aware HDRP compatibility material (08A1-temporary-hdrp-compatibility-v3); donor shader code is not imported.
Material,c24a47dca258dd14e8831ff116036cd0,assetripper-unity-project/ExportedProject/Assets/Material/card_player5.mat,21f4d077a24d0cd74617e70b1cd16fde3d5282e2e1b93abf077edaf983f55024,,Legacy Shaders/Diffuse Detail,OpaqueLit,Assets/Game/LegacyImport/RuntimeBaseline/Generated/World/Materials/LegacyTextured/M06B2_c24a47dca258dd14e8831ff116036cd0.mat,82ce075cf5294e169abbbc0c124b447b822524d2354a495bdd85ec8586777518,1,,,2148,7576,,,,,,,,TemporaryDirectImport,Converted,Project-owned shader-aware HDRP compatibility material (08A1-temporary-hdrp-compatibility-v3); donor shader code is not imported.
Material,c265cf972ef409e4d85d5375e22b8294,assetripper-unity-project/ExportedProject/Assets/Material/npc_interior.mat,da85a21c5001b6b944861630f2840521bc94d26ac75faea066f46324a90d703d,,BuiltIn/7,OpaqueLit,Assets/Game/LegacyImport/RuntimeBaseline/Generated/World/Materials/LegacyTextured/M06B2_c265cf972ef409e4d85d5375e22b8294.mat,83a007d4fcc1dd60e2d011ae0f833dd2f17822f55ad329a7fa170836235e54f1,5,,,2726,7576,,,,,,,,TemporaryDirectImport,Converted,Project-owned shader-aware HDRP compatibility material (08A1-temporary-hdrp-compatibility-v3); donor shader code is not imported.
Material,c29f01697f95b604aaa548404536de02,assetripper-unity-project/ExportedProject/Assets/Material/card_player6.mat,2feb077e25e9741d878c1789dd75e53cc19ec58ec0109085a2ae8cb3ec045278,,Legacy Shaders/Diffuse Detail,OpaqueLit,Assets/Game/LegacyImport/RuntimeBaseline/Generated/World/Materials/LegacyTextured/M06B2_c29f01697f95b604aaa548404536de02.mat,db9536816a20cc7244ddcf1ee378e770a0bdaefcec7d29cf61436481cdfa2ded,1,,,2148,7576,,,,,,,,TemporaryDirectImport,Converted,Project-owned shader-aware HDRP compatibility material (08A1-temporary-hdrp-compatibility-v3); donor shader code is not imported.
Material,c2f3bd2a8b811844c9abc854f1f1731f,assetripper-unity-project/ExportedProject/Assets/Material/CAR_MASSE.mat,5f3ae7849fba8cbd592844265b649a9c9b4e5830ba708bb0a01df882ef9fb4bd,,Standard,OpaqueLit,Assets/Game/LegacyImport/RuntimeBaseline/Generated/World/Materials/LegacyTextured/M06B2_c2f3bd2a8b811844c9abc854f1f1731f.mat,5c7059c5969e21fb9e20d189e85706beda6da044ff3750f3b5089469e5af416b,1,,,4125,7576,,,,,,,,TemporaryDirectImport,Converted,Project-owned shader-aware HDRP compatibility material (08A1-temporary-hdrp-compatibility-v3); donor shader code is not imported.
Material,c34448a7491c8d047810e4e19aee2ab6,assetripper-unity-project/ExportedProject/Assets/Material/ATLAS_HOME.mat,3eebfe5001bcda9e15fac78eb3afe192eb4ccaa0dfcde87f3dc35e8c13ec4614,,BuiltIn/7,OpaqueLit,Assets/Game/LegacyImport/RuntimeBaseline/Generated/World/Materials/LegacyTextured/M06B2_c34448a7491c8d047810e4e19aee2ab6.mat,1e6573a76d3c581977a4195a67ce7e2247bffa7f3b337ed5d857ba7cdda51a44,298,,,1896,7576,,,,,,,,TemporaryDirectImport,Converted,Project-owned shader-aware HDRP compatibility material (08A1-temporary-hdrp-compatibility-v3); donor shader code is not imported.
Material,c3e79b0de6c4fd74d88a23aa7b70628d,assetripper-unity-project/ExportedProject/Assets/Material/fanbelt_static.mat,541ea9c8c3a4be3ab72c7840a2f2f0df15f0b441da97cad439b743920ba89a65,,BuiltIn/7,OpaqueLit,Assets/Game/LegacyImport/RuntimeBaseline/Generated/World/Materials/LegacyTextured/M06B2_c3e79b0de6c4fd74d88a23aa7b70628d.mat,44fc51ae03eaff272aad65a27329654ee82f555ca5c0aecbd95a29721a96f882,3,,,2794,7576,,,,,,,,TemporaryDirectImport,Converted,Project-owned shader-aware HDRP compatibility material (08A1-temporary-hdrp-compatibility-v3); donor shader code is not imported.
Material,c4453288cfd8300448772260e03b1f50,assetripper-unity-project/ExportedProject/Assets/Material/color03.mat,1e94591505b34967c7439ce4ae8e304970d9d25be3ad72ab3cae808b8eb0e8a1,,Standard,OpaqueLit,Assets/Game/LegacyImport/RuntimeBaseline/Generated/World/Materials/LegacyTextured/M06B2_c4453288cfd8300448772260e03b1f50.mat,52e3da581ddb6bdfa765befea148d5a9fc0cba72593942dc561f854b1024c0d4,3,,,3482,7656,,,,,,,,TemporaryDirectImport,Converted,Project-owned shader-aware HDRP compatibility material (08A1-temporary-hdrp-compatibility-v3); donor shader code is not imported.
Material,c6b5073e6d5333f4fb3e5993a12f21f4,assetripper-unity-project/ExportedProject/Assets/Material/bottle_booze_label.mat,ed6809716df479cad4e3420e23078c95d989ab08ad3ad06bb983ec066a428262,,Standard,OpaqueLit,Assets/Game/LegacyImport/RuntimeBaseline/Generated/World/Materials/LegacyTextured/M06B2_c6b5073e6d5333f4fb3e5993a12f21f4.mat,15c555edc77c068d1c175885da5bb55b78d95944eb857db47b344709c6bccc65,1,,,3280,7576,,,,,,,,TemporaryDirectImport,Converted,Project-owned shader-aware HDRP compatibility material (08A1-temporary-hdrp-compatibility-v3); donor shader code is not imported.
Material,c81f3993ff044604cb110ff305d10f6c,assetripper-unity-project/ExportedProject/Assets/Material/wallpaper3.mat,6284df132c7d546f670c1a237bfb53b45656d50da29d4812796975a8db73646c,,BuiltIn/7,OpaqueLit,Assets/Game/LegacyImport/RuntimeBaseline/Generated/World/Materials/LegacyTextured/M06B2_c81f3993ff044604cb110ff305d10f6c.mat,15089ad2cdc161b26c7242afabca622f902f761f3ab9c7b097435f44c84eb7b1,1,,,749,7576,,,,,,,,TemporaryDirectImport,Converted,Project-owned shader-aware HDRP compatibility material (08A1-temporary-hdrp-compatibility-v3); donor shader code is not imported.
Material,c924a8d7eb0d5aa4ca430cb3b4a115df,assetripper-unity-project/ExportedProject/Assets/Material/pressu.mat,bbf1f06114d6f89f6efd0d45985ab4cb255a21c2ac7bbe42cb21f89e961d67a5,,Legacy Shaders/Bumped Diffuse,OpaqueLit,Assets/Game/LegacyImport/RuntimeBaseline/Generated/World/Materials/LegacyTextured/M06B2_c924a8d7eb0d5aa4ca430cb3b4a115df.mat,c2284c4893ae3d7acdd31351faf77021f7c494fcc8bd2c8b89583e8fbe2ffe48,1,,,2158,7656,,,,,,,,TemporaryDirectImport,Converted,Project-owned shader-aware HDRP compatibility material (08A1-temporary-hdrp-compatibility-v3); donor shader code is not imported.
Material,c9756b094c270cd4e8bbf0bb3aa59082,assetripper-unity-project/ExportedProject/Assets/Material/Lakebed.mat,349a89d3eca2d91af316fc48aa8ea11647357026c468e0472154e46ca4fa4898,,Standard,OpaqueLit,Assets/Game/LegacyImport/RuntimeBaseline/Generated/World/Materials/LegacyTextured/M06B2_c9756b094c270cd4e8bbf0bb3aa59082.mat,8e55331f84361ede2b619d19565af458512504424432a175b1e0d3cb2f27cf01,1,,,4775,7736,,,,,,,,TemporaryDirectImport,Converted,Project-owned shader-aware HDRP compatibility material (08A1-temporary-hdrp-compatibility-v3); donor shader code is not imported.
Material,cb8e360d493e1b24c9f354372c14e62f,assetripper-unity-project/ExportedProject/Assets/Material/color04.mat,0fe11cd681ed27a54b034c779af95bf08d9b511ddee0d98be54c7daf216955de,,Standard,OpaqueLit,Assets/Game/LegacyImport/RuntimeBaseline/Generated/World/Materials/LegacyTextured/M06B2_cb8e360d493e1b24c9f354372c14e62f.mat,9947364baeda4f5fffb095e20df2198f214edb44032427abb4e3b3c747bf648c,3,,,3475,7656,,,,,,,,TemporaryDirectImport,Converted,Project-owned shader-aware HDRP compatibility material (08A1-temporary-hdrp-compatibility-v3); donor shader code is not imported.
Material,cbde12413dd6d9241957e95a6f91cf4a,assetripper-unity-project/ExportedProject/Assets/Material/CAR_WINDOWS_black.mat,9e7c7cadb424cbe6e35d8b88687eb7d93234a01ef95d761bf20d96e76f6ef271,,Standard,TransparentLit,Assets/Game/LegacyImport/RuntimeBaseline/Generated/World/Materials/LegacyTextured/M06B2_cbde12413dd6d9241957e95a6f91cf4a.mat,a9b1459c405132258e2684638447d956f66ac22aca619966cc0cd98365b4b2fb,1,,,3716,7824,,,,,,,,TemporaryDirectImport,Converted,Project-owned shader-aware HDRP compatibility material (08A1-temporary-hdrp-compatibility-v3); donor shader code is not imported.
Material,cc29fd1c0a161ab4a86040cc83abd05d,assetripper-unity-project/ExportedProject/Assets/Material/char_pants02.mat,07a20a25711a30152e7ef7ab781bb5eebc7f4172bb61be894c0159cafa718bfd,,BuiltIn/7,OpaqueLit,Assets/Game/LegacyImport/RuntimeBaseline/Generated/World/Materials/LegacyTextured/M06B2_cc29fd1c0a161ab4a86040cc83abd05d.mat,06335bb0f25b5fe75b89d5f76d17cf5d67e7fe22112bd60bd28eadda0d257f85,3,,,1920,7576,,,,,,,,TemporaryDirectImport,Converted,Project-owned shader-aware HDRP compatibility material (08A1-temporary-hdrp-compatibility-v3); donor shader code is not imported.
Material,cc52dfcc8ef96644c843aa98704c95e3,assetripper-unity-project/ExportedProject/Assets/Material/metal_roster.mat,3261acf6425475a82beb90d889fe644da55c41792deea8422d4f1398d67ffc04,,Standard,OpaqueLit,Assets/Game/LegacyImport/RuntimeBaseline/Generated/World/Materials/LegacyTextured/M06B2_cc52dfcc8ef96644c843aa98704c95e3.mat,7d150ab9a7860d86ca46e3e9bf91c4e1994d75f532d454c30378e896751aa8b0,16,,,3488,7576,,,,,,,,TemporaryDirectImport,Converted,Project-owned shader-aware HDRP compatibility material (08A1-temporary-hdrp-compatibility-v3); donor shader code is not imported.
Material,cd48abe30a521f04d90bd5c92155053d,assetripper-unity-project/ExportedProject/Assets/Material/tires_new.mat,bfc2a38bc7c9cdbc2bca765ad0501ce3a478550c142301a7a62ec69eb2b5c971,,BuiltIn/7,OpaqueLit,Assets/Game/LegacyImport/RuntimeBaseline/Generated/World/Materials/LegacyTextured/M06B2_cd48abe30a521f04d90bd5c92155053d.mat,5681244c25f4eda5ad5b068ee2208053a133d7d2934a07ec4ac21c0cac4a4fce,20,,,952,7576,,,,,,,,TemporaryDirectImport,Converted,Project-owned shader-aware HDRP compatibility material (08A1-temporary-hdrp-compatibility-v3); donor shader code is not imported.
Material,cd5ebe0b333b1864f93f3affbc559285,assetripper-unity-project/ExportedProject/Assets/Material/interior_panels.mat,a1d41d6884b36b6c707ba790d7b67067993c03d22283f99f7720b07a1b1d12be,,Standard,OpaqueLit,Assets/Game/LegacyImport/RuntimeBaseline/Generated/World/Materials/LegacyTextured/M06B2_cd5ebe0b333b1864f93f3affbc559285.mat,4ec27686671121eb8c45af3fa5c214fa14f173d4a09468d4cd12b18a907b7035,1,,,3651,7656,,,,,,,,TemporaryDirectImport,Converted,Project-owned shader-aware HDRP compatibility material (08A1-temporary-hdrp-compatibility-v3); donor shader code is not imported.
Material,cd9bb02a801963d4e8a0e7be2e64ee33,assetripper-unity-project/ExportedProject/Assets/Material/RAILROAD.mat,5a71ba426afbef04eca914e0f8f53111fd1ed61b952841f1d104737cdddc1e00,,BuiltIn/7,OpaqueLit,Assets/Game/LegacyImport/RuntimeBaseline/Generated/World/Materials/LegacyTextured/M06B2_cd9bb02a801963d4e8a0e7be2e64ee33.mat,3e5a2c91ca8d002e7086444a8e345c1417c3bc0618748213ed7fdfb11977e407,2,,,1937,7576,,,,,,,,TemporaryDirectImport,Converted,Project-owned shader-aware HDRP compatibility material (08A1-temporary-hdrp-compatibility-v3); donor shader code is not imported.
Material,cda4faf48bb21e04a8ae79788b3e90ab,assetripper-unity-project/ExportedProject/Assets/Material/tunnel_info.mat,e266c7e6293900e17ce939157d1256d0b20ef37e4ed36b47fe325012fc81f074,,BuiltIn/10752,Unlit,Assets/Game/LegacyImport/RuntimeBaseline/Generated/World/Materials/LegacyTextured/M06B2_cda4faf48bb21e04a8ae79788b3e90ab.mat,76da04290aaa9f43a1395d4f675fa18235a3f8f0c63c01b6c646433ac032e8f7,3,,,962,3352,,,,,,,,TemporaryDirectImport,Converted,Project-owned shader-aware HDRP compatibility material (08A1-temporary-hdrp-compatibility-v3); donor shader code is not imported.
Material,ceece334d48596b47928e148fe30959a,assetripper-unity-project/ExportedProject/Assets/Material/WATER_PLANTS.mat,ff16f62d3c478487cb11e9199b99ff34ffe439196b71f5d03a24075d1cf66955,,Standard,AlphaClipLit,Assets/Game/LegacyImport/RuntimeBaseline/Generated/World/Materials/LegacyTextured/M06B2_ceece334d48596b47928e148fe30959a.mat,048fb4bfd87a62d2e3e00aa1d36cb803561b5b5f40ee1662fc8f50fc98d99c68,1,,,3480,7664,,,,,,,,TemporaryDirectImport,Converted,Project-owned shader-aware HDRP compatibility material (08A1-temporary-hdrp-compatibility-v3); donor shader code is not imported.
Material,cf6f91d98fc12ac44a12ef62e31537ce,assetripper-unity-project/ExportedProject/Assets/Material/show_paint_regular.mat,de4a3d0f9fa0ad583e1a5e16405d11e32002d1e683c19dbeef6000e03d557f54,,Standard (Specular setup),OpaqueLit,Assets/Game/LegacyImport/RuntimeBaseline/Generated/World/Materials/LegacyTextured/M06B2_cf6f91d98fc12ac44a12ef62e31537ce.mat,1d9c38d16d0c490e8cb301b2fb84a2d5f589036c2c2ea63878462c2730f8833d,1,,,4240,7576,,,,,,,,TemporaryDirectImport,Converted,Project-owned shader-aware HDRP compatibility material (08A1-temporary-hdrp-compatibility-v3); donor shader code is not imported.
Material,cff2ae7eae71353499408f2e373509e4,assetripper-unity-project/ExportedProject/Assets/Material/npc_car3.mat,3b5c3178f097024c26263c8114faf47483b49c100453295b4e4b13cdea456a47,,Standard,OpaqueLit,Assets/Game/LegacyImport/RuntimeBaseline/Generated/World/Materials/LegacyTextured/M06B2_cff2ae7eae71353499408f2e373509e4.mat,a1d4b82d6d2ddfe8d4985ffade0b6645583641d2297f0f6bfaa9bd1efede3ce9,7,,,4111,7576,,,,,,,,TemporaryDirectImport,Converted,Project-owned shader-aware HDRP compatibility material (08A1-temporary-hdrp-compatibility-v3); donor shader code is not imported.
Material,d00cf83d02749f44f84fa4d068cc411e,assetripper-unity-project/ExportedProject/Assets/Material/rock_sokkeli.mat,9610f545007f4b97a2c826f8976196f252cd7eb130f1b4c40c28adaa0833226e,,BuiltIn/7,OpaqueLit,Assets/Game/LegacyImport/RuntimeBaseline/Generated/World/Materials/LegacyTextured/M06B2_d00cf83d02749f44f84fa4d068cc411e.mat,adc58e56302ebe7aa3a5089e08a4b2809c4ddfa47dbe307e292851bc184a7d82,17,,,1923,7576,,,,,,,,TemporaryDirectImport,Converted,Project-owned shader-aware HDRP compatibility material (08A1-temporary-hdrp-compatibility-v3); donor shader code is not imported.
Material,d10e757595de82847a22ab157af070b8,assetripper-unity-project/ExportedProject/Assets/Material/AIRPORT_stripe.mat,adec35b4dfe73612573ed976cca217787fbc21cb153ad61d1ea7866f6e39eb70,,Standard,OpaqueLit,Assets/Game/LegacyImport/RuntimeBaseline/Generated/World/Materials/LegacyTextured/M06B2_d10e757595de82847a22ab157af070b8.mat,4e2d7b389e66d646cf0f0883aec746808cfd77da1dfb5657b965ca35f26d9b64,1,,,3641,7736,,,,,,,,TemporaryDirectImport,Converted,Project-owned shader-aware HDRP compatibility material (08A1-temporary-hdrp-compatibility-v3); donor shader code is not imported.
Material,d184f1d4ced03454b88a488e028a50f1,assetripper-unity-project/ExportedProject/Assets/Material/wood12.mat,fc6172431fd4426494ad97f38483c72190563c2875df9073f5efdbfe5e0c5805,,BuiltIn/7,OpaqueLit,Assets/Game/LegacyImport/RuntimeBaseline/Generated/World/Materials/LegacyTextured/M06B2_d184f1d4ced03454b88a488e028a50f1.mat,e5d5e990d3af16a2fded3aacd2ca72fc5a4a0e5db2cb2933fef95ac38da90d58,2,,,1919,7576,,,,,,,,TemporaryDirectImport,Converted,Project-owned shader-aware HDRP compatibility material (08A1-temporary-hdrp-compatibility-v3); donor shader code is not imported.
Material,d1a0ef0e2273d434087c579f52819677,assetripper-unity-project/ExportedProject/Assets/Material/reg_plate1.mat,010be8ca825c9cf4dc60b4fe6a1de5ec1e8d7e41171ea2c0ea944db3e0ebb77f,,BuiltIn/7,OpaqueLit,Assets/Game/LegacyImport/RuntimeBaseline/Generated/World/Materials/LegacyTextured/M06B2_d1a0ef0e2273d434087c579f52819677.mat,49132c3f13381db5107a870caa99cbc507dc2dd74d2d20241980f227652d80f7,2,,,2020,7576,,,,,,,,TemporaryDirectImport,Converted,Project-owned shader-aware HDRP compatibility material (08A1-temporary-hdrp-compatibility-v3); donor shader code is not imported.
Material,d1f634d33f25cb547bedc7b838fe1956,assetripper-unity-project/ExportedProject/Assets/Material/truck_cabin 1.mat,8b6667851a38ec604c6668747dfefac7965b1a564c223db562658eae7172c39f,,BuiltIn/7,OpaqueLit,Assets/Game/LegacyImport/RuntimeBaseline/Generated/World/Materials/LegacyTextured/M06B2_d1f634d33f25cb547bedc7b838fe1956.mat,191a74be23bbf28da3ef88d88af2f52294216e7ab54a7be1835ed26f408c6428,1,,,1925,7576,,,,,,,,TemporaryDirectImport,Converted,Project-owned shader-aware HDRP compatibility material (08A1-temporary-hdrp-compatibility-v3); donor shader code is not imported.
Material,d2a49dfd7b942454a85d1b9c31ef03f7,assetripper-unity-project/ExportedProject/Assets/Material/tiles2.mat,3039b84e4e19cd2fbdbe8a5b6cb121f0b562a35a0eecd06a9a8562fac55f140f,,BuiltIn/7,OpaqueLit,Assets/Game/LegacyImport/RuntimeBaseline/Generated/World/Materials/LegacyTextured/M06B2_d2a49dfd7b942454a85d1b9c31ef03f7.mat,3672665c5d44f1583dd87d6a1f89c2174abd2242d00902c71cd9647241338308,1,,,1907,7576,,,,,,,,TemporaryDirectImport,Converted,Project-owned shader-aware HDRP compatibility material (08A1-temporary-hdrp-compatibility-v3); donor shader code is not imported.
Material,d4e52ac920dc8f943b9bde064fe76e9d,assetripper-unity-project/ExportedProject/Assets/Material/tires_gobra.mat,be8bf192317c17fe3882e56d44b6ea204682f00e7dfecd9767ab690386837d0f,,Standard,OpaqueLit,Assets/Game/LegacyImport/RuntimeBaseline/Generated/World/Materials/LegacyTextured/M06B2_d4e52ac920dc8f943b9bde064fe76e9d.mat,d912400d61e4bd8c69f1ff28559c9e59dd7b864d3eefaa1b160fb7732fe3b074,4,,,3518,7656,,,,,,,,TemporaryDirectImport,Converted,Project-owned shader-aware HDRP compatibility material (08A1-temporary-hdrp-compatibility-v3); donor shader code is not imported.
Material,d775b7c9eb8faff4ca546720110a7168,assetripper-unity-project/ExportedProject/Assets/Material/npc_car5.mat,becdd2294ccc1f6a6192b986d639eb0a6db15e950a44b68b15afec8d7069674d,,Standard,OpaqueLit,Assets/Game/LegacyImport/RuntimeBaseline/Generated/World/Materials/LegacyTextured/M06B2_d775b7c9eb8faff4ca546720110a7168.mat,26c431829f4bdab3894142364d332aaa0320d9919204d3736320ebbd353e7cd6,1,,,4070,7576,,,,,,,,TemporaryDirectImport,Converted,Project-owned shader-aware HDRP compatibility material (08A1-temporary-hdrp-compatibility-v3); donor shader code is not imported.
Material,d7de8061a89f3cf4d9be04e0cf719f9f,assetripper-unity-project/ExportedProject/Assets/Material/TRACKFIELD_track.mat,52c215cbc5b609849a8baaffa869b5c19235fc993f60b6bfec0333609eb599ba,,Legacy Shaders/Diffuse Detail,OpaqueLit,Assets/Game/LegacyImport/RuntimeBaseline/Generated/World/Materials/LegacyTextured/M06B2_d7de8061a89f3cf4d9be04e0cf719f9f.mat,ee55dc19e5b020007084e8f982181984321bd185845d27ba63200c22a0aa6948,1,,,2370,7736,,,,,,,,TemporaryDirectImport,Converted,Project-owned shader-aware HDRP compatibility material (08A1-temporary-hdrp-compatibility-v3); donor shader code is not imported.
Material,d904cd5a6365e0f4b83cbc8447ce71e2,assetripper-unity-project/ExportedProject/Assets/Material/ATLAS_RUST.mat,3cea3938f075359e843c4de4adf57b24e668a5cbbfc5879a0f1d63be60b37bef,,BuiltIn/7,OpaqueLit,Assets/Game/LegacyImport/RuntimeBaseline/Generated/World/Materials/LegacyTextured/M06B2_d904cd5a6365e0f4b83cbc8447ce71e2.mat,f00efd1b35b300be6213b372018d2a0b6fc8815e89fb9bdbc94df7c047a9a923,24,,,1894,7576,,,,,,,,TemporaryDirectImport,Converted,Project-owned shader-aware HDRP compatibility material (08A1-temporary-hdrp-compatibility-v3); donor shader code is not imported.
Material,d9583e71269c7e543a723ebabef6f319,assetripper-unity-project/ExportedProject/Assets/Material/prop_ghettoblaster.mat,bdf1527ab399e490aaed7f603e3a4c434074f4d3c94e4a7a0c500c38d911b952,,BuiltIn/7,OpaqueLit,Assets/Game/LegacyImport/RuntimeBaseline/Generated/World/Materials/LegacyTextured/M06B2_d9583e71269c7e543a723ebabef6f319.mat,110147b0ccbe1067ebc05bd133720bf98fcec05c2d73ea88c6acb497fd18e14d,1,,,2233,7576,,,,,,,,TemporaryDirectImport,Converted,Project-owned shader-aware HDRP compatibility material (08A1-temporary-hdrp-compatibility-v3); donor shader code is not imported.
Material,da2a5620016f9fe4ba1b5cbfead38122,assetripper-unity-project/ExportedProject/Assets/Material/curtain1.mat,5a4db8850e4486ee0206c9d3d266f09cad9d09913d2dcfc7a472b7caabbc2307,,BuiltIn/7,OpaqueLit,Assets/Game/LegacyImport/RuntimeBaseline/Generated/World/Materials/LegacyTextured/M06B2_da2a5620016f9fe4ba1b5cbfead38122.mat,a0abd693e48111b5206d336c361b1245e1cdc5d46b5728488f2936613be19244,1,,,747,7576,,,,,,,,TemporaryDirectImport,Converted,Project-owned shader-aware HDRP compatibility material (08A1-temporary-hdrp-compatibility-v3); donor shader code is not imported.
Material,da5744d41efc4ba4f9150dd996a5e174,assetripper-unity-project/ExportedProject/Assets/Material/curtain3.mat,06b6ac2f3e64dffa84d3b4b2b7214cbca1f4c95881892565ac980f7f9de0e31a,,BuiltIn/7,OpaqueLit,Assets/Game/LegacyImport/RuntimeBaseline/Generated/World/Materials/LegacyTextured/M06B2_da5744d41efc4ba4f9150dd996a5e174.mat,0a265ce09aa4cd30186357695a981b93ff176d1899957ca54872216329951d22,1,,,747,7576,,,,,,,,TemporaryDirectImport,Converted,Project-owned shader-aware HDRP compatibility material (08A1-temporary-hdrp-compatibility-v3); donor shader code is not imported.
Material,da5bc03c62a0f174197555e90357aac9,assetripper-unity-project/ExportedProject/Assets/Material/TERRAIN.mat,bc6699411742943cb0d6fda0d07e53054e858cde78b325d86693040591beba84,,Legacy Shaders/Diffuse Detail,OpaqueLit,Assets/Game/LegacyImport/RuntimeBaseline/Generated/World/Materials/LegacyTextured/M06B2_da5bc03c62a0f174197555e90357aac9.mat,0b23698588e7412e311701ab7445da7594e22a483e1145db5ee7f51465086efa,5,,,3519,7736,,,,,,,,TemporaryDirectImport,Converted,Project-owned shader-aware HDRP compatibility material (08A1-temporary-hdrp-compatibility-v3); donor shader code is not imported.
Material,db1d68374021c594697aeb52369ae82b,assetripper-unity-project/ExportedProject/Assets/Material/slot_machine_roll.mat,138cf2c29548436821faab45a0d2d8d34a99cf803490409a6e06d11a6a446b9e,,BuiltIn/10752,Unlit,Assets/Game/LegacyImport/RuntimeBaseline/Generated/World/Materials/LegacyTextured/M06B2_db1d68374021c594697aeb52369ae82b.mat,ebe0e322b8569718b872bc7bf34b6272a664f83b524013424cdf2e94173676cf,3,,,1913,3352,,,,,,,,TemporaryDirectImport,Converted,Project-owned shader-aware HDRP compatibility material (08A1-temporary-hdrp-compatibility-v3); donor shader code is not imported.
Material,db7e72aedebf22b499ed391321e08f66,assetripper-unity-project/ExportedProject/Assets/Material/card_player7.mat,9e88502ecf9f205f47655a398337eb302c03dd6c0f4b24e4075226b910417f6a,,Legacy Shaders/Diffuse Detail,OpaqueLit,Assets/Game/LegacyImport/RuntimeBaseline/Generated/World/Materials/LegacyTextured/M06B2_db7e72aedebf22b499ed391321e08f66.mat,961ae3006d4e3c071904bd991b7f870e4175db7cd832c897d2f495c60293ac69,1,,,2148,7576,,,,,,,,TemporaryDirectImport,Converted,Project-owned shader-aware HDRP compatibility material (08A1-temporary-hdrp-compatibility-v3); donor shader code is not imported.
Material,dc20af21fb1e49a4b968f8e60a6474ae,assetripper-unity-project/ExportedProject/Assets/Material/fabric_cotton.mat,bf8e640f6f6a28864d5e70a42941379d4df7dd17a0278fbb8a9e98e06384c97b,,BuiltIn/7,OpaqueLit,Assets/Game/LegacyImport/RuntimeBaseline/Generated/World/Materials/LegacyTextured/M06B2_dc20af21fb1e49a4b968f8e60a6474ae.mat,eda9eef146c6eb63ded5424ab77ac3351646990027076f51826da3909ce9db44,3,,,776,7576,,,,,,,,TemporaryDirectImport,Converted,Project-owned shader-aware HDRP compatibility material (08A1-temporary-hdrp-compatibility-v3); donor shader code is not imported.
Material,dc4cc7a1e367268408bd470bc779d9e1,assetripper-unity-project/ExportedProject/Assets/Material/dragcar1.mat,1fe98e061a6c94e438251accbd74ee610c7127760ae8100eb6968e39867af967,,Standard (Specular setup),OpaqueLit,Assets/Game/LegacyImport/RuntimeBaseline/Generated/World/Materials/LegacyTextured/M06B2_dc4cc7a1e367268408bd470bc779d9e1.mat,d802051932c3fc0bedef95b7b24c88936730ad28692feb3fb6813d5b74340b7c,1,,,3453,7576,,,,,,,,TemporaryDirectImport,Converted,Project-owned shader-aware HDRP compatibility material (08A1-temporary-hdrp-compatibility-v3); donor shader code is not imported.
Material,dd486279f72a44441aee75db729b8b97,assetripper-unity-project/ExportedProject/Assets/Material/dotted_white_dotted_yellow.mat,c08a3e1b6bb80321e95e8007840f64f0722776c34fa1ed3a7e9f927c5e4a96f6,,Standard,AlphaClipLit,Assets/Game/LegacyImport/RuntimeBaseline/Generated/World/Materials/LegacyTextured/M06B2_dd486279f72a44441aee75db729b8b97.mat,242e68380e4846b0b6b9ce0d35a90cbb81d39e9afafb6f2ee30879f385b02f3a,1,,,3472,7824,,,,,,,,TemporaryDirectImport,Converted,Project-owned shader-aware HDRP compatibility material (08A1-temporary-hdrp-compatibility-v3); donor shader code is not imported.
Material,ddf6bc7f3fbbd9a45966338eac1165d8,assetripper-unity-project/ExportedProject/Assets/Material/wall_metal5.mat,e6cb72124c2d6c3ac35d09362516d6e7b3d025175873b670397b961d58b488f8,,BuiltIn/7,OpaqueLit,Assets/Game/LegacyImport/RuntimeBaseline/Generated/World/Materials/LegacyTextured/M06B2_ddf6bc7f3fbbd9a45966338eac1165d8.mat,d8a0c8ac960b15602c8d205c7cc2ba7360857e2fa217fedb2c041701ecc09823,1,,,1922,7576,,,,,,,,TemporaryDirectImport,Converted,Project-owned shader-aware HDRP compatibility material (08A1-temporary-hdrp-compatibility-v3); donor shader code is not imported.
Material,df53842ab776536469d2742bc54a35b6,assetripper-unity-project/ExportedProject/Assets/Material/color08.mat,61b09fab704f3414f3cfe64239a367fe72021a78972da2f2a363347acbca6dab,,Standard,OpaqueLit,Assets/Game/LegacyImport/RuntimeBaseline/Generated/World/Materials/LegacyTextured/M06B2_df53842ab776536469d2742bc54a35b6.mat,4ddc62c2f499f609d8f4ff78f31cbe0c87e91cce72263180f6fb59945abc48f3,3,,,3475,7656,,,,,,,,TemporaryDirectImport,Converted,Project-owned shader-aware HDRP compatibility material (08A1-temporary-hdrp-compatibility-v3); donor shader code is not imported.
Material,dfed100614f7d684b92092a52b3c3dde,assetripper-unity-project/ExportedProject/Assets/Material/videopoker_screen.mat,5e75ca0f9a8cdf3ea1bd03c8f979921cb9c2da3c3631d8a479e1e75bbf0c2668,,BuiltIn/10752,Unlit,Assets/Game/LegacyImport/RuntimeBaseline/Generated/World/Materials/LegacyTextured/M06B2_dfed100614f7d684b92092a52b3c3dde.mat,689ee98ff54f32714d8199769ad340985aaabd09c9a65ca0a381534d1dea8da3,1,,,1907,3352,,,,,,,,TemporaryDirectImport,Converted,Project-owned shader-aware HDRP compatibility material (08A1-temporary-hdrp-compatibility-v3); donor shader code is not imported.
Material,e048441e87d388f4997f484769431607,assetripper-unity-project/ExportedProject/Assets/Material/tv_screenpattern.mat,c4327fe6b67a18359f62d4686a20761c74c7b51c0a0b68b4939fd7083098b1ee,,Standard,TransparentLit,Assets/Game/LegacyImport/RuntimeBaseline/Generated/World/Materials/LegacyTextured/M06B2_e048441e87d388f4997f484769431607.mat,66af8b3678123483e8235899a65f0fcca959120e70484107f8df344676ac6bf4,5,,,3307,7744,,,,,,,,TemporaryDirectImport,Converted,Project-owned shader-aware HDRP compatibility material (08A1-temporary-hdrp-compatibility-v3); donor shader code is not imported.
Material,e04a30ebc42fb694285479839635f6e3,assetripper-unity-project/ExportedProject/Assets/Material/AIRPORT_road.mat,9e10045986e89356e5f25fbc61eb5354d3d7425ee1000b866fb755feb23f6db8,,Standard,OpaqueLit,Assets/Game/LegacyImport/RuntimeBaseline/Generated/World/Materials/LegacyTextured/M06B2_e04a30ebc42fb694285479839635f6e3.mat,c60a157d52043f280627c3db8045fb99f82b9c1f2895151bf7bcf21f91e054fd,1,,,3657,7736,,,,,,,,TemporaryDirectImport,Converted,Project-owned shader-aware HDRP compatibility material (08A1-temporary-hdrp-compatibility-v3); donor shader code is not imported.
Material,e064211e9b98bf844bbece45e82e2cb1,assetripper-unity-project/ExportedProject/Assets/Material/wall_brick1.mat,d10de85536512e0706262694138de13555155187e906ff2ef6ec9864f7bfff01,,Standard,OpaqueLit,Assets/Game/LegacyImport/RuntimeBaseline/Generated/World/Materials/LegacyTextured/M06B2_e064211e9b98bf844bbece45e82e2cb1.mat,842ea5f8b4f01b6f561b0d1b1f6170f0fb4bebd2ec43284e717e438adc533f2f,1,,,3433,7736,,,,,,,,TemporaryDirectImport,Converted,Project-owned shader-aware HDRP compatibility material (08A1-temporary-hdrp-compatibility-v3); donor shader code is not imported.
Material,e071691763a7caa459aefd2279fafa03,assetripper-unity-project/ExportedProject/Assets/Material/trafficsigns.mat,8293bc602e4d0713212cb1312b276df6a879104c2ce8ead667f28f7fc7147775,,BuiltIn/7,OpaqueLit,Assets/Game/LegacyImport/RuntimeBaseline/Generated/World/Materials/LegacyTextured/M06B2_e071691763a7caa459aefd2279fafa03.mat,d63ab5bb0124e1f11dc31ec932ae18ef4a3406f3209bdd9d26fa5ba8929fa9ae,114,,,1898,7576,,,,,,,,TemporaryDirectImport,Converted,Project-owned shader-aware HDRP compatibility material (08A1-temporary-hdrp-compatibility-v3); donor shader code is not imported.
Material,e16064bc5615ddb4e9eef3a7a94505aa,assetripper-unity-project/ExportedProject/Assets/Material/AIRPORT_concrete.mat,4416b74057d7d646467ea2dcf9b5b93000ec41b18c4fb3c341c3da3608b892c4,,Standard,OpaqueLit,Assets/Game/LegacyImport/RuntimeBaseline/Generated/World/Materials/LegacyTextured/M06B2_e16064bc5615ddb4e9eef3a7a94505aa.mat,71c5b091c0fac1af0f8924ed0ac0c3198bf20de0e5eee8a577c769cc1b071947,1,,,3650,7736,,,,,,,,TemporaryDirectImport,Converted,Project-owned shader-aware HDRP compatibility material (08A1-temporary-hdrp-compatibility-v3); donor shader code is not imported.
Material,e3537d9b181bca840975d2e1fd7925c0,assetripper-unity-project/ExportedProject/Assets/Material/concrete.mat,c3f5ece7acfbd54824c226764e6b869a859220b63ee0b6849ac91828209ba38f,,Legacy Shaders/Diffuse Detail,OpaqueLit,Assets/Game/LegacyImport/RuntimeBaseline/Generated/World/Materials/LegacyTextured/M06B2_e3537d9b181bca840975d2e1fd7925c0.mat,9bdd81bf42b4cc7a67cbf09f397a6e7904d6c523eb43a05010ff5fe7a1cd5543,45,,,2177,7576,,,,,,,,TemporaryDirectImport,Converted,Project-owned shader-aware HDRP compatibility material (08A1-temporary-hdrp-compatibility-v3); donor shader code is not imported.
Material,e3a402cdb77854b489f7ddad50f823d1,assetripper-unity-project/ExportedProject/Assets/Material/window_glass.mat,8acdb2b22cc83159bb131bfb20d312fb985d479e6592fbf87556762b6feae655,,Standard,TransparentLit,Assets/Game/LegacyImport/RuntimeBaseline/Generated/World/Materials/LegacyTextured/M06B2_e3a402cdb77854b489f7ddad50f823d1.mat,2921f6e79838f3da5d314a23bdfc49b574b9f393963c5dfd465193c3f16a58c8,59,,,3513,7744,,,,,,,,TemporaryDirectImport,Converted,Project-owned shader-aware HDRP compatibility material (08A1-temporary-hdrp-compatibility-v3); donor shader code is not imported.
Material,e3a700bbeb5868448a63e5b15b362409,assetripper-unity-project/ExportedProject/Assets/Material/videopoker_lights_off.mat,b471deb2b409922c061bfca5688427b8c5a30bf9eed13b842a195ba1331ea061,,Standard,OpaqueLit,Assets/Game/LegacyImport/RuntimeBaseline/Generated/World/Materials/LegacyTextured/M06B2_e3a700bbeb5868448a63e5b15b362409.mat,144f51e8ccf038d08ad893e0da75230c60658df8e8f652465c0eb76e592250e3,12,,,3282,7576,,,,,,,,TemporaryDirectImport,Converted,Project-owned shader-aware HDRP compatibility material (08A1-temporary-hdrp-compatibility-v3); donor shader code is not imported.
Material,e4634460e1a891d47a30385426c21412,assetripper-unity-project/ExportedProject/Assets/Material/shit.mat,6f322f9c249b84ee83d807eb932fdf65f948db94996c6b42f474b29381683ae2,,Standard,OpaqueLit,Assets/Game/LegacyImport/RuntimeBaseline/Generated/World/Materials/LegacyTextured/M06B2_e4634460e1a891d47a30385426c21412.mat,2600b40f5b521acdb3d5d4e9abac49a6d0434fbef0ff33eea066ca6d7200fc6e,2,,,3361,7656,,,,,,,,TemporaryDirectImport,Converted,Project-owned shader-aware HDRP compatibility material (08A1-temporary-hdrp-compatibility-v3); donor shader code is not imported.
Material,e4c996f0bf4efed4bb5529557f028c60,assetripper-unity-project/ExportedProject/Assets/Material/fabric_camo.mat,6c1a39fed5515eca0c17bb1dadb12ab6f534d7c56bf143f792ef67602f08abc1,,BuiltIn/7,OpaqueLit,Assets/Game/LegacyImport/RuntimeBaseline/Generated/World/Materials/LegacyTextured/M06B2_e4c996f0bf4efed4bb5529557f028c60.mat,9683ab6c3986c711d8dd9c427b6b0857b87b369ac7d92b7938f1c54ffad6caa8,1,,,756,7576,,,,,,,,TemporaryDirectImport,Converted,Project-owned shader-aware HDRP compatibility material (08A1-temporary-hdrp-compatibility-v3); donor shader code is not imported.
Material,e4f7ddfffd5f47947966d4f2906b4b20,assetripper-unity-project/ExportedProject/Assets/Material/ASPHALT.mat,5f22644d371a2d7877ff6724941c672fb7a0513a0eedd867d98d1b2b8d5d6c7f,,Standard,OpaqueLit,Assets/Game/LegacyImport/RuntimeBaseline/Generated/World/Materials/LegacyTextured/M06B2_e4f7ddfffd5f47947966d4f2906b4b20.mat,af8a0f472995edc823779e9888a647ea7b1bbc987ce95f6b1c143229c9cb8067,1,,,3625,7736,,,,,,,,TemporaryDirectImport,Converted,Project-owned shader-aware HDRP compatibility material (08A1-temporary-hdrp-compatibility-v3); donor shader code is not imported.
Material,e502ef7d57b48fa48a90cba9aa826c88,assetripper-unity-project/ExportedProject/Assets/Material/wallpaper5.mat,72b2e69b0778316b97d293ec922956eb5bcc02d9ce46a294a678fa49a6213769,,BuiltIn/7,OpaqueLit,Assets/Game/LegacyImport/RuntimeBaseline/Generated/World/Materials/LegacyTextured/M06B2_e502ef7d57b48fa48a90cba9aa826c88.mat,b5f67882ba2b221bc799c4662e18a5292ff847a171f026e599ddc5890451a083,2,,,749,7576,,,,,,,,TemporaryDirectImport,Converted,Project-owned shader-aware HDRP compatibility material (08A1-temporary-hdrp-compatibility-v3); donor shader code is not imported.
Material,e56e6f70bd68ff54a8099ea0463c3679,assetripper-unity-project/ExportedProject/Assets/Material/concrete_brown.mat,1dbe751ba9387b42a11831bc4290d9936f71f107a88c2bafc7ebcc1ce570f6fd,,Legacy Shaders/Diffuse Detail,OpaqueLit,Assets/Game/LegacyImport/RuntimeBaseline/Generated/World/Materials/LegacyTextured/M06B2_e56e6f70bd68ff54a8099ea0463c3679.mat,7083eed5db69eae10a86ec409a27d8b6223e5a24cf0267c1edf78175fff3f03c,12,,,2186,7576,,,,,,,,TemporaryDirectImport,Converted,Project-owned shader-aware HDRP compatibility material (08A1-temporary-hdrp-compatibility-v3); donor shader code is not imported.
Material,e5ae14b9fec9ada4c97fbd5e199cb366,assetripper-unity-project/ExportedProject/Assets/Material/wall_panel.mat,ff68882f8d8e663497d57b73cf142068ccfb661fe69213b1f42c36ae85e5aa43,,BuiltIn/7,OpaqueLit,Assets/Game/LegacyImport/RuntimeBaseline/Generated/World/Materials/LegacyTextured/M06B2_e5ae14b9fec9ada4c97fbd5e199cb366.mat,831ab7fe3666c8b22e98512cf743e2c6433b42967ea96a08f9127739a9083500,2,,,1918,7576,,,,,,,,TemporaryDirectImport,Converted,Project-owned shader-aware HDRP compatibility material (08A1-temporary-hdrp-compatibility-v3); donor shader code is not imported.
Material,e72e51516ace9a949918f23c2e445169,assetripper-unity-project/ExportedProject/Assets/Material/truck_rims_old.mat,f23c7cc1f94b14dbe9167cae72eabd0502434f639eee7771fbf6f2e94bcf43b8,,BuiltIn/7,OpaqueLit,Assets/Game/LegacyImport/RuntimeBaseline/Generated/World/Materials/LegacyTextured/M06B2_e72e51516ace9a949918f23c2e445169.mat,7c44ba75705f9c7424ad4ccd06f89044f6f494c2df12115eae1e529856a55617,3,,,1910,7576,,,,,,,,TemporaryDirectImport,Converted,Project-owned shader-aware HDRP compatibility material (08A1-temporary-hdrp-compatibility-v3); donor shader code is not imported.
Material,e81d59988c2a920469a37539451a154e,assetripper-unity-project/ExportedProject/Assets/Material/light_yellow.mat,9831f6d8135afba07691a135b5d69833f6ea1c0b0a39200fbace2f85521abd02,,BuiltIn/7,OpaqueLit,Assets/Game/LegacyImport/RuntimeBaseline/Generated/World/Materials/LegacyTextured/M06B2_e81d59988c2a920469a37539451a154e.mat,62066ca17d2d1b886c9dcc272c0e3dc55c1a83dc71aaf9b3bdd54b604fec8f59,1,,,1868,7576,,,,,,,,TemporaryDirectImport,Converted,Project-owned shader-aware HDRP compatibility material (08A1-temporary-hdrp-compatibility-v3); donor shader code is not imported.
Material,e92aa514acae87f4683f626795cd4601,assetripper-unity-project/ExportedProject/Assets/Material/card_house4.mat,8781f62e5e9c027c988e9366288486f4f15d46323718086b1e934593eb511939,,Legacy Shaders/Diffuse Detail,OpaqueLit,Assets/Game/LegacyImport/RuntimeBaseline/Generated/World/Materials/LegacyTextured/M06B2_e92aa514acae87f4683f626795cd4601.mat,8bcbdc6a4597297eb7738cd8aba0845861e7c36afcf831c0d75e0cf86df1b225,1,,,2147,7576,,,,,,,,TemporaryDirectImport,Converted,Project-owned shader-aware HDRP compatibility material (08A1-temporary-hdrp-compatibility-v3); donor shader code is not imported.
Material,eaf07402cee6c1f43b0c35c2d6af92b8,assetripper-unity-project/ExportedProject/Assets/Material/dragcar2.mat,2fb6ae198f325d03b6401e44d4dcc1a0ba831e04511548b658608ced2510f664,,Standard (Specular setup),OpaqueLit,Assets/Game/LegacyImport/RuntimeBaseline/Generated/World/Materials/LegacyTextured/M06B2_eaf07402cee6c1f43b0c35c2d6af92b8.mat,c165ff2c2debc12d758de3dc5d9101f0042a616a5efc31b51ebea642b3775213,1,,,3447,7576,,,,,,,,TemporaryDirectImport,Converted,Project-owned shader-aware HDRP compatibility material (08A1-temporary-hdrp-compatibility-v3); donor shader code is not imported.
Material,eb2d1d75e43c0e1459aa23746c485322,assetripper-unity-project/ExportedProject/Assets/Material/carpet_plastic1.mat,39089caa52d3df3f7d09a0be12cf7886c34dec9c2eb0ad3c57ccdf4bbac2ba96,,Standard,OpaqueLit,Assets/Game/LegacyImport/RuntimeBaseline/Generated/World/Materials/LegacyTextured/M06B2_eb2d1d75e43c0e1459aa23746c485322.mat,e08eef59d9d30b8c9eb055e25a59cf9721ba651ace8cd4dfd917bf0c56df86fc,3,,,3391,7736,,,,,,,,TemporaryDirectImport,Converted,Project-owned shader-aware HDRP compatibility material (08A1-temporary-hdrp-compatibility-v3); donor shader code is not imported.
Material,ebf3d2234b1ae464498b463feec76368,assetripper-unity-project/ExportedProject/Assets/Material/ROCKS.mat,dcf7feb710ba4b07628a41c4991dc6d5cc02279f4d7cfa6bffff9501ee87dffb,,Legacy Shaders/Diffuse Detail,OpaqueLit,Assets/Game/LegacyImport/RuntimeBaseline/Generated/World/Materials/LegacyTextured/M06B2_ebf3d2234b1ae464498b463feec76368.mat,0cc58aa141afd12c6a6cfa994e41bb709f3a5f1e2037d83d07c4b2a8e6af4897,1,,,2166,7736,,,,,,,,TemporaryDirectImport,Converted,Project-owned shader-aware HDRP compatibility material (08A1-temporary-hdrp-compatibility-v3); donor shader code is not imported.
Material,ecad04b0e914eaf418bdff5493bc99cf,assetripper-unity-project/ExportedProject/Assets/Material/card_player1.mat,59249a38e214c66efec2395b94a6b42b9819ec1582302f9a8ba542e8cb3f5971,,Legacy Shaders/Diffuse Detail,OpaqueLit,Assets/Game/LegacyImport/RuntimeBaseline/Generated/World/Materials/LegacyTextured/M06B2_ecad04b0e914eaf418bdff5493bc99cf.mat,b884759cb3875d8a994c857de68d5b8f12b5a7741a0c615e5299a15c4b506480,2,,,2148,7576,,,,,,,,TemporaryDirectImport,Converted,Project-owned shader-aware HDRP compatibility material (08A1-temporary-hdrp-compatibility-v3); donor shader code is not imported.
Material,ed3f5f21099d212468f6becfc7c497ee,assetripper-unity-project/ExportedProject/Assets/Material/house_concrete.mat,6d2afcd41498eacf90873f3d6b42863e677db9e4362ff6fa603e2f2705f632dc,,Standard,OpaqueLit,Assets/Game/LegacyImport/RuntimeBaseline/Generated/World/Materials/LegacyTextured/M06B2_ed3f5f21099d212468f6becfc7c497ee.mat,368254c7f765e5e375f6c0bec7b7c566307f3d7d8d585676d4066786840c7637,1,,,3436,7736,,,,,,,,TemporaryDirectImport,Converted,Project-owned shader-aware HDRP compatibility material (08A1-temporary-hdrp-compatibility-v3); donor shader code is not imported.
Material,ee5d2c17c0f6ae741944d4c442a419f9,assetripper-unity-project/ExportedProject/Assets/Material/card_house9.mat,3749754d1d6df33ada8a504afcf147ae0cbb88868598a45fdc24a9aea071487f,,Legacy Shaders/Diffuse Detail,OpaqueLit,Assets/Game/LegacyImport/RuntimeBaseline/Generated/World/Materials/LegacyTextured/M06B2_ee5d2c17c0f6ae741944d4c442a419f9.mat,dc1d32e2471daa83d7429a96a4eddb62a5778bfe710fc3b215b624ae107b5f62,1,,,2147,7576,,,,,,,,TemporaryDirectImport,Converted,Project-owned shader-aware HDRP compatibility material (08A1-temporary-hdrp-compatibility-v3); donor shader code is not imported.
Material,eef5877f96d6b9f4a8ffddb9cbafe9e1,assetripper-unity-project/ExportedProject/Assets/Material/garagetable.mat,960f86aa8d766d21c08bbb3c029d6b41fe7d743eb03626c7539f83660b3201c0,,BuiltIn/7,OpaqueLit,Assets/Game/LegacyImport/RuntimeBaseline/Generated/World/Materials/LegacyTextured/M06B2_eef5877f96d6b9f4a8ffddb9cbafe9e1.mat,0708eef6c212af5c98072d2eec1c093c3ff374f5e4c6ac3adc1adf88112fa18e,6,,,756,7576,,,,,,,,TemporaryDirectImport,Converted,Project-owned shader-aware HDRP compatibility material (08A1-temporary-hdrp-compatibility-v3); donor shader code is not imported.
Material,ef00eaf9aa9bb4b43ae6a84151a1f4ae,assetripper-unity-project/ExportedProject/Assets/Material/wood_panel18.mat,ee5e3a0ebaaf4e0cb6ffee42c0ac427eae64c683e4171c5d041c37ec81a269d8,,BuiltIn/7,OpaqueLit,Assets/Game/LegacyImport/RuntimeBaseline/Generated/World/Materials/LegacyTextured/M06B2_ef00eaf9aa9bb4b43ae6a84151a1f4ae.mat,d75446a6b69dd420328ab79b03fb108d3dabc092869b0d57a6bfac9aca0b4f69,5,,,1896,7576,,,,,,,,TemporaryDirectImport,Converted,Project-owned shader-aware HDRP compatibility material (08A1-temporary-hdrp-compatibility-v3); donor shader code is not imported.
Material,ef55629abdbcf7148b6276cbce68cc2f,assetripper-unity-project/ExportedProject/Assets/Material/WALL_ROCK.mat,842d6190253a7ce423c0004407aa55e25470d1446c2815498da634ba42908ea2,,Legacy Shaders/Bumped Diffuse,OpaqueLit,Assets/Game/LegacyImport/RuntimeBaseline/Generated/World/Materials/LegacyTextured/M06B2_ef55629abdbcf7148b6276cbce68cc2f.mat,e6aa8a24a31d03be9f34b4633ac0b874a4495293d63979dcb915daaa8a0faffc,4,,,3477,7656,,,,,,,,TemporaryDirectImport,Converted,Project-owned shader-aware HDRP compatibility material (08A1-temporary-hdrp-compatibility-v3); donor shader code is not imported.
Material,f10e2c22d97e8d74583910e9c4c3ffb5,assetripper-unity-project/ExportedProject/Assets/Material/wood7.mat,bc6afa29ada97279a244e00164b2ebc9fd57f74e2c95dcbe9a5872049def810e,,BuiltIn/7,OpaqueLit,Assets/Game/LegacyImport/RuntimeBaseline/Generated/World/Materials/LegacyTextured/M06B2_f10e2c22d97e8d74583910e9c4c3ffb5.mat,c5feb9496e5cc4ea5c6f44d41930f2a84a70a61d2cd379dff1a6a28b24dd2b76,16,,,1917,7576,,,,,,,,TemporaryDirectImport,Converted,Project-owned shader-aware HDRP compatibility material (08A1-temporary-hdrp-compatibility-v3); donor shader code is not imported.
Material,f2ad02b350370684fb80ee445222a44c,assetripper-unity-project/ExportedProject/Assets/Material/card_house3.mat,1a1340593e6266fdae93d978a90153281a26c24f88fd0737ef2a66fa333bca60,,Legacy Shaders/Diffuse Detail,OpaqueLit,Assets/Game/LegacyImport/RuntimeBaseline/Generated/World/Materials/LegacyTextured/M06B2_f2ad02b350370684fb80ee445222a44c.mat,7a880b5e044e4907663083b7380e3cd557eb4eb3455394731b3d92b3a676c991,1,,,2147,7576,,,,,,,,TemporaryDirectImport,Converted,Project-owned shader-aware HDRP compatibility material (08A1-temporary-hdrp-compatibility-v3); donor shader code is not imported.
Material,f38470ff15a23a548b821bf88f2f3dd9,assetripper-unity-project/ExportedProject/Assets/Material/toilet_white.mat,d950a8baf97cd79a2ea1a36c9bd9e91c43b6b49d5ed7b06c009895b22ff24ecf,,Standard,OpaqueLit,Assets/Game/LegacyImport/RuntimeBaseline/Generated/World/Materials/LegacyTextured/M06B2_f38470ff15a23a548b821bf88f2f3dd9.mat,fa23ce29cdc5df3a46048d22bbb1dbaa921282b01365e84c30cc4f87ad51b60c,4,,,3243,7576,,,,,,,,TemporaryDirectImport,Converted,Project-owned shader-aware HDRP compatibility material (08A1-temporary-hdrp-compatibility-v3); donor shader code is not imported.
Material,f55e7c4da4317ed42aedd6cd963ef57d,assetripper-unity-project/ExportedProject/Assets/Material/ATLAS_COUNTRY.mat,c34c10edaf6da3a4763e807a2179223759c24c38d66dacb28ae7cbfa9a47f541,,BuiltIn/7,OpaqueLit,Assets/Game/LegacyImport/RuntimeBaseline/Generated/World/Materials/LegacyTextured/M06B2_f55e7c4da4317ed42aedd6cd963ef57d.mat,86956d05533dce6780de5addf3082cb3e0f7fb176dac71ca6d8ddb5c14c7fa61,1,,,1924,7576,,,,,,,,TemporaryDirectImport,Converted,Project-owned shader-aware HDRP compatibility material (08A1-temporary-hdrp-compatibility-v3); donor shader code is not imported.
Material,f6fbfb9cfb87d3844afaf03acfca5fb2,assetripper-unity-project/ExportedProject/Assets/Material/PAVEMENT.mat,410350fa625af4c14064891f5e069fa5e372b53bec8d0f208a06a325a4923027,,Standard,OpaqueLit,Assets/Game/LegacyImport/RuntimeBaseline/Generated/World/Materials/LegacyTextured/M06B2_f6fbfb9cfb87d3844afaf03acfca5fb2.mat,1b321455598c2ea4966254171a35622c5cc3a9633763bb45e457ddd979fa464e,1,,,3639,7736,,,,,,,,TemporaryDirectImport,Converted,Project-owned shader-aware HDRP compatibility material (08A1-temporary-hdrp-compatibility-v3); donor shader code is not imported.
Material,f71fa9bb51ffe514a9ec8163ba569f0b,assetripper-unity-project/ExportedProject/Assets/Material/wood_panel4.mat,5573155f312b67ce98e07288ab1ea0113a18a9121972253c602f036f6a3aba50,,BuiltIn/7,OpaqueLit,Assets/Game/LegacyImport/RuntimeBaseline/Generated/World/Materials/LegacyTextured/M06B2_f71fa9bb51ffe514a9ec8163ba569f0b.mat,9b056c408e172468061b16329bea50d6fe10760691656218f2b05b0f0132fa10,6,,,1920,7576,,,,,,,,TemporaryDirectImport,Converted,Project-owned shader-aware HDRP compatibility material (08A1-temporary-hdrp-compatibility-v3); donor shader code is not imported.
Material,f7650d32d9955d7489753acbd2aa7245,assetripper-unity-project/ExportedProject/Assets/Material/wood_panel13.mat,f7d26c1e8f64016fa7c9c75cf4e15c27b1a80df529a048931d31d343f204a821,,BuiltIn/7,OpaqueLit,Assets/Game/LegacyImport/RuntimeBaseline/Generated/World/Materials/LegacyTextured/M06B2_f7650d32d9955d7489753acbd2aa7245.mat,6cf20ee5a4ba4bc178e7173f83e7aaf8f1b1aeb2d76e739d388e2be9160c5ad1,18,,,776,7576,,,,,,,,TemporaryDirectImport,Converted,Project-owned shader-aware HDRP compatibility material (08A1-temporary-hdrp-compatibility-v3); donor shader code is not imported.
Material,f8f42e9cf97caee4f83af747bcb5d1f1,assetripper-unity-project/ExportedProject/Assets/Material/npc_parts.mat,82e39de75d843a49a5c6eaeb6bba0d9034644de81b35c3796fef2a0707132674,,BuiltIn/7,OpaqueLit,Assets/Game/LegacyImport/RuntimeBaseline/Generated/World/Materials/LegacyTextured/M06B2_f8f42e9cf97caee4f83af747bcb5d1f1.mat,aaa87496ff509a5e2382c59238d6b988ca2d2878a099693b75fb2ed350f333f9,48,,,1893,7576,,,,,,,,TemporaryDirectImport,Converted,Project-owned shader-aware HDRP compatibility material (08A1-temporary-hdrp-compatibility-v3); donor shader code is not imported.
Material,f98a21a838696e240ad6a118008de65a,assetripper-unity-project/ExportedProject/Assets/Material/glass.mat,08dd1093bfcd75243fc53032289fd9b4cd483a90b8cbe713afd08487d900c0cd,,Standard,TransparentLit,Assets/Game/LegacyImport/RuntimeBaseline/Generated/World/Materials/LegacyTextured/M06B2_f98a21a838696e240ad6a118008de65a.mat,ec2e111a4d6914a84de82a11981d5814799e9ed9dfb1fe57084bfe6ebda8a51e,3,,,3557,7744,,,,,,,,TemporaryDirectImport,Converted,Project-owned shader-aware HDRP compatibility material (08A1-temporary-hdrp-compatibility-v3); donor shader code is not imported.
Material,faaad83ccda8f9947ac442069e4801c1,assetripper-unity-project/ExportedProject/Assets/Material/beercase.mat,15fe34bf0fe5c98a833aa3e6263d23189ddb778216cc14c9f73cf76d10dcb5a1,,Standard,AlphaClipLit,Assets/Game/LegacyImport/RuntimeBaseline/Generated/World/Materials/LegacyTextured/M06B2_faaad83ccda8f9947ac442069e4801c1.mat,da70b2888a1a28ba80a2897338f08867bc8d81be49a2d362ea1666cabcdcd2a3,7,,,3516,7664,,,,,,,,TemporaryDirectImport,Converted,Project-owned shader-aware HDRP compatibility material (08A1-temporary-hdrp-compatibility-v3); donor shader code is not imported.
Material,fcb152358c4b16444a676a82be4e9c14,assetripper-unity-project/ExportedProject/Assets/Material/wood6.mat,fa21d12762ec8f2319b81ba7b71c8b7e9e65f4e594d01410353c78458ae113b6,,BuiltIn/7,OpaqueLit,Assets/Game/LegacyImport/RuntimeBaseline/Generated/World/Materials/LegacyTextured/M06B2_fcb152358c4b16444a676a82be4e9c14.mat,0a88402d55a15b0ae31f8882f36aead349c73ac518aad45c5621e1736ebbae18,13,,,2123,7576,,,,,,,,TemporaryDirectImport,Converted,Project-owned shader-aware HDRP compatibility material (08A1-temporary-hdrp-compatibility-v3); donor shader code is not imported.
Material,0000000000000000f000000000000000,Frozen GAME.unity built-in material reference,c3f2f3373ccad4fcbe104840fcb83e364f55438070e808d11ebe4996bc0476c4,,BuiltIn/10302 (semantics unavailable in export),Unsupported,Assets/Game/LegacyImport/RuntimeBaseline/Generated/World/Materials/LegacyTextured/M06B2_UnsupportedSource.mat,e19a3dcaca960385ec5e3f08bb997c5426bfa704ccee13a6ddd61c493d941d65,2,,,0,3352,,,,,,,,TemporaryDirectImport,ReviewedFallback,"Used by two FinishPoles renderers; obvious orange development fallback, not Unity shader-error magenta."
Texture,01345dee720f16846ae1029da3b43400,assetripper-unity-project/ExportedProject/Assets/Cubemap/nightgradient cubemap.png,6baf0d78f028a095d4262083ee7560a5666353baee70e3617cee94637f7d9124,057143919b1e1ccfc8fe83688e12f56d7f3abc9263dd09706bebd3d6e27e98a6,_Cube,CubemapExcluded,,d3f7689c86ad33900cdfe0d44e912bb892918f082ad33cfa3ffee1262ad20efd,1,,,6295,0,,,,,,,,TemporaryDirectImport,IntentionallyExcluded,Donor reflection/night-gradient cubemap is not mapped because donor sky/reflection runtime is outside 06B2.
Texture,0245885ef57a11845bfc31aaa5d25cf1,assetripper-unity-project/ExportedProject/Assets/Texture2D/hiillos_map.png,fb7593f0641a341c6bda429abd88125dfa49ad2abe93ba6032ee082248379f57,d18b84a4155a46f13bdc5e583bf562e9d0aeaec25e76a86928afbc9e5d4d3e42,_MainTex,Color,Assets/Game/LegacyImport/RuntimeBaseline/Generated/World/Textures/M06B2_0245885ef57a11845bfc31aaa5d25cf1_color.png,64d3301e03e9129aef8aff478e0349dd9e6479d3db46c764cf00f0256b75aa3c,1,256,256,110728,88349,1,0,1,1,Repeat,Bilinear,1,TemporaryDirectImport,Converted,Source dimensions preserved; Read/Write off; CompressedHQ; shared across cells.
Texture,037e4a69fe29ddb49872039b18705959,assetripper-unity-project/ExportedProject/Assets/Texture2D/rally_banners.png,6de55a6ec399b980caa235af7133473d353dfaec87f4df1c5285d7ab72fbe5ef,9b0dbc49fc726f4faa9cbecbbf3836e37d723e16315a13c4f2cc9a6ec81d9065,_MainTex,Color,Assets/Game/LegacyImport/RuntimeBaseline/Generated/World/Textures/M06B2_037e4a69fe29ddb49872039b18705959_color.png,0f5f727b83622791bc8ca9b27b1ec1c9cfaa8fccecfacfbe2f0a27d5ae89f860,1,1024,1024,915039,1399069,1,0,1,1,Repeat,Bilinear,1,TemporaryDirectImport,Converted,Source dimensions preserved; Read/Write off; CompressedHQ; shared across cells.
Texture,03c617577065938418cb5a3e77abd550,assetripper-unity-project/ExportedProject/Assets/Texture2D/ATLAS_GARAGE.png,3d9083cdad3031fd405af994cfa3bcc1f8fd430ceed579e24366e05d57c4b136,457339bfc5f4da8ebb31938a572bfc430d8cec0efba694876c793a65a156db30,_MainTex,Color,Assets/Game/LegacyImport/RuntimeBaseline/Generated/World/Textures/M06B2_03c617577065938418cb5a3e77abd550_color.png,972b65590047210a9a7f4720bc352d128912ebe08e832e79d288a2e9ede2590e,1,2048,2048,3967636,5593373,1,0,1,1,Repeat,Bilinear,1,TemporaryDirectImport,Converted,Source dimensions preserved; Read/Write off; CompressedHQ; shared across cells.
Texture,042f7bbc74415db41bdeefb2d5737b0c,assetripper-unity-project/ExportedProject/Assets/Texture2D/booze_bottle.png,f6cfc8c2e29f2a118d88a2f7574bc4e05781443f93de346ae325a5c9610742b7,6eaeb0b97bf7425d232742da9184971867717461350fac4eba604473da874f1b,_DetailAlbedoMap;_MainTex,Color,Assets/Game/LegacyImport/RuntimeBaseline/Generated/World/Textures/M06B2_042f7bbc74415db41bdeefb2d5737b0c_color.png,12e6e5d906b29b9666365c211396c68c81effbcf21f1d998701c59f5010539f7,2,1024,1024,548417,1399069,1,0,1,1,Repeat,Bilinear,1,TemporaryDirectImport,Converted,Source dimensions preserved; Read/Write off; CompressedHQ; shared across cells.
Texture,04bd6c8f456d54944890594e5feeccfe,assetripper-unity-project/ExportedProject/Assets/Texture2D/slot_machine_spec.png,f70d3affb63612863e4ed058dc62931933d306ebe24665457971538fbd032e7a,fcc9e54c85f08e36e7598697110c378e4a907244219abf06b5d0e374d37ce245,_SpecGlossMap,Linear,Assets/Game/LegacyImport/RuntimeBaseline/Generated/World/Textures/M06B2_04bd6c8f456d54944890594e5feeccfe_linear.png,3f823d56c3ad861cce421c9e5080d119f6d9bbdafd076331eeaa752c5e4772f9,1,1024,1024,631439,1399070,0,0,1,1,Repeat,Bilinear,1,TemporaryDirectImport,Converted,Source dimensions preserved; Read/Write off; CompressedHQ; shared across cells.
Texture,06b2249232cb3d041862de753b9ed434,assetripper-unity-project/ExportedProject/Assets/Texture2D/opaque_plastic.png,4617421d8ae09aecb3aae1c6d9c88f5004e2fc4435e32931544392c18ac73852,b4d34e3e6555dc1e82c7e8119e1d3d8a8add72f6a50fbffec9ac9c5b4f52679d,_MainTex,Color,Assets/Game/LegacyImport/RuntimeBaseline/Generated/World/Textures/M06B2_06b2249232cb3d041862de753b9ed434_color.png,5f488f7339a0672c6b319424a25a8254e2a04b22a0b956f14aa6424bfb3c7142,1,256,256,91886,88349,1,0,1,1,Repeat,Bilinear,1,TemporaryDirectImport,Converted,Source dimensions preserved; Read/Write off; CompressedHQ; shared across cells.
Texture,07a0397e61b938446991bdd0e56af1ad,assetripper-unity-project/ExportedProject/Assets/Texture2D/wood3.png,ff5c805b40bcf4e2a4581a56b0a1e7a6f5fc8db17ff0a2dd1334a1a3b49994c2,6cb20f6dbce2c8f564058d69b44ff26b30034619e5d8ee43f97294c0108db249,_MainTex,Color,Assets/Game/LegacyImport/RuntimeBaseline/Generated/World/Textures/M06B2_07a0397e61b938446991bdd0e56af1ad_color.png,7ab2cbad72784604d14dd82ddb43811e2ff158bfeb5f99265508a855bdeb6af4,2,512,512,403225,350493,1,0,1,1,Repeat,Bilinear,1,TemporaryDirectImport,Converted,Source dimensions preserved; Read/Write off; CompressedHQ; shared across cells.
Texture,07e393cb3e0fa1d4fb7811fd3ef0a6c4,assetripper-unity-project/ExportedProject/Assets/Texture2D/gasoline_pump_glass.png,f8194f4b223330bcbf7f822dcb99a6a3e52aac5e5e0a66085b218016905821f0,e73bfea700b37e9ee8dd630f88bf726acafa4887c76c45eb8423c2eb0e6bd3e0,_MainTex,Color,Assets/Game/LegacyImport/RuntimeBaseline/Generated/World/Textures/M06B2_07e393cb3e0fa1d4fb7811fd3ef0a6c4_color.png,e41cef009a0c7695fb9a1401ca495ba870516a368deefdf1de1c669c6487d1ae,1,512,1024,613866,700029,1,0,1,1,Repeat,Bilinear,1,TemporaryDirectImport,Converted,Source dimensions preserved; Read/Write off; CompressedHQ; shared across cells.
Texture,07f6669d78d34a249b41ae8f9d8989a5,assetripper-unity-project/ExportedProject/Assets/Texture2D/metal_roof.png,b9090409c7760fcc23639ba9676080f33d5577b13564fc26cd1371ed3da7d3e0,ebc8da03225a6a7fb12283362b3e7729f5b95a2a7cb7bd471f1cebf600d081ac,_MainTex,Color,Assets/Game/LegacyImport/RuntimeBaseline/Generated/World/Textures/M06B2_07f6669d78d34a249b41ae8f9d8989a5_color.png,5bd44a95952fa1460d36dd2f3f825de49cf9d5237d468534609c1a0a19231a40,1,512,512,333949,350493,1,0,1,1,Repeat,Bilinear,1,TemporaryDirectImport,Converted,Source dimensions preserved; Read/Write off; CompressedHQ; shared across cells.
Texture,0877fd28bdf0a6645b460399a6666d7f,assetripper-unity-project/ExportedProject/Assets/Texture2D/ghettoblaster.png,693791bc1582be3e6a911e48ba9d1dbd3cbcd22d1b3bda47b1e36b092a2a1c68,cc4d4cd47fa8a1f6dd2eb1bfacd333db7b77d464b0bc10d8664f29d1597c286e,_MainTex,Color,Assets/Game/LegacyImport/RuntimeBaseline/Generated/World/Textures/M06B2_0877fd28bdf0a6645b460399a6666d7f_color.png,f1d6f28a794f9828bc94ce6996db69ddf47b25b1c7d5ac6fb597a0b6a562d956,1,512,512,447167,350493,1,0,1,1,Repeat,Bilinear,1,TemporaryDirectImport,Converted,Source dimensions preserved; Read/Write off; CompressedHQ; shared across cells.
Texture,087b632038ddca14ba81c7a13368671f,assetripper-unity-project/ExportedProject/Assets/Texture2D/metal_floor.png,e0f6ff79be92617a8309fb6e77230f7fe8261bdafddd565e3302a00ac54dc50b,785d69764ace012239d1c2ed4de0201e60dc18f8ef2788066cbef8119c66fbf0,_DetailAlbedoMap,Color,Assets/Game/LegacyImport/RuntimeBaseline/Generated/World/Textures/M06B2_087b632038ddca14ba81c7a13368671f_color.png,b1919513d817fde1220dc0bd7fbd01fb532bd9620a2f0a8fbbafa947ea420481,1,1024,1024,2038282,1399069,1,0,1,1,Repeat,Bilinear,1,TemporaryDirectImport,Converted,Source dimensions preserved; Read/Write off; CompressedHQ; shared across cells.
Texture,08bfadc2d67afba4a93d99d8810410f6,assetripper-unity-project/ExportedProject/Assets/Texture2D/valmet_body.png,155bcf79fe6c32856b7ae085bb9d164f579e6bda4c7de259e544068010af3761,ff3fc44c8ae7d703dff915f739d3ec689f3f0e4d06962558457833cf4cae036d,_MainTex,Color,Assets/Game/LegacyImport/RuntimeBaseline/Generated/World/Textures/M06B2_08bfadc2d67afba4a93d99d8810410f6_color.png,48439d67a5f48ee815093c35a17bb3eefcaebdede084d88363494bc2e43340b1,1,1024,1024,1041414,1399069,1,0,1,1,Repeat,Bilinear,1,TemporaryDirectImport,Converted,Source dimensions preserved; Read/Write off; CompressedHQ; shared across cells.
Texture,098c08392c5bf8540accb427905649f1,assetripper-unity-project/ExportedProject/Assets/Texture2D/fur_n.png,a6d8cc5fbb49121af637b7eaf636b321ed0f7169d2ff5333ee2f3d9a59977355,bd0e342dabf7005ce32f80ffcdfb21e095f52c09b9ba3cd5349d0c253cd5852d,_DetailNormalMap,DetailNormalPacked,Assets/Game/LegacyImport/RuntimeBaseline/Generated/World/Textures/M06B2_098c08392c5bf8540accb427905649f1_detailnormalpacked.png,e3255e66b9b8545205074ed7177c9b8974b4462dffe52fa66398406526f78074,3,256,256,221426,88362,0,0,1,1,Repeat,Trilinear,1,TemporaryDirectImport,Converted,"Source dimensions preserved; donor detail normal packed deterministically as HDRP R=0.5,G=Y,B=0.5,A=X; linear Default import; Read/Write off; CompressedHQ; shared across cells."
Texture,099f8006575a4774482929a16af05f64,assetripper-unity-project/ExportedProject/Assets/Texture2D/soil03_n.png,dde335784ca0989c1b9a8754880bdd855abaefb4acd860731242f5a55fae1a7f,54474137ba53a58f2fc055e71799180e35e6039064573b02abad838bc7235525,_DetailNormalMap,DetailNormalPacked,Assets/Game/LegacyImport/RuntimeBaseline/Generated/World/Textures/M06B2_099f8006575a4774482929a16af05f64_detailnormalpacked.png,ff4e365ca603b30c9f52446683dafa5b9f662d8b0f93517d744cc94f35ddc28c,3,512,512,988176,350506,0,0,1,1,Repeat,Trilinear,1,TemporaryDirectImport,Converted,"Source dimensions preserved; donor detail normal packed deterministically as HDRP R=0.5,G=Y,B=0.5,A=X; linear Default import; Read/Write off; CompressedHQ; shared across cells."
Texture,0b5618e1b4d405c4e9f4d307bf406f19,assetripper-unity-project/ExportedProject/Assets/Texture2D/water_transparent.png,0e2892c65ee4eacae689bca5f70c753d7a62939f322de97a92875b7148d58f6c,fcf2a631de401d3de376a21c3c139d65025ffba7e5f25d3bed6bb33946c8652f,_MainTex,Color,Assets/Game/LegacyImport/RuntimeBaseline/Generated/World/Textures/M06B2_0b5618e1b4d405c4e9f4d307bf406f19_color.png,56051a5702c69ab410eb2b9521d05b5685a5d3f789fa671619e59e09c6581154,1,256,256,15834,88349,1,0,1,1,Repeat,Bilinear,1,TemporaryDirectImport,Converted,Source dimensions preserved; Read/Write off; CompressedHQ; shared across cells.
Texture,0dda65a63ac2f2743a5a008ce48347fe,assetripper-unity-project/ExportedProject/Assets/Texture2D/tv_screen_pattern.png,c5cd0a853c241989418312abe487e98cd29fd99c51d33f04cc91fe6e5379336b,4dd389762e1a85b8b15a4c0f4762af1cba8062b1e0d16b0cc26221955adcc482,_MainTex,Color,Assets/Game/LegacyImport/RuntimeBaseline/Generated/World/Textures/M06B2_0dda65a63ac2f2743a5a008ce48347fe_color.png,e85f3a801ddca2433a5fb69358a4f97c4ca453d3e7a2c3f670a984aa045f4ec5,1,32,32,328,2333,1,0,1,1,Repeat,Point,1,TemporaryDirectImport,Converted,Source dimensions preserved; Read/Write off; CompressedHQ; shared across cells.
Texture,102f5e1e6e0cab74d99fdfc570e3b8d4,assetripper-unity-project/ExportedProject/Assets/Texture2D/tiles_kitchen_n.png,d854e75d5beb8c2a49d0931c6ba5acd14ee1c329ad261ae0a3333d5b9cbf4ae3,991f66cf986eac463883675311e28bf352cac0cf8c7136e29e38f3c6d852affa,_BumpMap,Normal,Assets/Game/LegacyImport/RuntimeBaseline/Generated/World/Textures/M06B2_102f5e1e6e0cab74d99fdfc570e3b8d4_normal.png,53b875ca7ed1c1c4229f7721b2d7c9550564a20ea76cfa54f5541f70983a8237,1,256,256,27214,88350,0,1,1,1,Repeat,Trilinear,1,TemporaryDirectImport,Converted,Source dimensions preserved; Read/Write off; CompressedHQ; shared across cells.
Texture,11e6670339de4064d8fa180d4a09bd4c,assetripper-unity-project/ExportedProject/Assets/Texture2D/tunneli.png,916e9a45026d8282611bebbc72e6e886c1a544c4917f1717e61cf2c366f2d6bb,17b6e8b91da7c9140b492d0e7756cdbcad9cf0b436f9982b829ba0732f578584,_MainTex,Color,Assets/Game/LegacyImport/RuntimeBaseline/Generated/World/Textures/M06B2_11e6670339de4064d8fa180d4a09bd4c_color.png,5975efd468d5639cee8f88ec531e0f2fcbae36b0c8408832d121895360f60578,1,256,256,6762,88349,1,0,1,1,Repeat,Bilinear,1,TemporaryDirectImport,Converted,Source dimensions preserved; Read/Write off; CompressedHQ; shared across cells.
Texture,1241424523776b54e9980002948a3f41,assetripper-unity-project/ExportedProject/Assets/Texture2D/ryijy2.png,1c270778ff96389621bc068ef57276c224d47074706ff35df89f4938ab3f9acc,98aaaf98bafb18b2b8db72e3d10d8a18b5c00e4447d93bd4767cdeef51b9caf5,_MainTex,Color,Assets/Game/LegacyImport/RuntimeBaseline/Generated/World/Textures/M06B2_1241424523776b54e9980002948a3f41_color.png,ee9cfd6823f8949d849af68c3785f268a2f38eb106cd9d02fa27ee3df47a9b76,1,128,128,5844,22813,1,0,1,1,Repeat,Bilinear,1,TemporaryDirectImport,Converted,Source dimensions preserved; Read/Write off; CompressedHQ; shared across cells.
Texture,125b45b53a460324b9905c0ffe8f44ab,assetripper-unity-project/ExportedProject/Assets/Texture2D/dashboard.png,a786c7b9af246dbfd0bf914c730da65f4c8d3d079edb7da46395bf7444bf9408,ac900c3c634c558a14812fc641fd357691874b25b1b9a1a457e4054b9aaece0b,_MainTex,Color,Assets/Game/LegacyImport/RuntimeBaseline/Generated/World/Textures/M06B2_125b45b53a460324b9905c0ffe8f44ab_color.png,f7befe268c21936f3280673008e2c8e5f031d0e246466908f4edc7a08c407763,1,2048,1024,3100790,2797181,1,0,1,1,Repeat,Bilinear,1,TemporaryDirectImport,Converted,Source dimensions preserved; Read/Write off; CompressedHQ; shared across cells.
Texture,12d04b1d30ba758418b2df7e908a75e0,assetripper-unity-project/ExportedProject/Assets/Texture2D/fabric2.png,a8e7ccc168b7806f7e036835ee292f2bff92a7588dee3eac4100144286c61f52,72a1e6a79e21b6ee2232b1702a3d7e6b34dbc7ee313431c3230fab863ccc5b58,_MainTex,Color,Assets/Game/LegacyImport/RuntimeBaseline/Generated/World/Textures/M06B2_12d04b1d30ba758418b2df7e908a75e0_color.png,c149229f502b12ba2078b82a7d69ca6d8cd4e816931fd5a79d35694e094e811f,1,256,256,125462,88349,1,0,1,1,Repeat,Bilinear,1,TemporaryDirectImport,Converted,Source dimensions preserved; Read/Write off; CompressedHQ; shared across cells.
Texture,12f028a043170304589e28bbbf996e9e,assetripper-unity-project/ExportedProject/Assets/Texture2D/seats.png,95cfdaa3db116e8f8fab9ec744f48156bbd573cd3c1600cc5cb4fa1ab9c2a9d5,554dd670603ec2766de3f8fe4d80c98d82be6a94ee2d12f03e53f0512026359b,_MainTex,Color,Assets/Game/LegacyImport/RuntimeBaseline/Generated/World/Textures/M06B2_12f028a043170304589e28bbbf996e9e_color.png,59499c36ccb73a630aa8fccdaa01f8f565547b7a08408f64500f366cf2333b79,1,1024,1024,936823,1399069,1,0,1,1,Repeat,Bilinear,1,TemporaryDirectImport,Converted,Source dimensions preserved; Read/Write off; CompressedHQ; shared across cells.
Texture,1322a0a93baf6c0469f6df0b838f50ce,assetripper-unity-project/ExportedProject/Assets/Texture2D/karttapohja.png,9ae5ac20054ac96cff2858233e26217426259064ef77810ffef69c95942c2d6b,25c9032b21a025816c66f49e083856a3656eb062b43b7df56ef43f7ca5a24c15,_MainTex,Color,Assets/Game/LegacyImport/RuntimeBaseline/Generated/World/Textures/M06B2_1322a0a93baf6c0469f6df0b838f50ce_color.png,3e8a6876e6183e5462526fb882cd5b3f6e986b30de423ad2096f6fa3303b584b,1,4096,4096,20693722,22370589,1,0,1,1,Repeat,Bilinear,1,TemporaryDirectImport,Converted,Source dimensions preserved; Read/Write off; CompressedHQ; shared across cells.
Texture,148710e4d9642944fb00fe40cc63df59,assetripper-unity-project/ExportedProject/Assets/Texture2D/xmas_lights_diffuse.png,ebca15e639633ce3090510b4fc4064672c9209c1895f20a5ffa210f0d8a0275a,01bad829ffddb85b90ec056aecce63745aaba5e0cc7874191eaf5e26850bef82,_MainTex,Color,Assets/Game/LegacyImport/RuntimeBaseline/Generated/World/Textures/M06B2_148710e4d9642944fb00fe40cc63df59_color.png,314cfd38feb67073afdde97671a96ce6b65ae65adba88eaf545122aa518f94c2,1,128,128,22544,22813,1,0,1,1,Repeat,Bilinear,1,TemporaryDirectImport,Converted,Source dimensions preserved; Read/Write off; CompressedHQ; shared across cells.
Texture,154257df59a5e35448854c0f183a91d1,assetripper-unity-project/ExportedProject/Assets/Texture2D/cap_n.png,515b55476a2373932f099923cc72b905cb31781a89a3346cb1f94c1c1bbed03a,8ac283bbd54aa1ed12701ac1831e9fa2de432c44ae450378e64380636f0bf120,_BumpMap,Normal,Assets/Game/LegacyImport/RuntimeBaseline/Generated/World/Textures/M06B2_154257df59a5e35448854c0f183a91d1_normal.png,1fad7c994d0e85ab40fe21adbee9db75ade25ed55981685f55cdd5151c07016c,12,64,64,3391,6430,0,1,1,1,Repeat,Trilinear,1,TemporaryDirectImport,Converted,Source dimensions preserved; Read/Write off; CompressedHQ; shared across cells.
Texture,17207e1a081aedf4b924bc74af66a3f1,assetripper-unity-project/ExportedProject/Assets/Texture2D/railway.png,01c30e4dd006ceb35836f1009c1ce4c8a4b7e4b3f0cafde6453779697f2a2374,36a70722b679721bd52d01038f429a00b243bef4bacf33ace292ea01f083c847,_MainTex,Color,Assets/Game/LegacyImport/RuntimeBaseline/Generated/World/Textures/M06B2_17207e1a081aedf4b924bc74af66a3f1_color.png,5c9ff5931c713da0b288f361a97aa3298628d139a9d0c2387dba05899b424153,1,1024,512,1083382,700029,1,0,1,1,Repeat,Bilinear,1,TemporaryDirectImport,Converted,Source dimensions preserved; Read/Write off; CompressedHQ; shared across cells.
Texture,176b42ef60a3a6b4bb2ece83adeccd95,assetripper-unity-project/ExportedProject/Assets/Texture2D/carpet2.png,e30df1f40ac8ffed7fdfb37c363aef2867bef0652917c216aa0c25cc68aa00b7,7449c2b3b79f5f99f4c744bdc6c7e98f3b06d4e639961098943389495602834e,_Detail,Color,Assets/Game/LegacyImport/RuntimeBaseline/Generated/World/Textures/M06B2_176b42ef60a3a6b4bb2ece83adeccd95_color.png,306cc19c265a376e027d4c0836ae5362b59972146091402110ab75250349684d,4,1024,1024,2277156,1399069,1,0,1,1,Repeat,Bilinear,1,TemporaryDirectImport,Converted,Source dimensions preserved; Read/Write off; CompressedHQ; shared across cells.
Texture,185f797705cd07a48bbeec0a7ab9e36d,assetripper-unity-project/ExportedProject/Assets/Texture2D/rims_rust_patches.png,dc04c232d7b768be9cd32f29b0625275428f898c8a5be5ffd5e91ef12bf9010a,960496f95cc3d0f4bf7fdfd0e7bb69a5d65d3c0b8779ac1b6432e5460fec7248,_DetailAlbedoMap,Color,Assets/Game/LegacyImport/RuntimeBaseline/Generated/World/Textures/M06B2_185f797705cd07a48bbeec0a7ab9e36d_color.png,ca1f86376c4b49374450f34661cbd2900e86241fa78b1a4bffa9fa15b3380b0a,1,1024,1024,405399,1399069,1,0,1,1,Repeat,Bilinear,1,TemporaryDirectImport,Converted,Source dimensions preserved; Read/Write off; CompressedHQ; shared across cells.
Texture,187790253f9b5e04094fba1ab6db7acf,assetripper-unity-project/ExportedProject/Assets/Texture2D/windows_n.png,f6495bad649b9a753d41e535bee777232e4e96b439c13c9550b6e6f28fee67f1,eebfa7e856a922df3b90a105041c2dc62d96f58176aa4347bc21b92baf54a3a5,_BumpMap,Normal,Assets/Game/LegacyImport/RuntimeBaseline/Generated/World/Textures/M06B2_187790253f9b5e04094fba1ab6db7acf_normal.png,3d5fb674da51df7a254002ce7f477910bd92bab04f08cf4799873949b5bc3434,3,64,64,6247,6430,0,1,1,1,Repeat,Bilinear,1,TemporaryDirectImport,Converted,Source dimensions preserved; Read/Write off; CompressedHQ; shared across cells.
Texture,192f39238c23894498e588e86e9fac81,assetripper-unity-project/ExportedProject/Assets/Texture2D/chassis_dyno.png,1ec5bf7ec3628d8c78571493e0a68291fe51d9937e2e382c9f4108ab573386ae,5476338ade0389fc4197effb61b1d84706cf6810af4728cfb9ecb86ca85f18be,_MainTex,Color,Assets/Game/LegacyImport/RuntimeBaseline/Generated/World/Textures/M06B2_192f39238c23894498e588e86e9fac81_color.png,c8c5f34cc97e59451c8b736e0eeec8c3cb5607d4d4d84d0d2d66b4a3c20e90fd,1,2048,2048,4217624,5593373,1,0,1,1,Repeat,Bilinear,1,TemporaryDirectImport,Converted,Source dimensions preserved; Read/Write off; CompressedHQ; shared across cells.
Texture,19afd496e0c21dc4e9bd548be91fbef7,assetripper-unity-project/ExportedProject/Assets/Texture2D/repair_shop_walls_inner.png,7a7360257e8904c8045ca1650dc37a0ea1f9d18cc654fc2ba0f65899dfbc9e7c,e9fafa7108716ca584389d4833b413b53487fcfcdb04459d0f4919fc4298d6e8,_MainTex,Color,Assets/Game/LegacyImport/RuntimeBaseline/Generated/World/Textures/M06B2_19afd496e0c21dc4e9bd548be91fbef7_color.png,636c1b140bd3e47dce5f3fbc55c6fa9f41eb97c94dbd9f66806a66f020e89a74,1,2048,2048,5491063,5593373,1,0,1,1,Repeat,Bilinear,1,TemporaryDirectImport,Converted,Source dimensions preserved; Read/Write off; CompressedHQ; shared across cells.
Texture,19e29bc3e918cb446a157878f0438430,assetripper-unity-project/ExportedProject/Assets/Texture2D/interior_panels_n.png,f68981b8e2bd3cd07cbcaf7f4a123c4c3dbc4059e6c3da09ecd20bb043b68d30,3be432f83a09f3d66fd0cdff9df8bca265d5aeb5631255531631eefdf58f0b39,_BumpMap,Normal,Assets/Game/LegacyImport/RuntimeBaseline/Generated/World/Textures/M06B2_19e29bc3e918cb446a157878f0438430_normal.png,076dce8d5dbe883125d4177b31c8d1b59146421e602e92e475b52409f7376129,1,512,512,428667,350494,0,1,1,1,Repeat,Bilinear,1,TemporaryDirectImport,Converted,Source dimensions preserved; Read/Write off; CompressedHQ; shared across cells.
Texture,1a7ba18e7b5c34f4f996c47363ed78aa,assetripper-unity-project/ExportedProject/Assets/Texture2D/gasoline_pump.png,41a23fa7897d4a350d4a8a1fb7ac69f5e586f82d3640e415c217661246ba245e,adf03ae71b18a8ece8800f49044bc6a1b6dd45e2edd616054bb07a174a092bc7,_MainTex,Color,Assets/Game/LegacyImport/RuntimeBaseline/Generated/World/Textures/M06B2_1a7ba18e7b5c34f4f996c47363ed78aa_color.png,6729be169b7f31279ba293fa06ec0dbd521918d1218eabd415cfc50cb8b800e9,1,1024,1024,1573327,1399069,1,0,1,1,Repeat,Bilinear,1,TemporaryDirectImport,Converted,Source dimensions preserved; Read/Write off; CompressedHQ; shared across cells.
Texture,1bb21905ad6633843889f4dc298b2c6c,assetripper-unity-project/ExportedProject/Assets/Texture2D/tv_off.png,f6af441f42edbced67178784858e575a17ccfaa7d155478dcff4b89a788253bd,daa6589c64129b00716c11aa273741dd8e394e68885652689fa2f7743d09f191,_MainTex,Color,Assets/Game/LegacyImport/RuntimeBaseline/Generated/World/Textures/M06B2_1bb21905ad6633843889f4dc298b2c6c_color.png,e7344ab737544c0455f85dd64c9ba564d168042e77282a55a3989da59318d8a9,3,32,32,249,2333,1,0,1,1,Repeat,Bilinear,1,TemporaryDirectImport,Converted,Source dimensions preserved; Read/Write off; CompressedHQ; shared across cells.
Texture,1ce13b1a7dd8c6d4ab05861ccd915c07,assetripper-unity-project/ExportedProject/Assets/Texture2D/fabric_suomi.png,41401e1476aa54514fadf7247a591a3abb69b903e249744772728046f0fc6264,fa8a1ac5d70a560f44938a24142baaf4d79c33d08f05cccb8a435abeca46f066,_MainTex,Color,Assets/Game/LegacyImport/RuntimeBaseline/Generated/World/Textures/M06B2_1ce13b1a7dd8c6d4ab05861ccd915c07_color.png,92527e25d97078373afb4664ecb0544bd64968d155cca6f15b17d2e945056aa4,1,512,512,86369,350493,1,0,1,1,Repeat,Bilinear,1,TemporaryDirectImport,Converted,Source dimensions preserved; Read/Write off; CompressedHQ; shared across cells.
Texture,1d56643f640181042805a6975ec24dcf,assetripper-unity-project/ExportedProject/Assets/Texture2D/wall_rock.png,86ee3a5c8423bb93dcadb845ce4edde0a02da50cb6e03d8b0740447f82570c19,861856dc3be6688359860ce0a2c4aacd6ea7b1e17c6ba9d852329a71f28eae10,_MainTex,Color,Assets/Game/LegacyImport/RuntimeBaseline/Generated/World/Textures/M06B2_1d56643f640181042805a6975ec24dcf_color.png,a9aaa5c0c00ee3402c492c514715e703a23e1bdf0b8f0ed3182502ac4c9b5126,1,1024,1024,2270356,1399069,1,0,1,1,Repeat,Bilinear,1,TemporaryDirectImport,Converted,Source dimensions preserved; Read/Write off; CompressedHQ; shared across cells.
Texture,1d71148a1f7e1f348aafece1b80d9e2d,assetripper-unity-project/ExportedProject/Assets/Texture2D/SimpleFoam.png,e534f02e158af05d42306ac6058d935977207a9c1540edd1285bda78c724f9b8,e0fba9e10f48224b18d9212612478514a132c26272c1e20614bfffcdf9106079,_ShoreTex,Color,Assets/Game/LegacyImport/RuntimeBaseline/Generated/World/Textures/M06B2_1d71148a1f7e1f348aafece1b80d9e2d_color.png,54f70788b4797417f8640b9fa2f667eae6f322e168661f95f107dc83239934b6,1,512,512,392038,350493,1,0,1,1,Repeat,Bilinear,1,TemporaryDirectImport,Converted,Source dimensions preserved; Read/Write off; CompressedHQ; shared across cells.
Texture,1e0e6e75db86917478d772fd22d42e09,assetripper-unity-project/ExportedProject/Assets/Texture2D/water512_bump.png,0b24afd6af67a4cc4464f2d34579544870c71a687259365e884a1f741dcafe13,c1b1a9f195e7d89c2d75e78c907b8bd662b728633c1953441391ba852d030b68,_BumpMap,Normal,Assets/Game/LegacyImport/RuntimeBaseline/Generated/World/Textures/M06B2_1e0e6e75db86917478d772fd22d42e09_normal.png,9a5ad01e6fddcaf12a821a72d2a9abfe4bad9f2c938c9df5f483c9c0e666fcec,1,512,512,619092,350494,0,1,1,1,Repeat,Bilinear,1,TemporaryDirectImport,Converted,Source dimensions preserved; Read/Write off; CompressedHQ; shared across cells.
Texture,1e74c29dfcb216642b77ce05bd31cf97,assetripper-unity-project/ExportedProject/Assets/Texture2D/sheet_metal_wave.png,8db29ce5b59fd35277a1650cb659486dbca4e7ad86a5dbc243cafe560275a888,2d8acabb85314602f6fc3cd855ba64a874ab6d6b57f6f68f96d86d005bf61621,_MainTex,Color,Assets/Game/LegacyImport/RuntimeBaseline/Generated/World/Textures/M06B2_1e74c29dfcb216642b77ce05bd31cf97_color.png,8d627709356a99acff406eb752bfeefe501bba8d8310b87628a2bae9054f02a6,1,512,512,379282,350493,1,0,1,1,Repeat,Bilinear,1,TemporaryDirectImport,Converted,Source dimensions preserved; Read/Write off; CompressedHQ; shared across cells.
Texture,1e8ad0c1ed20d844dadc6c8859ce92ec,assetripper-unity-project/ExportedProject/Assets/Texture2D/asphalt_pavement.png,47bb632c64cdb67f415e8bfbb3b496ed2260ccf654db0a23875560109c4b285b,9b3638ef3f9ce1f614697c03375e80426038bf657d6027a5f814468989315d44,_MainTex,Color,Assets/Game/LegacyImport/RuntimeBaseline/Generated/World/Textures/M06B2_1e8ad0c1ed20d844dadc6c8859ce92ec_color.png,32e139fcc93e05dca21680419b3f75a630df7dd772bdabd8800c33258f6a4e9b,1,1024,1024,2222896,1399069,1,0,1,1,Repeat,Bilinear,1,TemporaryDirectImport,Converted,Source dimensions preserved; Read/Write off; CompressedHQ; shared across cells.
Texture,1f54552dcd1657c4cbf93e938eb5ebbf,assetripper-unity-project/ExportedProject/Assets/Texture2D/metal_wall3.png,4be27725e43d3a71bdf4da60de6a40fd3373f946deb063f7b1ffa9da61cbc269,e436842153473a0911d4e37ce8b05c705ce065a49906e7d6907d0f9b73a2c71d,_MainTex,Color,Assets/Game/LegacyImport/RuntimeBaseline/Generated/World/Textures/M06B2_1f54552dcd1657c4cbf93e938eb5ebbf_color.png,f8eab91b620fbca1291aa81caa854f8c9fd1624200a991326ad4eff540119f2f,1,512,512,153719,350493,1,0,1,1,Repeat,Bilinear,1,TemporaryDirectImport,Converted,Source dimensions preserved; Read/Write off; CompressedHQ; shared across cells.
Texture,1f8e8fa67e942d843ae9341f52585eb1,assetripper-unity-project/ExportedProject/Assets/Texture2D/kitchentaso.png,bf73a6addcf36176739ec68acdb1cfaa9a8be0b1c3c79402fd23d5d14dfea563,1e2bfe0b048d2c72bc62345366323dafdc4004eff43c4e7de15c8717578c0e47,_MainTex,Color,Assets/Game/LegacyImport/RuntimeBaseline/Generated/World/Textures/M06B2_1f8e8fa67e942d843ae9341f52585eb1_color.png,b630213b3f19c5ab5786e0f110a708a293ad07030149f8932c62eab0fa368f1d,1,256,256,119406,88349,1,0,1,1,Repeat,Bilinear,1,TemporaryDirectImport,Converted,Source dimensions preserved; Read/Write off; CompressedHQ; shared across cells.
Texture,21054c2230a0774449736507c8ae7506,assetripper-unity-project/ExportedProject/Assets/Texture2D/windows_pbr_rain.png,916422350a090c79bd7902e0f84d1d13f92368c4ae6fda32d59e9f2e12e77807,78ab7c74c2a1ae063af0b31a251b78b7262e4e2bbbfbb04fb8c09caf1f3aaab2,_MainTex,Color,Assets/Game/LegacyImport/RuntimeBaseline/Generated/World/Textures/M06B2_21054c2230a0774449736507c8ae7506_color.png,26b6f5bd82d94c011bb90780cc7741b7706b12c91062c04ffb64b6a8a083bd94,2,1024,1024,1784952,1399069,1,0,1,1,Repeat,Bilinear,1,TemporaryDirectImport,Converted,Source dimensions preserved; Read/Write off; CompressedHQ; shared across cells.
Texture,2133cfcb0d0187b4da903e986daece12,assetripper-unity-project/ExportedProject/Assets/Texture2D/wood_panel3.png,a0a3ec94d6d0868ef40cb1be1d18a546cf915bb1f1e0013ace521dcfbb0febb4,c80fea945dd79ac1cdc71f52895d32c36cca09c4b253280753ae5cd83ce0b62e,_MainTex,Color,Assets/Game/LegacyImport/RuntimeBaseline/Generated/World/Textures/M06B2_2133cfcb0d0187b4da903e986daece12_color.png,b0cce33dda0767a328678300799752cf8dab010be3029f49845f020928dd5824,1,512,512,340134,350493,1,0,1,1,Repeat,Bilinear,1,TemporaryDirectImport,Converted,Source dimensions preserved; Read/Write off; CompressedHQ; shared across cells.
Texture,21faa33c311879a45a2227c476506c80,assetripper-unity-project/ExportedProject/Assets/Texture2D/fabric22.png,253ebc36d71a1776ec52e612081ddd671ac6d6260fdf555fdc0208fac8dda328,d7e2eec7983f3098e75dd75b88976c84c40818f2dffc9b4516d1a63ce5a6448e,_MainTex,Color,Assets/Game/LegacyImport/RuntimeBaseline/Generated/World/Textures/M06B2_21faa33c311879a45a2227c476506c80_color.png,b580362a80fffa3b569a93787c7462e966ab24cac43ea42895b0308c04487e68,1,512,512,449410,350493,1,0,1,1,Repeat,Bilinear,1,TemporaryDirectImport,Converted,Source dimensions preserved; Read/Write off; CompressedHQ; shared across cells.
Texture,222faebfefc620d4ca82c8d2d5ca102b,assetripper-unity-project/ExportedProject/Assets/Texture2D/dragstrip_texture.png,42fd9f15f6c0706a0585f471ed779bef8225015a01493fdd2fb5a8e8c15f6944,915a10dcab0216ea600152e06f95e94d2c423fde8439a6459eab27d2c4f0b14b,_MainTex,Color,Assets/Game/LegacyImport/RuntimeBaseline/Generated/World/Textures/M06B2_222faebfefc620d4ca82c8d2d5ca102b_color.png,7e040377aad16d842e5cb7e2b01c504462d46383b3ebd8dc358fd5f26cccb69b,1,2048,256,451428,700093,1,0,1,1,Repeat,Bilinear,1,TemporaryDirectImport,Converted,Source dimensions preserved; Read/Write off; CompressedHQ; shared across cells.
Texture,22a9191840b568c418577bef2b8316f9,assetripper-unity-project/ExportedProject/Assets/Texture2D/water_plant.png,5dd848f27651356042860f25b339d502c9452a31a3c2113b7e182e51c3b7d983,2314202fe556e3ae7ce9df5dd91cf4e8c175e147cd398a6cb5fd418195077dcd,_DetailAlbedoMap,Color,Assets/Game/LegacyImport/RuntimeBaseline/Generated/World/Textures/M06B2_22a9191840b568c418577bef2b8316f9_color.png,e3e8bd6dba113f2c14fd576401ea5520ade7673c0250a129a75d06fd19ed183c,1,512,512,420699,350493,1,0,1,1,Repeat,Bilinear,1,TemporaryDirectImport,Converted,Source dimensions preserved; Read/Write off; CompressedHQ; shared across cells.
Texture,23036b29b49c6a54882a79feaf2b5c09,assetripper-unity-project/ExportedProject/Assets/Texture2D/garage_table.png,003b9e541974edc2aca3ef919a5618e6f4a8b07d2b1ce06c9e0c13009a91dfc9,ce6a05f3bccbca4cda3053f975541ee521c420ca0326e1ef1f87c0242d63f49f,_MainTex,Color,Assets/Game/LegacyImport/RuntimeBaseline/Generated/World/Textures/M06B2_23036b29b49c6a54882a79feaf2b5c09_color.png,c903c05f86a06efe7705817003d0d53f69f15dfa84622bee8a47a45f8fdf85df,1,1024,1024,1058518,1399069,1,0,1,1,Repeat,Bilinear,1,TemporaryDirectImport,Converted,Source dimensions preserved; Read/Write off; CompressedHQ; shared across cells.
Texture,26887fe73cb2f5446a4188d0810021e5,assetripper-unity-project/ExportedProject/Assets/Texture2D/metal_wall.png,116777d5132bab3bc14cac858692e72c9d05a606d5881548b787c0dff582987b,18dece87c5b8ddda141eba2eaab0b0cd9de9da0d09156e2f7807a1588379ab83,_MainTex,Color,Assets/Game/LegacyImport/RuntimeBaseline/Generated/World/Textures/M06B2_26887fe73cb2f5446a4188d0810021e5_color.png,5340cd40d89c17959fda8e1481af8489672959ee45b7039f1d189f6208a0c903,1,128,128,14888,22813,1,0,1,1,Repeat,Point,1,TemporaryDirectImport,Converted,Source dimensions preserved; Read/Write off; CompressedHQ; shared across cells.
Texture,2737a6e30c9053f4db781a9f61352914,assetripper-unity-project/ExportedProject/Assets/Texture2D/ATLAS_WINDOWS.png,804f3625a9eff4a2d3fe463028dd08b706cf115cc01d713b8cf5b2cd86557b03,9c4ece59f8c1a40ace53a3d510b4d826c5814e2c64d3df3aa06c3c57cfa38652,_MainTex,Color,Assets/Game/LegacyImport/RuntimeBaseline/Generated/World/Textures/M06B2_2737a6e30c9053f4db781a9f61352914_color.png,249e0be35202b33f3bd0d7900d041ace7cf1031fd6356e389c59f7744ad3b307,2,1024,1024,921663,1399069,1,0,1,1,Repeat,Bilinear,1,TemporaryDirectImport,Converted,Source dimensions preserved; Read/Write off; CompressedHQ; shared across cells.
Texture,27467e170836e464994591f3d890ac49,assetripper-unity-project/ExportedProject/Assets/Texture2D/wood_panel13.png,fe113234419e5d949664db7820ac5935109cc0db9937ecd57532d99ab587a8f6,524bc3c6691a7396460c19483de9415b072a91d1ad8877cd1062dbebc82e574c,_MainTex,Color,Assets/Game/LegacyImport/RuntimeBaseline/Generated/World/Textures/M06B2_27467e170836e464994591f3d890ac49_color.png,c670ada0bd48741c7418ea2fcf076bcfbfb407a42fc8b7aea5ec295b827a2da1,1,1024,1024,1271627,1399069,1,0,1,1,Repeat,Bilinear,1,TemporaryDirectImport,Converted,Source dimensions preserved; Read/Write off; CompressedHQ; shared across cells.
Texture,27bf52f2971af7146b21be78c91c912e,assetripper-unity-project/ExportedProject/Assets/Texture2D/tires_gobra_n.png,f3e33308195ecd67a89ad478e19baa52a412fec064db5c57911c8fffc45763a8,4a73b720811d65fd41e47f8efddc237b5a97f7d8d76624c5766c17e1db00e3ab,_BumpMap,Normal,Assets/Game/LegacyImport/RuntimeBaseline/Generated/World/Textures/M06B2_27bf52f2971af7146b21be78c91c912e_normal.png,48a825256251ed913407b936c18062eb3ad9954afc770bd5e7785584cfdf67ff,1,512,512,265252,350494,0,1,1,1,Repeat,Trilinear,1,TemporaryDirectImport,Converted,Source dimensions preserved; Read/Write off; CompressedHQ; shared across cells.
Texture,283abaea3f2ff264b93a4792b3373e73,assetripper-unity-project/ExportedProject/Assets/Texture2D/building_wall.png,1900f57e8b9bc15c62e5069bd3ae465850b2f30bf971382fa15c852e9cbce067,8594fdd6172401dc5055f43f83a606516c48a217e288f6449289c07789b4d07a,_MainTex,Color,Assets/Game/LegacyImport/RuntimeBaseline/Generated/World/Textures/M06B2_283abaea3f2ff264b93a4792b3373e73_color.png,355ae38b78fb232b3290acbdff654f687f9660e341f3f0d5ebfcd7200f8faf28,1,512,512,523124,350493,1,0,1,1,Repeat,Bilinear,1,TemporaryDirectImport,Converted,Source dimensions preserved; Read/Write off; CompressedHQ; shared across cells.
Texture,284ff1a20aa74984a96443cedc6184f5,assetripper-unity-project/ExportedProject/Assets/Texture2D/truck_rims_old.png,65759609c8bea8ac3f054ce919a3c806727058a31a055c161dd8e7533245e483,f514f647dd6b4a695e597e8f304e92b2efe4c9c3c45a6af2040ea4e3b26f0b72,_MainTex,Color,Assets/Game/LegacyImport/RuntimeBaseline/Generated/World/Textures/M06B2_284ff1a20aa74984a96443cedc6184f5_color.png,88c8b57401c7e9677afdb15b253164308f12bb0e3a1e9b7a5ea80e875a9d130a,1,1024,1024,1144353,1399069,1,0,1,1,Repeat,Bilinear,1,TemporaryDirectImport,Converted,Source dimensions preserved; Read/Write off; CompressedHQ; shared across cells.
Texture,28ff4d554f518b94892455e30cc548b1,assetripper-unity-project/ExportedProject/Assets/Texture2D/house_concrete.png,9ef1e7f3a9deaa99429eea3202170f0b7dc9266fc615e7913c267774eb7d6734,150b99e91d7051c17a47f427d047f69373da6aa3602d9b505bd3440a208a0d31,_MainTex,Color,Assets/Game/LegacyImport/RuntimeBaseline/Generated/World/Textures/M06B2_28ff4d554f518b94892455e30cc548b1_color.png,79f6a242cbbc59f66a3051ac52ac4b1a6ae2b63f8c8c846e3399ad99dc9e074a,2,1024,1024,1202700,1399069,1,0,1,1,Repeat,Bilinear,1,TemporaryDirectImport,Converted,Source dimensions preserved; Read/Write off; CompressedHQ; shared across cells.
Texture,29b2fc1b114aa2143b859c551272f832,assetripper-unity-project/ExportedProject/Assets/Texture2D/football.png,574fd848076b9e06e08b2f86ae3b60d7adcf241d04c7e51fc2fbb59dc3946a3d,f49cc4afa0e579c6009e646ad1fa0201cc640fff564b6d67e70c3c565c9d84e4,_MainTex,Color,Assets/Game/LegacyImport/RuntimeBaseline/Generated/World/Textures/M06B2_29b2fc1b114aa2143b859c551272f832_color.png,a403acfbbf831a972a7c00ccd4ceba35d5a8fdb43b1b65e306c57d77c2e4aa88,1,256,128,6796,44669,1,0,1,1,Repeat,Bilinear,1,TemporaryDirectImport,Converted,Source dimensions preserved; Read/Write off; CompressedHQ; shared across cells.
Texture,2b067fbce6ba1434f90da2eef0c092d9,assetripper-unity-project/ExportedProject/Assets/Texture2D/brickwall.png,e264fb88843a40ee6b8dc1922165433ec5ac9feb26d7fe0d1ad2f14a7f70aef4,564affe5e7359844421a64a97a56836787f08fc38ecace6f3107c5db684f193c,_MainTex,Color,Assets/Game/LegacyImport/RuntimeBaseline/Generated/World/Textures/M06B2_2b067fbce6ba1434f90da2eef0c092d9_color.png,e5cd879b116b789fb99fe019aff057dcbc333935e7570abdf0da97eca3dae972,1,512,512,596636,350493,1,0,1,1,Repeat,Bilinear,1,TemporaryDirectImport,Converted,Source dimensions preserved; Read/Write off; CompressedHQ; shared across cells.
Texture,2d2798980b8d5954d8d11761dbb3306d,assetripper-unity-project/ExportedProject/Assets/Texture2D/satsuma_dash_gauges.png,1285b93d8731709db47e6c2acf010f8976094740cac7a8a2d70e9c9cec3d25a4,6496a57810dd85fcd032784de5f5fbd59a298bf6e4ac05503d63dcc1105778e6,_MainTex,Color,Assets/Game/LegacyImport/RuntimeBaseline/Generated/World/Textures/M06B2_2d2798980b8d5954d8d11761dbb3306d_color.png,f43a82709076b243402589bfa230440e7f7011821e3b982dd47b6c917a9f46ca,2,1024,1024,578951,1399069,1,0,1,1,Repeat,Bilinear,1,TemporaryDirectImport,Converted,Source dimensions preserved; Read/Write off; CompressedHQ; shared across cells.
Texture,2d67f2d3618420c4d8cf459443c2743e,assetripper-unity-project/ExportedProject/Assets/Texture2D/dragcar2.png,a41ce4ced7325adaea77d774152a232b32d79deacba88f8def0400191fc4db82,a9d8833f587743b84828957c4e7c5c22578c01d7bcfd677e6d0f17b0ece4ff37,_MainTex,Color,Assets/Game/LegacyImport/RuntimeBaseline/Generated/World/Textures/M06B2_2d67f2d3618420c4d8cf459443c2743e_color.png,6cb3d8760e95d88a24298dc4b1a9951359950b2f80411efaabdc09feed68c09b,1,1024,1024,364155,1399069,1,0,1,1,Repeat,Bilinear,1,TemporaryDirectImport,Converted,Source dimensions preserved; Read/Write off; CompressedHQ; shared across cells.
Texture,2e133d395069c1e45870cff020479167,assetripper-unity-project/ExportedProject/Assets/Texture2D/treewall_n.png,b2b4ecf3691947b6b4512f499fe81913e705210bc59108a34bede7159b279776,4eb8ad521a20302280bf15ad18d2e1c92d6811edaa26856612711c0d97f8c76a,_BumpMap,Normal,Assets/Game/LegacyImport/RuntimeBaseline/Generated/World/Textures/M06B2_2e133d395069c1e45870cff020479167_normal.png,7795a2ffd025c69f1eb9c647c8988e2cb50f5d309d6d2521c0f81be798383610,2,128,32,7234,6462,0,1,1,1,Repeat,Trilinear,1,TemporaryDirectImport,Converted,Source dimensions preserved; Read/Write off; CompressedHQ; shared across cells.
Texture,2ecdd864a4a3f9341a4efb1b1e02babd,assetripper-unity-project/ExportedProject/Assets/Texture2D/curtain3.png,fd9b4f999074935d5482157b4f189a8c44344f2c7c43a0a3db19af0debceb6b6,12ba13363b20359a344496f1d94cd60ad9474b14dda30ed47222f25beb018efa,_MainTex,Color,Assets/Game/LegacyImport/RuntimeBaseline/Generated/World/Textures/M06B2_2ecdd864a4a3f9341a4efb1b1e02babd_color.png,55120bac707cb28eeb7b34d622839da17c95f221f0abe4b4db42203ddd876d0d,1,512,256,264609,175741,1,0,1,1,Repeat,Bilinear,1,TemporaryDirectImport,Converted,Source dimensions preserved; Read/Write off; CompressedHQ; shared across cells.
Texture,2ee72860e09082341849f554bc6fd4ab,assetripper-unity-project/ExportedProject/Assets/Texture2D/chassis_dyno_d.png,6bbca55d8a639b711c725d2853827f31c4f1fa54322c1a11e01164e0578d527f,74347464a23b8272c254dce1a781c27aa419f0c00038e7ca2b911008caff6bad,_DetailMask,Linear,Assets/Game/LegacyImport/RuntimeBaseline/Generated/World/Textures/M06B2_2ee72860e09082341849f554bc6fd4ab_linear.png,2792f7a71b63f84541ea8e42f06d7e1565d0384ddf69466eb61d6fe30fc01e4f,1,2048,2048,97173,5593374,0,0,1,1,Repeat,Bilinear,1,TemporaryDirectImport,Converted,Source dimensions preserved; Read/Write off; CompressedHQ; shared across cells.
Texture,2f1b808239c33fe4ea26085f47092b57,assetripper-unity-project/ExportedProject/Assets/Texture2D/glass.png,cab90ce408d7f2d2d71bfe639af6daaadc3c89c16f41d841b1fe3ff537a6a3cd,063af84b423fc027634c3b7061824863caee483ac7c7b4692c4b8ee0a45cd33c,_MainTex,Color,Assets/Game/LegacyImport/RuntimeBaseline/Generated/World/Textures/M06B2_2f1b808239c33fe4ea26085f47092b57_color.png,1f7fec5c352bae701fdaf583924c4a332ad0e699a188a130cb21e10fcc1ab097,2,2048,2048,6362100,5593373,1,0,1,1,Repeat,Bilinear,1,TemporaryDirectImport,Converted,Source dimensions preserved; Read/Write off; CompressedHQ; shared across cells.
Texture,2f94089e98597804b821c4f524a51dd5,assetripper-unity-project/ExportedProject/Assets/Texture2D/treecollection.png,54e6e6984b215c1cb2735d3251b2e35deb18f01a7159371227c592f81a0fc057,2cd9ad300eed33da002a1e26fdb24ae91b4b61a1312692b936aaf60de5d391df,_MainTex,Color,Assets/Game/LegacyImport/RuntimeBaseline/Generated/World/Textures/M06B2_2f94089e98597804b821c4f524a51dd5_color.png,6f7faac8b4c357db14c7ee05e9422e13163082c27c397afe359bf8b58fd7872d,1,8192,4096,22271998,44740221,1,0,1,1,Repeat,Bilinear,1,TemporaryDirectImport,Converted,Source dimensions preserved; Read/Write off; CompressedHQ; shared across cells.
Texture,31822f8ba44e74e42b1e551a50621e80,assetripper-unity-project/ExportedProject/Assets/Texture2D/store_equipment.png,2e4b8031de9a5052b6e590fe928f7d03d241d8fcacf6e4465203568702c8476a,5b537d4df59052cb149d6ad2c101a0a4ae8960a8189b52ee3d40af66cdc7ca48,_MainTex,Color,Assets/Game/LegacyImport/RuntimeBaseline/Generated/World/Textures/M06B2_31822f8ba44e74e42b1e551a50621e80_color.png,469a236dcbd2a2bba391d6be47b69842df0cf090b0f343781c2b0ae470c4ea2c,1,1024,1024,960981,1399069,1,0,1,1,Repeat,Bilinear,1,TemporaryDirectImport,Converted,Source dimensions preserved; Read/Write off; CompressedHQ; shared across cells.
Texture,3194ef35d20410a47ba96fbfbfc357e2,assetripper-unity-project/ExportedProject/Assets/Texture2D/paint1.png,749d887e12fa1e458969af36839d259b838b92e2e529e14beec741a1c8feae40,889bf074e5714c225bd7fbb537cf84e751e324433d0e20f4c9e5324e5c1bd94f,_Detail;_DetailAlbedoMap;_MainTex,Color,Assets/Game/LegacyImport/RuntimeBaseline/Generated/World/Textures/M06B2_3194ef35d20410a47ba96fbfbfc357e2_color.png,bd633e535b4bd49ff1fb91cfe88ffbebc7b99f7e0dc60fabd1a062018a492abd,6,512,512,470961,350493,1,0,1,1,Repeat,Bilinear,1,TemporaryDirectImport,Converted,Source dimensions preserved; Read/Write off; CompressedHQ; shared across cells.
Texture,333570c134facdf4f9f5ea3fa1b46d40,assetripper-unity-project/ExportedProject/Assets/Texture2D/beercase.png,5205eb7b4e100f127da8ae0952f4a398f9088026cebb8e0d50c4c6c408d22db2,82260b546bd85a9e39b64ed62cfa7d52d67eb5ef847e696f31eadd4d4decc57e,_MainTex,Color,Assets/Game/LegacyImport/RuntimeBaseline/Generated/World/Textures/M06B2_333570c134facdf4f9f5ea3fa1b46d40_color.png,794483dd6c102aa205a0edaf36482fe35f0ba1d590f9b20abdee896dde6243ce,1,512,512,290447,350493,1,0,1,1,Repeat,Bilinear,1,TemporaryDirectImport,Converted,Source dimensions preserved; Read/Write off; CompressedHQ; shared across cells.
Texture,33be54950852a994c8dc31c89839b134,assetripper-unity-project/ExportedProject/Assets/Texture2D/tires_standard2.png,5b50137da8a3e1dcb8d502196076168387603324cd940468ef0970aed5a7483a,29398c7ca71c7af879c201c4b1e279528d5e6cfc9558147bb1e22e00d279b858,_MainTex,Color,Assets/Game/LegacyImport/RuntimeBaseline/Generated/World/Textures/M06B2_33be54950852a994c8dc31c89839b134_color.png,2730073fc1d3452bf1617501dcc42becee6ac2db20d19843eadfe9f283dd31ee,1,1024,1024,1140385,1399069,1,0,1,1,Repeat,Bilinear,1,TemporaryDirectImport,Converted,Source dimensions preserved; Read/Write off; CompressedHQ; shared across cells.
Texture,342b03171ea9e4242b252dd8f317c3d2,assetripper-unity-project/ExportedProject/Assets/Texture2D/car_lights_on.png,664c3a8730e91b62a50b7efb3618dd90b8480efcfda24e42be8ec176bafbfdac,88f75e061ff1d9a336eb1c9aa467c444d18b7bd8a7609477956e0469085019cd,_MainTex,Color,Assets/Game/LegacyImport/RuntimeBaseline/Generated/World/Textures/M06B2_342b03171ea9e4242b252dd8f317c3d2_color.png,96738c9fd11e0280f5af4442c6df66e7e16025aea732d0be8b5da4b65aaf2071,1,512,256,169884,175741,1,0,1,1,Repeat,Bilinear,1,TemporaryDirectImport,Converted,Source dimensions preserved; Read/Write off; CompressedHQ; shared across cells.
Texture,366d54766dc58b043b3feee6ecbc4dc0,assetripper-unity-project/ExportedProject/Assets/Texture2D/gravel.png,1953a5929cff4427c6b3fc77c65bf096b515e99e60cc0869aecc7c8808b323af,5881c5580470a4875be0f90269538fe86bedd3dc1bf263ec31d7127200cbfb1b,_Detail;_MainTex,Color,Assets/Game/LegacyImport/RuntimeBaseline/Generated/World/Textures/M06B2_366d54766dc58b043b3feee6ecbc4dc0_color.png,a7ae6fb8ba36ed92768f7303e157d10688dd739906f7ad39e4e060b857065d4c,2,1024,1024,2469595,1399069,1,0,1,1,Repeat,Bilinear,1,TemporaryDirectImport,Converted,Source dimensions preserved; Read/Write off; CompressedHQ; shared across cells.
Texture,366d54766dc58b043b3feee6ecbc4dc0,assetripper-unity-project/ExportedProject/Assets/Texture2D/gravel.png,1953a5929cff4427c6b3fc77c65bf096b515e99e60cc0869aecc7c8808b323af,5881c5580470a4875be0f90269538fe86bedd3dc1bf263ec31d7127200cbfb1b,_Detail (HDRP detail-albedo compatibility),DetailAlbedoPacked,Assets/Game/LegacyImport/RuntimeBaseline/Generated/World/Textures/M06B2_366d54766dc58b043b3feee6ecbc4dc0_detailalbedopacked.png,5abf979da1785ae59d3f86a3986bf88aaf932a9169527ab0d311f67767029b73,1,1024,1024,2469595,1399082,0,0,1,1,Repeat,Bilinear,1,TemporaryDirectImport,Converted,"Source dimensions preserved; frozen donor Diffuse Detail luminance packed deterministically as HDRP R=luma,G=0.5,B=0.5,A=0.5; linear Default import; Read/Write off; CompressedHQ; shared across cells."
Texture,36a326a977d4df245ac427994fdfb92a,assetripper-unity-project/ExportedProject/Assets/Texture2D/Recycle.png,18101d851d7c9a4e495f8bf408efab1d50a6ad8014db1f932e88d3a06332032e,f541979fc6620f8f102a178fbcdd6d334c8b32e7ed57fd4a0efef04b77726f91,_MainTex,Color,Assets/Game/LegacyImport/RuntimeBaseline/Generated/World/Textures/M06B2_36a326a977d4df245ac427994fdfb92a_color.png,4a9b35ec834ce5b150990d1df5ef3aacbe27fafcfc501656a1395d9567f423e1,1,256,256,9077,88349,1,0,1,1,Repeat,Bilinear,1,TemporaryDirectImport,Converted,Source dimensions preserved; Read/Write off; CompressedHQ; shared across cells.
Texture,377ae9c46952b684b940051b24b8b83f,assetripper-unity-project/ExportedProject/Assets/Texture2D/ATLAS_OFFICE.png,5755328b3ab120aaf4ad2169b41c5bc243632230097606db24a86e3c2b157e44,e8b211ae2a8d5a213244fe9d418ec04d9bbfaf24813fa40797ecacf8d30227c7,_MainTex,Color,Assets/Game/LegacyImport/RuntimeBaseline/Generated/World/Textures/M06B2_377ae9c46952b684b940051b24b8b83f_color.png,ceee726cc89b11b4db822a9e2ae873ba7eb31f221c55a29c416b7f255ff07a8c,1,2048,1024,2718688,2797181,1,0,1,1,Repeat,Bilinear,1,TemporaryDirectImport,Converted,Source dimensions preserved; Read/Write off; CompressedHQ; shared across cells.
Texture,379a94a113962e44eb0cfb639b6f2dcb,assetripper-unity-project/ExportedProject/Assets/Texture2D/store_window_banners.png,c731b7f16b4511bc7d63411333ace640b92fa914f68c49c430fbf0981b4a0cf7,8bdad531e76d4f23446663029e294d4b206aad2f7e1cd58838562b2bd0dbf8f2,_MainTex,Color,Assets/Game/LegacyImport/RuntimeBaseline/Generated/World/Textures/M06B2_379a94a113962e44eb0cfb639b6f2dcb_color.png,01ce35a0d680c16e454213495da7ae58fe8f2bdbf164108202036287415f9cc3,1,1024,1024,1529031,1399069,1,0,1,1,Repeat,Bilinear,1,TemporaryDirectImport,Converted,Source dimensions preserved; Read/Write off; CompressedHQ; shared across cells.
Texture,39048c260665aef40bda74d073c0aaa2,assetripper-unity-project/ExportedProject/Assets/Texture2D/chicken_tank.png,0e56359ffb261f30caaeae61e5700d38f6375feface929e7757071905d144217,ce888d5a40c49b64f9f7e2100f047c2e5f355f52a59d5b70cdcd28f6d8060a0b,_MainTex,Color,Assets/Game/LegacyImport/RuntimeBaseline/Generated/World/Textures/M06B2_39048c260665aef40bda74d073c0aaa2_color.png,85d684e90fe22a3a24e9256de882dc6c7db90458557da3f79d4f4c9bb92a81c9,1,512,512,526231,350493,1,0,1,1,Repeat,Bilinear,1,TemporaryDirectImport,Converted,Source dimensions preserved; Read/Write off; CompressedHQ; shared across cells.
Texture,3b07495536861a14581e90244c3cb895,assetripper-unity-project/ExportedProject/Assets/Texture2D/dotted_white_yellow.png,80a2d962b2057fcdcb9e10835497074905ea77404a8a47ca24e21b8e40983418,7e511f74b8441a7f624de12c3842a8ee93804dbf77c220f5eaf1e8ab554bbbda,_MainTex,Color,Assets/Game/LegacyImport/RuntimeBaseline/Generated/World/Textures/M06B2_3b07495536861a14581e90244c3cb895_color.png,83017e0a442a750af843b89ea57fa3652e2d0add10cad16b34bf785a9326ca15,1,64,64,609,6429,1,0,1,1,Repeat,Bilinear,1,TemporaryDirectImport,Converted,Source dimensions preserved; Read/Write off; CompressedHQ; shared across cells.
Texture,3b1e92043d80bc84d96f3caa7343b492,assetripper-unity-project/ExportedProject/Assets/Texture2D/slot_machine_screen_poker.png,e0da526a322b7b6e1e79d9b87a9a5d2dc11bd5528afef16b1766b821ce154ba3,7f72aae15469533a3d2bd367d2efd6e030df08c9a57f1a02faaf1226a18ebbd3,_MainTex,Color,Assets/Game/LegacyImport/RuntimeBaseline/Generated/World/Textures/M06B2_3b1e92043d80bc84d96f3caa7343b492_color.png,d22e154a6ce596f4adfa3d6d94391949d8774c1b51c1747962a4cc2fa72a25a3,2,1024,1024,844717,1399069,1,0,1,1,Repeat,Bilinear,1,TemporaryDirectImport,Converted,Source dimensions preserved; Read/Write off; CompressedHQ; shared across cells.
Texture,3bffd02394aaa124d901a33d8226cda0,assetripper-unity-project/ExportedProject/Assets/Texture2D/metal_roof2.png,5278c21367ccf2063f6aa2dd2d8f59b16014d6cfecbdb98f2a1a1a05cae45047,02de861e95e600a4cac918ef83fcffed12164e5a78ad989126a6f0852c90fa19,_MainTex,Color,Assets/Game/LegacyImport/RuntimeBaseline/Generated/World/Textures/M06B2_3bffd02394aaa124d901a33d8226cda0_color.png,a4199da3849c6910c71daa35ddaaa911db32edb65088e40cff65776c6ff49782,1,1024,512,1131628,700029,1,0,1,1,Repeat,Bilinear,1,TemporaryDirectImport,Converted,Source dimensions preserved; Read/Write off; CompressedHQ; shared across cells.
Texture,3cd2e30e72543c24d82b8a9b60a05b5d,assetripper-unity-project/ExportedProject/Assets/Texture2D/beer_bottle.png,68ab653c85fbc33ba836a5c5cd35d8fe67a1b08ded72f15d44067621baa02540,40cf007ca58de6f594b26f6a9ab342b462ffd79c791d9e3a73a1422390a1f064,_MainTex,Color,Assets/Game/LegacyImport/RuntimeBaseline/Generated/World/Textures/M06B2_3cd2e30e72543c24d82b8a9b60a05b5d_color.png,c8a05cc6814895f8a6174d90579c10ad7dff002aef03eda2a73a2516f287f6d3,1,512,512,180224,350493,1,0,1,1,Repeat,Bilinear,1,TemporaryDirectImport,Converted,Source dimensions preserved; Read/Write off; CompressedHQ; shared across cells.
Texture,3de8ab91f77618941b53b182dde3712d,assetripper-unity-project/ExportedProject/Assets/Texture2D/cardboard.png,5953b768c6f822f0e40b263b6942fc1ab82aec385be5bdc7f230a3f7b9eeb116,f838cdc2ebdcaaf43d1bc59e9d458334d4a8152fc3d7376cca764cd2ec5f049e,_MainTex,Color,Assets/Game/LegacyImport/RuntimeBaseline/Generated/World/Textures/M06B2_3de8ab91f77618941b53b182dde3712d_color.png,f7cf5dc304d844745ff18b46026aec134a5b41d3d14a8444a79fa8cf800542d9,1,1024,1024,980761,1399069,1,0,1,1,Repeat,Bilinear,1,TemporaryDirectImport,Converted,Source dimensions preserved; Read/Write off; CompressedHQ; shared across cells.
Texture,3f4d876399538b04c8cc1169bad9e3f8,assetripper-unity-project/ExportedProject/Assets/Texture2D/wood2.png,48cb7ec79d5b54b0d9fe83caf102cf7f67925301f08c29c43ed8ea42ebf7521c,9188c1b62ea10521855ed73c94b7244c8bd74438d7b2bcae9e4c9ec110b7e4bf,_MainTex,Color,Assets/Game/LegacyImport/RuntimeBaseline/Generated/World/Textures/M06B2_3f4d876399538b04c8cc1169bad9e3f8_color.png,1664c34d23de394d382187b139a86c4989460926d020455ba66cc1efb4e683bc,1,512,512,467242,350493,1,0,1,1,Repeat,Bilinear,1,TemporaryDirectImport,Converted,Source dimensions preserved; Read/Write off; CompressedHQ; shared across cells.
Texture,3f597895923e67746afae847eae07931,assetripper-unity-project/ExportedProject/Assets/Texture2D/CliffNormals.png,7bc36ce2e0d61f6ef7f824cb5dfeb6d277632cfbf9f01bbb4f399983d5729eb1,0bee9da504a420d2ed4a53aa5f378a534fe80ec69da37a53c6f505d24a065537,_DetailNormalMap,DetailNormalPacked,Assets/Game/LegacyImport/RuntimeBaseline/Generated/World/Textures/M06B2_3f597895923e67746afae847eae07931_detailnormalpacked.png,8a86b9c4633005545af36be7d2939b2dd0569eaa8c8d9327ed21cba47ce7f310,2,512,512,798097,350506,0,0,1,1,Repeat,Bilinear,1,TemporaryDirectImport,Converted,"Source dimensions preserved; donor detail normal packed deterministically as HDRP R=0.5,G=Y,B=0.5,A=X; linear Default import; Read/Write off; CompressedHQ; shared across cells."
Texture,3f597895923e67746afae847eae07931,assetripper-unity-project/ExportedProject/Assets/Texture2D/CliffNormals.png,7bc36ce2e0d61f6ef7f824cb5dfeb6d277632cfbf9f01bbb4f399983d5729eb1,0bee9da504a420d2ed4a53aa5f378a534fe80ec69da37a53c6f505d24a065537,_BumpMap,Normal,Assets/Game/LegacyImport/RuntimeBaseline/Generated/World/Textures/M06B2_3f597895923e67746afae847eae07931_normal.png,3529bd3b3312063109c47191f151961028427f4076f3bea407f54b24bb4861b5,1,512,512,798097,350494,0,1,1,1,Repeat,Bilinear,1,TemporaryDirectImport,Converted,Source dimensions preserved; Read/Write off; CompressedHQ; shared across cells.
Texture,3f6ba80dfac147647bc67b836b48704e,assetripper-unity-project/ExportedProject/Assets/Texture2D/fabric21.png,85d775a2b6a890943ca4ac72c02ad8951da05a1301a44cc2c103db4d5c019ebb,0faa9e689e85977eb191dd8ecfe95cdaa04141d1be8a8651167b6a59302cf9c2,_MainTex,Color,Assets/Game/LegacyImport/RuntimeBaseline/Generated/World/Textures/M06B2_3f6ba80dfac147647bc67b836b48704e_color.png,cce737fc2d416d76370d0bb84ce3979d031c4b3528b6daaac3f927a190e388fb,1,512,512,532639,350493,1,0,1,1,Repeat,Bilinear,1,TemporaryDirectImport,Converted,Source dimensions preserved; Read/Write off; CompressedHQ; shared across cells.
Texture,3ff8542217b639a47962a3969df1555c,assetripper-unity-project/ExportedProject/Assets/Texture2D/wood_panel6.png,3179b30d0870c170f877e3eda2828221478c0b3e9e9a13c38cba0639990ad389,8136f4354a2e6d924c3984a7aaed432fee0d4d8491d86963ed909c5fe81084c4,_MainTex,Color,Assets/Game/LegacyImport/RuntimeBaseline/Generated/World/Textures/M06B2_3ff8542217b639a47962a3969df1555c_color.png,f9aa346c8ed4b67684a03ce2c81b97d237b5ca62dd98cfa69574560617f926e0,1,512,512,213676,350493,1,0,1,1,Repeat,Bilinear,1,TemporaryDirectImport,Converted,Source dimensions preserved; Read/Write off; CompressedHQ; shared across cells.
Texture,41b0554456b86df44b03fcbb2ead6960,assetripper-unity-project/ExportedProject/Assets/Texture2D/reg_plate3.png,c27634d669ce4b2ff4b068279dfd1a02e3c66531f5a95bc071cffe6a0d21a806,7a4afd4814173d7dd66bf50ac6913734c0ea8cf20d050ac5635979312ed323c2,_MainTex,Color,Assets/Game/LegacyImport/RuntimeBaseline/Generated/World/Textures/M06B2_41b0554456b86df44b03fcbb2ead6960_color.png,710d653b90f6d7a4391878b5c5e669b71e6fb6f051bd151b126daac36e647056,1,1024,512,339702,700029,1,0,1,1,Repeat,Bilinear,1,TemporaryDirectImport,Converted,Source dimensions preserved; Read/Write off; CompressedHQ; shared across cells.
Texture,4343c1d297b7aa244be302a48e2ed17e,assetripper-unity-project/ExportedProject/Assets/Texture2D/wood4.png,4f3879dfcbe261977f65203bb88f15b0e2cca7dea3b40eee5d584c2531a953cf,4f3bbcb2d23195c7fce4038c548eb06683f4f4bdd6ce82ec7402607fe3fd869e,_MainTex,Color,Assets/Game/LegacyImport/RuntimeBaseline/Generated/World/Textures/M06B2_4343c1d297b7aa244be302a48e2ed17e_color.png,fda38bc2df6edce41990f00ad12d1022c81fc81fe3e821013421cee2aee0ae51,1,512,512,518988,350493,1,0,1,1,Repeat,Bilinear,1,TemporaryDirectImport,Converted,Source dimensions preserved; Read/Write off; CompressedHQ; shared across cells.
Texture,44a59ad488d3ed6419b183a3a652cb20,assetripper-unity-project/ExportedProject/Assets/Texture2D/water_under.png,cd0753773f33c3e9ed4c1f3029a3cc8d00431dbd2a4e9b2be097049c9ede8912,7e9fa266d00a50839af695a1bd17fffc055670ad5c577f8f7fafe1c6b9c4fa99,_MainTex,Color,Assets/Game/LegacyImport/RuntimeBaseline/Generated/World/Textures/M06B2_44a59ad488d3ed6419b183a3a652cb20_color.png,fb34f72fb6fe860592863536072c33f29464843615a0861f1c94a591b7b4054f,1,32,32,253,2333,1,0,1,1,Repeat,Bilinear,1,TemporaryDirectImport,Converted,Source dimensions preserved; Read/Write off; CompressedHQ; shared across cells.
Texture,44b329aa962c9294f981f221e8650877,assetripper-unity-project/ExportedProject/Assets/Texture2D/concrete_n.png,09503d0a3292f2a12ecd9ea7142562f647862a130215fb8f837baff033e7346d,ba13d191b1607281ffc06d3a8d0eba6ff527c72f9a4bbab106977f69414933e5,_Detail,Color,Assets/Game/LegacyImport/RuntimeBaseline/Generated/World/Textures/M06B2_44b329aa962c9294f981f221e8650877_color.png,4d5d01421df35b451b8dc11992786b4e0a95d203e84123b20bc3387785284d0c,2,512,512,920310,350493,1,0,1,1,Repeat,Trilinear,1,TemporaryDirectImport,Converted,Source dimensions preserved; Read/Write off; CompressedHQ; shared across cells.
Texture,44b329aa962c9294f981f221e8650877,assetripper-unity-project/ExportedProject/Assets/Texture2D/concrete_n.png,09503d0a3292f2a12ecd9ea7142562f647862a130215fb8f837baff033e7346d,ba13d191b1607281ffc06d3a8d0eba6ff527c72f9a4bbab106977f69414933e5,_DetailNormalMap,DetailNormalPacked,Assets/Game/LegacyImport/RuntimeBaseline/Generated/World/Textures/M06B2_44b329aa962c9294f981f221e8650877_detailnormalpacked.png,37448ee53688e9cf035c58a171a1d2f7dace5c8f4e750628241e0d09971a4edf,2,512,512,920310,350506,0,0,1,1,Repeat,Trilinear,1,TemporaryDirectImport,Converted,"Source dimensions preserved; donor detail normal packed deterministically as HDRP R=0.5,G=Y,B=0.5,A=X; linear Default import; Read/Write off; CompressedHQ; shared across cells."
Texture,46f6f5ebed67d58448ebd609348b17a0,assetripper-unity-project/ExportedProject/Assets/Texture2D/wheat_top.png,ec5f1f81eeb90dbaf026a8a173f07965beeb1af8072034bd0bd773410daee0f4,e4e2a2e8036b3d068cc9dc3e5af87d1b6319b73d4e4dfe07a02acc82a13ab7e7,_MainTex,Color,Assets/Game/LegacyImport/RuntimeBaseline/Generated/World/Textures/M06B2_46f6f5ebed67d58448ebd609348b17a0_color.png,4991c2e65c2b12b26b7ac01742c88b7c94b3bc17442ad4880bbb7a923a6aade8,1,512,512,630433,350493,1,0,1,1,Repeat,Bilinear,1,TemporaryDirectImport,Converted,Source dimensions preserved; Read/Write off; CompressedHQ; shared across cells.
Texture,48068b6b22c6ad64c9003b629abdc137,assetripper-unity-project/ExportedProject/Assets/Texture2D/14.png,9c6bfa910c64645e40f9989d4ac4aca6a83a808e9183d6f27abb16cab4ecfb3e,613e31de71d22f9d5b4885292650e6f4cd8367c8c2f7ff354442cc4f4a6acdc2,_MainTex,Color,Assets/Game/LegacyImport/RuntimeBaseline/Generated/World/Textures/M06B2_48068b6b22c6ad64c9003b629abdc137_color.png,1626ac065901594ed8ddd55c3bcc605408f8876a0be7f4f7ddb0bf4f7d140c0a,18,128,128,3437,22813,1,0,1,1,Repeat,Bilinear,1,TemporaryDirectImport,Converted,Source dimensions preserved; Read/Write off; CompressedHQ; shared across cells.
Texture,480a99293eaf94c49bd942ffa205cd5d,assetripper-unity-project/ExportedProject/Assets/Texture2D/concrete_wall.png,a600bedc2346a161d5e4d0597d77604f9b84d76c8f476573ad1e182c3f31af3a,d696ca3722c15cf9a6e10611862c02f74215e1e7c9009409ee655befc15ad574,_MainTex,Color,Assets/Game/LegacyImport/RuntimeBaseline/Generated/World/Textures/M06B2_480a99293eaf94c49bd942ffa205cd5d_color.png,11d7217f4fda76f2f625e3c8818831d5b8076c8a2c7e0957b303d078094ea763,2,1024,1024,2048716,1399069,1,0,1,1,Repeat,Bilinear,1,TemporaryDirectImport,Converted,Source dimensions preserved; Read/Write off; CompressedHQ; shared across cells.
Texture,4a1bbc60ef47fbb43a98a5747fc0542b,assetripper-unity-project/ExportedProject/Assets/Texture2D/wood_panel8.png,12aaddd179cf0a8bacf659ca5036b370af2ebaa04acc0160db0058d7b5cf135d,3ce282c26bf38c4ff8695af2d16bce809eb3825e6c81e8934851c4d9aa87764f,_MainTex,Color,Assets/Game/LegacyImport/RuntimeBaseline/Generated/World/Textures/M06B2_4a1bbc60ef47fbb43a98a5747fc0542b_color.png,7d904b3a16b89107c84d04cc48184771aac2b6409e5c6b75d8fc41a140ac6d2c,1,512,512,425191,350493,1,0,1,1,Repeat,Bilinear,1,TemporaryDirectImport,Converted,Source dimensions preserved; Read/Write off; CompressedHQ; shared across cells.
Texture,4b8c04e1e9eef6c4085c1823b5f8ebe8,assetripper-unity-project/ExportedProject/Assets/Texture2D/rally_signs.png,2b8a87914ccd52eb9320aab704abb2e1127d7126ea55b1045bd339f2b55d1f6d,403d50176f0c26b7d056002a75e447ffa90971cb6408dd61f90ec3891a68246c,_MainTex,Color,Assets/Game/LegacyImport/RuntimeBaseline/Generated/World/Textures/M06B2_4b8c04e1e9eef6c4085c1823b5f8ebe8_color.png,b1dbc009edc0198c72f8e62cebf66c2591ca9a069ed313029351f4586f618a5f,1,512,512,339860,350493,1,0,1,1,Repeat,Bilinear,1,TemporaryDirectImport,Converted,Source dimensions preserved; Read/Write off; CompressedHQ; shared across cells.
Texture,4b981dacef514ba42b1120fba88f9c0c,assetripper-unity-project/ExportedProject/Assets/Texture2D/body_metallic.png,e1b91af93ad6634b780be1593d55505bf825d9d41114fabfbf9732deb5321147,08cfa430508766ae2a3247f5caf5abd8fa455844c88bf28b515757c642b057cf,_SpecGlossMap,Linear,Assets/Game/LegacyImport/RuntimeBaseline/Generated/World/Textures/M06B2_4b981dacef514ba42b1120fba88f9c0c_linear.png,5c31451b3ef98857b7143c289e06ae257b0536851ba7dcb10fbf55a01ef7db9a,1,2048,2048,3314835,5593374,0,0,1,1,Repeat,Bilinear,1,TemporaryDirectImport,Converted,Source dimensions preserved; Read/Write off; CompressedHQ; shared across cells.
Texture,4bb1fd47e78aa98448b7880769579d70,assetripper-unity-project/ExportedProject/Assets/Texture2D/flag_crumpled.png,6c08c82ceccda98807a5030b72fb688b2cab860629f2b700a89dbed27d710e6d,74b50abaeb28dbc60441948a8987d6be871334bd154317642fffc2851bb47b12,_BumpMap,Normal,Assets/Game/LegacyImport/RuntimeBaseline/Generated/World/Textures/M06B2_4bb1fd47e78aa98448b7880769579d70_normal.png,f0081ee1bf9e400e19d7925b6df96bef97d79dd7fd45029eccafbff1ffdfcacf,1,256,256,122170,88350,0,1,1,1,Repeat,Trilinear,1,TemporaryDirectImport,Converted,Source dimensions preserved; Read/Write off; CompressedHQ; shared across cells.
Texture,4e090211d663ea94eb09cbc0e596c591,assetripper-unity-project/ExportedProject/Assets/Texture2D/airport.png,de1f6783fbde4e6a4f44811307d5e7a6af1384fb2d24d5abdd3e6d4877354d8d,7e739316f53ae5fe726bf6f3ff55aca4d06a3fb37d2821ccebc2d0bf00f18dbb,_MainTex,Color,Assets/Game/LegacyImport/RuntimeBaseline/Generated/World/Textures/M06B2_4e090211d663ea94eb09cbc0e596c591_color.png,3a1e3ee043d2d2f0b240af7c3c4e9593a558da2f081a16bb67a3bd778f8bc01b,1,1024,2048,3811359,2797181,1,0,1,1,Repeat,Bilinear,1,TemporaryDirectImport,Converted,Source dimensions preserved; Read/Write off; CompressedHQ; shared across cells.
Texture,4e167d8c613ce474ebccaacf9cc37ac2,assetripper-unity-project/ExportedProject/Assets/Texture2D/truck_rims.png,5d878b313789449156ee93b5c14638accb4e3ef373783fe7baad797f0bcb2385,a0b9020a249956981301b7161480c8bb637d5b466b454489cf163bdc264f5506,_MainTex,Color,Assets/Game/LegacyImport/RuntimeBaseline/Generated/World/Textures/M06B2_4e167d8c613ce474ebccaacf9cc37ac2_color.png,bc1e84e9cdcd5baca4706fcc3b524046c7e456b30d3cff3b88abec2906839f04,1,512,512,273643,350493,1,0,1,1,Repeat,Bilinear,1,TemporaryDirectImport,Converted,Source dimensions preserved; Read/Write off; CompressedHQ; shared across cells.
Texture,4e21ddfb2958e174e9209cf48c133ff8,assetripper-unity-project/ExportedProject/Assets/Texture2D/Roof_black.png,02d0daef08f91a0eecd297a11dadddd69f81731c5aacaa6cfcb6ba57bd3891ba,c307da9fe80108465a53a2c00b6de10f90db212eeaa3f4a5af6bbc4e46019aa2,_MainTex,Color,Assets/Game/LegacyImport/RuntimeBaseline/Generated/World/Textures/M06B2_4e21ddfb2958e174e9209cf48c133ff8_color.png,4a686502b48f2c60ad77e05e2f4525154b98e8a8173fd7dd54841187efbf369a,1,512,512,305639,350493,1,0,1,1,Repeat,Bilinear,1,TemporaryDirectImport,Converted,Source dimensions preserved; Read/Write off; CompressedHQ; shared across cells.
Texture,50378d666cef2e4459401340c9b73323,assetripper-unity-project/ExportedProject/Assets/Texture2D/scratches.png,18690e5667042dbfb74262739f3628bb28ee173ce4d48250123061cef75cdf5f,2aad9e3cfa8289b07c3e5e9eaa34d36385f859e63bdd9878b6d8ae555ddf7f97,_MainTex,Color,Assets/Game/LegacyImport/RuntimeBaseline/Generated/World/Textures/M06B2_50378d666cef2e4459401340c9b73323_color.png,f3fef61abd7a041e0d714e70f62c79544082c6334cb169ba5963ac77d0de9f1b,1,1024,1024,2408388,1399069,1,0,1,1,Repeat,Bilinear,1,TemporaryDirectImport,Converted,Source dimensions preserved; Read/Write off; CompressedHQ; shared across cells.
Texture,50378d666cef2e4459401340c9b73323,assetripper-unity-project/ExportedProject/Assets/Texture2D/scratches.png,18690e5667042dbfb74262739f3628bb28ee173ce4d48250123061cef75cdf5f,2aad9e3cfa8289b07c3e5e9eaa34d36385f859e63bdd9878b6d8ae555ddf7f97,_MetallicGlossMap,Linear,Assets/Game/LegacyImport/RuntimeBaseline/Generated/World/Textures/M06B2_50378d666cef2e4459401340c9b73323_linear.png,942c5b90b437e86741fe8944bbb1b05afc9cb3623660403a7570dc7d50d54234,1,1024,1024,2408388,1399070,0,0,1,1,Repeat,Bilinear,1,TemporaryDirectImport,Converted,Source dimensions preserved; Read/Write off; CompressedHQ; shared across cells.
Texture,50a0b7c1c419db543aacf0b82a8cb137,assetripper-unity-project/ExportedProject/Assets/Texture2D/dragcar1_spec.png,d09dbd147cf545be0d159318d9db8fd68f22628ab372ebb19c4994d555fe75bd,f64404827fd1fe2abe08a5f8311a9848f8fa481a2acb91c21b82f232824a859e,_SpecGlossMap,Linear,Assets/Game/LegacyImport/RuntimeBaseline/Generated/World/Textures/M06B2_50a0b7c1c419db543aacf0b82a8cb137_linear.png,eaea81f38dcfb9ed65f5692dad3d1d4e34393eee4eb15b1c9b8647ba2ed07aea,1,1024,1024,571511,1399070,0,0,1,1,Repeat,Bilinear,1,TemporaryDirectImport,Converted,Source dimensions preserved; Read/Write off; CompressedHQ; shared across cells.
Texture,528149b7626c9604187e7b52d02295fc,assetripper-unity-project/ExportedProject/Assets/Texture2D/lamp_hallway.png,15ee83171ca2553c160d6f2db26ff428a07b8818a26161da3344297dcd3b1654,e438b73a0d264d95d8972ed37b9cdccbe06f03fde6ab2a2053818a0ee442d952,_MainTex,Color,Assets/Game/LegacyImport/RuntimeBaseline/Generated/World/Textures/M06B2_528149b7626c9604187e7b52d02295fc_color.png,21e58e585d65b0b3fa13c675d990b1b46eab1ff7300fe3b64f6055db14833752,1,256,256,111013,88349,1,0,1,1,Repeat,Bilinear,1,TemporaryDirectImport,Converted,Source dimensions preserved; Read/Write off; CompressedHQ; shared across cells.
Texture,53c69bd44939bdb4993605537fb20079,assetripper-unity-project/ExportedProject/Assets/Texture2D/slot_machine_screen_emission.png,7470ed2c93310e9d04bbaca2c93823c9947d5d2d9fe2c16c2a3f3f3d0908c2b1,c223f6ea85b279ec1910286f461c82c954c613aeae40a82f65c6be5800600001,_EmissionMap,Color,Assets/Game/LegacyImport/RuntimeBaseline/Generated/World/Textures/M06B2_53c69bd44939bdb4993605537fb20079_color.png,22d88aeff1662ae25b57c00432b35b7e2b24d2d76d0621ba62806234790c6fe7,1,1024,1024,401239,1399069,1,0,1,1,Repeat,Bilinear,1,TemporaryDirectImport,Converted,Source dimensions preserved; Read/Write off; CompressedHQ; shared across cells.
Texture,53c796784b580084d9f88592c4172daf,assetripper-unity-project/ExportedProject/Assets/Texture2D/tires_new_2.png,0d20063c0e61f84fdc416a8a64e8bf7abdf2b5109c2ed83172d27d5bfa365f46,d37963e3ec74f6bf29546f63f02e045d432e9105b41a5af072b15bd26512468d,_MainTex,Color,Assets/Game/LegacyImport/RuntimeBaseline/Generated/World/Textures/M06B2_53c796784b580084d9f88592c4172daf_color.png,414163a327674f405aff77e4fa42fd5779085c79d9f6934464d9c737b7b8f579,1,1024,1024,1313711,1399069,1,0,1,1,Repeat,Bilinear,1,TemporaryDirectImport,Converted,Source dimensions preserved; Read/Write off; CompressedHQ; shared across cells.
Texture,54e5535fc00ea8f4dadcb1af5bf8d920,assetripper-unity-project/ExportedProject/Assets/Texture2D/roof02.png,dc69545ae9e12cb44de3b33379b67050c5bb20cd7f1660b1ddd5df5d053f247d,2419e39aa27fe336fa81a23593047fd6f7aa6f2ec805fa69ed13649fe6b26cd7,_MainTex,Color,Assets/Game/LegacyImport/RuntimeBaseline/Generated/World/Textures/M06B2_54e5535fc00ea8f4dadcb1af5bf8d920_color.png,fcef428a51d6aab2b923b0d40bcbc24f9089a7c7cfd8d38dbdf5db173aeaaeac,1,512,512,455427,350493,1,0,1,1,Repeat,Bilinear,1,TemporaryDirectImport,Converted,Source dimensions preserved; Read/Write off; CompressedHQ; shared across cells.
Texture,55c588508c65eac47adc1e44bd6a8b1a,assetripper-unity-project/ExportedProject/Assets/Texture2D/store_banners.png,ebfe8d4b435f2f8cd138c0301fe205457a07bc21c921bf3b60ac5921b8ffb6fe,ecb18af8ca3feedb35d75bd44019d74a3a39b73dffaa380fba2966c05825750f,_MainTex,Color,Assets/Game/LegacyImport/RuntimeBaseline/Generated/World/Textures/M06B2_55c588508c65eac47adc1e44bd6a8b1a_color.png,bfc06456d59e8b451043b5186c3c3939f3dd1b5a9018765719c15e7215ac1968,1,1024,512,835876,700029,1,0,1,1,Repeat,Bilinear,1,TemporaryDirectImport,Converted,Source dimensions preserved; Read/Write off; CompressedHQ; shared across cells.
Texture,57b7173f95b436a4389c9639aa7fde97,assetripper-unity-project/ExportedProject/Assets/Texture2D/ATLAS_DOORS.png,06a238fba4080ac166bd0d3a5f5757f15eb2ab9dad377ff7b5c5017fd0d7d195,206c6cb042b5c72472dc2a308907769a460bcc482a2f2cd939b47185b7e24476,_MainTex,Color,Assets/Game/LegacyImport/RuntimeBaseline/Generated/World/Textures/M06B2_57b7173f95b436a4389c9639aa7fde97_color.png,ca597cea058b1995405e8e3b34a97064cefd3b8f8f9c41d402398ddf5b792f1d,1,2048,1024,2274113,2797181,1,0,1,1,Repeat,Bilinear,1,TemporaryDirectImport,Converted,Source dimensions preserved; Read/Write off; CompressedHQ; shared across cells.
Texture,5871b4af1a2792d4491b75392a10e103,assetripper-unity-project/ExportedProject/Assets/Texture2D/rocks.png,08f0cd746b230a7f0215680754ab48b7d546c2eb34616f180dfdbb17374a2fba,2b6488103bc566b754e1f2fd3cf884e4f2a934910d1bd70904c0e918a1274e10,_MainTex,Color,Assets/Game/LegacyImport/RuntimeBaseline/Generated/World/Textures/M06B2_5871b4af1a2792d4491b75392a10e103_color.png,3ddb11591f5fefb324a54d9cd8043deda253b961e4bf064b79fb7923dbe3c47d,1,1024,1024,1909529,1399069,1,0,1,1,Repeat,Bilinear,1,TemporaryDirectImport,Converted,Source dimensions preserved; Read/Write off; CompressedHQ; shared across cells.
Texture,58c1b1920ac975144b44cf655132d9ca,assetripper-unity-project/ExportedProject/Assets/Texture2D/envelope.png,86134441797de5a6c6cf368afb7807b3fe31dec6bcfef07e5fcb5f0a0e7e8561,b468c24c5d448dcffa9cb26c6d0599dfd0871a37286be3f34c0660f6964151ae,_MainTex,Color,Assets/Game/LegacyImport/RuntimeBaseline/Generated/World/Textures/M06B2_58c1b1920ac975144b44cf655132d9ca_color.png,7e970f7b22529cf443f0ac2ad48fbdbde89bfd6ffd63953670635c63194d05ea,1,256,256,99599,88349,1,0,1,1,Repeat,Bilinear,1,TemporaryDirectImport,Converted,Source dimensions preserved; Read/Write off; CompressedHQ; shared across cells.
Texture,5c1f4dafbfb9ef547a6eca6636b8667f,assetripper-unity-project/ExportedProject/Assets/Texture2D/wood_panel16.png,7e9cbe1d4fb8f5c4a2b2f489fc3545796f14e6e2aabbad65b59b16d6fde25c80,56c0d253027d5f0241559364b22b26bdf3a3255ebc1ef9c47a8a3ecfe6b222b6,_MainTex,Color,Assets/Game/LegacyImport/RuntimeBaseline/Generated/World/Textures/M06B2_5c1f4dafbfb9ef547a6eca6636b8667f_color.png,87f3acdf0d40b98cc7c67b6772b5b1724b3a3a7af90600fcb6b4c534cf759a0f,1,2048,512,1649621,1399101,1,0,1,1,Repeat,Bilinear,1,TemporaryDirectImport,Converted,Source dimensions preserved; Read/Write off; CompressedHQ; shared across cells.
Texture,5c21b829f0d754a458b62d194cb0b715,assetripper-unity-project/ExportedProject/Assets/Texture2D/jaillcell.png,561ff8312ecc04b2f801af5a8b07a25fe5d6e00d797aa9b228fbf92d72b0fdb6,7b7d76ae8b2502244687e7e157f3859a8b059e1d41d65d793c08f37f73d396a2,_MainTex,Color,Assets/Game/LegacyImport/RuntimeBaseline/Generated/World/Textures/M06B2_5c21b829f0d754a458b62d194cb0b715_color.png,2dcb7bfe0cfaf6fc59135a960ebd3c59f83342d7ed9cae97764ba1392cbdd18a,1,2048,2048,3738145,5593373,1,0,1,1,Repeat,Bilinear,1,TemporaryDirectImport,Converted,Source dimensions preserved; Read/Write off; CompressedHQ; shared across cells.
Texture,5c58d7ab0f2101b44a2a4baa242b4ec2,assetripper-unity-project/ExportedProject/Assets/Texture2D/rims_spec.png,ced0cfa0b420e026da5877b02dcce5f06fc6d0dca64d44c828f7291581a3b1c8,f26199b3550acfc43f6a906e123865d5c12de7897c2c57333e3de11f60f9942e,_SpecGlossMap,Linear,Assets/Game/LegacyImport/RuntimeBaseline/Generated/World/Textures/M06B2_5c58d7ab0f2101b44a2a4baa242b4ec2_linear.png,eb6ba33e1e9fb0e1f52d7ce88f16a66b656bc61180fed94bd4f016ea5806011d,1,512,512,169797,350494,0,0,1,1,Repeat,Bilinear,1,TemporaryDirectImport,Converted,Source dimensions preserved; Read/Write off; CompressedHQ; shared across cells.
Texture,5c63f27c92fd56f42b9ec378b1fe7504,assetripper-unity-project/ExportedProject/Assets/Texture2D/tiles_kitchen.png,b19d17b2ae5c9b023a7f87d875747c621e17dd0e115e2ffaf4567e719a716e10,4a5eb5427239f14baa82c680e9cfaf18638a4c3730258f339bca5b477813ec68,_MainTex,Color,Assets/Game/LegacyImport/RuntimeBaseline/Generated/World/Textures/M06B2_5c63f27c92fd56f42b9ec378b1fe7504_color.png,cd16348c040a2ef496868885a6509b9a90c219df13063935bf492cc93246e25d,2,256,256,62930,88349,1,0,1,1,Repeat,Bilinear,1,TemporaryDirectImport,Converted,Source dimensions preserved; Read/Write off; CompressedHQ; shared across cells.
Texture,5ef54390c1883c242b295a6b26b94055,assetripper-unity-project/ExportedProject/Assets/Texture2D/body_rust.png,8032fc36b71b45c45794a241b3673424b8f8a51cc7e92132f2409f9391d18f55,c7cdb3a9f957bb1f4ff62900eb5d805cf6415352835f3a852df41d219ee0fdc2,_MainTex,Color,Assets/Game/LegacyImport/RuntimeBaseline/Generated/World/Textures/M06B2_5ef54390c1883c242b295a6b26b94055_color.png,f0b9bc7247c822d045f617b76def6ad8472ff08797094a0a3cf72b3ace716625,2,2048,2048,2266751,5593373,1,0,1,1,Repeat,Bilinear,1,TemporaryDirectImport,Converted,Source dimensions preserved; Read/Write off; CompressedHQ; shared across cells.
Texture,6099601963f60d24b8ee3f8e30a4ed98,assetripper-unity-project/ExportedProject/Assets/Texture2D/Atlas_countryside.png,983d62f5d8189b348abaf90d37e0dd0133d38dc492db8240281c3c4a070a064d,cb6b98e57ea19ef33608e41d1897d2ed079e2227f9677219d3e4195b822e4912,_MainTex,Color,Assets/Game/LegacyImport/RuntimeBaseline/Generated/World/Textures/M06B2_6099601963f60d24b8ee3f8e30a4ed98_color.png,995f448f5443467dc2e461913372c946e4715c76d7b1afb9b5d3d0cfa9608592,1,2048,1024,3433199,2797181,1,0,1,1,Repeat,Bilinear,1,TemporaryDirectImport,Converted,Source dimensions preserved; Read/Write off; CompressedHQ; shared across cells.
Texture,60c079085c6ba2841ad9d4d97569e13d,assetripper-unity-project/ExportedProject/Assets/Texture2D/SmallWaves.png,202c909cfe6d6f961be582ae6a2f205cd65a6e29445d66e4a8a4329240620324,1c0cc9088691c2433a4e335600ffa6625131c754649f7ce7b7fbf0969e7d48a5,_BumpMap,Normal,Assets/Game/LegacyImport/RuntimeBaseline/Generated/World/Textures/M06B2_60c079085c6ba2841ad9d4d97569e13d_normal.png,0e2cc1040c803d112db3ce4ed509ed3406d9ef01dbb19ce17869c988ec53ca20,2,128,128,29721,22814,0,1,1,1,Repeat,Trilinear,1,TemporaryDirectImport,Converted,Source dimensions preserved; Read/Write off; CompressedHQ; shared across cells.
Texture,60f491fbe324d394099b681e845bc92c,assetripper-unity-project/ExportedProject/Assets/Texture2D/rockwall.png,e3ac9828c8f3f92c4c10d3aae4b55f1542852f059dafe2bf84d78128c19edf65,90d69b5b929ce93f542b9d49c5a3adf87a72dbcdb2799b33e4f387b3f90ad87a,_MainTex,Color,Assets/Game/LegacyImport/RuntimeBaseline/Generated/World/Textures/M06B2_60f491fbe324d394099b681e845bc92c_color.png,c5e30f3ad7e27036658fe0ec9ead9dad5e37120960990594895bfd0a7bb26164,1,1024,1024,2034794,1399069,1,0,1,1,Repeat,Bilinear,1,TemporaryDirectImport,Converted,Source dimensions preserved; Read/Write off; CompressedHQ; shared across cells.
Texture,60f4c9c6d4d87fc4a9ce0e4f1ce91ff2,assetripper-unity-project/ExportedProject/Assets/Texture2D/asphalt_detail_n.png,ae3b1194d87d063a8f62e9daa608c2325801146adecd24dbe988522c089a3989,eafc36b8d76ee1e787d2b6b4b5fae4e1ae70fcabbcef33e84766d8293a78cc03,_DetailNormalMap,DetailNormalPacked,Assets/Game/LegacyImport/RuntimeBaseline/Generated/World/Textures/M06B2_60f4c9c6d4d87fc4a9ce0e4f1ce91ff2_detailnormalpacked.png,cd7bd5b71cc6553f13f0b30f6b35239e5bcb166a01f4b6300095154f86fa098b,9,512,512,981076,350506,0,0,1,1,Repeat,Trilinear,1,TemporaryDirectImport,Converted,"Source dimensions preserved; donor detail normal packed deterministically as HDRP R=0.5,G=Y,B=0.5,A=X; linear Default import; Read/Write off; CompressedHQ; shared across cells."
Texture,620d0775c29174e488cfae8c57524c19,assetripper-unity-project/ExportedProject/Assets/Texture2D/valmet_chassis.png,ab2af7ce8644457101c1d4ebe58e672fe06bd80878bf38f1fc6008d6b412b206,ee4cdc475e5a8747e02caf8d2f8f664fad5a5add0f24cf92ef5444ea191fbcd0,_MainTex,Color,Assets/Game/LegacyImport/RuntimeBaseline/Generated/World/Textures/M06B2_620d0775c29174e488cfae8c57524c19_color.png,a032a56697186232fd50052a3fbb3e4c013541bd4058f04fb3b1eb7683c7e600,1,1024,1024,1209785,1399069,1,0,1,1,Repeat,Bilinear,1,TemporaryDirectImport,Converted,Source dimensions preserved; Read/Write off; CompressedHQ; shared across cells.
Texture,62543f22fa155504a8ae76d1afd2d053,assetripper-unity-project/ExportedProject/Assets/Texture2D/fabric8.png,8eb40ee97ad8aec4733ee6c7d6ba97dc4734f5854f8f54f06e3e6509368ba96f,32034fc78b2ddb9011df4c39a97d9828299c15df30cbeaae2b3d6d6db0c91410,_MainTex,Color,Assets/Game/LegacyImport/RuntimeBaseline/Generated/World/Textures/M06B2_62543f22fa155504a8ae76d1afd2d053_color.png,f0e83ab9651a4418c1fc9e5bbf36d14d273f5b33ea7311a9b7ab54cc149d3895,1,256,256,63614,88349,1,0,1,1,Repeat,Bilinear,1,TemporaryDirectImport,Converted,Source dimensions preserved; Read/Write off; CompressedHQ; shared across cells.
Texture,62557d6fa3b3b2844a2ac50968e8e368,assetripper-unity-project/ExportedProject/Assets/Texture2D/car_lights_tga.png,712eecd76eebed94f15637c5c866e0498bd1c4112877f18247de7e15e633f8a3,5e0a76e6e1a00410841ceddfaf6bcf3cfb884dc309fd3e53c950a54e7b2f37a5,_MainTex,Color,Assets/Game/LegacyImport/RuntimeBaseline/Generated/World/Textures/M06B2_62557d6fa3b3b2844a2ac50968e8e368_color.png,10358199f9fdff408cbcc61843dffc63b587dc31471f8e3a8502bb8548aae90e,1,512,256,201403,175741,1,0,1,1,Repeat,Bilinear,1,TemporaryDirectImport,Converted,Source dimensions preserved; Read/Write off; CompressedHQ; shared across cells.
Texture,630810261a1ec6b4288aa9343980566c,assetripper-unity-project/ExportedProject/Assets/Texture2D/wheat_side.png,77030b7de6145f589a2a61c0d9079322335264f6ee4355e9ffa9d574458d4774,11c8ef66c691c047e014695150cb868a7000d7d2c8866b686146d7f62a0f7b7d,_MainTex,Color,Assets/Game/LegacyImport/RuntimeBaseline/Generated/World/Textures/M06B2_630810261a1ec6b4288aa9343980566c_color.png,fcf204284519733be57d9e4e4e1d98119975837a85e6f23e06fbe388a7414dcc,1,2048,512,2061012,1399101,1,0,1,1,Repeat,Bilinear,1,TemporaryDirectImport,Converted,Source dimensions preserved; Read/Write off; CompressedHQ; shared across cells.
Texture,63693d37207017041ab023f5f7027718,assetripper-unity-project/ExportedProject/Assets/Texture2D/truck_cabin_out 1.png,b39d73464031cd85ac3a94e17fb226a98c2cf64754a2e5c9d60b1b27503f6858,aed6214e8836368a1d6ceb1a3560c2843816e1d9730d76ce9eddae927bcaad62,_MainTex,Color,Assets/Game/LegacyImport/RuntimeBaseline/Generated/World/Textures/M06B2_63693d37207017041ab023f5f7027718_color.png,e7172b4d2a02e6db8d6facea78aab80f47b3a66bdc7911ff6fd6e7d80df22d64,1,2048,2048,2950170,5593373,1,0,1,1,Repeat,Bilinear,1,TemporaryDirectImport,Converted,Source dimensions preserved; Read/Write off; CompressedHQ; shared across cells.
Texture,640a447cb418eab4789f1ab75a26bebd,assetripper-unity-project/ExportedProject/Assets/Texture2D/fabric9.png,59c5acc94ea164f010e00497c83e72fb9cd293e52fa9faf03c160d0cb4f6644a,2b7545eece24ffcc1ab32e98cc6829334647b22fac1a19da2e2f491d65339aac,_MainTex,Color,Assets/Game/LegacyImport/RuntimeBaseline/Generated/World/Textures/M06B2_640a447cb418eab4789f1ab75a26bebd_color.png,6ac8696295e6020b9a4b43a28f7607a3565018a6b4b0e37f912b3f96cd669bca,1,512,512,688736,350493,1,0,1,1,Repeat,Bilinear,1,TemporaryDirectImport,Converted,Source dimensions preserved; Read/Write off; CompressedHQ; shared across cells.
Texture,6434a5c34010a2d4fa007c6d859cbfc0,assetripper-unity-project/ExportedProject/Assets/Texture2D/fabric24.png,adbc846c94ba574b8fb08e5ba8006174a89e0bf673880dd4be1b4c63d7feb454,059c13d8c5d2cdeff8f8bda84fde1c53beb9e56bf47746641ef66e5ddd6cf2f2,_MainTex,Color,Assets/Game/LegacyImport/RuntimeBaseline/Generated/World/Textures/M06B2_6434a5c34010a2d4fa007c6d859cbfc0_color.png,35f0b798a3e8f41745f6bd7f4fa98ec385b75bf5f170b7d949142502fe73f858,1,512,512,398138,350493,1,0,1,1,Repeat,Bilinear,1,TemporaryDirectImport,Converted,Source dimensions preserved; Read/Write off; CompressedHQ; shared across cells.
Texture,646e1f2681cb11c4db42b04bee7b59a0,assetripper-unity-project/ExportedProject/Assets/Texture2D/tires.png,4158e3b91218052c12b4fdcb94008a559528271427d71898eac7f62f8034e54d,6e361460cfb500723050c7b0b02576f7e85337289bc3895185a36fc983c7e011,_MainTex,Color,Assets/Game/LegacyImport/RuntimeBaseline/Generated/World/Textures/M06B2_646e1f2681cb11c4db42b04bee7b59a0_color.png,ba0e6e2956c734496f6c27063f0105e0a382bc72e61466bdedb8e96486f9c4c9,1,1024,1024,1431825,1399069,1,0,1,1,Repeat,Bilinear,1,TemporaryDirectImport,Converted,Source dimensions preserved; Read/Write off; CompressedHQ; shared across cells.
Texture,655ae98240a9f3b45b49003f29c920c9,assetripper-unity-project/ExportedProject/Assets/Texture2D/store_floor.png,424affb97e77c75b5c102b458ce0158e89a6a549177d5ca9f6938d5433c515ce,3ff25c8505de433a6ca8ea6fb8ab80d43665bbc35979e73b8cb91e62ebcb2b41,_MainTex,Color,Assets/Game/LegacyImport/RuntimeBaseline/Generated/World/Textures/M06B2_655ae98240a9f3b45b49003f29c920c9_color.png,302af29d8f0ef01ecfc6937578fe0920625f37023c3ad92e55fb01b1e30d7f27,1,512,512,435775,350493,1,0,1,1,Repeat,Bilinear,1,TemporaryDirectImport,Converted,Source dimensions preserved; Read/Write off; CompressedHQ; shared across cells.
Texture,65e7254389208ce4197931f159d024a4,assetripper-unity-project/ExportedProject/Assets/Texture2D/4tie.png,ef5a43a33bcff28a42bd9cdc97a2f047353e5680bb96cdbf5a77a8ffd1815308,72f5d4276857fac036a67d5ad1da80271804e8959c8546915364e992f3221c98,_MainTex,Color,Assets/Game/LegacyImport/RuntimeBaseline/Generated/World/Textures/M06B2_65e7254389208ce4197931f159d024a4_color.png,69ab3edb13751530bd68f5b93d6c2eb13d8e7c44ade1125529aa1113aa6cc446,1,2048,512,1879111,1399101,1,0,1,1,Repeat,Bilinear,1,TemporaryDirectImport,Converted,Source dimensions preserved; Read/Write off; CompressedHQ; shared across cells.
Texture,661de4190bc77434bb5c0591ea793f94,assetripper-unity-project/ExportedProject/Assets/Texture2D/plaster.png,4e2b80616062977da86dc91315af4b68c26d4827c9ff246348aade6a591bb4e3,7c9e8c7b0c8a0ba01481f1609600229d173df1471e4cb1bbeb58f557bc261a2a,_MainTex,Color,Assets/Game/LegacyImport/RuntimeBaseline/Generated/World/Textures/M06B2_661de4190bc77434bb5c0591ea793f94_color.png,2f9e081c76a08a44fcdd3554f7540d9d86a6b1f07b6dffed812ff4a44d223861,1,512,512,512019,350493,1,0,1,1,Repeat,Bilinear,1,TemporaryDirectImport,Converted,Source dimensions preserved; Read/Write off; CompressedHQ; shared across cells.
Texture,662715305f835b4448f1b4165566e97e,assetripper-unity-project/ExportedProject/Assets/Texture2D/bolts.png,4a1041e7d4feb61bfcffbc47f14dabd55d56a3d45807459a6fd5c3885133c01f,a4dd1b0755358ca36c167a79fc5deabe081a261b01b32d9376653afa01b420a0,_MainTex,Color,Assets/Game/LegacyImport/RuntimeBaseline/Generated/World/Textures/M06B2_662715305f835b4448f1b4165566e97e_color.png,51382c2076a7fe6022ba40df7b5fe60a65e1b89a1940e43799d864751e7308e5,1,256,256,95939,88349,1,0,1,1,Repeat,Bilinear,1,TemporaryDirectImport,Converted,Source dimensions preserved; Read/Write off; CompressedHQ; shared across cells.
Texture,666f9dd8a5e12da439fb91ec437c7283,assetripper-unity-project/ExportedProject/Assets/Texture2D/soil12.png,d1a509c2404f3dbddc4b486e6641e1c7b3116093fd4a13ff4e3f32211efa4760,c3d589213087695feb79af3d05f6c912e7ce34ed6b089ec91a2ea20001f48680,_Detail,Color,Assets/Game/LegacyImport/RuntimeBaseline/Generated/World/Textures/M06B2_666f9dd8a5e12da439fb91ec437c7283_color.png,3cd720c241c5b35987f15c9a9b04210dfc645fdbbe56e72c327f3f448d6f02c4,1,1024,1024,2699134,1399069,1,0,1,1,Repeat,Bilinear,1,TemporaryDirectImport,Converted,Source dimensions preserved; Read/Write off; CompressedHQ; shared across cells.
Texture,666f9dd8a5e12da439fb91ec437c7283,assetripper-unity-project/ExportedProject/Assets/Texture2D/soil12.png,d1a509c2404f3dbddc4b486e6641e1c7b3116093fd4a13ff4e3f32211efa4760,c3d589213087695feb79af3d05f6c912e7ce34ed6b089ec91a2ea20001f48680,_Detail (HDRP detail-albedo compatibility),DetailAlbedoPacked,Assets/Game/LegacyImport/RuntimeBaseline/Generated/World/Textures/M06B2_666f9dd8a5e12da439fb91ec437c7283_detailalbedopacked.png,f0ce15cead09699959446c3bc8387f891d8fa63b5faba914a8ada617cb180d38,1,1024,1024,2699134,1399082,0,0,1,1,Repeat,Bilinear,1,TemporaryDirectImport,Converted,"Source dimensions preserved; frozen donor Diffuse Detail luminance packed deterministically as HDRP R=luma,G=0.5,B=0.5,A=0.5; linear Default import; Read/Write off; CompressedHQ; shared across cells."
Texture,6702bb7dccbacf848aa38e162c47fb4c,assetripper-unity-project/ExportedProject/Assets/Texture2D/full_yellow.png,c5d873791c22f966012d91c44568097aece9ebc8748cd21f607de8968d7e15af,1b75415d1515b168e7d4f82c823574299ac18d44d8ac602620fe9c00e2b29202,_MainTex,Color,Assets/Game/LegacyImport/RuntimeBaseline/Generated/World/Textures/M06B2_6702bb7dccbacf848aa38e162c47fb4c_color.png,825e0cd70080be2e449c901cdf19c198f01e02ac598fe9dfce8f8916cf8498a6,1,64,64,337,6429,1,0,1,1,Repeat,Bilinear,1,TemporaryDirectImport,Converted,Source dimensions preserved; Read/Write off; CompressedHQ; shared across cells.
Texture,6971c87b918f8d1409f952e8fed51530,assetripper-unity-project/ExportedProject/Assets/Texture2D/trackfield_track.png,c7ad0a467fef615684b0074d259987cae4c7cbd093803e8d52472f2f7fd9697d,edc5f918399142134e98aa92ed6885579b302bd2c63ac77316451330cae5dcbf,_MainTex,Color,Assets/Game/LegacyImport/RuntimeBaseline/Generated/World/Textures/M06B2_6971c87b918f8d1409f952e8fed51530_color.png,8b036da5b723f4d75a0cb43810f6ef08674bfe48a8bbc873fde038825574985b,1,32,32,268,2333,1,0,1,1,Repeat,Bilinear,1,TemporaryDirectImport,Converted,Source dimensions preserved; Read/Write off; CompressedHQ; shared across cells.
Texture,69760c1133f95c94b8cf8595b3e50a97,assetripper-unity-project/ExportedProject/Assets/Texture2D/carpet3.png,f57b37b670bf5deb0ed939fd4afd0eb2b371e57d4d692964d4ae5345a52aa745,cb034e5f4fffb4c4e08788cd8b70aa7c2395c3d8a688e825d0dd03f0a839c4f1,_MainTex,Color,Assets/Game/LegacyImport/RuntimeBaseline/Generated/World/Textures/M06B2_69760c1133f95c94b8cf8595b3e50a97_color.png,5480594fdd33c09f86844d071bd1f6303aff7f724b60ea1507f5a3e89cedadaa,1,64,128,16633,11901,1,0,1,1,Repeat,Bilinear,1,TemporaryDirectImport,Converted,Source dimensions preserved; Read/Write off; CompressedHQ; shared across cells.
Texture,69a3fbf56dbb31845a21b8f854370968,assetripper-unity-project/ExportedProject/Assets/Texture2D/ATLAS_GROCERIES.png,0562833118d05dcd9f7c3bd55dee99dee4b195cb6f8ac37cfd47523d2e0d5cd6,dec884b3b2ae5b6f38e73967c04735eba90b206f83670c7ed7803c2f86cd4f3c,_MainTex,Color,Assets/Game/LegacyImport/RuntimeBaseline/Generated/World/Textures/M06B2_69a3fbf56dbb31845a21b8f854370968_color.png,6211bcc78d63168e274c54e34c83f7608e3c756704e4af250e92b3f452df87eb,1,4096,2048,7280443,11185789,1,0,1,1,Repeat,Bilinear,1,TemporaryDirectImport,Converted,Source dimensions preserved; Read/Write off; CompressedHQ; shared across cells.
Texture,69bb6380515493f4eb932912213413c3,assetripper-unity-project/ExportedProject/Assets/Texture2D/motorparts_atlas_n.png,d03b95d32d02000b4ff790ca7e18a7d9b461830914f380e02bfe282e21abfdee,9cb41644b48acc9a6db33d0224faf4250d7bbd8b97eb3f0bdf1d67cfb91d35f6,_BumpMap,Normal,Assets/Game/LegacyImport/RuntimeBaseline/Generated/World/Textures/M06B2_69bb6380515493f4eb932912213413c3_normal.png,d92cd1e91d965ed93702dfbcef959002a78b8476d27ace8687a2a9d1168f5c0e,1,512,512,172235,350494,0,1,1,1,Repeat,Trilinear,1,TemporaryDirectImport,Converted,Source dimensions preserved; Read/Write off; CompressedHQ; shared across cells.
Texture,6aa4f7ab1348b2a4aad042363d9e09d6,assetripper-unity-project/ExportedProject/Assets/Texture2D/tires_drag.png,9a11b7d181b636ca5d8abae7b76db6b3c89cc1c96abca87e86955222235d24d7,7e821870950d236926be09f5fd621c216a9961ceee9f78084546680c97af38e5,_MainTex,Color,Assets/Game/LegacyImport/RuntimeBaseline/Generated/World/Textures/M06B2_6aa4f7ab1348b2a4aad042363d9e09d6_color.png,45bb99ec7b572f10a86618216fbb653c06c30c9980c51003dcb3862b23a6315f,1,512,512,141960,350493,1,0,1,1,Repeat,Bilinear,1,TemporaryDirectImport,Converted,Source dimensions preserved; Read/Write off; CompressedHQ; shared across cells.
Texture,6bc04c8b8a61b1d42806e1dd9e65688f,assetripper-unity-project/ExportedProject/Assets/Texture2D/dragcar1.png,141abbe286b9b8dafca55a2abd4a5b030efd8275088cdd13dd1bc76008406401,5cdfe4a137413b48375572d73e130677659c1cf556adcf870a5c75c9bcb24750,_MainTex,Color,Assets/Game/LegacyImport/RuntimeBaseline/Generated/World/Textures/M06B2_6bc04c8b8a61b1d42806e1dd9e65688f_color.png,b59320812f8d9804ce53024ab2355a2dd1ea2986fffb4ff76f348aa39a93cb5f,1,1024,1024,394472,1399069,1,0,1,1,Repeat,Bilinear,1,TemporaryDirectImport,Converted,Source dimensions preserved; Read/Write off; CompressedHQ; shared across cells.
Texture,6c0b4c86616365e42b435ba2425512c2,assetripper-unity-project/ExportedProject/Assets/Texture2D/ruler_n.png,9d53ab948eb6513b5baef1e08f38f8e5413d8553b7467ca885d50197fdc340b2,e107861838ba9e5cb400ec35fc105f655c0efdd29fe07c5e95da1070dd35bc12,_BumpMap,Normal,Assets/Game/LegacyImport/RuntimeBaseline/Generated/World/Textures/M06B2_6c0b4c86616365e42b435ba2425512c2_normal.png,27860a7919282f412271882d4b1776588a36a84bd40d0058cd1ee0b01a573a9b,1,1024,128,151929,175806,0,1,1,1,Repeat,Trilinear,1,TemporaryDirectImport,Converted,Source dimensions preserved; Read/Write off; CompressedHQ; shared across cells.
Texture,6ece7f9af068fa24785741985dad7b6f,assetripper-unity-project/ExportedProject/Assets/Texture2D/paint2.png,7f69dfd2dce81420d6d36098c83392abedf62bcd4ccd374d0336b1603e810ba4,74cd3311825bbc0311f740d7589fa41fb4c47935461631137dde85278857b3d2,_MainTex,Color,Assets/Game/LegacyImport/RuntimeBaseline/Generated/World/Textures/M06B2_6ece7f9af068fa24785741985dad7b6f_color.png,7c302d8fb52934f170f7768987af63efb1c13d34e09df853727acfd43a4fb847,2,512,512,414888,350493,1,0,1,1,Repeat,Bilinear,1,TemporaryDirectImport,Converted,Source dimensions preserved; Read/Write off; CompressedHQ; shared across cells.
Texture,703ede3f355006e4f9f05c6b73a2ae0e,assetripper-unity-project/ExportedProject/Assets/Texture2D/brickwall3.png,6b6642e1cecb491279bdb0ecc0af31459df4436942ff893bce0c6c8cba7f7fda,a62ef04ec1d7a0caaed2bbd9da8dd652a71b892ed7df5c19dc9899c32ede2746,_MainTex,Color,Assets/Game/LegacyImport/RuntimeBaseline/Generated/World/Textures/M06B2_703ede3f355006e4f9f05c6b73a2ae0e_color.png,54c8b068c91dbddba08abe5a353f3b4d263834081cc8d70c957a611048d78075,1,512,512,603456,350493,1,0,1,1,Repeat,Bilinear,1,TemporaryDirectImport,Converted,Source dimensions preserved; Read/Write off; CompressedHQ; shared across cells.
Texture,7244af1d10c292648a622cc11d09686c,assetripper-unity-project/ExportedProject/Assets/Texture2D/slot_machine_symbols.png,87338d6ca9b2c36320ea929be632c17ed7bf64cb176841b0464ef0c0c1ecbdba,922dc074ef6ddc24beaba37fc7e4f53222f132aa08fae5b80aa31368e74228db,_MainTex,Color,Assets/Game/LegacyImport/RuntimeBaseline/Generated/World/Textures/M06B2_7244af1d10c292648a622cc11d09686c_color.png,beb3782371266a4e74416a10e06d4b2cb1b0c841615dd2318ab8e29cbbd932e0,1,256,128,37924,44669,1,0,1,1,Repeat,Bilinear,1,TemporaryDirectImport,Converted,Source dimensions preserved; Read/Write off; CompressedHQ; shared across cells.
Texture,7327f3d99f81ee34db8b0b24f48704ad,assetripper-unity-project/ExportedProject/Assets/Texture2D/soil02.png,10b968ba30e457e5409f0457f90e681f25df96f1db3a37714d2f70ba1f566b66,2f81196c8572b0985b814d1e0bc0798674feb8d51aa21ba465d6d9c7f7b5490d,_Detail,Color,Assets/Game/LegacyImport/RuntimeBaseline/Generated/World/Textures/M06B2_7327f3d99f81ee34db8b0b24f48704ad_color.png,d1c996c55bd3974a49284d2db5ce03c9566ada475698f9cec2618a9342f94921,1,512,512,533707,350493,1,0,1,1,Repeat,Bilinear,1,TemporaryDirectImport,Converted,Source dimensions preserved; Read/Write off; CompressedHQ; shared across cells.
Texture,75e50cd6f0c56a04f9d7b2d384c30b4e,assetripper-unity-project/ExportedProject/Assets/Texture2D/_card_paper.png,984b15d45440b81df00716ca0dece3984ffcb954b8635dd0085ea92740f6e466,5b348fa8ab5d7b737b217a79cb229b25910de43df721f8ad16911e4fbca62e8c,_Detail,Color,Assets/Game/LegacyImport/RuntimeBaseline/Generated/World/Textures/M06B2_75e50cd6f0c56a04f9d7b2d384c30b4e_color.png,2cc47e8c9fd1880868dd839f3aebea0b0c4a9070257f470553fd6f9400175690,18,512,512,342088,350493,1,0,1,1,Repeat,Bilinear,1,TemporaryDirectImport,Converted,Source dimensions preserved; Read/Write off; CompressedHQ; shared across cells.
Texture,766735fd8f12e9d4c89e3614abd8c7d4,assetripper-unity-project/ExportedProject/Assets/Texture2D/tires_drag_n.png,8038fd6387b4e293df68f58b1901cacc08aa964a547c2ca42b7b05db9b9250f4,efade9a37b7db5210f9801601d89b976f054ddc13d271641714624980b8295ef,_BumpMap,Normal,Assets/Game/LegacyImport/RuntimeBaseline/Generated/World/Textures/M06B2_766735fd8f12e9d4c89e3614abd8c7d4_normal.png,d67814d446f9f33c09cc06aaa9bf0fc42a6ee208bb580b68bfbd460b575c6ea4,1,512,512,163203,350494,0,1,1,1,Repeat,Trilinear,1,TemporaryDirectImport,Converted,Source dimensions preserved; Read/Write off; CompressedHQ; shared across cells.
Texture,76bf5d67d610fac46ae7b54ca7355e6a,assetripper-unity-project/ExportedProject/Assets/Texture2D/fabric6.png,30f0df6efe03addadf086a397730a3f097b0471e9f0c01f4bdc9162914aa5649,7d30bee0e675c4da1e47acf35c9605db4c0670c20fe7fa9e025cec390ebe0478,_MainTex,Color,Assets/Game/LegacyImport/RuntimeBaseline/Generated/World/Textures/M06B2_76bf5d67d610fac46ae7b54ca7355e6a_color.png,47bf717b70fa6bafb45a4afbca0597b15dc604f0559c1465d478957a8403b194,1,256,256,147351,88349,1,0,1,1,Repeat,Bilinear,1,TemporaryDirectImport,Converted,Source dimensions preserved; Read/Write off; CompressedHQ; shared across cells.
Texture,77637de0c78128c46b2a6b3e42a6d807,assetripper-unity-project/ExportedProject/Assets/Texture2D/Water fallback 1.png,7e1fafb489e8f18b028a74a7a8079de170190644a10272839bd33e6ba50a5944,c4129be648651ccb54b448b411187cebd600d0281e9ece441aabb5f3864a2857,_MainTex,Color,Assets/Game/LegacyImport/RuntimeBaseline/Generated/World/Textures/M06B2_77637de0c78128c46b2a6b3e42a6d807_color.png,46cfa285ff1345358b62e8677eff5fec9674f9b08e15a537de7513d7955b2b96,1,256,256,154158,88349,1,0,1,1,Repeat,Bilinear,1,TemporaryDirectImport,Converted,Source dimensions preserved; Read/Write off; CompressedHQ; shared across cells.
Texture,793d24d79ef3df14d9bac275b4f17c7f,assetripper-unity-project/ExportedProject/Assets/Texture2D/fabric10.png,d52e10699aa44746471205fabc70dff7ef17022a9e61eac535e8854bf4d03013,50a76beb7d8e8a316b16a2c7c2c6b28f77efbbd683130f1676ab181eb993ea3e,_MainTex,Color,Assets/Game/LegacyImport/RuntimeBaseline/Generated/World/Textures/M06B2_793d24d79ef3df14d9bac275b4f17c7f_color.png,30bde1454b7ff9a633158c3e07e926316b27327965e627033562974b9cc2e08f,1,512,512,569483,350493,1,0,1,1,Repeat,Bilinear,1,TemporaryDirectImport,Converted,Source dimensions preserved; Read/Write off; CompressedHQ; shared across cells.
Texture,7b7ca1a69f379724a83588b96f451c74,assetripper-unity-project/ExportedProject/Assets/Texture2D/wood_panel10.png,7c0227764d42d8f634aa830dd649e1dac698e05844d904a10c581c8696bd6182,a934456288c0bd81db421c7e7fdf81ecaef1765d4a6313ee567a4071dd9d1216,_MainTex,Color,Assets/Game/LegacyImport/RuntimeBaseline/Generated/World/Textures/M06B2_7b7ca1a69f379724a83588b96f451c74_color.png,bcd17a843a75f735c8681513a7783771ebb866db2204febf1f28aac6cdfe78b7,1,1024,1024,1499677,1399069,1,0,1,1,Repeat,Bilinear,1,TemporaryDirectImport,Converted,Source dimensions preserved; Read/Write off; CompressedHQ; shared across cells.
Texture,7e2c1c313c93eb945ab054facfe22665,assetripper-unity-project/ExportedProject/Assets/Texture2D/reg_plate1.png,165afed469159b2f77219a19f8bbebc6d59c45c6654c278eaba8265e9b708421,626097f03e0c068359fe57576e28ef3974cfe647b5762a93098ebd3d03eb6972,_MainTex,Color,Assets/Game/LegacyImport/RuntimeBaseline/Generated/World/Textures/M06B2_7e2c1c313c93eb945ab054facfe22665_color.png,1a56eb8c2f6c810ceca0ac67782fb0cdd2e654ad0aad56308f252e57ceafc4c9,1,1024,512,695547,700029,1,0,1,1,Repeat,Bilinear,1,TemporaryDirectImport,Converted,Source dimensions preserved; Read/Write off; CompressedHQ; shared across cells.
Texture,7e71f9e016c1f6a419b207648bbb92f6,assetripper-unity-project/ExportedProject/Assets/Texture2D/tires_gobra.png,d76496f2797913b651e403dff63a23a2ca78bd34f9b9a08f6a12d2e5658e7d6d,3eb5d6a04b62d1309ead4224863ce6506ce4a5fe086f2e2ebf66c8c3e680a124,_MainTex,Color,Assets/Game/LegacyImport/RuntimeBaseline/Generated/World/Textures/M06B2_7e71f9e016c1f6a419b207648bbb92f6_color.png,c0f0307d171002fef92e1224434575b75ac46cd20dfe66cc687f38aa82b8b07d,1,1024,1024,1144298,1399069,1,0,1,1,Repeat,Bilinear,1,TemporaryDirectImport,Converted,Source dimensions preserved; Read/Write off; CompressedHQ; shared across cells.
Texture,7ec08912c22225e4baf02becd7de3f66,assetripper-unity-project/ExportedProject/Assets/Texture2D/truck_interior.png,a314ddf671b092f316104ececfca01804f67675cebb6347fbddbe96e8dfaef28,13f4b5e0042fc9162b29017a0d733b1afb51b839129feb28e9e4e41f8ff6e3b8,_MainTex,Color,Assets/Game/LegacyImport/RuntimeBaseline/Generated/World/Textures/M06B2_7ec08912c22225e4baf02becd7de3f66_color.png,7c121ca51255b2d3f550f2a95e2b4b39367f786da76fb99dbfbdabd0c89e0a15,1,1024,512,798186,700029,1,0,1,1,Repeat,Bilinear,1,TemporaryDirectImport,Converted,Source dimensions preserved; Read/Write off; CompressedHQ; shared across cells.
Texture,7f2562627e3d53a4ca7440d1c3bf33ab,assetripper-unity-project/ExportedProject/Assets/Texture2D/soil03.png,32043f25a23e4b848c72075408b40780f95b2cecdf795b1119f671cce25e97f8,80d9eb245bad9cf498af2e620dbadfd855c8dd1b2efcc1b2382b5a9b4f295b83,_DetailAlbedoMap,Color,Assets/Game/LegacyImport/RuntimeBaseline/Generated/World/Textures/M06B2_7f2562627e3d53a4ca7440d1c3bf33ab_color.png,3368a16683c7c97e0fe9eaf6f0f0053f453798f52f51bd35fe2209f341f7ce68,2,512,512,686244,350493,1,0,1,1,Repeat,Bilinear,1,TemporaryDirectImport,Converted,Source dimensions preserved; Read/Write off; CompressedHQ; shared across cells.
Texture,81328b6e9fba3df46a19790a40e1525f,assetripper-unity-project/ExportedProject/Assets/Texture2D/motorparts_atlas_spec.png,d9ef8ff440f282b946b2e5387e7ed7cfe981431e2f7f78b58741a791e2d42e0b,63c94934b093620e6f3faab0784aa3a4fb87808aa88d71f954fafbc29b05b8ce,_SpecGlossMap,Linear,Assets/Game/LegacyImport/RuntimeBaseline/Generated/World/Textures/M06B2_81328b6e9fba3df46a19790a40e1525f_linear.png,ad221b79790e9bd7f25f909cea13f9fc3ae1601462ad7b45d399fcf8541a85ff,1,1024,1024,1165570,1399070,0,0,1,1,Repeat,Bilinear,1,TemporaryDirectImport,Converted,Source dimensions preserved; Read/Write off; CompressedHQ; shared across cells.
Texture,81ac9356f8e3cd544bc0f5b839582426,assetripper-unity-project/ExportedProject/Assets/Texture2D/charred_wood.png,78c484e5489f81cd0345cf926b873c8fb490aaf37275e0e7b0fb57e46b1951b5,f1ba0069ebfeca1d797b2506cc15811cbfea08b07e9284cc127f125db44c3e60,_MainTex,Color,Assets/Game/LegacyImport/RuntimeBaseline/Generated/World/Textures/M06B2_81ac9356f8e3cd544bc0f5b839582426_color.png,922f982e002066b33777f00d931b07dd6b3ff33deef25100e38b65a30f914a2f,1,512,512,588386,350493,1,0,1,1,Repeat,Bilinear,1,TemporaryDirectImport,Converted,Source dimensions preserved; Read/Write off; CompressedHQ; shared across cells.
Texture,83457680f4f82734e9c39d405410970f,assetripper-unity-project/ExportedProject/Assets/Texture2D/leather_n.png,1c51d95768d473965eeea754ab0b05edda284d185e09bbc21a66169d5f386f20,739502ccff83a7b68dc85940954cafb4451ffc19fda47266c3d936ee391ddd63,_DetailNormalMap,DetailNormalPacked,Assets/Game/LegacyImport/RuntimeBaseline/Generated/World/Textures/M06B2_83457680f4f82734e9c39d405410970f_detailnormalpacked.png,c0c3dbdc9f8715ae9e549471806ca5545b8d6f11b4bd4b139ff5fb5cb1477031,1,256,256,207468,88362,0,0,1,1,Repeat,Trilinear,1,TemporaryDirectImport,Converted,"Source dimensions preserved; donor detail normal packed deterministically as HDRP R=0.5,G=Y,B=0.5,A=X; linear Default import; Read/Write off; CompressedHQ; shared across cells."
Texture,851b7e3bf0be34d488733a88fca3816c,assetripper-unity-project/ExportedProject/Assets/Texture2D/videopoker_spec.png,2bea923f91d3c03c996f6d1fa0b6ca119d0685be4f3e83cf8f86ce2a8c7fa605,5017961b4b87ffa6b291b06ef4e26f48774a4757819b91089186bfd9d4ec6b45,_SpecGlossMap,Linear,Assets/Game/LegacyImport/RuntimeBaseline/Generated/World/Textures/M06B2_851b7e3bf0be34d488733a88fca3816c_linear.png,7dd8610447a4c698b0b4c0cf6b9dcd1b44dc8f0a8315a80043a5b0fb109c76b5,1,1024,1024,361570,1399070,0,0,1,1,Repeat,Bilinear,1,TemporaryDirectImport,Converted,Source dimensions preserved; Read/Write off; CompressedHQ; shared across cells.
Texture,86ccbeee321c88549bf51cc0f47d3e77,assetripper-unity-project/ExportedProject/Assets/Texture2D/tiles.png,ff0186358f4b7defa7ed0e6b6b1ab34afbe44c60da568d6b27103a54f7fe7f1c,631f63e1f1f581155010d448cb9297ac2c0b0f84d55bcbccaafdb5dcb7ca7dbe,_MainTex,Color,Assets/Game/LegacyImport/RuntimeBaseline/Generated/World/Textures/M06B2_86ccbeee321c88549bf51cc0f47d3e77_color.png,acae5f61b33c57701a07a6462fe225da6a8061e4563b467a4d9eb88dd7fac6ec,1,512,512,509002,350493,1,0,1,1,Repeat,Bilinear,1,TemporaryDirectImport,Converted,Source dimensions preserved; Read/Write off; CompressedHQ; shared across cells.
Texture,8a6f507d86e71ef47b148fc28c7d8dad,assetripper-unity-project/ExportedProject/Assets/Texture2D/wood7.png,dc7915f75c4187a9db6f9d8bca35d21d678a211ef2a6f7a2acc7175e83f8d71e,f18a49c996a326242d2aff757a326f89622ce8b742871bec45ed7e9d394b3efb,_MainTex,Color,Assets/Game/LegacyImport/RuntimeBaseline/Generated/World/Textures/M06B2_8a6f507d86e71ef47b148fc28c7d8dad_color.png,bcd76add6a3e4adbe0a454663be21673483fce6e6f6574e1cd8ecbd35f04264f,1,512,512,381481,350493,1,0,1,1,Repeat,Bilinear,1,TemporaryDirectImport,Converted,Source dimensions preserved; Read/Write off; CompressedHQ; shared across cells.
Texture,8a8cc87962f062c488b13c97b1c50bd6,assetripper-unity-project/ExportedProject/Assets/Texture2D/wood_panel1.png,8d8ea50e519a7ed1d43aa28fb9b371a627d410f1ce21f5f34e67077c28de9873,6838869e6481d316e1e4285d9d4f05adbd91fd8cd0da4edfc8cd1736cd54b190,_MainTex,Color,Assets/Game/LegacyImport/RuntimeBaseline/Generated/World/Textures/M06B2_8a8cc87962f062c488b13c97b1c50bd6_color.png,57f85360c214b66fd67dff3070ee4e9c5d19ed85eaba440dae9fd289107fdaa6,1,1024,1024,1837487,1399069,1,0,1,1,Repeat,Bilinear,1,TemporaryDirectImport,Converted,Source dimensions preserved; Read/Write off; CompressedHQ; shared across cells.
Texture,8b664b9b4e6f376419fc34fa5ca55392,assetripper-unity-project/ExportedProject/Assets/Texture2D/tent_roof.png,b9075d0122e919dbc3be8c180612a2668a030e0d382392afda24316c65596723,367a60e1e60e7f45923301d69331accdea4149a6b8524055e2447b5aec3535ca,_MainTex,Color,Assets/Game/LegacyImport/RuntimeBaseline/Generated/World/Textures/M06B2_8b664b9b4e6f376419fc34fa5ca55392_color.png,73aee739dd221c7346efa580893f08d9ff2327c1138ca8dfae9a700fc490c7de,2,512,512,547335,350493,1,0,1,1,Repeat,Bilinear,1,TemporaryDirectImport,Converted,Source dimensions preserved; Read/Write off; CompressedHQ; shared across cells.
Texture,8ca6fd293fd2b4f499a2404ac0926738,assetripper-unity-project/ExportedProject/Assets/Texture2D/fabric18.png,47a8e2ea000abd4ffb994d1d2c36f034e99d8266f1e629c41ad1ee3a962428ca,4736b374661688cbd999c9c54a11bf51aad8d1db1a628a587421dc865e33c80b,_MainTex,Color,Assets/Game/LegacyImport/RuntimeBaseline/Generated/World/Textures/M06B2_8ca6fd293fd2b4f499a2404ac0926738_color.png,47606d1e564ac54adbcb39c564049816f1a6af9cca77705591e246636699888d,1,512,512,538245,350493,1,0,1,1,Repeat,Bilinear,1,TemporaryDirectImport,Converted,Source dimensions preserved; Read/Write off; CompressedHQ; shared across cells.
Texture,8cd182b6c4ad62448a651129b9d1deac,assetripper-unity-project/ExportedProject/Assets/Texture2D/ATLAS_BUILDINGS.png,033651f9ca1215aa3d56e472609f7945d65d947d87f2336ffe8e6a8320a22cb1,21fcc3f523a8087c142edf4ba2252c0ec8fcfb492c2744d9242a28bc93222d73,_MainTex,Color,Assets/Game/LegacyImport/RuntimeBaseline/Generated/World/Textures/M06B2_8cd182b6c4ad62448a651129b9d1deac_color.png,64fd3eb5e970e54377b58c77ed701e031283fc6894bb4674759530edb00bf1cd,1,2048,2048,4191382,5593373,1,0,1,1,Repeat,Bilinear,1,TemporaryDirectImport,Converted,Source dimensions preserved; Read/Write off; CompressedHQ; shared across cells.
Texture,8dc4a3e69f40c0243ae94a3fa2d85461,assetripper-unity-project/ExportedProject/Assets/Texture2D/lippusiima.png,170731335116c827b272e7c9dea79adf243eafdc9ffc4caba4f9ef811c4ea1b7,b891f100223bab81c9105f45c7e59b8a6c6577f6e19248bb886165581e31e125,_MainTex,Color,Assets/Game/LegacyImport/RuntimeBaseline/Generated/World/Textures/M06B2_8dc4a3e69f40c0243ae94a3fa2d85461_color.png,c6d6b3abd82036fbe2bf2fe00ac74c768d32c5abbf391d0eb5255b4782133ab2,1,64,64,1016,6429,1,0,1,1,Repeat,Bilinear,1,TemporaryDirectImport,Converted,Source dimensions preserved; Read/Write off; CompressedHQ; shared across cells.
Texture,8e402c4de4c313d418ec532043b8e408,assetripper-unity-project/ExportedProject/Assets/Texture2D/flatbed_parts.png,9a50ed6e402329a4a3e43148b122897ee3a8384ff9c1d055f135a1b927a1505e,84a78cb2e8cfa6df6e7c9d2bf519172fa6da24926d219ed2effaa44c5788626f,_MainTex,Color,Assets/Game/LegacyImport/RuntimeBaseline/Generated/World/Textures/M06B2_8e402c4de4c313d418ec532043b8e408_color.png,8cf9e2e23269d85768038dca3718266d968935e2177df00109e6c243bd7608a3,1,1024,1024,1969177,1399069,1,0,1,1,Repeat,Bilinear,1,TemporaryDirectImport,Converted,Source dimensions preserved; Read/Write off; CompressedHQ; shared across cells.
Texture,8effe7f43bba6a74f85872ffaa45ab7b,assetripper-unity-project/ExportedProject/Assets/Texture2D/char_pants02.png,498929841022a01d9334a56118ee3f6b3c5c12cfff3dd64adad89e603f5598f0,481d0710599cfa91895c39b4a148e45a117cd386735521464abab25bb8ad5abc,_MainTex,Color,Assets/Game/LegacyImport/RuntimeBaseline/Generated/World/Textures/M06B2_8effe7f43bba6a74f85872ffaa45ab7b_color.png,86bb40ec24e0cbaac99a46f723442d2ae756936b6c5da0295c22e9ec9565afcb,1,512,512,372213,350493,1,0,1,1,Repeat,Bilinear,1,TemporaryDirectImport,Converted,Source dimensions preserved; Read/Write off; CompressedHQ; shared across cells.
Texture,8f8b66f3289e14d43a95b0fa4c7eba6a,assetripper-unity-project/ExportedProject/Assets/Texture2D/wallpaper.png,762bfb5ebaf21a4bef5eab2439037227ba593cb1b5d78b2b8b58fa55f4a9cbe2,d5e6a6433ffb2fafa12672a144532b10c39868bc433c6a813281dac55d452089,_MainTex,Color,Assets/Game/LegacyImport/RuntimeBaseline/Generated/World/Textures/M06B2_8f8b66f3289e14d43a95b0fa4c7eba6a_color.png,c0a2e1f84e62b1eb0321e78652e9791d31e31d46b8b2bf4ac0a808e2282ec773,1,256,256,146164,88349,1,0,1,1,Repeat,Bilinear,1,TemporaryDirectImport,Converted,Source dimensions preserved; Read/Write off; CompressedHQ; shared across cells.
Texture,8fccd1991f0f50b47881f55bea499be3,assetripper-unity-project/ExportedProject/Assets/Texture2D/wood6.png,943d65ebc227f727e207e4a14a38f529f6575ce337bff9f94d418ed31dda914d,8eba996921f4769610f4ef3d792f1e9ba6c7c9b0fc947396a9027ef7f2757754,_MainTex,Color,Assets/Game/LegacyImport/RuntimeBaseline/Generated/World/Textures/M06B2_8fccd1991f0f50b47881f55bea499be3_color.png,b0779e3cf151169b1aad784a847ece4b724e289dcd293c798a85f401ecb54d27,1,512,512,514453,350493,1,0,1,1,Repeat,Bilinear,1,TemporaryDirectImport,Converted,Source dimensions preserved; Read/Write off; CompressedHQ; shared across cells.
Texture,92213420fc2d0b34f938d80a92971def,assetripper-unity-project/ExportedProject/Assets/Texture2D/fanbelt.png,9fd61b8cad32b3774742218e047cc5263a8a2104970c70c976a52a36f581f7db,646a337e26923fc8ebdf6dc1ff11eda88e568463569253a5dc4a44f6b7fc0492,_MainTex,Color,Assets/Game/LegacyImport/RuntimeBaseline/Generated/World/Textures/M06B2_92213420fc2d0b34f938d80a92971def_color.png,f6e85c20cedd7e6da5f42d775bc6cb7922ce0985c2d8a8199f99223657772525,1,512,512,482636,350493,1,0,1,1,Repeat,Bilinear,1,TemporaryDirectImport,Converted,Source dimensions preserved; Read/Write off; CompressedHQ; shared across cells.
Texture,923e05ffdde18cb46bc60ff0bfec2613,assetripper-unity-project/ExportedProject/Assets/Texture2D/wood_panel4.png,2051f12751dc33224ca0d80ed1ad747bf4237062afd7c3063649f94e40915e06,993bb5f07a19baa94be29bd20bac1ea08a20a7ccad8b8d2d9794fbbbb4fe4a78,_MainTex,Color,Assets/Game/LegacyImport/RuntimeBaseline/Generated/World/Textures/M06B2_923e05ffdde18cb46bc60ff0bfec2613_color.png,1e8a2e6343e557b09784e88551d20ad67bf33e5e42ddd61a708bb0211cd6b9cd,1,512,512,480629,350493,1,0,1,1,Repeat,Bilinear,1,TemporaryDirectImport,Converted,Source dimensions preserved; Read/Write off; CompressedHQ; shared across cells.
Texture,96dc1b0079f9ac24d85a201f116eaa98,assetripper-unity-project/ExportedProject/Assets/Texture2D/asphalt.png,c7aad4da4b79f4b1c4aa39cb8655d20de5dc8ef79d5563f3439b06133eb6fc36,63b6f0bb3e8191f48f289249df708391aa8b7dcfd9a804fdd601c3b8591ec22d,_MainTex,Color,Assets/Game/LegacyImport/RuntimeBaseline/Generated/World/Textures/M06B2_96dc1b0079f9ac24d85a201f116eaa98_color.png,f08b414831374a58920b5cac2c76ce693880fc6f97b4effe525a6328b6db92b4,1,512,2048,2191999,1399101,1,0,1,1,Repeat,Bilinear,1,TemporaryDirectImport,Converted,Source dimensions preserved; Read/Write off; CompressedHQ; shared across cells.
Texture,978cd3e4dd57c7549987b18d91b6611f,assetripper-unity-project/ExportedProject/Assets/Texture2D/rpm_gauge.png,74fb8c3a96ff447b5efbb3668a02cbd366ae3c2082a720f9e9320589f28fc718,28c6c438950945c0191e8bb9dbf95ff89ae821ae15962949a5efdbfd185cc718,_MainTex,Color,Assets/Game/LegacyImport/RuntimeBaseline/Generated/World/Textures/M06B2_978cd3e4dd57c7549987b18d91b6611f_color.png,6079807a8db9510429f55b580bc9c696911386b677d1ebe91a3f80b81b618518,1,512,512,184486,350493,1,0,1,1,Repeat,Bilinear,1,TemporaryDirectImport,Converted,Source dimensions preserved; Read/Write off; CompressedHQ; shared across cells.
Texture,98fc9b18ba9cf524f8f3ff6cae7503cd,assetripper-unity-project/ExportedProject/Assets/Texture2D/log.png,97ff5413dbe57e5741d1840d96662a270a8a8b996a03e2dacfa008acb8ffe5e5,6beb4227929902f6fe9be1ed5ec406aa00017907a21d93c79f6901a6f1adce20,_MainTex,Color,Assets/Game/LegacyImport/RuntimeBaseline/Generated/World/Textures/M06B2_98fc9b18ba9cf524f8f3ff6cae7503cd_color.png,3fe0eb1abcae28418c685b024fa241f8e5c2a095b5517590ec7671b0aac85300,1,1024,1024,2075351,1399069,1,0,1,1,Repeat,Bilinear,1,TemporaryDirectImport,Converted,Source dimensions preserved; Read/Write off; CompressedHQ; shared across cells.
Texture,99e0e812e343aae4cbf7a8a8f6cd4270,assetripper-unity-project/ExportedProject/Assets/Texture2D/panel_wall.png,d760d409b6e297c5f263c839a3a9f2864a9911b45e2f3d419cd0fcb27d32c7a0,a51986e29271d78eb7494a619aa8b0490f42c478570b67731bd5c2e0c7c07127,_MainTex,Color,Assets/Game/LegacyImport/RuntimeBaseline/Generated/World/Textures/M06B2_99e0e812e343aae4cbf7a8a8f6cd4270_color.png,3ce1cb944862a0e9199c9d7f05952a3838f23e2209ed3843905113360c26c00b,1,512,512,274920,350493,1,0,1,1,Repeat,Bilinear,1,TemporaryDirectImport,Converted,Source dimensions preserved; Read/Write off; CompressedHQ; shared across cells.
Texture,9aa8b89777356b849a26923bf4d598fe,assetripper-unity-project/ExportedProject/Assets/Texture2D/lamp_balfield.png,cebb814a853afc9044222255cc7bc5760c578ed25a29446feec97b681c674de0,06b84d9862e7eeced477499507391dfd19792c90cdddf6aa9f161650e75ab349,_MainTex,Color,Assets/Game/LegacyImport/RuntimeBaseline/Generated/World/Textures/M06B2_9aa8b89777356b849a26923bf4d598fe_color.png,a437376b8a55db3013bc4b316f01e4673f5a39dcbe501e958ed9b45c6d74b2ee,1,512,512,311485,350493,1,0,1,1,Repeat,Bilinear,1,TemporaryDirectImport,Converted,Source dimensions preserved; Read/Write off; CompressedHQ; shared across cells.
Texture,9fa90801c51456444884b8037a7e47a1,assetripper-unity-project/ExportedProject/Assets/Texture2D/truck_tire_old.png,237cf109441f6813d2386964c8b3a7365071a5b453ef5dcdbd92a1b2c0576bba,f90c742bbac52cadde83a88e706fe40a67582ae89d0e549e165097316f093add,_MainTex,Color,Assets/Game/LegacyImport/RuntimeBaseline/Generated/World/Textures/M06B2_9fa90801c51456444884b8037a7e47a1_color.png,43539699a9e57a1441d9a119d2ce627c9307ed37e3039494c2223621cdc29df3,1,1024,1024,1900960,1399069,1,0,1,1,Repeat,Bilinear,1,TemporaryDirectImport,Converted,Source dimensions preserved; Read/Write off; CompressedHQ; shared across cells.
Texture,a0a60236cd1f5714387993bd01e845b3,assetripper-unity-project/ExportedProject/Assets/Texture2D/dotted_white_dotted_yellow.png,0c6c805c6cf799fe587145312203048dd96d03efec1b95a72194472bc17632ad,f119e3685698b9cadfbca7555e394ffd738c32013cc767a4ed5a6847331f39e9,_MainTex,Color,Assets/Game/LegacyImport/RuntimeBaseline/Generated/World/Textures/M06B2_a0a60236cd1f5714387993bd01e845b3_color.png,1adf01e91a133336fa4ae3977afabea524b3d1d70f332dabc234d060256370bc,1,64,64,573,6429,1,0,1,1,Repeat,Bilinear,1,TemporaryDirectImport,Converted,Source dimensions preserved; Read/Write off; CompressedHQ; shared across cells.
Texture,a1cfb70fe5d00b24286405cdfd8b14c3,assetripper-unity-project/ExportedProject/Assets/Texture2D/seats_n.png,0972d6c3a4a92cd19560162c722c5279ed2b8d7cbdc62207dcb721e2e07a184f,7e45d79f9129df8b45ed355b76b8af04dc67cfe72b3384f84a1bd11496fcb748,_BumpMap,Normal,Assets/Game/LegacyImport/RuntimeBaseline/Generated/World/Textures/M06B2_a1cfb70fe5d00b24286405cdfd8b14c3_normal.png,cdc2de6667855a4fa9fc1b9c71ea4019f9e684b2c38634855805ca4b0cb3701e,1,1024,1024,1053301,1399070,0,1,1,1,Repeat,Bilinear,1,TemporaryDirectImport,Converted,Source dimensions preserved; Read/Write off; CompressedHQ; shared across cells.
Texture,a208a3641846d1b48b29a90bbe7134d1,assetripper-unity-project/ExportedProject/Assets/Texture2D/brickwall_n.png,349d25b6bbc23fcbddd646aa3516925dc003049f74ee3b2218ea9a66c9d428c2,ec0eacdad229c148f00545395d4d860d2ba8338c60ce68fea5c712b9586e3bba,_BumpMap,Normal,Assets/Game/LegacyImport/RuntimeBaseline/Generated/World/Textures/M06B2_a208a3641846d1b48b29a90bbe7134d1_normal.png,fbb14ea23110a9c85a6b734df6aefc1b99b0a4d7fe0fe6930b025be2f3eaf592,1,512,512,739239,350494,0,1,1,1,Repeat,Trilinear,1,TemporaryDirectImport,Converted,Source dimensions preserved; Read/Write off; CompressedHQ; shared across cells.
Texture,a41fafdc994032c408cb2a664dec3827,assetripper-unity-project/ExportedProject/Assets/Texture2D/roof01.png,77048636c9599a4b49fa8ca6e8c2d8977218e5087f11700876e9071b162c05b2,4fccf7b68fb59f91c0437465b9375b3064accd7f042c902c7094668fb5f8e357,_MainTex,Color,Assets/Game/LegacyImport/RuntimeBaseline/Generated/World/Textures/M06B2_a41fafdc994032c408cb2a664dec3827_color.png,1ca353f878446abc854ff895b6e120915886743a72a3baf5feddc9614745826f,1,512,512,474790,350493,1,0,1,1,Repeat,Bilinear,1,TemporaryDirectImport,Converted,Source dimensions preserved; Read/Write off; CompressedHQ; shared across cells.
Texture,a4a9da16af26a654786a322537de8765,assetripper-unity-project/ExportedProject/Assets/Texture2D/mast.png,ea31bbf4013a6d771a976df56ad9834c936cfd4191bb447b96d4d51546ea161c,9590b998ec4c837d06153b5ed47b051e9e00ed3f53eff542f3ed0f6cd542a327,_MainTex,Color,Assets/Game/LegacyImport/RuntimeBaseline/Generated/World/Textures/M06B2_a4a9da16af26a654786a322537de8765_color.png,bff3e944147b14f1da204137b6d7e155ab5248fef99eb71fc01e421ae3b33109,1,32,32,258,2333,1,0,1,1,Repeat,Bilinear,1,TemporaryDirectImport,Converted,Source dimensions preserved; Read/Write off; CompressedHQ; shared across cells.
Texture,a52f9584b111d8341853e4adc1156c79,assetripper-unity-project/ExportedProject/Assets/Texture2D/roadside.png,2ec8590435a25d67ad26f74df01f9c28897da5c86f2b173cac56b6cfd774141b,426c1cf1efa057349a049767b169ad5977d9ad34237233fbd5bdb4ca334fd4fc,_MainTex,Color,Assets/Game/LegacyImport/RuntimeBaseline/Generated/World/Textures/M06B2_a52f9584b111d8341853e4adc1156c79_color.png,9efe34f03cded3439936275bafcb3b260b4114ee5170d9207ec0bc3e8d969638,1,1024,1024,1930879,1399069,1,0,1,1,Repeat,Bilinear,1,TemporaryDirectImport,Converted,Source dimensions preserved; Read/Write off; CompressedHQ; shared across cells.
Texture,a5e7059559ad0b0428f562dadf7cf6d8,assetripper-unity-project/ExportedProject/Assets/Texture2D/rust_collection.png,d265ede8cf08c8ad3aacb88e848d441097e13bc1711e890f7220670fe679efdc,4d3d4ec44d15a5a81b6a372ae24eab681c55d03bfc28b032b2de5104f09173b1,_MainTex,Color,Assets/Game/LegacyImport/RuntimeBaseline/Generated/World/Textures/M06B2_a5e7059559ad0b0428f562dadf7cf6d8_color.png,266b4477dc34d086b9ab7e57efc7503d4c17399b0618cee29143b5e77e6076df,1,1024,1024,1949208,1399069,1,0,1,1,Repeat,Bilinear,1,TemporaryDirectImport,Converted,Source dimensions preserved; Read/Write off; CompressedHQ; shared across cells.
Texture,a7a778798ea8e8741a229e9c7b38940b,assetripper-unity-project/ExportedProject/Assets/Texture2D/lakebed.png,5077c9de3713063802d6cc3b03f8c1a4618165b0abb6b64f312db9aed8ed8931,c5ca5e284e76fa0cb4754fc5e4e333882a618aab54eb3109927f6428ae838fa7,_MainTex,Color,Assets/Game/LegacyImport/RuntimeBaseline/Generated/World/Textures/M06B2_a7a778798ea8e8741a229e9c7b38940b_color.png,b2506e1ad558d7d4e68a01e257cb77f3ccb5f6312e6766f5bf65fff1edfccf3d,1,512,512,568745,350493,1,0,1,1,Repeat,Bilinear,1,TemporaryDirectImport,Converted,Source dimensions preserved; Read/Write off; CompressedHQ; shared across cells.
Texture,a8326fa69d4f4844386312395ec1a00a,assetripper-unity-project/ExportedProject/Assets/Texture2D/landfill.png,dbcc0380bfd09b09bbeac34f1467e1085016352cacf1a5b0c59c984217143cd2,d48684602fea71f577d8823e2a2ee01205f47841352f32cb85397d50c39f6540,_MainTex,Color,Assets/Game/LegacyImport/RuntimeBaseline/Generated/World/Textures/M06B2_a8326fa69d4f4844386312395ec1a00a_color.png,26213c875784e5735ade5dbd8db4d28a8ea4e114268b0e70e4d677a5b7eed34b,1,1024,1024,1916850,1399069,1,0,1,1,Repeat,Bilinear,1,TemporaryDirectImport,Converted,Source dimensions preserved; Read/Write off; CompressedHQ; shared across cells.
Texture,ab4d165cb6bcf7f489f87ff00b724bb7,assetripper-unity-project/ExportedProject/Assets/Texture2D/wood_panel14.png,1e46bcf8a22c45198503d562a11100f8887363f0a50cd0333e20f20244f288f0,3536dc17fcbf01546774fe377a6ddc52700195bf894bac05cdabd7c6c4b11c73,_MainTex,Color,Assets/Game/LegacyImport/RuntimeBaseline/Generated/World/Textures/M06B2_ab4d165cb6bcf7f489f87ff00b724bb7_color.png,3372f08519647fba6c4565ffa9dd6e9c6698e7ebc017ff8a2fa29bc7d3352eb5,1,512,512,613033,350493,1,0,1,1,Repeat,Bilinear,1,TemporaryDirectImport,Converted,Source dimensions preserved; Read/Write off; CompressedHQ; shared across cells.
Texture,ac6f5a6ba24f61c4486229c86c2fe0c3,assetripper-unity-project/ExportedProject/Assets/Texture2D/dotted_white.png,f0b795711eb3debf38f480ab20de9a58a47db5580396f1eb88813639960e7f72,0481c0451d94e62f5e27d00db02f8f16a19ad18be534eafff58c3e1dbd1f4c32,_MainTex,Color,Assets/Game/LegacyImport/RuntimeBaseline/Generated/World/Textures/M06B2_ac6f5a6ba24f61c4486229c86c2fe0c3_color.png,af7316f345a87e7916ffd1ab2b26201ca8325ae7c922337fb0d038f1b62a6ced,1,64,64,349,6429,1,0,1,1,Repeat,Bilinear,1,TemporaryDirectImport,Converted,Source dimensions preserved; Read/Write off; CompressedHQ; shared across cells.
Texture,ae9770b97d98f9a4393059c619799111,assetripper-unity-project/ExportedProject/Assets/Texture2D/soil05.png,c93a9cdafbadc68e5e4a721c5cd6de3173b1b53b47018b93d9d3b1ac008d1326,edd5f405f8176ad0182408deb1f01d7ef52fb0998e76f6cdcfbad931baedf64d,_Detail,Color,Assets/Game/LegacyImport/RuntimeBaseline/Generated/World/Textures/M06B2_ae9770b97d98f9a4393059c619799111_color.png,1251f9193c5bc5893bee32428197347250a4b47a1e73195ae69365b8936e4cf3,3,512,512,479718,350493,1,0,1,1,Repeat,Bilinear,1,TemporaryDirectImport,Converted,Source dimensions preserved; Read/Write off; CompressedHQ; shared across cells.
Texture,ae9770b97d98f9a4393059c619799111,assetripper-unity-project/ExportedProject/Assets/Texture2D/soil05.png,c93a9cdafbadc68e5e4a721c5cd6de3173b1b53b47018b93d9d3b1ac008d1326,edd5f405f8176ad0182408deb1f01d7ef52fb0998e76f6cdcfbad931baedf64d,_Detail (HDRP detail-albedo compatibility),DetailAlbedoPacked,Assets/Game/LegacyImport/RuntimeBaseline/Generated/World/Textures/M06B2_ae9770b97d98f9a4393059c619799111_detailalbedopacked.png,e476dd2410204d3bdd730edd852d6919188b49ea3a8432d7f2b7b104d02232ec,3,512,512,479718,350506,0,0,1,1,Repeat,Bilinear,1,TemporaryDirectImport,Converted,"Source dimensions preserved; frozen donor Diffuse Detail luminance packed deterministically as HDRP R=luma,G=0.5,B=0.5,A=0.5; linear Default import; Read/Write off; CompressedHQ; shared across cells."
Texture,affd811e81c263f40808c78727c39ccc,assetripper-unity-project/ExportedProject/Assets/Texture2D/gravel_road.png,f281b56b5d5970dd2137efbba1823e6630d0bcaf506e4963da5e3be9e2bc5b05,27aafe4381937c808aa012b91b653438b783654fcb6adb1bf634eddda0c05682,_MainTex,Color,Assets/Game/LegacyImport/RuntimeBaseline/Generated/World/Textures/M06B2_affd811e81c263f40808c78727c39ccc_color.png,f3f79714f7d0a815aabdbfaac247a3f665b03d06194c2036ea83d1d419331dc3,1,512,2048,2149029,1399101,1,0,1,1,Repeat,Bilinear,1,TemporaryDirectImport,Converted,Source dimensions preserved; Read/Write off; CompressedHQ; shared across cells.
Texture,b0caf0144a84cf34a9b083c36bd6cf4d,assetripper-unity-project/ExportedProject/Assets/Texture2D/shelf_bars.png,c96b6401d2029531cb2788f6db9ca1aeff859a98ed818d838d89c48b1648dbb6,b03000a71f961f990ed520b0a3296231732e4789a723a69de59eb91e3d018eca,_MainTex,Color,Assets/Game/LegacyImport/RuntimeBaseline/Generated/World/Textures/M06B2_b0caf0144a84cf34a9b083c36bd6cf4d_color.png,235e7b73483cdc45bdc0df334a3f77f7ee533a2a35b5b9b7d6f0fecf314b21e2,1,128,128,23140,22813,1,0,1,1,Repeat,Bilinear,1,TemporaryDirectImport,Converted,Source dimensions preserved; Read/Write off; CompressedHQ; shared across cells.
Texture,b302bde2daa23bf4bbe03bcaf43e5e0e,assetripper-unity-project/ExportedProject/Assets/Texture2D/wall_rock_n.png,b9b1ae9838499a40f6a9c46c05063d4f371401a2c161b6f9f7926d57de913f29,0dfa9083254f13bc006a7ddcb86b00c0141593e30c1054e210c4abbbac9a2ec4,_BumpMap,Normal,Assets/Game/LegacyImport/RuntimeBaseline/Generated/World/Textures/M06B2_b302bde2daa23bf4bbe03bcaf43e5e0e_normal.png,25737edf05e8ae04e39211143dd42f8346790ce2ec8537b2fffa5b24598876db,1,256,256,226548,88350,0,1,1,1,Repeat,Trilinear,1,TemporaryDirectImport,Converted,Source dimensions preserved; Read/Write off; CompressedHQ; shared across cells.
Texture,b31431746d25f0143a07508b36ac1dec,assetripper-unity-project/ExportedProject/Assets/Texture2D/dragcar2_spec.png,09ba8f978263752b3847a040eea102170148a50f352643decf1954cf5b4690d9,01e65ec262bd326c001bcc0044714538cbeaa1e5114ab13c7aa4a52694f781eb,_SpecGlossMap,Linear,Assets/Game/LegacyImport/RuntimeBaseline/Generated/World/Textures/M06B2_b31431746d25f0143a07508b36ac1dec_linear.png,7f94f03a99eaaa066974ed0d2e149aa0a57235ef8c5878b56a7e175595facaec,1,1024,1024,444058,1399070,0,0,1,1,Repeat,Bilinear,1,TemporaryDirectImport,Converted,Source dimensions preserved; Read/Write off; CompressedHQ; shared across cells.
Texture,b3b895ae84ca3de4691ec130878da772,assetripper-unity-project/ExportedProject/Assets/Texture2D/ATLAS_HOME.png,345d46e941f460e06a4f4ea65d420443ef80b071dfc8af0d910f15fea3bdd4b6,5bcf483a3e99e67252cc0c979f59c5b0f2e48e89ae85e7a8ba293a55eb43012a,_MainTex,Color,Assets/Game/LegacyImport/RuntimeBaseline/Generated/World/Textures/M06B2_b3b895ae84ca3de4691ec130878da772_color.png,43654be6b58dbab57263cde97febea18c34118b3e48cf3f5a250f683d643270b,1,2048,2048,6211704,5593373,1,0,1,1,Repeat,Bilinear,1,TemporaryDirectImport,Converted,Source dimensions preserved; Read/Write off; CompressedHQ; shared across cells.
Texture,b443195b60585254aabe09665518732a,assetripper-unity-project/ExportedProject/Assets/Texture2D/fabric5.png,fea7e63046dc639a964031ca0b78bc60f1aa91ac3808aab8f1dc09dcd4b4b5a1,271ca0d249f8dd68940200433f709f267ae30d2552f9c974dab9304b446d9d37,_MainTex,Color,Assets/Game/LegacyImport/RuntimeBaseline/Generated/World/Textures/M06B2_b443195b60585254aabe09665518732a_color.png,fb82020a2bae9c54fa0cc1026494f16c483fc3393c2c24fc5cdec73f1f2570f7,1,256,256,155482,88349,1,0,1,1,Repeat,Bilinear,1,TemporaryDirectImport,Converted,Source dimensions preserved; Read/Write off; CompressedHQ; shared across cells.
Texture,b48ec4ab962b499458ecc41f68b5438d,assetripper-unity-project/ExportedProject/Assets/Texture2D/carpet_plastic1.png,36806fbac917c722e6fda6d94fb6ef43d42306c538f7f10718db52998c44a9cc,1bf0bde183f5e81633fb449cbe1f6bfdcbfc20e1e26f687e3720f8807af54eed,_MainTex,Color,Assets/Game/LegacyImport/RuntimeBaseline/Generated/World/Textures/M06B2_b48ec4ab962b499458ecc41f68b5438d_color.png,b58604bfdc4c4a948877b0d3aed7d4ca2cbbca41671b667e48be29fc39ddf083,1,512,512,424258,350493,1,0,1,1,Repeat,Bilinear,1,TemporaryDirectImport,Converted,Source dimensions preserved; Read/Write off; CompressedHQ; shared across cells.
Texture,b536938a0d5421e48bf7d01144880ece,assetripper-unity-project/ExportedProject/Assets/Texture2D/rally_ad.png,7e2f6f96830def9910eadbb1ee859cdf9d7021a75011df67012c1b4803cb42b4,742730e14085558cc31e5dd451bab60e179a36140576e1a7a5cdfa2c4b3ac11e,_MainTex,Color,Assets/Game/LegacyImport/RuntimeBaseline/Generated/World/Textures/M06B2_b536938a0d5421e48bf7d01144880ece_color.png,d76ba086221044db86876108b7d5e0dad4026d73fc85c6b302a621d5dc42374b,1,1024,2048,1231650,2797181,1,0,1,1,Repeat,Bilinear,1,TemporaryDirectImport,Converted,Source dimensions preserved; Read/Write off; CompressedHQ; shared across cells.
Texture,b56b18ff7ced17645aa71f8750dcd577,assetripper-unity-project/ExportedProject/Assets/Texture2D/terrace_shade.png,9ce39650a812a03c38bbc9855c597d85effcd696de0f8447b0c24ec7f152d727,c0dfa3096aa6d702458821f0f906a958b99933ff2d1bd97ae08e98bb9c457c28,_MainTex,Color,Assets/Game/LegacyImport/RuntimeBaseline/Generated/World/Textures/M06B2_b56b18ff7ced17645aa71f8750dcd577_color.png,91addb68ec188cd30930edecbed53bd8d39bb3d19d6fc64f824138ff27a207cd,1,512,512,40721,350493,1,0,1,1,Repeat,Bilinear,1,TemporaryDirectImport,Converted,Source dimensions preserved; Read/Write off; CompressedHQ; shared across cells.
Texture,b5e427c97b2682c479fd57ca29b3609e,assetripper-unity-project/ExportedProject/Assets/Texture2D/slot_machine_screen.png,db6ca4134bc9b3f9bfbd2dd39aa1d81939ae8cfe98488e9fbdaeacfab3f3d504,4a1afab9376a3112a83b6cb0fab1f2b2d02b60c783e89e78779412a2c7669c5e,_MainTex,Color,Assets/Game/LegacyImport/RuntimeBaseline/Generated/World/Textures/M06B2_b5e427c97b2682c479fd57ca29b3609e_color.png,1d1a2255a3bf0337dda351c892e3f27025855135265de8712513b098fc1f5b35,2,1024,1024,346761,1399069,1,0,1,1,Repeat,Bilinear,1,TemporaryDirectImport,Converted,Source dimensions preserved; Read/Write off; CompressedHQ; shared across cells.
Texture,b7cfb56dfc0162445bed4af15852a0a5,assetripper-unity-project/ExportedProject/Assets/Texture2D/wood_panel7.png,77f5628989c1201255e09e93fe04434f28e2170b08c9c1a09c16052928f76759,146a5cdbf3698e9981419f97c915c41ece53487dfdf48a4514e7f692a072ead4,_MainTex,Color,Assets/Game/LegacyImport/RuntimeBaseline/Generated/World/Textures/M06B2_b7cfb56dfc0162445bed4af15852a0a5_color.png,cac32fe09b022793e6b79ed36a37c4ba95da755822e4d511d2495c0c8e3c7ef1,1,512,512,291181,350493,1,0,1,1,Repeat,Bilinear,1,TemporaryDirectImport,Converted,Source dimensions preserved; Read/Write off; CompressedHQ; shared across cells.
Texture,b8213e5a6d8100041a6f3fab6831426e,assetripper-unity-project/ExportedProject/Assets/Texture2D/beer_bottle_spec.png,52de718c07242cc693cb0b301c044bdbd9192e40ae756da6778fe1114c84e6c3,03969d1ece800e902fb39daa46000565e818f40daeff190a76949ce9d724a756,_MetallicGlossMap,Linear,Assets/Game/LegacyImport/RuntimeBaseline/Generated/World/Textures/M06B2_b8213e5a6d8100041a6f3fab6831426e_linear.png,644cf08cd24c8fdb54a28960b093dc2dae10c9de4ffe9b0c3526b275a62952be,1,256,256,6613,88350,0,0,1,1,Repeat,Bilinear,1,TemporaryDirectImport,Converted,Source dimensions preserved; Read/Write off; CompressedHQ; shared across cells.
Texture,b9991b35bc113b9458c051d5cdc7e294,assetripper-unity-project/ExportedProject/Assets/Texture2D/shelf_flats.png,f0fa0d43bed4598a03001f6d417462fb25b4cf0c1531fe4c54ad4c40d7225067,002c561c3a1014a1a86c26d6c556eba8ca5548517977bdb70ee2f41be4666067,_MainTex,Color,Assets/Game/LegacyImport/RuntimeBaseline/Generated/World/Textures/M06B2_b9991b35bc113b9458c051d5cdc7e294_color.png,f42030482d8ad2f02c860165099979312e1f2b72628f02b53b2ca0107afaeab4,1,512,512,440831,350493,1,0,1,1,Repeat,Bilinear,1,TemporaryDirectImport,Converted,Source dimensions preserved; Read/Write off; CompressedHQ; shared across cells.
Texture,ba8b70faa163e6543a94473ca2750617,assetripper-unity-project/ExportedProject/Assets/Texture2D/slot_machine_poker.png,2f36db676b58aef9f435046fabdce044612dccc181b04339c76ab63d20560cbd,63073bf72490f95baa450fce151122029851fc413a6fcc71f522e32dcb6e5b53,_MainTex,Color,Assets/Game/LegacyImport/RuntimeBaseline/Generated/World/Textures/M06B2_ba8b70faa163e6543a94473ca2750617_color.png,fa80eb94b6d32476f4271caaf4366a92cbc59f1b94b2cdc23b62d90672f6bde7,1,1024,1024,1140960,1399069,1,0,1,1,Repeat,Bilinear,1,TemporaryDirectImport,Converted,Source dimensions preserved; Read/Write off; CompressedHQ; shared across cells.
Texture,bb099fca86bf22d4f86e55a95c46159a,assetripper-unity-project/ExportedProject/Assets/Texture2D/wood_panel9.png,74691a2d92e8014ab20ecbff975021720ed91d759ccf44c05f64eaac149f999a,c886b0cab41dd36e10c7090fc19500efb546e856ac0b7ce1f2190242b4d62077,_MainTex,Color,Assets/Game/LegacyImport/RuntimeBaseline/Generated/World/Textures/M06B2_bb099fca86bf22d4f86e55a95c46159a_color.png,d277931633bc5a30ea0471e1cde088b2675fdd620951f04b80ebc2c668b814a7,1,1024,1024,1132679,1399069,1,0,1,1,Repeat,Bilinear,1,TemporaryDirectImport,Converted,Source dimensions preserved; Read/Write off; CompressedHQ; shared across cells.
Texture,be478993cce17cd41a27f2edc1e1af3a,assetripper-unity-project/ExportedProject/Assets/Texture2D/Pokeri-TitleScreen-FinB.png,2447ae96a6a348fc82d1da2f6c99f1a9ee5e441789025190e95a7ac94cc2b206,0ff56f8386413d4d9ada465dffd81bfa2eb75c723580375915c394ab1a1976a1,_MainTex,Color,Assets/Game/LegacyImport/RuntimeBaseline/Generated/World/Textures/M06B2_be478993cce17cd41a27f2edc1e1af3a_color.png,b6db37c770f97a08d3b2482b58e4c3846d7da86dc4be82c2c1bcfa68fc572284,1,320,240,21145,410493,1,0,1,1,Clamp,Point,1,TemporaryDirectImport,Converted,Source dimensions preserved; Read/Write off; CompressedHQ; shared across cells.
Texture,c07db567daf12fa42a2cd5ead0f13f82,assetripper-unity-project/ExportedProject/Assets/Texture2D/dancehallpainting.png,a00c0bee6acc133cdb1b59b835a3914f8ba027dc2c8bdaae2c1e48bb02ab5060,3cdd29bbebd6b5c1b3ebe49febe11648f43e21794742b25e8266cea5fe65c114,_MainTex,Color,Assets/Game/LegacyImport/RuntimeBaseline/Generated/World/Textures/M06B2_c07db567daf12fa42a2cd5ead0f13f82_color.png,3d4cf989132e45bcfeb4e374c4a4b1c0a314bbbb5c25c531d2758f04a085d8ad,1,1024,512,781977,700029,1,0,1,1,Repeat,Bilinear,1,TemporaryDirectImport,Converted,Source dimensions preserved; Read/Write off; CompressedHQ; shared across cells.
Texture,c18a2d398a0584447b919fa1ff614e2f,assetripper-unity-project/ExportedProject/Assets/Texture2D/ATLAS_WINDOWS_emit.png,74487ed23582a41bcdfd22caf93a3696f961a776e6940c503164bd46f5423102,4a4e457d7a685a9b6cc9c46c88988e70f2d493970b45a9d72a9ced095d17ea0c,_EmissionMap,Color,Assets/Game/LegacyImport/RuntimeBaseline/Generated/World/Textures/M06B2_c18a2d398a0584447b919fa1ff614e2f_color.png,8d7c26c674ab041e3fb95616bb5d4bd8a68ea029204c4b22e26dada6f34252c5,1,1024,1024,483589,1399069,1,0,1,1,Repeat,Bilinear,1,TemporaryDirectImport,Converted,Source dimensions preserved; Read/Write off; CompressedHQ; shared across cells.
Texture,c384f077a19f9de4f89c769189a06414,assetripper-unity-project/ExportedProject/Assets/Texture2D/livingroom_table.png,8f638455a2f98fe8ffe2cb709c705c875bb037b91beac13ae37681c828f0ce52,b47e6add4eb7a8cf056518b7f420fa394082922d9600964762147508b7586bd3,_MainTex,Color,Assets/Game/LegacyImport/RuntimeBaseline/Generated/World/Textures/M06B2_c384f077a19f9de4f89c769189a06414_color.png,a7e9069a8c69f38d75df424e7ed82a66a74aafdde4d1482804fa0480fa34ee6f,2,512,512,625542,350493,1,0,1,1,Repeat,Bilinear,1,TemporaryDirectImport,Converted,Source dimensions preserved; Read/Write off; CompressedHQ; shared across cells.
Texture,c52e20d33e294bd46ad909da3a856c5d,assetripper-unity-project/ExportedProject/Assets/Texture2D/BigTree_bark_normal.png,c8099397732aff47e9b212f01cf40347489d239539616988f822f102a6633f26,dc54bd3f35c59dec614ab55afd91ae9433d7840858eaa63238fd50ded2475941,_BumpMap,Normal,Assets/Game/LegacyImport/RuntimeBaseline/Generated/World/Textures/M06B2_c52e20d33e294bd46ad909da3a856c5d_normal.png,72731dc72c3c66f8c10f5b9cb21e7ff6560686572678dfa710fdeedf867d3c9a,1,512,512,932675,350494,0,1,1,1,Repeat,Bilinear,1,TemporaryDirectImport,Converted,Source dimensions preserved; Read/Write off; CompressedHQ; shared across cells.
Texture,c6e5e21dc7ad67d4eb96228c1eaacdd6,assetripper-unity-project/ExportedProject/Assets/Texture2D/tent_roof_n.png,2d6786b375eae7ee870f8837d9983a1dc80b3f6386d1bd2661eeefd51d3ce7b3,a525a90de713f79879bbcf44f36dd0393f4442151e7faea96edc0a86c897b1d2,_BumpMap,Normal,Assets/Game/LegacyImport/RuntimeBaseline/Generated/World/Textures/M06B2_c6e5e21dc7ad67d4eb96228c1eaacdd6_normal.png,566570036cabf64f3d031fc9f49b087eae3b3a81ff12bd67abee4a4a0b0aeb27,2,256,256,154768,88350,0,1,1,1,Repeat,Trilinear,1,TemporaryDirectImport,Converted,Source dimensions preserved; Read/Write off; CompressedHQ; shared across cells.
Texture,c6f9b5a4a6cd7154c936d7650adffbf9,assetripper-unity-project/ExportedProject/Assets/Texture2D/Bush_fence.png,1ac69daf27fbc0071c0be9e22860ef1910596f867659ec2e0cd939571edde644,e060cb7eab7a75bf271b6e62cca01423620f9e3daf128684aadbdb536fe1a597,_MainTex,Color,Assets/Game/LegacyImport/RuntimeBaseline/Generated/World/Textures/M06B2_c6f9b5a4a6cd7154c936d7650adffbf9_color.png,77d32c743946c699f5e3054b87683b085b8997929f0fbbcf10da9ce2b1cb3658,1,512,512,548958,350493,1,0,1,1,Repeat,Bilinear,1,TemporaryDirectImport,Converted,Source dimensions preserved; Read/Write off; CompressedHQ; shared across cells.
Texture,c714ffe966f4f9e4a89330202fa7c972,assetripper-unity-project/ExportedProject/Assets/Texture2D/fabric23.png,77097b8abe2ae0de7931eef6962f089b62d28e47d1450da2a8f727f46644db8d,444e4260653926aa4a2eaaf6e206ebb11a9af81752cdbf5006b374dd2a5caf7b,_MainTex,Color,Assets/Game/LegacyImport/RuntimeBaseline/Generated/World/Textures/M06B2_c714ffe966f4f9e4a89330202fa7c972_color.png,2622ef0765837c84f4822421562d43ee252c2e8f5358a242a1cd610e250cb5a1,1,512,512,581566,350493,1,0,1,1,Repeat,Bilinear,1,TemporaryDirectImport,Converted,Source dimensions preserved; Read/Write off; CompressedHQ; shared across cells.
Texture,c872e1ac53d1f444c8dc66167fd6c1b8,assetripper-unity-project/ExportedProject/Assets/Texture2D/rims_rusty_n.png,a999d515b3089ab691552c111c700ccf73ab2caf58df37a14c6b73353131f87d,9a42f22111a2a641145bd0ef8fc5e6c4705fdbb46e87dec755600b6d9d02d6fc,_DetailNormalMap,DetailNormalPacked,Assets/Game/LegacyImport/RuntimeBaseline/Generated/World/Textures/M06B2_c872e1ac53d1f444c8dc66167fd6c1b8_detailnormalpacked.png,8988a5c15194b39962bd509780d96b1506fd392635e2fb1d1d456c48546d1607,1,1024,1024,1471411,1399082,0,0,1,1,Repeat,Trilinear,1,TemporaryDirectImport,Converted,"Source dimensions preserved; donor detail normal packed deterministically as HDRP R=0.5,G=Y,B=0.5,A=X; linear Default import; Read/Write off; CompressedHQ; shared across cells."
Texture,c8d490a4905ef524b8043fec74c2f19c,assetripper-unity-project/ExportedProject/Assets/Texture2D/concrete.png,d46f8ee8cdc1818a571b405d9f40957ba9d5a3987107af95c293817098f7b09a,a5097c39ac514ef81d0860299c691f24a59da1dc114c1708685912caba4bd08c,_DetailAlbedoMap,Color,Assets/Game/LegacyImport/RuntimeBaseline/Generated/World/Textures/M06B2_c8d490a4905ef524b8043fec74c2f19c_color.png,1a60f4ddd77275f65b4f0366861453495ede07533f57a9e224bf81b72b05aa71,2,512,512,576039,350493,1,0,1,1,Repeat,Bilinear,1,TemporaryDirectImport,Converted,Source dimensions preserved; Read/Write off; CompressedHQ; shared across cells.
Texture,c9096562c1a6693479a13316ef0760e1,assetripper-unity-project/ExportedProject/Assets/Texture2D/brick_yellow.png,a8fc9c07b207f68fff17bbec426c05a2c570077d3e73108dc9d140864eb40145,8255ec05aaa895deebee8a189356714ce60bdeabe1dfad18a7a11a80ea5079b9,_MainTex,Color,Assets/Game/LegacyImport/RuntimeBaseline/Generated/World/Textures/M06B2_c9096562c1a6693479a13316ef0760e1_color.png,58e8e7c0afa1e94eb764bbda21f02dd2748eb7a3b8c06b61333af081a8420dd1,1,512,256,230547,175741,1,0,1,1,Repeat,Bilinear,1,TemporaryDirectImport,Converted,Source dimensions preserved; Read/Write off; CompressedHQ; shared across cells.
Texture,cb0f1ddcfd550f441b8174cb5e75fd1f,assetripper-unity-project/ExportedProject/Assets/Texture2D/body_masse.png,4ca720e6f4367232a66673abd69bfad4b26fc2c0adc4912da63d87346838ff3f,4e80ee26011a593dcbbd419b9ef9bb69a3aec140878f4a986bc50e44d2ce28a0,_MainTex,Color,Assets/Game/LegacyImport/RuntimeBaseline/Generated/World/Textures/M06B2_cb0f1ddcfd550f441b8174cb5e75fd1f_color.png,96c41b0b248e90b8bd82a42efc23001fe49b822d1e3a565cea4ac43a9d5bcfbd,1,2048,2048,3769937,5593373,1,0,1,1,Repeat,Bilinear,1,TemporaryDirectImport,Converted,Source dimensions preserved; Read/Write off; CompressedHQ; shared across cells.
Texture,cb2acae0115396c43b4a51002ed76663,assetripper-unity-project/ExportedProject/Assets/Texture2D/npc_car_parts.png,ffcf89e6ca1f0854aec7de1d94027173e7c50f7dc7e92f49012122be32db26bc,3c28a485aa86f640df67487a39cd09ed85f13618eee70b4e755aba8d6ecac82d,_MainTex,Color,Assets/Game/LegacyImport/RuntimeBaseline/Generated/World/Textures/M06B2_cb2acae0115396c43b4a51002ed76663_color.png,c2eba180efab2f1d4299cba9ef566e26a1391bb33189045d0da8d846415d72c3,1,2048,1024,2574264,2797181,1,0,1,1,Repeat,Bilinear,1,TemporaryDirectImport,Converted,Source dimensions preserved; Read/Write off; CompressedHQ; shared across cells.
Texture,ccb337790653b5e4daa0954b90e43ee4,assetripper-unity-project/ExportedProject/Assets/Texture2D/metal_wall2.png,c757f51d23df0717a1385505c3b0034b2cf8bd315e0a702a7b05d4e97aa98c51,bff2f2e74361ff28ad08802f877e945d3320ab3ac18569cada1340b63d68bbd2,_MainTex,Color,Assets/Game/LegacyImport/RuntimeBaseline/Generated/World/Textures/M06B2_ccb337790653b5e4daa0954b90e43ee4_color.png,5f5da04f25d3a672432183e5c7a65f0e40c0f15e0764d10f8636c0904f1756d1,1,512,512,257557,350493,1,0,1,1,Repeat,Bilinear,1,TemporaryDirectImport,Converted,Source dimensions preserved; Read/Write off; CompressedHQ; shared across cells.
Texture,ccd6f6c8a1582694687c3308716eff7d,assetripper-unity-project/ExportedProject/Assets/Texture2D/prop_wcbowl.png,02455a0e379f96a65c1942eddfb43ed31b89c1e5ee69d5297c90710d4c6d5587,1cf0c248d9b85752f407842175239788c643360cde40d64b1e0e286b30ca387c,_MainTex,Color,Assets/Game/LegacyImport/RuntimeBaseline/Generated/World/Textures/M06B2_ccd6f6c8a1582694687c3308716eff7d_color.png,04035a101d8ba9ea519182d2d03462761bc33759dd91c77fd0bef4cc653d748e,1,1024,1024,1393902,1399069,1,0,1,1,Repeat,Bilinear,1,TemporaryDirectImport,Converted,Source dimensions preserved; Read/Write off; CompressedHQ; shared across cells.
Texture,d19fcdd81abefaa4fb4eb589930946f5,assetripper-unity-project/ExportedProject/Assets/Texture2D/interior_panels.png,2dd6537e52595db49e5f25db554ecf3c53aa1a4c095fd06500958d5fa95e9500,8f81a4e871012896630f0a0e6e06a0e699db030bc6bbcc707dbb697e38454eb7,_MainTex,Color,Assets/Game/LegacyImport/RuntimeBaseline/Generated/World/Textures/M06B2_d19fcdd81abefaa4fb4eb589930946f5_color.png,bf765fe37bda0de8e0f2f1c9343d407cb544fd015513d21791bdac8b5ab86efe,1,2048,2048,5761398,5593373,1,0,1,1,Repeat,Bilinear,1,TemporaryDirectImport,Converted,Source dimensions preserved; Read/Write off; CompressedHQ; shared across cells.
Texture,d24807b2c79dce94d95a47448d9a420a,assetripper-unity-project/ExportedProject/Assets/Texture2D/wood_barn.png,a8096e12527492d39066c02ce4c3f3c7adaf327f8329a54d90d3d5cc48233346,b1d531b0c2c154cc6ef21697ad6f60b0eee5bddb5e7d6ce506b886e6e7c39e45,_MainTex,Color,Assets/Game/LegacyImport/RuntimeBaseline/Generated/World/Textures/M06B2_d24807b2c79dce94d95a47448d9a420a_color.png,49e188fb3c62672e8d40f28a67f3de08e4cdef235f9f457a0ada159c1c1dab46,1,512,1024,658232,700029,1,0,1,1,Repeat,Bilinear,1,TemporaryDirectImport,Converted,Source dimensions preserved; Read/Write off; CompressedHQ; shared across cells.
Texture,d45a9b87d024f7f4ab83022e28f28db5,assetripper-unity-project/ExportedProject/Assets/Texture2D/rims_ao.png,df34e9c73ff54cf2319b48101936de1fce492718d7c8fde67ba1c3d51e644cdf,93c90e0ddc01d5e817618366c2ba81f0367235cd7505f4fccf43707779656ea4,_MainTex,Color,Assets/Game/LegacyImport/RuntimeBaseline/Generated/World/Textures/M06B2_d45a9b87d024f7f4ab83022e28f28db5_color.png,72b1c09223439e8bcc86eb34711607f47797789b91632bf33aeadc0725dbf0aa,1,1024,1024,580481,1399069,1,0,1,1,Repeat,Bilinear,1,TemporaryDirectImport,Converted,Source dimensions preserved; Read/Write off; CompressedHQ; shared across cells.
Texture,d63138ba3ae27074aa9360cfa9b26af3,assetripper-unity-project/ExportedProject/Assets/Texture2D/treewall2.png,f733e8ffbe49c36fd7ec37473afdfb79bb3fe5349d7d92aa002c88fa0348335c,829a03098b433367be5a43db97de840b4d37982c1ce00ed64b3bf894af81620c,_MainTex,Color,Assets/Game/LegacyImport/RuntimeBaseline/Generated/World/Textures/M06B2_d63138ba3ae27074aa9360cfa9b26af3_color.png,127c2ec5a6e9f6fe7c5222fcaa59488e0e4de18cda5e181d1b19227e601a4175,1,2048,1024,3820264,2797181,1,0,1,1,Repeat,Bilinear,1,TemporaryDirectImport,Converted,Source dimensions preserved; Read/Write off; CompressedHQ; shared across cells.
Texture,d6de3002c9ec39a49a95b2f3cfbfb673,assetripper-unity-project/ExportedProject/Assets/Texture2D/4tie_n.png,f6bfd44b399627b3c275737dbaf749d316eaf60d422b34d1bb4a10eaa4f7aeb1,77cf514a52382b9ad8f04ff031bc50bdae0ef8914a6b5dfea4c46fa7189bcdb9,_BumpMap,Normal,Assets/Game/LegacyImport/RuntimeBaseline/Generated/World/Textures/M06B2_d6de3002c9ec39a49a95b2f3cfbfb673_normal.png,ac105d294c08de98d8223b16d31d871abcad8f3b7040296b8f2d3328bbfc04c4,1,64,128,587,11902,0,1,1,1,Repeat,Trilinear,1,TemporaryDirectImport,Converted,Source dimensions preserved; Read/Write off; CompressedHQ; shared across cells.
Texture,d74611f11a4be284eb1a185939d70743,assetripper-unity-project/ExportedProject/Assets/Texture2D/brickwall2_n.png,ca472a423b43382f0b8a935bbd3c5c65a9d17697e8e80a86f737bc0884e57ea9,a2fcabe142709fdc83a093727db45266d4237ea979a46c5154fde0dcbb8bb200,_DetailNormalMap,DetailNormalPacked,Assets/Game/LegacyImport/RuntimeBaseline/Generated/World/Textures/M06B2_d74611f11a4be284eb1a185939d70743_detailnormalpacked.png,5ba2132880337142090709cb46244187a3ee7353f31f31fe073cd797850dfac2,1,512,512,878887,350506,0,0,1,1,Repeat,Trilinear,1,TemporaryDirectImport,Converted,"Source dimensions preserved; donor detail normal packed deterministically as HDRP R=0.5,G=Y,B=0.5,A=X; linear Default import; Read/Write off; CompressedHQ; shared across cells."
Texture,d755c7d35847ede4ea7d1518109ed2c0,assetripper-unity-project/ExportedProject/Assets/Texture2D/soil04.png,757bbcedf4a7241d2015971a91d2049f0db1e6a79057d6db47c3527e078f75b2,69adee4f6634d56c99077c9d65f124803664940177898a109774b7f1f2c1c0a2,_Detail;_DetailAlbedoMap;_MainTex,Color,Assets/Game/LegacyImport/RuntimeBaseline/Generated/World/Textures/M06B2_d755c7d35847ede4ea7d1518109ed2c0_color.png,d7da3cce0888d72aebd34614c9471586324acef2cbcb05d4bbe9041314e9a9f8,4,512,512,489358,350493,1,0,1,1,Repeat,Bilinear,1,TemporaryDirectImport,Converted,Source dimensions preserved; Read/Write off; CompressedHQ; shared across cells.
Texture,d755c7d35847ede4ea7d1518109ed2c0,assetripper-unity-project/ExportedProject/Assets/Texture2D/soil04.png,757bbcedf4a7241d2015971a91d2049f0db1e6a79057d6db47c3527e078f75b2,69adee4f6634d56c99077c9d65f124803664940177898a109774b7f1f2c1c0a2,_Detail (HDRP detail-albedo compatibility),DetailAlbedoPacked,Assets/Game/LegacyImport/RuntimeBaseline/Generated/World/Textures/M06B2_d755c7d35847ede4ea7d1518109ed2c0_detailalbedopacked.png,8398245312aa05696c4db182f7f7ce54fb0834ab15ce42f48c192c50a982ec97,2,512,512,489358,350506,0,0,1,1,Repeat,Bilinear,1,TemporaryDirectImport,Converted,"Source dimensions preserved; frozen donor Diffuse Detail luminance packed deterministically as HDRP R=luma,G=0.5,B=0.5,A=0.5; linear Default import; Read/Write off; CompressedHQ; shared across cells."
Texture,d7d7b45ab5c2a5d4399b80b687eb812e,assetripper-unity-project/ExportedProject/Assets/Texture2D/booze_bottle_trans.png,c713c2325a126bef247f4a167e71aac496abd401e8b7ef31ae0f0277eaee2b18,dcbee739198cddc582b54ceb05a3b617d3f1d5da3d5f669445ae5b8948290631,_MainTex,Color,Assets/Game/LegacyImport/RuntimeBaseline/Generated/World/Textures/M06B2_d7d7b45ab5c2a5d4399b80b687eb812e_color.png,40d3ed02df93311a84119a64360dcce9dbbaad0e6000014f7e110fc7d4c44b3f,1,1024,1024,26460,1399069,1,0,1,1,Repeat,Bilinear,1,TemporaryDirectImport,Converted,Source dimensions preserved; Read/Write off; CompressedHQ; shared across cells.
Texture,d8ca546d3f50ee64b9570b3d2b22de6a,assetripper-unity-project/ExportedProject/Assets/Texture2D/fabric3.png,c2abec18361c4483da6b639b9983af43e01b6acaabf9de91912218119e7dc546,7a63d57dfdfa1a71e61d946adfd5a551afb1e12fa5f61f8f9420eb9d0d0f63f5,_MainTex,Color,Assets/Game/LegacyImport/RuntimeBaseline/Generated/World/Textures/M06B2_d8ca546d3f50ee64b9570b3d2b22de6a_color.png,18302a3ef855b19362e15ba32007269944f0a058d71d8202855b72af61c27780,1,512,512,598392,350493,1,0,1,1,Repeat,Bilinear,1,TemporaryDirectImport,Converted,Source dimensions preserved; Read/Write off; CompressedHQ; shared across cells.
Texture,d900a6c887cc752448a0064c0b121b11,assetripper-unity-project/ExportedProject/Assets/Texture2D/asphalt_detail.png,473bb654252cd79cf4ba672b90ca47997d4494c4ace743d9d462ecf71282bb80,9b05100e14333884b646a25fd37bdbca8c1428e8221de6f5ab7c0d03e200aefe,_DetailAlbedoMap,Color,Assets/Game/LegacyImport/RuntimeBaseline/Generated/World/Textures/M06B2_d900a6c887cc752448a0064c0b121b11_color.png,e3870043dd9e50f558ce13b137069166be64d18e288bf4057e83a39dde2df7e3,10,512,512,675940,350493,1,0,1,1,Repeat,Bilinear,1,TemporaryDirectImport,Converted,Source dimensions preserved; Read/Write off; CompressedHQ; shared across cells.
Texture,da44bd9e7cda72840b520044f1dd0ea3,assetripper-unity-project/ExportedProject/Assets/Texture2D/carpet5.png,3362295ab1d81c309eceb966147987e78d0d266124e21bf90f94c18d0b0b484f,07e132ab640c1ffccbbe902d2055582cacd51b23d4ead33677e07d5f62743164,_MainTex,Color,Assets/Game/LegacyImport/RuntimeBaseline/Generated/World/Textures/M06B2_da44bd9e7cda72840b520044f1dd0ea3_color.png,f9807e5016e6dfe49f12cd0ca5f57f4c39b6bcba2593d3192d57158f04099aea,1,64,128,590,11901,1,0,1,1,Repeat,Bilinear,1,TemporaryDirectImport,Converted,Source dimensions preserved; Read/Write off; CompressedHQ; shared across cells.
Texture,de55715d3dd5ca640acb6c90f6aff319,assetripper-unity-project/ExportedProject/Assets/Texture2D/ruler.png,49191de7dca4a49eb58d63884e2f9f502b7b9b2c4af0e6c1cc3affdb5cc4084a,db08f85d5cad1763193faf93d97de5fd9133bb37d950cb7ea5eb28d075938db3,_MainTex,Color,Assets/Game/LegacyImport/RuntimeBaseline/Generated/World/Textures/M06B2_de55715d3dd5ca640acb6c90f6aff319_color.png,4a6e6e58c3dd275e335f3c8662b9e8e5aaeedc581a4613d025ce83b1c1295b5d,1,1024,128,213491,175805,1,0,1,1,Repeat,Bilinear,1,TemporaryDirectImport,Converted,Source dimensions preserved; Read/Write off; CompressedHQ; shared across cells.
Texture,dea44cca6f16a4d42b9f8e4d5a7323c1,assetripper-unity-project/ExportedProject/Assets/Texture2D/parketti.png,25f94f979aecffea1eda378c187962735412ceba0d0e21e1214a9103f80850e6,82b1a3d6b8dde1095e73da97efdc664a5b394a394d46ae0dea92522f03329824,_MainTex,Color,Assets/Game/LegacyImport/RuntimeBaseline/Generated/World/Textures/M06B2_dea44cca6f16a4d42b9f8e4d5a7323c1_color.png,3d2bbe3f96f7a329b1a0870b59d9ba298812ad9e3295a61cf3ccd0ec8152fb95,1,512,512,444477,350493,1,0,1,1,Repeat,Bilinear,1,TemporaryDirectImport,Converted,Source dimensions preserved; Read/Write off; CompressedHQ; shared across cells.
Texture,df4cf34e97aa82b4e95f7b7af10c2f24,assetripper-unity-project/ExportedProject/Assets/Texture2D/wood_0.png,ec82e4ad0b0ec07d683ae927e938d3a3e56a204b5e42550fb13eb4c5fed00a8f,3fc7bed92aa003de9c5f02c77a1f7f853864ac16d7495e0ee0e58c82fe65e97a,_MainTex,Color,Assets/Game/LegacyImport/RuntimeBaseline/Generated/World/Textures/M06B2_df4cf34e97aa82b4e95f7b7af10c2f24_color.png,d0f3e06f9f6dbb7e45717e19127fc9e9b9980bc326f5bc71cc3850d0c08b2afb,1,512,512,385119,350493,1,0,1,1,Repeat,Bilinear,1,TemporaryDirectImport,Converted,Source dimensions preserved; Read/Write off; CompressedHQ; shared across cells.
Texture,df51b230af0d9f54abb745387a0a4b88,assetripper-unity-project/ExportedProject/Assets/Texture2D/soil13.png,1adfa20e60f3c42d0cf207bb032465af5aa12319018f7a34ce8a56ab4b38535b,bd58c7a76e29c44dd0c744b758952e51250ab4d8a46ff4fcaa3fbc9b084134bd,_MainTex,Color,Assets/Game/LegacyImport/RuntimeBaseline/Generated/World/Textures/M06B2_df51b230af0d9f54abb745387a0a4b88_color.png,555fedb97016a74f1050f91405710e491057e6e845990a2919968dc35ccbe384,1,1024,1024,2730216,1399069,1,0,1,1,Repeat,Bilinear,1,TemporaryDirectImport,Converted,Source dimensions preserved; Read/Write off; CompressedHQ; shared across cells.
Texture,e042401348995cb489e808cf409dcc8e,assetripper-unity-project/ExportedProject/Assets/Texture2D/carpet.png,8857e0a3f4f3937f8dc3c80a184a6162f7ab4410257509ddb9404025c32a7c5a,38cb23ae1ea795f5a64ee9b23fc5457a5fe1094fc05dde0d206849e80b38733f,_MainTex,Color,Assets/Game/LegacyImport/RuntimeBaseline/Generated/World/Textures/M06B2_e042401348995cb489e808cf409dcc8e_color.png,d5ae85caff0f674da09e7b03553182e694936c5f64cd7d1dc8fb12c368b15150,1,512,512,743060,350493,1,0,1,1,Repeat,Bilinear,1,TemporaryDirectImport,Converted,Source dimensions preserved; Read/Write off; CompressedHQ; shared across cells.
Texture,e061470728bcbef46b2f966b40a6a9f9,assetripper-unity-project/ExportedProject/Assets/Texture2D/cliff01.png,b6519507d6bbcc99fd7eab6b90590b2dd692de5a6b320ca07de16180ff6a9bc6,eb7e167689abd8f97673e71247bc8786b56b5854be9c38a8b2d138625fc3e71a,_Detail;_DetailAlbedoMap;_MainTex,Color,Assets/Game/LegacyImport/RuntimeBaseline/Generated/World/Textures/M06B2_e061470728bcbef46b2f966b40a6a9f9_color.png,2101f905ba2a6fa24d30f53c2e187b6106165a3d9c8b10a311f1b8360297ee59,5,512,512,573903,350493,1,0,1,1,Repeat,Bilinear,1,TemporaryDirectImport,Converted,Source dimensions preserved; Read/Write off; CompressedHQ; shared across cells.
Texture,e061470728bcbef46b2f966b40a6a9f9,assetripper-unity-project/ExportedProject/Assets/Texture2D/cliff01.png,b6519507d6bbcc99fd7eab6b90590b2dd692de5a6b320ca07de16180ff6a9bc6,eb7e167689abd8f97673e71247bc8786b56b5854be9c38a8b2d138625fc3e71a,_Detail (HDRP detail-albedo compatibility),DetailAlbedoPacked,Assets/Game/LegacyImport/RuntimeBaseline/Generated/World/Textures/M06B2_e061470728bcbef46b2f966b40a6a9f9_detailalbedopacked.png,156419c6833370566c1aaaaee846136bdf6bc10febd576e88fd69cfab87abaae,1,512,512,573903,350506,0,0,1,1,Repeat,Bilinear,1,TemporaryDirectImport,Converted,"Source dimensions preserved; frozen donor Diffuse Detail luminance packed deterministically as HDRP R=luma,G=0.5,B=0.5,A=0.5; linear Default import; Read/Write off; CompressedHQ; shared across cells."
Texture,e07905e653932304eafae32020117c7b,assetripper-unity-project/ExportedProject/Assets/Texture2D/bathroomfloor.png,ee717032044631bf9be58648943ef26015ae148d94727179981904af6c01fc9e,72a1f6799c2997f3fbcb0e4718cfd9091898834c3f2ff28d1b2907981bfa3605,_MainTex,Color,Assets/Game/LegacyImport/RuntimeBaseline/Generated/World/Textures/M06B2_e07905e653932304eafae32020117c7b_color.png,c48599e09b0ecf3932c575fcd344e8fbc622f68eeabaff79d5b9a35cf7b98225,1,512,512,528691,350493,1,0,1,1,Repeat,Bilinear,1,TemporaryDirectImport,Converted,Source dimensions preserved; Read/Write off; CompressedHQ; shared across cells.
Texture,e0846b87ffa637545a8b3535d0c04983,assetripper-unity-project/ExportedProject/Assets/Texture2D/treewall3.png,e1149095a7843976c170ad014cc070bef3d89988068117bce1a72952f8d5f893,abe7c7ebc4f5f3afde9ffba20e38e02960eb9f4a2f44ccd274f9056eda3a5fa7,_MainTex,Color,Assets/Game/LegacyImport/RuntimeBaseline/Generated/World/Textures/M06B2_e0846b87ffa637545a8b3535d0c04983_color.png,cd2399f260e925422f9ce9a768ba97ff29b6036f37713d5b66b2b9b3f49c713a,1,2048,1024,3399196,2797181,1,0,1,1,Repeat,Bilinear,1,TemporaryDirectImport,Converted,Source dimensions preserved; Read/Write off; CompressedHQ; shared across cells.
Texture,e1487dfc0c9e62343ae7d418ea1dd962,assetripper-unity-project/ExportedProject/Assets/Texture2D/carpet4.png,8f840c0476f89564c15dd5e39c20a34bac9d31786467ab91050039fe1e429e2b,0390698817a2ab9217611e84665c7f3530075b79e0dc23a03dcf3c4b066e6118,_MainTex,Color,Assets/Game/LegacyImport/RuntimeBaseline/Generated/World/Textures/M06B2_e1487dfc0c9e62343ae7d418ea1dd962_color.png,21243cb9b4f14af8455f07a3c542e1aa83b3031d01638afe9ba02b06cb8fb6ed,1,64,128,17596,11901,1,0,1,1,Repeat,Bilinear,1,TemporaryDirectImport,Converted,Source dimensions preserved; Read/Write off; CompressedHQ; shared across cells.
Texture,e1dcfb0090a1282489be2831dac3e75e,assetripper-unity-project/ExportedProject/Assets/Texture2D/repair_shop_concrete.png,4cc78ca4cba15abdfcd008800c39b7db67619bf24dbc08e15928056056a89fcf,e4d0a7a3591cb58730d37151a967b3b2106835fa9f8efc8b084534c2ec989bfc,_MainTex,Color,Assets/Game/LegacyImport/RuntimeBaseline/Generated/World/Textures/M06B2_e1dcfb0090a1282489be2831dac3e75e_color.png,3567771c0ea2a21b547159b71695392843725104882ce67adb949089cc059148,1,2048,2048,5815218,5593373,1,0,1,1,Repeat,Bilinear,1,TemporaryDirectImport,Converted,Source dimensions preserved; Read/Write off; CompressedHQ; shared across cells.
Texture,e2284847cde3a1444802c4e41ae3f9a4,assetripper-unity-project/ExportedProject/Assets/Texture2D/wood_panel2.png,0e39184668dee8d1b9e8ac302e0235df65d091cf8092595d292aa44d0215cd5b,9675169c9bcaf4d9f0f6882f26d800311c4f2aef347e58355a97d43c3034f8a7,_MainTex,Color,Assets/Game/LegacyImport/RuntimeBaseline/Generated/World/Textures/M06B2_e2284847cde3a1444802c4e41ae3f9a4_color.png,3e5e6f357e72e1bee878b788f44514677f434fa84791551525b800cc0741228c,1,512,512,362069,350493,1,0,1,1,Repeat,Bilinear,1,TemporaryDirectImport,Converted,Source dimensions preserved; Read/Write off; CompressedHQ; shared across cells.
Texture,e23c19a43258bd947a4e7dfeb5f4df93,assetripper-unity-project/ExportedProject/Assets/Texture2D/videopoker_screen_emission.png,db7664dd43c20510c8279c803fa2f9112032d846f480bc7b1e821d3165d0a8b2,86949b5da8c2dcebfb9b7a748771041af4cafb49e25c869932ce2435609a2622,_EmissionMap,Color,Assets/Game/LegacyImport/RuntimeBaseline/Generated/World/Textures/M06B2_e23c19a43258bd947a4e7dfeb5f4df93_color.png,93cdbb09082351977a8cb8e77c3369d7b6d599bba7f5592a6a4e3f2802b8b38e,1,1024,1024,659326,1399069,1,0,1,1,Repeat,Bilinear,1,TemporaryDirectImport,Converted,Source dimensions preserved; Read/Write off; CompressedHQ; shared across cells.
Texture,e3c3a2ca71d74e743b23c1c7f0599fd8,assetripper-unity-project/ExportedProject/Assets/Texture2D/carpet_plastic2.png,37de7328fa013e90e8c16fee2f8519d0537e1e11f832b0c3d84db1102348bfb3,b5636cd23896800eb663f0cf53e381f83c76da3f6106de6e66cc0c3e927f78e4,_MainTex,Color,Assets/Game/LegacyImport/RuntimeBaseline/Generated/World/Textures/M06B2_e3c3a2ca71d74e743b23c1c7f0599fd8_color.png,cfb498fcd65992c8b0606f76800962bca1da10011b70e78193e203b81f64031e,1,512,512,401044,350493,1,0,1,1,Repeat,Bilinear,1,TemporaryDirectImport,Converted,Source dimensions preserved; Read/Write off; CompressedHQ; shared across cells.
Texture,e41ac61bdf16e784aa7ed03244fb1352,assetripper-unity-project/ExportedProject/Assets/Texture2D/rockpale.png,f05a554fcc7e4e14690ce454a05372f50d5578c93d2195ca68145e2a06f6247e,49d64edb8c767aef03518f06bfedb995b88afa00e1f1357009451af6cfbe7918,_MainTex,Color,Assets/Game/LegacyImport/RuntimeBaseline/Generated/World/Textures/M06B2_e41ac61bdf16e784aa7ed03244fb1352_color.png,418a319bf19a2e35d771d91ff7d63c5b92a8b16f897f319e2177d04d2d0aac59,1,1024,1024,2429517,1399069,1,0,1,1,Repeat,Bilinear,1,TemporaryDirectImport,Converted,Source dimensions preserved; Read/Write off; CompressedHQ; shared across cells.
Texture,e567b43470b572b4a97dfbc4de67bd57,assetripper-unity-project/ExportedProject/Assets/Texture2D/smoke4.png,057424b3b937fdcba24e2e84026c7b51e3434f51d3be0a15e93db80022a076a3,789ab38bc2b28cd0b25c5a01baa3b06ad7aea5d40a6e844587ccc3ad46d17654,_MainTex,Color,Assets/Game/LegacyImport/RuntimeBaseline/Generated/World/Textures/M06B2_e567b43470b572b4a97dfbc4de67bd57_color.png,30c8c9fef72d5d0fecdc17804cb270cc5accf59052a29f32f8acdfa4e818ceca,1,256,256,102976,88349,1,0,1,1,Repeat,Bilinear,1,TemporaryDirectImport,Converted,Source dimensions preserved; Read/Write off; CompressedHQ; shared across cells.
Texture,e6b763add50cf60479ca5a8fd325fd8d,assetripper-unity-project/ExportedProject/Assets/Texture2D/truck_frame.png,6a8913ed392e6f7ae2ec78105efaa7dab93532848147e2fe94aa10d76642d1af,bf8ca0a7e18ba3e488149928b5ca7470e25b470a06ac277c553100635fe28ac5,_MainTex,Color,Assets/Game/LegacyImport/RuntimeBaseline/Generated/World/Textures/M06B2_e6b763add50cf60479ca5a8fd325fd8d_color.png,0345c32e4ce9268c142c6fbaf21f873439e6f565b3ac2a80247037cbaf08b62c,1,1024,1024,1348507,1399069,1,0,1,1,Repeat,Bilinear,1,TemporaryDirectImport,Converted,Source dimensions preserved; Read/Write off; CompressedHQ; shared across cells.
Texture,e70dd1e755a289241a3db7015daf6505,assetripper-unity-project/ExportedProject/Assets/Texture2D/slot_machine.png,832458c238aca49d342627c6d60b6dfef93b7badb6f7f8702f4fc67feda6f7ec,493a1b728e4b1657c758a0777a3aff821239aa96a1b2b97a482f21a1d18b5042,_MainTex,Color,Assets/Game/LegacyImport/RuntimeBaseline/Generated/World/Textures/M06B2_e70dd1e755a289241a3db7015daf6505_color.png,a1389998bf58034283f2418efe7287fc56fa9a70968c06c353fb080f4976b0d5,1,1024,1024,1583900,1399069,1,0,1,1,Repeat,Bilinear,1,TemporaryDirectImport,Converted,Source dimensions preserved; Read/Write off; CompressedHQ; shared across cells.
Texture,e7d2e3e6b9f796644949d367de6bf1d9,assetripper-unity-project/ExportedProject/Assets/Texture2D/airport_concrete.png,be37fe0fad62c6b89a2c6450eb423128bb504684fd97bbbd0fe884d963a7db14,5922027f3ee217a30a8581127e07651ffada4bdd93337334881a51f213422470,_MainTex,Color,Assets/Game/LegacyImport/RuntimeBaseline/Generated/World/Textures/M06B2_e7d2e3e6b9f796644949d367de6bf1d9_color.png,345e716c45d5461556c7f3798cba50f7469f2e13781369ce30efefad62a7387e,1,1024,1024,2033205,1399069,1,0,1,1,Repeat,Bilinear,1,TemporaryDirectImport,Converted,Source dimensions preserved; Read/Write off; CompressedHQ; shared across cells.
Texture,e987e53d626d5c944a8186bc442eac82,assetripper-unity-project/ExportedProject/Assets/Texture2D/BigTree_bark_diffuse.png,7c6a6cce7b1a63e3b5d066e91499c62b8f2710d212d0bc464eeeca6dae4c0ed0,5ceeded5f9ca3dc73b115160df99b72489ab1d150603c6e68310c5510c9097d4,_MainTex,Color,Assets/Game/LegacyImport/RuntimeBaseline/Generated/World/Textures/M06B2_e987e53d626d5c944a8186bc442eac82_color.png,e405dadf153bd024c3b030add8f1d551b34cbc917b4c6ef65c768c8213b18047,1,512,512,683000,350493,1,0,1,1,Repeat,Bilinear,1,TemporaryDirectImport,Converted,Source dimensions preserved; Read/Write off; CompressedHQ; shared across cells.
Texture,e987e53d626d5c944a8186bc442eac82,assetripper-unity-project/ExportedProject/Assets/Texture2D/BigTree_bark_diffuse.png,7c6a6cce7b1a63e3b5d066e91499c62b8f2710d212d0bc464eeeca6dae4c0ed0,5ceeded5f9ca3dc73b115160df99b72489ab1d150603c6e68310c5510c9097d4,_SpecGlossMap,Linear,Assets/Game/LegacyImport/RuntimeBaseline/Generated/World/Textures/M06B2_e987e53d626d5c944a8186bc442eac82_linear.png,39cbad9bd8737654f3c2a219e37968b1f7be3493c64386a4fdca8a9a445a965c,1,512,512,683000,350494,0,0,1,1,Repeat,Bilinear,1,TemporaryDirectImport,Converted,Source dimensions preserved; Read/Write off; CompressedHQ; shared across cells.
Texture,eb3a884c9b789014784bd7ae066e4db8,assetripper-unity-project/ExportedProject/Assets/Texture2D/dashboard_glass.png,0988a9610440aea5de3632fb98ee668d27049f5d4ae2f2a17002c51e6ce19b15,565be66943c56b8e76843b262f9121eb7d1e5947181a31c160bd96a866682797,_MainTex,Color,Assets/Game/LegacyImport/RuntimeBaseline/Generated/World/Textures/M06B2_eb3a884c9b789014784bd7ae066e4db8_color.png,653ac3e621f5e904e8354ebb4e39dcf633ed0fdaea88ba26abf31f75899af553,1,1024,1024,2433934,1399069,1,0,1,1,Repeat,Bilinear,1,TemporaryDirectImport,Converted,Source dimensions preserved; Read/Write off; CompressedHQ; shared across cells.
Texture,edcd3f2f4121b804dad4ff2641435fb1,assetripper-unity-project/ExportedProject/Assets/Texture2D/paint3.png,81807aadeaa2845ab7ec931f5fb0a484472a5b25901adc6f6a7df23a4d42170d,082469d33e30ba926bd21583f3a08abccd2246c31c61ddbac3cd081e5ce4f919,_MainTex,Color,Assets/Game/LegacyImport/RuntimeBaseline/Generated/World/Textures/M06B2_edcd3f2f4121b804dad4ff2641435fb1_color.png,fffefd86159bcf16105b9336b6850b229e6e05a44f4e5efa8a461d6e50a8f5b2,4,256,256,67294,88349,1,0,1,1,Repeat,Bilinear,1,TemporaryDirectImport,Converted,Source dimensions preserved; Read/Write off; CompressedHQ; shared across cells.
Texture,edcefd88ed9efd94a8e6072b1e02d305,assetripper-unity-project/ExportedProject/Assets/Texture2D/metal_floor_0.png,6f91265d411b684627f86279a5dcc72786e217fd4123c1e0ed5c5061e782c632,6845f9c45a7bd21b1947c3b5fc972776bc01eef90a41bba56ddc1d9053347f62,_MainTex,Color,Assets/Game/LegacyImport/RuntimeBaseline/Generated/World/Textures/M06B2_edcefd88ed9efd94a8e6072b1e02d305_color.png,698cf9e840dedfdb627d7e17c0ee823e5dd6c1a8f6683b9690b10316ff869fe9,1,256,256,126981,88349,1,0,1,1,Repeat,Bilinear,1,TemporaryDirectImport,Converted,Source dimensions preserved; Read/Write off; CompressedHQ; shared across cells.
Texture,ef42ec2cf7f8e474f97c531c9e25fecd,assetripper-unity-project/ExportedProject/Assets/Texture2D/kuosi.png,552dd6ed43d6b1993f0aef875b8f2b2ceb5a0f335ab635da7c2a40f77305d4f5,fe2f120e858f5ee63610fd0fef5781d17f4574fcd66adc0e891eae1c87bf423f,_MainTex,Color,Assets/Game/LegacyImport/RuntimeBaseline/Generated/World/Textures/M06B2_ef42ec2cf7f8e474f97c531c9e25fecd_color.png,44944708c31089f12f307cfc2be484a0915ef031cef8aeac70368aa5b32606e9,1,512,512,746123,350493,1,0,1,1,Repeat,Bilinear,1,TemporaryDirectImport,Converted,Source dimensions preserved; Read/Write off; CompressedHQ; shared across cells.
Texture,ef8f357d82aad8245a218b6f6bc92d92,assetripper-unity-project/ExportedProject/Assets/Texture2D/wheat_side_n.png,88ee04060bd84995f013c255416c1a50229de86b03893462b8abb2a8f161e365,65e1be3aa9b1ccb90a9d146b429ed4c47b7d88a916b84c02396320211b617ed5,_BumpMap,Normal,Assets/Game/LegacyImport/RuntimeBaseline/Generated/World/Textures/M06B2_ef8f357d82aad8245a218b6f6bc92d92_normal.png,6932a6b0fcafca55a18273592e4a9189ba8773435a07dadbc94421ce75769f86,1,128,128,20136,22814,0,1,1,1,Repeat,Trilinear,1,TemporaryDirectImport,Converted,Source dimensions preserved; Read/Write off; CompressedHQ; shared across cells.
Texture,efa75dbda909d8d4cb8575c1f14a5bbf,assetripper-unity-project/ExportedProject/Assets/Texture2D/wood5.png,97bb872777f21cff7effb9635ad037b80d2302b7536479328dac7f5b56dfcab3,0b6998146d79fcc122f654611ef3ff2cb1f56c816ce658f278c2770c655086c0,_MainTex,Color,Assets/Game/LegacyImport/RuntimeBaseline/Generated/World/Textures/M06B2_efa75dbda909d8d4cb8575c1f14a5bbf_color.png,151b6ab2d0aa5574c78cb6489ef48a43789aca15c80bf3eb1a660889ceb0c7b7,3,512,512,348067,350493,1,0,1,1,Repeat,Bilinear,1,TemporaryDirectImport,Converted,Source dimensions preserved; Read/Write off; CompressedHQ; shared across cells.
Texture,efa8e23b04bb32c49bb664b3a894c481,assetripper-unity-project/ExportedProject/Assets/Texture2D/cash_register.png,9330b1957264e6e446953fbbcbef6b4753792d122ed5c775e5f3fb29f32798b5,44ccf9e4100a3a52e5ad3f04ec07194d37f1c281af922f1c8e391513a5332ec0,_MainTex,Color,Assets/Game/LegacyImport/RuntimeBaseline/Generated/World/Textures/M06B2_efa8e23b04bb32c49bb664b3a894c481_color.png,dc7a67aa547851de09a3d6488ca6b7fc3683366d0d8d2431385127017df1e87f,1,256,256,25260,88349,1,0,1,1,Repeat,Bilinear,1,TemporaryDirectImport,Converted,Source dimensions preserved; Read/Write off; CompressedHQ; shared across cells.
Texture,f176846bda165e44f8972f4e59e252ba,assetripper-unity-project/ExportedProject/Assets/Texture2D/wood8.png,be79b7724674bfe983380a387da5ca11426cf02be87cd1a8a0ed27159f93dc9b,193d1722b40075e2ea92f2bbb77e35ec62cde73f3e3548612f3ebaa4a4db56b5,_MainTex,Color,Assets/Game/LegacyImport/RuntimeBaseline/Generated/World/Textures/M06B2_f176846bda165e44f8972f4e59e252ba_color.png,29b8a59c63805929e971bf0a2198500fc05347d4f8937f6985581315eaaef3f5,1,512,512,481485,350493,1,0,1,1,Repeat,Bilinear,1,TemporaryDirectImport,Converted,Source dimensions preserved; Read/Write off; CompressedHQ; shared across cells.
Texture,f2d3e175343b664428c85a4096439fc5,assetripper-unity-project/ExportedProject/Assets/Texture2D/ATLAS_ART.png,bc421edeef6d153ca8baab4f99afe0c253c9afbc3d26975e8d649a39d1104982,9b4b0857c95723a017f5bbd21dfb2ed314b64c6a034262a5ffe2c5d46cf5a60d,_MainTex,Color,Assets/Game/LegacyImport/RuntimeBaseline/Generated/World/Textures/M06B2_f2d3e175343b664428c85a4096439fc5_color.png,2d9edc21bbd11e5d2c31555c1e5087abef6e06a966ef86195a7bd9e7f95fbedd,1,2048,2048,3370544,5593373,1,0,1,1,Repeat,Bilinear,1,TemporaryDirectImport,Converted,Source dimensions preserved; Read/Write off; CompressedHQ; shared across cells.
Texture,f4795e5371f75b74e910997a99c764b7,assetripper-unity-project/ExportedProject/Assets/Texture2D/ATLAS_MOTORPARTS.png,43376920fa2f626600d24ea83769eaef6c582893ec37d9974835fa250fb61a1f,dc34fbb26f3e44c30d2591216a295fa3ea75d53d849f55b59064ffbcbcf7fc5a,_MainTex,Color,Assets/Game/LegacyImport/RuntimeBaseline/Generated/World/Textures/M06B2_f4795e5371f75b74e910997a99c764b7_color.png,7a261278c7b68f20036331f03fa058dccbb12316644ef48155349d04091573ae,1,2048,2048,6144103,5593373,1,0,1,1,Repeat,Bilinear,1,TemporaryDirectImport,Converted,Source dimensions preserved; Read/Write off; CompressedHQ; shared across cells.
Texture,f614f497095d0a2499917c9f88f64f01,assetripper-unity-project/ExportedProject/Assets/Texture2D/flagpole.png,fd962eac91c0600f24a4d2a42b523a5446dd3807fc72edb3f17a4640f651e719,8e074da07768a3086e539c90265fadee3402afd1c953b4990072a885e089b617,_MainTex,Color,Assets/Game/LegacyImport/RuntimeBaseline/Generated/World/Textures/M06B2_f614f497095d0a2499917c9f88f64f01_color.png,b84a4fab61c6cadca9c0e96626b7fda2fb4fc3944ea00c46c9810bb8cdd721eb,1,512,512,209462,350493,1,0,1,1,Repeat,Bilinear,1,TemporaryDirectImport,Converted,Source dimensions preserved; Read/Write off; CompressedHQ; shared across cells.
Texture,f6704cc6a77f22d4c9b9c0eaba6c9188,assetripper-unity-project/ExportedProject/Assets/Texture2D/wood.png,77fcfb8a3817fd5d7d9616134ef7798c2fe0f70f17b21367cfa1a381e7a7adf8,a9dd5f57f27d3c96776f28b7569f2edce48094b2157e0dcd7d7a92554eb531f8,_MainTex,Color,Assets/Game/LegacyImport/RuntimeBaseline/Generated/World/Textures/M06B2_f6704cc6a77f22d4c9b9c0eaba6c9188_color.png,43e762fda437ed511f68242b3cedbc819b6f47508024c91ad5dfcac3e65c2e9a,1,512,512,508315,350493,1,0,1,1,Repeat,Bilinear,1,TemporaryDirectImport,Converted,Source dimensions preserved; Read/Write off; CompressedHQ; shared across cells.
Texture,fc1f239d35f468d44a1ef3e4760ac6f8,assetripper-unity-project/ExportedProject/Assets/Texture2D/wood_panel12.png,caf0ae31c575934cd4b5eda556b41edffe9e13a6d76401594b57854c4c897aa4,49e6590d69014915716308a80fb3edf8ed8f4070b29b7491e127dd44873c6d16,_MainTex,Color,Assets/Game/LegacyImport/RuntimeBaseline/Generated/World/Textures/M06B2_fc1f239d35f468d44a1ef3e4760ac6f8_color.png,b1db71332576f7055a20b39cf4f75ad20af4b2ba0c3123d29a9bcdcdab4c67ba,1,1024,1024,1154660,1399069,1,0,1,1,Repeat,Bilinear,1,TemporaryDirectImport,Converted,Source dimensions preserved; Read/Write off; CompressedHQ; shared across cells.
Texture,fc7bd51e42b0d3042ab168296aab73cb,assetripper-unity-project/ExportedProject/Assets/Texture2D/fur.png,fa009eb2157e92ebc681aed1f14cecaa167debe0f5e05c24c6759f3798898a9d,af8db2f60cfccdc638ef3ecac20e2347c46daa78e14ec3c99367ad318a0e883d,_DetailAlbedoMap,Color,Assets/Game/LegacyImport/RuntimeBaseline/Generated/World/Textures/M06B2_fc7bd51e42b0d3042ab168296aab73cb_color.png,a0b222cdfb2881669737051e6cead73ec02b1902ad00656eaeb055ccd00dbd66,1,512,512,646891,350493,1,0,1,1,Repeat,Bilinear,1,TemporaryDirectImport,Converted,Source dimensions preserved; Read/Write off; CompressedHQ; shared across cells.
Texture,fd5ed00d3d93e3e4794aa5c8f742985d,assetripper-unity-project/ExportedProject/Assets/Texture2D/dirtroad.png,916bc805bc4cebe83f76ca2343978cb1a9a5f885cf9536f92b960eb72d5903b4,cc29b1f2e95313c08b5755d544ad53ca5602439b565e223050ec68976a6e7351,_MainTex,Color,Assets/Game/LegacyImport/RuntimeBaseline/Generated/World/Textures/M06B2_fd5ed00d3d93e3e4794aa5c8f742985d_color.png,5fcf273b848b7222d0a526fcd090b7a6730caca1e074b1c0381913368f555fc6,1,1024,2048,3719513,2797181,1,0,1,1,Repeat,Bilinear,1,TemporaryDirectImport,Converted,Source dimensions preserved; Read/Write off; CompressedHQ; shared across cells.
Texture,fe2c360f940cbfc4b91f2baae2b469bd,assetripper-unity-project/ExportedProject/Assets/Texture2D/fabric4.png,c5d016d9e485e88b8f9ab81d5a860b2a3cb36c5d55370867925cf70c63d0f5af,a566e5287d303b5ffd735954a6991f5cdf13db62ab2ced6528f42fdfe0d35331,_MainTex,Color,Assets/Game/LegacyImport/RuntimeBaseline/Generated/World/Textures/M06B2_fe2c360f940cbfc4b91f2baae2b469bd_color.png,c3457e35c03297ac03ed8b64e1292a0787dd99649a63fb88442ba225df6c6ba0,1,256,128,83767,44669,1,0,1,1,Repeat,Bilinear,1,TemporaryDirectImport,Converted,Source dimensions preserved; Read/Write off; CompressedHQ; shared across cells.
Texture,fe3d3aafedc71d14ea8f3136d2fb8b26,assetripper-unity-project/ExportedProject/Assets/Texture2D/brickwall2.png,f28aea796e458d9c2bb3472f0132ee0338202ccd1a01088b308bb87dc14c5fac,6b4ff183da02105206a91eaac432e80e3746ac5058e68afa994c0efb63a4c41d,_DetailAlbedoMap,Color,Assets/Game/LegacyImport/RuntimeBaseline/Generated/World/Textures/M06B2_fe3d3aafedc71d14ea8f3136d2fb8b26_color.png,9338f000ebd6098e784732db7c731b6801fa5cae00d95a504b572ea1ec57f0ec,1,512,512,594249,350493,1,0,1,1,Repeat,Bilinear,1,TemporaryDirectImport,Converted,Source dimensions preserved; Read/Write off; CompressedHQ; shared across cells.
Texture,ff1ef3d061e65db4b8c8763b5a419c1d,assetripper-unity-project/ExportedProject/Assets/Texture2D/traffic_signs.png,92037f79a80ce7c03fc395f489d483c777c468df100c646fbeaf7c94cbf2f632,a0be7697b9a92123234f556b84046a2174d6e57615c131972dde0c86714b31f3,_MainTex,Color,Assets/Game/LegacyImport/RuntimeBaseline/Generated/World/Textures/M06B2_ff1ef3d061e65db4b8c8763b5a419c1d_color.png,598a0d84c1e442baf3aeb92d03095f756652cd9a5a5096303b199e706b177b96,1,1024,1024,329053,1399069,1,0,1,1,Repeat,Bilinear,1,TemporaryDirectImport,Converted,Source dimensions preserved; Read/Write off; CompressedHQ; shared across cells.
