AssetPath,Scene,PrefabGuid,HierarchyPath,WorldPosition,LocalPosition,InferredType,ExistingLight,ExistingEmissiveRenderer,ExistingSwitch,InferredCircuit,Classification,Confidence,LightPlacementApplied,ManualReviewRequired,ManualReviewReason
"Assets/Game/Bootstrap/Bootstrap.unity","Bootstrap","","Game Composition Root/LightingGameplayBindings/LightSwitch_living-room","157.553;2.457;-1035.576","157.553;2.457;-1035.576","DomesticIncandescent","False","False","True","grid.building.dcde1097","SemanticAndMaterialCandidate","0.31","False","True","No existing Light component; automatic placement would guess physical origin and aiming."
"Assets/Game/Bootstrap/Bootstrap.unity","Bootstrap","","Game Composition Root/LightingGameplayBindings/LightSwitch_bedroom-parents","165.779;2.457;-1029.734","165.779;2.457;-1029.734","DomesticIncandescent","False","False","True","grid.building.dcde1097","SemanticAndMaterialCandidate","0.31","False","True","No existing Light component; automatic placement would guess physical origin and aiming."
"Assets/Game/Bootstrap/Bootstrap.unity","Bootstrap","","Game Composition Root/LightingGameplayBindings/LightSwitch_kitchen","158.889;2.444;-1032.006","158.889;2.444;-1032.006","DomesticIncandescent","False","False","True","grid.building.dcde1097","SemanticAndMaterialCandidate","0.31","False","True","No existing Light component; automatic placement would guess physical origin and aiming."
"Assets/Game/Bootstrap/Bootstrap.unity","Bootstrap","","Game Composition Root/LightingGameplayBindings/LightSwitch_garage","155.078;2.455;-1033.571","155.078;2.455;-1033.571","DomesticIncandescent","False","False","True","grid.building.dcde1097","SemanticAndMaterialCandidate","0.31","False","True","No existing Light component; automatic placement would guess physical origin and aiming."
"Assets/Game/Bootstrap/Bootstrap.unity","Bootstrap","","Game Composition Root/LightingGameplayBindings/LightSwitch_bedroom-boy","159.433;2.457;-1029.734","159.433;2.457;-1029.734","DomesticIncandescent","False","False","True","grid.building.dcde1097","SemanticAndMaterialCandidate","0.31","False","True","No existing Light component; automatic placement would guess physical origin and aiming."
"Assets/Game/Bootstrap/Bootstrap.unity","Bootstrap","","Game Composition Root/LightingGameplayBindings/LightSwitch_bathroom","157.583;2.457;-1038.064","157.583;2.457;-1038.064","DomesticIncandescent","False","False","True","grid.building.dcde1097","SemanticAndMaterialCandidate","0.31","False","True","No existing Light component; automatic placement would guess physical origin and aiming."
"Assets/Game/Bootstrap/Bootstrap.unity","Bootstrap","","Game Composition Root/LightingGameplayBindings/LightSwitch_hallway","158.434;2.457;-1029.977","158.434;2.457;-1029.977","DomesticIncandescent","False","False","True","grid.building.dcde1097","SemanticAndMaterialCandidate","0.31","False","True","No existing Light component; automatic placement would guess physical origin and aiming."
"Assets/Game/Development/WeatherLab/Scenes/WeatherLab.unity","WeatherLab","","WeatherLab_Root/Props/StationaryVehicleProxy/Headlight_1","2.35;0.75;-5.88","-0.65;0.75;2.12","VehicleLowBeam","True","False","False","vehicle.electrical.lighting","ExistingLight+SemanticAndMaterialEvidence","0.90","True","False",""
"Assets/Game/Development/WeatherLab/Scenes/WeatherLab.unity","WeatherLab","","WeatherLab_Root/Props/StationaryVehicleProxy/Headlight_2","3.65;0.75;-5.88","0.65;0.75;2.12","VehicleLowBeam","True","False","False","vehicle.electrical.lighting","ExistingLight+SemanticAndMaterialEvidence","0.90","True","False",""
"Assets/Game/Development/WeatherLab/Scenes/WeatherLab.unity","WeatherLab","","WeatherLab_Root/CaptureAnchors/W07A-CAP-HEADLIGHTS-01","3;1.2;-2","3;1.2;-2","VehicleLowBeam","False","False","False","vehicle.electrical.lighting","SemanticAndMaterialCandidate","0.37","False","True","No existing Light component; automatic placement would guess physical origin and aiming."
"Assets/Game/Development/WeatherLab/Scenes/WeatherLab.unity","WeatherLab","","WeatherLab_Root/LightingFixtures","0;0;0","0;0;0","DomesticIncandescent","False","False","False","grid.building.a68504bb","SemanticAndMaterialCandidate","0.31","False","True","No existing Light component; automatic placement would guess physical origin and aiming."
"Assets/Game/Development/WeatherLab/Scenes/WeatherLab.unity","WeatherLab","","WeatherLab_Root/LightingFixtures/InteriorPractical","-10;2.55;10","-10;2.55;10","DomesticIncandescent","True","False","False","grid.building.a68504bb","ExistingLight+SemanticAndMaterialEvidence","0.78","True","False",""
"Assets/Game/LegacyImport/RuntimeBaseline/Generated/World/Scenes/World_DonorBaseline_Canonical.unity","World_DonorBaseline_Canonical","","DONOR_WORLD_BASELINE_TEMPORARY_DIRECT_IMPORT/SANITIZED_STATIC_RENDER_GEOMETRY/BuildingExterior · lamp cord 1 · YARD / LIGHT [24633]","200.138;3.894;-1080.72","200.138;3.894;-1080.72","ExteriorBuilding","False","False","False","grid.building.d733fc06","SemanticAndMaterialCandidate","0.37","False","True","No existing Light component; automatic placement would guess physical origin and aiming."
"Assets/Game/LegacyImport/RuntimeBaseline/Generated/World/Scenes/World_DonorBaseline_Canonical.unity","World_DonorBaseline_Canonical","","DONOR_WORLD_BASELINE_TEMPORARY_DIRECT_IMPORT/SANITIZED_STATIC_RENDER_GEOMETRY/BuildingExterior · light switch button · YARD / light switch [19784]","157.553;2.457;-1035.576","157.553;2.457;-1035.576","ExteriorBuilding","False","False","True","grid.building.d733fc06","SemanticAndMaterialCandidate","0.31","False","True","No existing Light component; automatic placement would guess physical origin and aiming."
"Assets/Game/LegacyImport/RuntimeBaseline/Generated/World/Scenes/World_DonorBaseline_Canonical.unity","World_DonorBaseline_Canonical","","DONOR_WORLD_BASELINE_TEMPORARY_DIRECT_IMPORT/SANITIZED_STATIC_RENDER_GEOMETRY/BuildingExterior · light switch · STORE / switch door [34992]","-1380.562;5.912;142.693","-1380.562;5.912;142.693","ExteriorBuilding","False","False","True","grid.building.d733fc06","SemanticAndMaterialCandidate","0.31","False","True","No existing Light component; automatic placement would guess physical origin and aiming."
"Assets/Game/LegacyImport/RuntimeBaseline/Generated/World/Scenes/World_DonorBaseline_Canonical.unity","World_DonorBaseline_Canonical","","DONOR_WORLD_BASELINE_TEMPORARY_DIRECT_IMPORT/SANITIZED_STATIC_RENDER_GEOMETRY/BuildingExterior · toiletlamp · PERAJARVI / WC [5803]","-1120.635;4.439;41.022","-1120.635;4.439;41.022","ExteriorBuilding","False","False","False","grid.building.d733fc06","SemanticAndMaterialCandidate","0.31","False","True","No existing Light component; automatic placement would guess physical origin and aiming."
"Assets/Game/LegacyImport/RuntimeBaseline/Generated/World/Scenes/World_DonorBaseline_Canonical.unity","World_DonorBaseline_Canonical","","DONOR_WORLD_BASELINE_TEMPORARY_DIRECT_IMPORT/SANITIZED_STATIC_RENDER_GEOMETRY/UtilityPole · lightpole · MAP / LOD [4473]","-1484.64;5.111;-1479.475","-1484.64;5.111;-1479.475","DomesticIncandescent","False","False","False","grid.building.d733fc06","SemanticAndMaterialCandidate","0.31","False","True","No existing Light component; automatic placement would guess physical origin and aiming."
"Assets/Game/LegacyImport/RuntimeBaseline/Generated/World/Scenes/World_DonorBaseline_Canonical.unity","World_DonorBaseline_Canonical","","DONOR_WORLD_BASELINE_TEMPORARY_DIRECT_IMPORT/SANITIZED_STATIC_RENDER_GEOMETRY/BuildingExterior · office lamp 10 · STORE / Lamps [12417]","-1381.223;7.777;142.172","-1381.223;7.777;142.172","ExteriorBuilding","False","False","False","grid.building.d733fc06","SemanticAndMaterialCandidate","0.31","False","True","No existing Light component; automatic placement would guess physical origin and aiming."
"Assets/Game/LegacyImport/RuntimeBaseline/Generated/World/Scenes/World_DonorBaseline_Canonical.unity","World_DonorBaseline_Canonical","","DONOR_WORLD_BASELINE_TEMPORARY_DIRECT_IMPORT/SANITIZED_STATIC_RENDER_GEOMETRY/BuildingInterior · light switch button · YARD / light switch [6002]","165.779;2.457;-1029.734","165.779;2.457;-1029.734","DomesticIncandescent","False","False","True","grid.building.d733fc06","SemanticAndMaterialCandidate","0.31","False","True","No existing Light component; automatic placement would guess physical origin and aiming."
"Assets/Game/LegacyImport/RuntimeBaseline/Generated/World/Scenes/World_DonorBaseline_Canonical.unity","World_DonorBaseline_Canonical","","DONOR_WORLD_BASELINE_TEMPORARY_DIRECT_IMPORT/SANITIZED_STATIC_RENDER_GEOMETRY/BuildingExterior · Cube · REPAIRSHOP / office lamp 3 [21580]","1723.301;9.216;-303.012","1723.301;9.216;-303.012","FleetariWorkshop","False","False","False","grid.fleetari.workshop","SemanticAndMaterialCandidate","0.31","False","True","No existing Light component; automatic placement would guess physical origin and aiming."
"Assets/Game/LegacyImport/RuntimeBaseline/Generated/World/Scenes/World_DonorBaseline_Canonical.unity","World_DonorBaseline_Canonical","","DONOR_WORLD_BASELINE_TEMPORARY_DIRECT_IMPORT/SANITIZED_STATIC_RENDER_GEOMETRY/UtilityPole · lightpole · MAP / LOD [10179]","-1532.62;10.061;-59.625","-1532.62;10.061;-59.625","DomesticIncandescent","False","False","False","grid.building.d733fc06","SemanticAndMaterialCandidate","0.31","False","True","No existing Light component; automatic placement would guess physical origin and aiming."
"Assets/Game/LegacyImport/RuntimeBaseline/Generated/World/Scenes/World_DonorBaseline_Canonical.unity","World_DonorBaseline_Canonical","","DONOR_WORLD_BASELINE_TEMPORARY_DIRECT_IMPORT/SANITIZED_STATIC_RENDER_GEOMETRY/BuildingExterior · office lamp 10 · INSPECTION / LOD [9425]","-1357.219;7.421;222.315","-1357.219;7.421;222.315","ExteriorBuilding","False","False","False","grid.building.d733fc06","SemanticAndMaterialCandidate","0.31","False","True","No existing Light component; automatic placement would guess physical origin and aiming."
"Assets/Game/LegacyImport/RuntimeBaseline/Generated/World/Scenes/World_DonorBaseline_Canonical.unity","World_DonorBaseline_Canonical","","DONOR_WORLD_BASELINE_TEMPORARY_DIRECT_IMPORT/SANITIZED_STATIC_RENDER_GEOMETRY/BuildingExterior · office lamp 5 · STORE / Lamps [6564]","-1377.667;7.777;142.529","-1377.667;7.777;142.529","ExteriorBuilding","False","False","False","grid.building.d733fc06","SemanticAndMaterialCandidate","0.31","False","True","No existing Light component; automatic placement would guess physical origin and aiming."
"Assets/Game/LegacyImport/RuntimeBaseline/Generated/World/Scenes/World_DonorBaseline_Canonical.unity","World_DonorBaseline_Canonical","","DONOR_WORLD_BASELINE_TEMPORARY_DIRECT_IMPORT/SANITIZED_STATIC_RENDER_GEOMETRY/BuildingExterior · slot machine lights · STORE / slot machine 1 [5952]","-1378.712;5.756;138.965","-1378.712;5.756;138.965","ExteriorBuilding","False","False","False","grid.building.d733fc06","SemanticAndMaterialCandidate","0.31","False","True","No existing Light component; automatic placement would guess physical origin and aiming."
"Assets/Game/LegacyImport/RuntimeBaseline/Generated/World/Scenes/World_DonorBaseline_Canonical.unity","World_DonorBaseline_Canonical","","DONOR_WORLD_BASELINE_TEMPORARY_DIRECT_IMPORT/SANITIZED_STATIC_RENDER_GEOMETRY/UtilityPole · lightpole 1 · LANDFILL [35498]","-606.45;18.601;-1687.515","-606.45;18.601;-1687.515","DomesticIncandescent","False","False","False","grid.building.d733fc06","SemanticAndMaterialCandidate","0.31","False","True","No existing Light component; automatic placement would guess physical origin and aiming."
"Assets/Game/LegacyImport/RuntimeBaseline/Generated/World/Scenes/World_DonorBaseline_Canonical.unity","World_DonorBaseline_Canonical","","DONOR_WORLD_BASELINE_TEMPORARY_DIRECT_IMPORT/SANITIZED_STATIC_RENDER_GEOMETRY/BuildingInterior · light switch button · YARD / light switch [5324]","158.889;2.444;-1032.006","158.889;2.444;-1032.006","DomesticIncandescent","False","False","True","grid.building.d733fc06","SemanticAndMaterialCandidate","0.31","False","True","No existing Light component; automatic placement would guess physical origin and aiming."
"Assets/Game/LegacyImport/RuntimeBaseline/Generated/World/Scenes/World_DonorBaseline_Canonical.unity","World_DonorBaseline_Canonical","","DONOR_WORLD_BASELINE_TEMPORARY_DIRECT_IMPORT/SANITIZED_STATIC_RENDER_GEOMETRY/BuildingExterior · Cube 1 · STORE / Lamps [17563]","-1378.825;7.826;141.788","-1378.825;7.826;141.788","ExteriorBuilding","False","False","False","grid.building.d733fc06","SemanticAndMaterialCandidate","0.31","False","True","No existing Light component; automatic placement would guess physical origin and aiming."
"Assets/Game/LegacyImport/RuntimeBaseline/Generated/World/Scenes/World_DonorBaseline_Canonical.unity","World_DonorBaseline_Canonical","","DONOR_WORLD_BASELINE_TEMPORARY_DIRECT_IMPORT/SANITIZED_STATIC_RENDER_GEOMETRY/BuildingExterior · light switch · YARD / switch hallway [5797]","158.434;2.457;-1029.977","158.434;2.457;-1029.977","ExteriorBuilding","False","False","True","grid.building.d733fc06","SemanticAndMaterialCandidate","0.31","False","True","No existing Light component; automatic placement would guess physical origin and aiming."
"Assets/Game/LegacyImport/RuntimeBaseline/Generated/World/Scenes/World_DonorBaseline_Canonical.unity","World_DonorBaseline_Canonical","","DONOR_WORLD_BASELINE_TEMPORARY_DIRECT_IMPORT/SANITIZED_STATIC_RENDER_GEOMETRY/BuildingExterior · light switch · YARD / switch entry [29638]","157.553;2.457;-1035.576","157.553;2.457;-1035.576","ExteriorBuilding","False","False","True","grid.building.d733fc06","SemanticAndMaterialCandidate","0.31","False","True","No existing Light component; automatic placement would guess physical origin and aiming."
"Assets/Game/LegacyImport/RuntimeBaseline/Generated/World/Scenes/World_DonorBaseline_Canonical.unity","World_DonorBaseline_Canonical","","DONOR_WORLD_BASELINE_TEMPORARY_DIRECT_IMPORT/SANITIZED_STATIC_RENDER_GEOMETRY/BuildingExterior · 3 · STORE / Lightbulb [29562]","-1381.48;7.059;140.53","-1381.48;7.059;140.53","ExteriorBuilding","False","False","False","grid.building.d733fc06","SemanticAndMaterialCandidate","0.37","False","True","No existing Light component; automatic placement would guess physical origin and aiming."
"Assets/Game/LegacyImport/RuntimeBaseline/Generated/World/Scenes/World_DonorBaseline_Canonical.unity","World_DonorBaseline_Canonical","","DONOR_WORLD_BASELINE_TEMPORARY_DIRECT_IMPORT/SANITIZED_STATIC_RENDER_GEOMETRY/BuildingInterior · lamp hallway · YARD / LOD livingroom [5186]","160.024;3.566;-1030.609","160.024;3.566;-1030.609","DomesticIncandescent","False","False","False","grid.building.d733fc06","SemanticAndMaterialCandidate","0.31","False","True","No existing Light component; automatic placement would guess physical origin and aiming."
"Assets/Game/LegacyImport/RuntimeBaseline/Generated/World/Scenes/World_DonorBaseline_Canonical.unity","World_DonorBaseline_Canonical","","DONOR_WORLD_BASELINE_TEMPORARY_DIRECT_IMPORT/SANITIZED_STATIC_RENDER_GEOMETRY/BuildingInterior · toilet lamp 4 · YARD / BEDROOM2 [9337]","166.311;3.659;-1027.859","166.311;3.659;-1027.859","DomesticIncandescent","False","False","False","grid.building.d733fc06","SemanticAndMaterialCandidate","0.31","False","True","No existing Light component; automatic placement would guess physical origin and aiming."
"Assets/Game/LegacyImport/RuntimeBaseline/Generated/World/Scenes/World_DonorBaseline_Canonical.unity","World_DonorBaseline_Canonical","","DONOR_WORLD_BASELINE_TEMPORARY_DIRECT_IMPORT/SANITIZED_STATIC_RENDER_GEOMETRY/BuildingExterior · Cube 3 · STORE / Lamps [32877]","-1379.696;7.826;143.15","-1379.696;7.826;143.15","ExteriorBuilding","False","False","False","grid.building.d733fc06","SemanticAndMaterialCandidate","0.31","False","True","No existing Light component; automatic placement would guess physical origin and aiming."
"Assets/Game/LegacyImport/RuntimeBaseline/Generated/World/Scenes/World_DonorBaseline_Canonical.unity","World_DonorBaseline_Canonical","","DONOR_WORLD_BASELINE_TEMPORARY_DIRECT_IMPORT/SANITIZED_STATIC_RENDER_GEOMETRY/BuildingExterior · glass · YARD / light bulb [23200]","200.138;3.804;-1080.72","200.138;3.804;-1080.72","ExteriorBuilding","False","False","False","grid.building.d733fc06","SemanticAndMaterialCandidate","0.37","False","True","No existing Light component; automatic placement would guess physical origin and aiming."
"Assets/Game/LegacyImport/RuntimeBaseline/Generated/World/Scenes/World_DonorBaseline_Canonical.unity","World_DonorBaseline_Canonical","","DONOR_WORLD_BASELINE_TEMPORARY_DIRECT_IMPORT/SANITIZED_STATIC_RENDER_GEOMETRY/BuildingInterior · toilet lamp 3 · YARD / LOD livingroom [23962]","162.11;3.659;-1028.962","162.11;3.659;-1028.962","DomesticIncandescent","False","False","False","grid.building.d733fc06","SemanticAndMaterialCandidate","0.31","False","True","No existing Light component; automatic placement would guess physical origin and aiming."
"Assets/Game/LegacyImport/RuntimeBaseline/Generated/World/Scenes/World_DonorBaseline_Canonical.unity","World_DonorBaseline_Canonical","","DONOR_WORLD_BASELINE_TEMPORARY_DIRECT_IMPORT/SANITIZED_STATIC_RENDER_GEOMETRY/BuildingExterior · light switch button · YARD / light switch [8649]","155.078;2.455;-1033.571","155.078;2.455;-1033.571","ExteriorBuilding","False","False","True","grid.building.d733fc06","SemanticAndMaterialCandidate","0.31","False","True","No existing Light component; automatic placement would guess physical origin and aiming."
"Assets/Game/LegacyImport/RuntimeBaseline/Generated/World/Scenes/World_DonorBaseline_Canonical.unity","World_DonorBaseline_Canonical","","DONOR_WORLD_BASELINE_TEMPORARY_DIRECT_IMPORT/SANITIZED_STATIC_RENDER_GEOMETRY/BuildingExterior · office lamp 2 · YARD / LOD [7065]","153.376;3.347;-1036.337","153.376;3.347;-1036.337","ExteriorBuilding","False","False","False","grid.building.d733fc06","SemanticAndMaterialCandidate","0.31","False","True","No existing Light component; automatic placement would guess physical origin and aiming."
"Assets/Game/LegacyImport/RuntimeBaseline/Generated/World/Scenes/World_DonorBaseline_Canonical.unity","World_DonorBaseline_Canonical","","DONOR_WORLD_BASELINE_TEMPORARY_DIRECT_IMPORT/SANITIZED_STATIC_RENDER_GEOMETRY/BuildingExterior · office lamp 8 · STORE / Lamps [14721]","-1376.808;7.777;141.187","-1376.808;7.777;141.187","ExteriorBuilding","False","False","False","grid.building.d733fc06","SemanticAndMaterialCandidate","0.31","False","True","No existing Light component; automatic placement would guess physical origin and aiming."
"Assets/Game/LegacyImport/RuntimeBaseline/Generated/World/Scenes/World_DonorBaseline_Canonical.unity","World_DonorBaseline_Canonical","","DONOR_WORLD_BASELINE_TEMPORARY_DIRECT_IMPORT/SANITIZED_STATIC_RENDER_GEOMETRY/UtilityPole · lightpole · MAP / LOD [6153]","-1377.33;8.031;116.465","-1377.33;8.031;116.465","DomesticIncandescent","False","False","False","grid.building.d733fc06","SemanticAndMaterialCandidate","0.31","False","True","No existing Light component; automatic placement would guess physical origin and aiming."
"Assets/Game/LegacyImport/RuntimeBaseline/Generated/World/Scenes/World_DonorBaseline_Canonical.unity","World_DonorBaseline_Canonical","","DONOR_WORLD_BASELINE_TEMPORARY_DIRECT_IMPORT/SANITIZED_STATIC_RENDER_GEOMETRY/BuildingExterior · office lamp 14 · WATERFACILITY / LOD [6436]","-1349.453;9.542;303.136","-1349.453;9.542;303.136","ExteriorBuilding","False","False","False","grid.building.d733fc06","SemanticAndMaterialCandidate","0.31","False","True","No existing Light component; automatic placement would guess physical origin and aiming."
"Assets/Game/LegacyImport/RuntimeBaseline/Generated/World/Scenes/World_DonorBaseline_Canonical.unity","World_DonorBaseline_Canonical","","DONOR_WORLD_BASELINE_TEMPORARY_DIRECT_IMPORT/SANITIZED_STATIC_RENDER_GEOMETRY/BuildingInterior · light switch · YARD / switch bedroomParents [25085]","165.779;2.457;-1029.734","165.779;2.457;-1029.734","DomesticIncandescent","False","False","True","grid.building.d733fc06","SemanticAndMaterialCandidate","0.31","False","True","No existing Light component; automatic placement would guess physical origin and aiming."
"Assets/Game/LegacyImport/RuntimeBaseline/Generated/World/Scenes/World_DonorBaseline_Canonical.unity","World_DonorBaseline_Canonical","","DONOR_WORLD_BASELINE_TEMPORARY_DIRECT_IMPORT/SANITIZED_STATIC_RENDER_GEOMETRY/BuildingExterior · light switch button · YARD / light switch [33097]","162.315;2.457;-1029.734","162.315;2.457;-1029.734","ExteriorBuilding","False","False","True","grid.building.d733fc06","SemanticAndMaterialCandidate","0.31","False","True","No existing Light component; automatic placement would guess physical origin and aiming."
"Assets/Game/LegacyImport/RuntimeBaseline/Generated/World/Scenes/World_DonorBaseline_Canonical.unity","World_DonorBaseline_Canonical","","DONOR_WORLD_BASELINE_TEMPORARY_DIRECT_IMPORT/SANITIZED_STATIC_RENDER_GEOMETRY/UtilityPole · lightpole · MAP / LOD [3036]","-1491.81;6.291;-1569.655","-1491.81;6.291;-1569.655","DomesticIncandescent","False","False","False","grid.building.d733fc06","SemanticAndMaterialCandidate","0.31","False","True","No existing Light component; automatic placement would guess physical origin and aiming."
"Assets/Game/LegacyImport/RuntimeBaseline/Generated/World/Scenes/World_DonorBaseline_Canonical.unity","World_DonorBaseline_Canonical","","DONOR_WORLD_BASELINE_TEMPORARY_DIRECT_IMPORT/SANITIZED_STATIC_RENDER_GEOMETRY/BuildingInterior · light switch button · YARD / light switch [22359]","159.433;2.457;-1029.734","159.433;2.457;-1029.734","DomesticIncandescent","False","False","True","grid.building.d733fc06","SemanticAndMaterialCandidate","0.31","False","True","No existing Light component; automatic placement would guess physical origin and aiming."
"Assets/Game/LegacyImport/RuntimeBaseline/Generated/World/Scenes/World_DonorBaseline_Canonical.unity","World_DonorBaseline_Canonical","","DONOR_WORLD_BASELINE_TEMPORARY_DIRECT_IMPORT/SANITIZED_STATIC_RENDER_GEOMETRY/BuildingExterior · office lamp 11 · INSPECTION / LOD [666]","-1358.92;7.421;221.491","-1358.92;7.421;221.491","ExteriorBuilding","False","False","False","grid.building.d733fc06","SemanticAndMaterialCandidate","0.31","False","True","No existing Light component; automatic placement would guess physical origin and aiming."
"Assets/Game/LegacyImport/RuntimeBaseline/Generated/World/Scenes/World_DonorBaseline_Canonical.unity","World_DonorBaseline_Canonical","","DONOR_WORLD_BASELINE_TEMPORARY_DIRECT_IMPORT/SANITIZED_STATIC_RENDER_GEOMETRY/BuildingExterior · light switch · YARD / switch wc [32774]","162.315;2.457;-1029.734","162.315;2.457;-1029.734","ExteriorBuilding","False","False","True","grid.building.d733fc06","SemanticAndMaterialCandidate","0.31","False","True","No existing Light component; automatic placement would guess physical origin and aiming."
"Assets/Game/LegacyImport/RuntimeBaseline/Generated/World/Scenes/World_DonorBaseline_Canonical.unity","World_DonorBaseline_Canonical","","DONOR_WORLD_BASELINE_TEMPORARY_DIRECT_IMPORT/SANITIZED_STATIC_RENDER_GEOMETRY/BuildingExterior · toilet lamp 1 · YARD / LOD sauna [16283]","156.927;1.626;-1043.254","156.927;1.626;-1043.254","ExteriorBuilding","False","False","False","grid.building.d733fc06","SemanticAndMaterialCandidate","0.31","False","True","No existing Light component; automatic placement would guess physical origin and aiming."
"Assets/Game/LegacyImport/RuntimeBaseline/Generated/World/Scenes/World_DonorBaseline_Canonical.unity","World_DonorBaseline_Canonical","","DONOR_WORLD_BASELINE_TEMPORARY_DIRECT_IMPORT/SANITIZED_STATIC_RENDER_GEOMETRY/BuildingExterior · lamp cord 1 · JAIL / LIGHT [34302]","-485.53;8.315;-2194.775","-485.53;8.315;-2194.775","ExteriorBuilding","False","False","False","grid.building.d733fc06","SemanticAndMaterialCandidate","0.37","False","True","No existing Light component; automatic placement would guess physical origin and aiming."
"Assets/Game/LegacyImport/RuntimeBaseline/Generated/World/Scenes/World_DonorBaseline_Canonical.unity","World_DonorBaseline_Canonical","","DONOR_WORLD_BASELINE_TEMPORARY_DIRECT_IMPORT/SANITIZED_STATIC_RENDER_GEOMETRY/BuildingInterior · light switch button · YARD / light switch [26317]","157.583;2.457;-1038.064","157.583;2.457;-1038.064","DomesticIncandescent","False","False","True","grid.building.d733fc06","SemanticAndMaterialCandidate","0.31","False","True","No existing Light component; automatic placement would guess physical origin and aiming."
"Assets/Game/LegacyImport/RuntimeBaseline/Generated/World/Scenes/World_DonorBaseline_Canonical.unity","World_DonorBaseline_Canonical","","DONOR_WORLD_BASELINE_TEMPORARY_DIRECT_IMPORT/SANITIZED_STATIC_RENDER_GEOMETRY/BuildingInterior · lamp paper · YARD / Lamp Paper [4023]","159.37;3.162;-1027.906","159.37;3.162;-1027.906","DomesticIncandescent","False","False","False","grid.building.d733fc06","SemanticAndMaterialCandidate","0.31","False","True","No existing Light component; automatic placement would guess physical origin and aiming."
"Assets/Game/LegacyImport/RuntimeBaseline/Generated/World/Scenes/World_DonorBaseline_Canonical.unity","World_DonorBaseline_Canonical","","DONOR_WORLD_BASELINE_TEMPORARY_DIRECT_IMPORT/SANITIZED_STATIC_RENDER_GEOMETRY/InteractivePropCandidate · xmas lights(Clone) · MISC [8485]","151.194;3.08;-1042.995","151.194;3.08;-1042.995","DomesticIncandescent","False","False","False","grid.building.d733fc06","SemanticAndMaterialCandidate","0.31","False","True","No existing Light component; automatic placement would guess physical origin and aiming."
"Assets/Game/LegacyImport/RuntimeBaseline/Generated/World/Scenes/World_DonorBaseline_Canonical.unity","World_DonorBaseline_Canonical","","DONOR_WORLD_BASELINE_TEMPORARY_DIRECT_IMPORT/SANITIZED_STATIC_RENDER_GEOMETRY/BuildingExterior · light rails · INSPECTION / LOD [32354]","-1358.127;7.471;219.853","-1358.127;7.471;219.853","ExteriorBuilding","False","False","False","grid.building.d733fc06","SemanticAndMaterialCandidate","0.31","False","True","No existing Light component; automatic placement would guess physical origin and aiming."
"Assets/Game/LegacyImport/RuntimeBaseline/Generated/World/Scenes/World_DonorBaseline_Canonical.unity","World_DonorBaseline_Canonical","","DONOR_WORLD_BASELINE_TEMPORARY_DIRECT_IMPORT/SANITIZED_STATIC_RENDER_GEOMETRY/BuildingInterior · lamp hallway · YARD / LOD livingroom [5896]","157.862;3.475;-1030.608","157.862;3.475;-1030.608","DomesticIncandescent","False","False","False","grid.building.d733fc06","SemanticAndMaterialCandidate","0.31","False","True","No existing Light component; automatic placement would guess physical origin and aiming."
"Assets/Game/LegacyImport/RuntimeBaseline/Generated/World/Scenes/World_DonorBaseline_Canonical.unity","World_DonorBaseline_Canonical","","DONOR_WORLD_BASELINE_TEMPORARY_DIRECT_IMPORT/SANITIZED_STATIC_RENDER_GEOMETRY/BuildingInterior · kitchen lamp · YARD / LOD kitchen [31389]","159.948;3.25;-1034.593","159.948;3.25;-1034.593","DomesticIncandescent","False","False","False","grid.building.d733fc06","SemanticAndMaterialCandidate","0.31","False","True","No existing Light component; automatic placement would guess physical origin and aiming."
"Assets/Game/LegacyImport/RuntimeBaseline/Generated/World/Scenes/World_DonorBaseline_Canonical.unity","World_DonorBaseline_Canonical","","DONOR_WORLD_BASELINE_TEMPORARY_DIRECT_IMPORT/SANITIZED_STATIC_RENDER_GEOMETRY/UtilityPole · lightpole · MAP / LOD [11777]","-1451.94;8.131;-1519.855","-1451.94;8.131;-1519.855","DomesticIncandescent","False","False","False","grid.building.d733fc06","SemanticAndMaterialCandidate","0.31","False","True","No existing Light component; automatic placement would guess physical origin and aiming."
"Assets/Game/LegacyImport/RuntimeBaseline/Generated/World/Scenes/World_DonorBaseline_Canonical.unity","World_DonorBaseline_Canonical","","DONOR_WORLD_BASELINE_TEMPORARY_DIRECT_IMPORT/SANITIZED_STATIC_RENDER_GEOMETRY/BuildingExterior · light switch button · YARD / light switch [35069]","158.434;2.457;-1029.977","158.434;2.457;-1029.977","ExteriorBuilding","False","False","True","grid.building.d733fc06","SemanticAndMaterialCandidate","0.31","False","True","No existing Light component; automatic placement would guess physical origin and aiming."
"Assets/Game/LegacyImport/RuntimeBaseline/Generated/World/Scenes/World_DonorBaseline_Canonical.unity","World_DonorBaseline_Canonical","","DONOR_WORLD_BASELINE_TEMPORARY_DIRECT_IMPORT/SANITIZED_STATIC_RENDER_GEOMETRY/BuildingExterior · light bulb · JAIL / LIGHT [9926]","-485.53;8.21;-2194.775","-485.53;8.21;-2194.775","ExteriorBuilding","False","False","False","grid.building.d733fc06","SemanticAndMaterialCandidate","0.37","False","True","No existing Light component; automatic placement would guess physical origin and aiming."
"Assets/Game/LegacyImport/RuntimeBaseline/Generated/World/Scenes/World_DonorBaseline_Canonical.unity","World_DonorBaseline_Canonical","","DONOR_WORLD_BASELINE_TEMPORARY_DIRECT_IMPORT/SANITIZED_STATIC_RENDER_GEOMETRY/BuildingInterior · light switch · YARD / switch kitchen [16582]","158.889;2.444;-1032.006","158.889;2.444;-1032.006","DomesticIncandescent","False","False","True","grid.building.d733fc06","SemanticAndMaterialCandidate","0.31","False","True","No existing Light component; automatic placement would guess physical origin and aiming."
"Assets/Game/LegacyImport/RuntimeBaseline/Generated/World/Scenes/World_DonorBaseline_Canonical.unity","World_DonorBaseline_Canonical","","DONOR_WORLD_BASELINE_TEMPORARY_DIRECT_IMPORT/SANITIZED_STATIC_RENDER_GEOMETRY/BuildingExterior · lights · REPAIRSHOP / LOD [32132]","1734.16;6.191;-307.205","1734.16;6.191;-307.205","FleetariWorkshop","False","False","False","grid.fleetari.workshop","SemanticAndMaterialCandidate","0.31","False","True","No existing Light component; automatic placement would guess physical origin and aiming."
"Assets/Game/LegacyImport/RuntimeBaseline/Generated/World/Scenes/World_DonorBaseline_Canonical.unity","World_DonorBaseline_Canonical","","DONOR_WORLD_BASELINE_TEMPORARY_DIRECT_IMPORT/SANITIZED_STATIC_RENDER_GEOMETRY/BuildingExterior · light switch · STORE / switch pumps [30129]","-1380.562;6.062;142.694","-1380.562;6.062;142.694","ExteriorBuilding","False","False","True","grid.building.d733fc06","SemanticAndMaterialCandidate","0.31","False","True","No existing Light component; automatic placement would guess physical origin and aiming."
"Assets/Game/LegacyImport/RuntimeBaseline/Generated/World/Scenes/World_DonorBaseline_Canonical.unity","World_DonorBaseline_Canonical","","DONOR_WORLD_BASELINE_TEMPORARY_DIRECT_IMPORT/SANITIZED_STATIC_RENDER_GEOMETRY/BuildingExterior · 4 · STORE / Lightbulb [4773]","-1381.525;7.059;140.586","-1381.525;7.059;140.586","ExteriorBuilding","False","False","False","grid.building.d733fc06","SemanticAndMaterialCandidate","0.37","False","True","No existing Light component; automatic placement would guess physical origin and aiming."
"Assets/Game/LegacyImport/RuntimeBaseline/Generated/World/Scenes/World_DonorBaseline_Canonical.unity","World_DonorBaseline_Canonical","","DONOR_WORLD_BASELINE_TEMPORARY_DIRECT_IMPORT/SANITIZED_STATIC_RENDER_GEOMETRY/UtilityPole · lightpole 1 · MAP / LOD [1394]","-1354.06;9.481;133.315","-1354.06;9.481;133.315","DomesticIncandescent","False","False","False","grid.building.d733fc06","SemanticAndMaterialCandidate","0.31","False","True","No existing Light component; automatic placement would guess physical origin and aiming."
"Assets/Game/LegacyImport/RuntimeBaseline/Generated/World/Scenes/World_DonorBaseline_Canonical.unity","World_DonorBaseline_Canonical","","DONOR_WORLD_BASELINE_TEMPORARY_DIRECT_IMPORT/SANITIZED_STATIC_RENDER_GEOMETRY/BuildingExterior · office lamp 12 · INSPECTION / LOD [5644]","-1357.289;7.421;218.125","-1357.289;7.421;218.125","ExteriorBuilding","False","False","False","grid.building.d733fc06","SemanticAndMaterialCandidate","0.31","False","True","No existing Light component; automatic placement would guess physical origin and aiming."
"Assets/Game/LegacyImport/RuntimeBaseline/Generated/World/Scenes/World_DonorBaseline_Canonical.unity","World_DonorBaseline_Canonical","","DONOR_WORLD_BASELINE_TEMPORARY_DIRECT_IMPORT/SANITIZED_STATIC_RENDER_GEOMETRY/BuildingExterior · lantern · CABIN / Gamestuff [19088]","3.608;-1.474;-21.48","3.608;-1.474;-21.48","ExteriorBuilding","False","False","False","grid.building.d733fc06","SemanticAndMaterialCandidate","0.31","False","True","No existing Light component; automatic placement would guess physical origin and aiming."
"Assets/Game/LegacyImport/RuntimeBaseline/Generated/World/Scenes/World_DonorBaseline_Canonical.unity","World_DonorBaseline_Canonical","","DONOR_WORLD_BASELINE_TEMPORARY_DIRECT_IMPORT/SANITIZED_STATIC_RENDER_GEOMETRY/BuildingExterior · light rails · INSPECTION / LOD [11053]","-1356.426;7.47;220.677","-1356.426;7.47;220.677","ExteriorBuilding","False","False","False","grid.building.d733fc06","SemanticAndMaterialCandidate","0.31","False","True","No existing Light component; automatic placement would guess physical origin and aiming."
"Assets/Game/LegacyImport/RuntimeBaseline/Generated/World/Scenes/World_DonorBaseline_Canonical.unity","World_DonorBaseline_Canonical","","DONOR_WORLD_BASELINE_TEMPORARY_DIRECT_IMPORT/SANITIZED_STATIC_RENDER_GEOMETRY/BuildingInterior · lamp cord · YARD / Lamp Paper [35611]","159.37;3.235;-1027.906","159.37;3.235;-1027.906","DomesticIncandescent","False","False","False","grid.building.d733fc06","SemanticAndMaterialCandidate","0.31","False","True","No existing Light component; automatic placement would guess physical origin and aiming."
"Assets/Game/LegacyImport/RuntimeBaseline/Generated/World/Scenes/World_DonorBaseline_Canonical.unity","World_DonorBaseline_Canonical","","DONOR_WORLD_BASELINE_TEMPORARY_DIRECT_IMPORT/SANITIZED_STATIC_RENDER_GEOMETRY/BuildingExterior · light switch button · STORE / light switch [32625]","-1380.562;6.062;142.694","-1380.562;6.062;142.694","ExteriorBuilding","False","False","True","grid.building.d733fc06","SemanticAndMaterialCandidate","0.31","False","True","No existing Light component; automatic placement would guess physical origin and aiming."
"Assets/Game/LegacyImport/RuntimeBaseline/Generated/World/Scenes/World_DonorBaseline_Canonical.unity","World_DonorBaseline_Canonical","","DONOR_WORLD_BASELINE_TEMPORARY_DIRECT_IMPORT/SANITIZED_STATIC_RENDER_GEOMETRY/BuildingExterior · light switch · YARD / switch garage [32334]","155.078;2.455;-1033.571","155.078;2.455;-1033.571","ExteriorBuilding","False","False","True","grid.building.d733fc06","SemanticAndMaterialCandidate","0.31","False","True","No existing Light component; automatic placement would guess physical origin and aiming."
"Assets/Game/LegacyImport/RuntimeBaseline/Generated/World/Scenes/World_DonorBaseline_Canonical.unity","World_DonorBaseline_Canonical","","DONOR_WORLD_BASELINE_TEMPORARY_DIRECT_IMPORT/SANITIZED_STATIC_RENDER_GEOMETRY/BuildingExterior · bulbs · DANCEHALL / Lights [15157]","625.05;14.721;277.538","625.05;14.721;277.538","ExteriorBuilding","False","False","False","grid.building.d733fc06","SemanticAndMaterialCandidate","0.37","False","True","No existing Light component; automatic placement would guess physical origin and aiming."
"Assets/Game/LegacyImport/RuntimeBaseline/Generated/World/Scenes/World_DonorBaseline_Canonical.unity","World_DonorBaseline_Canonical","","DONOR_WORLD_BASELINE_TEMPORARY_DIRECT_IMPORT/SANITIZED_STATIC_RENDER_GEOMETRY/BuildingExterior · office lamp 4 · REPAIRSHOP / Office [26428]","1725.747;9.145;-301.888","1725.747;9.145;-301.888","FleetariWorkshop","False","False","False","grid.fleetari.workshop","SemanticAndMaterialCandidate","0.31","False","True","No existing Light component; automatic placement would guess physical origin and aiming."
"Assets/Game/LegacyImport/RuntimeBaseline/Generated/World/Scenes/World_DonorBaseline_Canonical.unity","World_DonorBaseline_Canonical","","DONOR_WORLD_BASELINE_TEMPORARY_DIRECT_IMPORT/SANITIZED_STATIC_RENDER_GEOMETRY/BuildingExterior · office lamp 7 · STORE / Lamps [904]","-1379.494;7.777;139.47","-1379.494;7.777;139.47","ExteriorBuilding","False","False","False","grid.building.d733fc06","SemanticAndMaterialCandidate","0.31","False","True","No existing Light component; automatic placement would guess physical origin and aiming."
"Assets/Game/LegacyImport/RuntimeBaseline/Generated/World/Scenes/World_DonorBaseline_Canonical.unity","World_DonorBaseline_Canonical","","DONOR_WORLD_BASELINE_TEMPORARY_DIRECT_IMPORT/SANITIZED_STATIC_RENDER_GEOMETRY/BuildingExterior · Cube 2 · STORE / Lamps [12932]","-1377.967;7.826;140.446","-1377.967;7.826;140.446","ExteriorBuilding","False","False","False","grid.building.d733fc06","SemanticAndMaterialCandidate","0.31","False","True","No existing Light component; automatic placement would guess physical origin and aiming."
"Assets/Game/LegacyImport/RuntimeBaseline/Generated/World/Scenes/World_DonorBaseline_Canonical.unity","World_DonorBaseline_Canonical","","DONOR_WORLD_BASELINE_TEMPORARY_DIRECT_IMPORT/SANITIZED_STATIC_RENDER_GEOMETRY/BuildingExterior · office lamp 15 · WATERFACILITY / LOD [9931]","-1345.71;10.916;305.521","-1345.71;10.916;305.521","ExteriorBuilding","False","False","False","grid.building.d733fc06","SemanticAndMaterialCandidate","0.31","False","True","No existing Light component; automatic placement would guess physical origin and aiming."
"Assets/Game/LegacyImport/RuntimeBaseline/Generated/World/Scenes/World_DonorBaseline_Canonical.unity","World_DonorBaseline_Canonical","","DONOR_WORLD_BASELINE_TEMPORARY_DIRECT_IMPORT/SANITIZED_STATIC_RENDER_GEOMETRY/BuildingExterior · light switch button · STORE / light switch [35253]","-1380.562;5.912;142.693","-1380.562;5.912;142.693","ExteriorBuilding","False","False","True","grid.building.d733fc06","SemanticAndMaterialCandidate","0.31","False","True","No existing Light component; automatic placement would guess physical origin and aiming."
"Assets/Game/LegacyImport/RuntimeBaseline/Generated/World/Scenes/World_DonorBaseline_Canonical.unity","World_DonorBaseline_Canonical","","DONOR_WORLD_BASELINE_TEMPORARY_DIRECT_IMPORT/SANITIZED_STATIC_RENDER_GEOMETRY/BuildingInterior · light switch · YARD / switch bedroomBoy [32182]","159.433;2.457;-1029.734","159.433;2.457;-1029.734","DomesticIncandescent","False","False","True","grid.building.d733fc06","SemanticAndMaterialCandidate","0.31","False","True","No existing Light component; automatic placement would guess physical origin and aiming."
"Assets/Game/LegacyImport/RuntimeBaseline/Generated/World/Scenes/World_DonorBaseline_Canonical.unity","World_DonorBaseline_Canonical","","DONOR_WORLD_BASELINE_TEMPORARY_DIRECT_IMPORT/SANITIZED_STATIC_RENDER_GEOMETRY/BuildingExterior · light bulb · YARD / LIGHT [2174]","200.138;3.804;-1080.72","200.138;3.804;-1080.72","ExteriorBuilding","False","False","False","grid.building.d733fc06","SemanticAndMaterialCandidate","0.37","False","True","No existing Light component; automatic placement would guess physical origin and aiming."
"Assets/Game/LegacyImport/RuntimeBaseline/Generated/World/Scenes/World_DonorBaseline_Canonical.unity","World_DonorBaseline_Canonical","","DONOR_WORLD_BASELINE_TEMPORARY_DIRECT_IMPORT/SANITIZED_STATIC_RENDER_GEOMETRY/BuildingInterior · light switch · YARD / switch bathroom [26697]","157.583;2.457;-1038.064","157.583;2.457;-1038.064","DomesticIncandescent","False","False","True","grid.building.d733fc06","SemanticAndMaterialCandidate","0.31","False","True","No existing Light component; automatic placement would guess physical origin and aiming."
"Assets/Game/LegacyImport/RuntimeBaseline/Generated/World/Scenes/World_DonorBaseline_Canonical.unity","World_DonorBaseline_Canonical","","DONOR_WORLD_BASELINE_TEMPORARY_DIRECT_IMPORT/SANITIZED_STATIC_RENDER_GEOMETRY/BuildingExterior · 1 · STORE / Lightbulb [26667]","-1381.411;7.059;140.414","-1381.411;7.059;140.414","ExteriorBuilding","False","False","False","grid.building.d733fc06","SemanticAndMaterialCandidate","0.37","False","True","No existing Light component; automatic placement would guess physical origin and aiming."
"Assets/Game/LegacyImport/RuntimeBaseline/Generated/World/Scenes/World_DonorBaseline_Canonical.unity","World_DonorBaseline_Canonical","","DONOR_WORLD_BASELINE_TEMPORARY_DIRECT_IMPORT/SANITIZED_STATIC_RENDER_GEOMETRY/BuildingExterior · office lamp 11 · STORE / Lamps [11192]","-1374.758;7.777;144.418","-1374.758;7.777;144.418","ExteriorBuilding","False","False","False","grid.building.d733fc06","SemanticAndMaterialCandidate","0.31","False","True","No existing Light component; automatic placement would guess physical origin and aiming."
"Assets/Game/LegacyImport/RuntimeBaseline/Generated/World/Scenes/World_DonorBaseline_Canonical.unity","World_DonorBaseline_Canonical","","DONOR_WORLD_BASELINE_TEMPORARY_DIRECT_IMPORT/SANITIZED_STATIC_RENDER_GEOMETRY/BuildingExterior · toilet lamp 2 · YARD / LOD middleroom [26278]","157.356;3.659;-1036.827","157.356;3.659;-1036.827","ExteriorBuilding","False","False","False","grid.building.d733fc06","SemanticAndMaterialCandidate","0.31","False","True","No existing Light component; automatic placement would guess physical origin and aiming."
"Assets/Game/LegacyImport/RuntimeBaseline/Generated/World/Scenes/World_DonorBaseline_Canonical.unity","World_DonorBaseline_Canonical","","DONOR_WORLD_BASELINE_TEMPORARY_DIRECT_IMPORT/SANITIZED_STATIC_RENDER_GEOMETRY/UtilityPole · lightpole · MAP / LOD [9667]","-1546.52;10.331;-13.525","-1546.52;10.331;-13.525","DomesticIncandescent","False","False","False","grid.building.d733fc06","SemanticAndMaterialCandidate","0.31","False","True","No existing Light component; automatic placement would guess physical origin and aiming."
"Assets/Game/LegacyImport/RuntimeBaseline/Generated/World/Scenes/World_DonorBaseline_Canonical.unity","World_DonorBaseline_Canonical","","DONOR_WORLD_BASELINE_TEMPORARY_DIRECT_IMPORT/SANITIZED_STATIC_RENDER_GEOMETRY/BuildingExterior · Lights · DANCEHALL [6023]","625.05;14.721;277.538","625.05;14.721;277.538","ExteriorBuilding","False","False","False","grid.building.d733fc06","SemanticAndMaterialCandidate","0.31","False","True","No existing Light component; automatic placement would guess physical origin and aiming."
"Assets/Game/LegacyImport/RuntimeBaseline/Generated/World/Scenes/World_DonorBaseline_Canonical.unity","World_DonorBaseline_Canonical","","DONOR_WORLD_BASELINE_TEMPORARY_DIRECT_IMPORT/SANITIZED_STATIC_RENDER_GEOMETRY/BuildingExterior · Cube 1 · REPAIRSHOP / office lamp 4 [3021]","1725.747;9.216;-301.888","1725.747;9.216;-301.888","FleetariWorkshop","False","False","False","grid.fleetari.workshop","SemanticAndMaterialCandidate","0.31","False","True","No existing Light component; automatic placement would guess physical origin and aiming."
"Assets/Game/LegacyImport/RuntimeBaseline/Generated/World/Scenes/World_DonorBaseline_Canonical.unity","World_DonorBaseline_Canonical","","DONOR_WORLD_BASELINE_TEMPORARY_DIRECT_IMPORT/SANITIZED_STATIC_RENDER_GEOMETRY/UtilityPole · lightpole · MAP / LOD [31449]","-1505.77;10.001;-22.095","-1505.77;10.001;-22.095","DomesticIncandescent","False","False","False","grid.building.d733fc06","SemanticAndMaterialCandidate","0.31","False","True","No existing Light component; automatic placement would guess physical origin and aiming."
"Assets/Game/LegacyImport/RuntimeBaseline/Generated/World/Scenes/World_DonorBaseline_Canonical.unity","World_DonorBaseline_Canonical","","DONOR_WORLD_BASELINE_TEMPORARY_DIRECT_IMPORT/SANITIZED_STATIC_RENDER_GEOMETRY/BuildingExterior · office lamp 6 · STORE / Lamps [25940]","-1380.352;7.777;140.812","-1380.352;7.777;140.812","ExteriorBuilding","False","False","False","grid.building.d733fc06","SemanticAndMaterialCandidate","0.31","False","True","No existing Light component; automatic placement would guess physical origin and aiming."
"Assets/Game/LegacyImport/RuntimeBaseline/Generated/World/Scenes/World_DonorBaseline_Canonical.unity","World_DonorBaseline_Canonical","","DONOR_WORLD_BASELINE_TEMPORARY_DIRECT_IMPORT/SANITIZED_STATIC_RENDER_GEOMETRY/BuildingExterior · light switch button · JAIL / light switch [19763]","-485.417;6.862;-2195.524","-485.417;6.862;-2195.524","ExteriorBuilding","False","False","True","grid.building.d733fc06","SemanticAndMaterialCandidate","0.31","False","True","No existing Light component; automatic placement would guess physical origin and aiming."
"Assets/Game/LegacyImport/RuntimeBaseline/Generated/World/Scenes/World_DonorBaseline_Canonical.unity","World_DonorBaseline_Canonical","","DONOR_WORLD_BASELINE_TEMPORARY_DIRECT_IMPORT/SANITIZED_STATIC_RENDER_GEOMETRY/BuildingExterior · office lamp 16 · WATERFACILITY / LOD [17695]","-1342.836;10.916;305.558","-1342.836;10.916;305.558","ExteriorBuilding","False","False","False","grid.building.d733fc06","SemanticAndMaterialCandidate","0.31","False","True","No existing Light component; automatic placement would guess physical origin and aiming."
"Assets/Game/LegacyImport/RuntimeBaseline/Generated/World/Scenes/World_DonorBaseline_Canonical.unity","World_DonorBaseline_Canonical","","DONOR_WORLD_BASELINE_TEMPORARY_DIRECT_IMPORT/SANITIZED_STATIC_RENDER_GEOMETRY/UtilityPole · lightpole · MAP / LOD [7488]","-1517.32;11.021;-108.925","-1517.32;11.021;-108.925","DomesticIncandescent","False","False","False","grid.building.d733fc06","SemanticAndMaterialCandidate","0.31","False","True","No existing Light component; automatic placement would guess physical origin and aiming."
"Assets/Game/LegacyImport/RuntimeBaseline/Generated/World/Scenes/World_DonorBaseline_Canonical.unity","World_DonorBaseline_Canonical","","DONOR_WORLD_BASELINE_TEMPORARY_DIRECT_IMPORT/SANITIZED_STATIC_RENDER_GEOMETRY/BuildingExterior · office lamp · YARD / LOD [12571]","153.376;3.347;-1040.917","153.376;3.347;-1040.917","ExteriorBuilding","False","False","False","grid.building.d733fc06","SemanticAndMaterialCandidate","0.31","False","True","No existing Light component; automatic placement would guess physical origin and aiming."
"Assets/Game/LegacyImport/RuntimeBaseline/Generated/World/Scenes/World_DonorBaseline_Canonical.unity","World_DonorBaseline_Canonical","","DONOR_WORLD_BASELINE_TEMPORARY_DIRECT_IMPORT/SANITIZED_STATIC_RENDER_GEOMETRY/UtilityPole · lightpole · MAP / LOD [20803]","-1487.52;5.691;-1527.925","-1487.52;5.691;-1527.925","DomesticIncandescent","False","False","False","grid.building.d733fc06","SemanticAndMaterialCandidate","0.31","False","True","No existing Light component; automatic placement would guess physical origin and aiming."
"Assets/Game/LegacyImport/RuntimeBaseline/Generated/World/Scenes/World_DonorBaseline_Canonical.unity","World_DonorBaseline_Canonical","","DONOR_WORLD_BASELINE_TEMPORARY_DIRECT_IMPORT/SANITIZED_STATIC_RENDER_GEOMETRY/BuildingExterior · office lamp 1 · YARD / LOD [33482]","153.376;3.347;-1038.495","153.376;3.347;-1038.495","ExteriorBuilding","False","False","False","grid.building.d733fc06","SemanticAndMaterialCandidate","0.31","False","True","No existing Light component; automatic placement would guess physical origin and aiming."
"Assets/Game/LegacyImport/RuntimeBaseline/Generated/World/Scenes/World_DonorBaseline_Canonical.unity","World_DonorBaseline_Canonical","","DONOR_WORLD_BASELINE_TEMPORARY_DIRECT_IMPORT/SANITIZED_STATIC_RENDER_GEOMETRY/BuildingInterior · toilet lamp · YARD / LOD bathroom [20059]","157.356;3.659;-1039.449","157.356;3.659;-1039.449","DomesticIncandescent","False","False","False","grid.building.d733fc06","SemanticAndMaterialCandidate","0.31","False","True","No existing Light component; automatic placement would guess physical origin and aiming."
"Assets/Game/LegacyImport/RuntimeBaseline/Generated/World/Scenes/World_DonorBaseline_Canonical.unity","World_DonorBaseline_Canonical","","DONOR_WORLD_BASELINE_TEMPORARY_DIRECT_IMPORT/SANITIZED_STATIC_RENDER_GEOMETRY/Door · outdoor lamp · YARD / LOD [21401]","153.495;3.467;-1032.99","153.495;3.467;-1032.99","DomesticIncandescent","False","False","False","grid.building.d733fc06","SemanticAndMaterialCandidate","0.31","False","True","No existing Light component; automatic placement would guess physical origin and aiming."
"Assets/Game/LegacyImport/RuntimeBaseline/Generated/World/Scenes/World_DonorBaseline_Canonical.unity","World_DonorBaseline_Canonical","","DONOR_WORLD_BASELINE_TEMPORARY_DIRECT_IMPORT/SANITIZED_STATIC_RENDER_GEOMETRY/BuildingInterior · livingroom lamp · YARD / LOD livingroom [20276]","165.407;3.157;-1032.955","165.407;3.157;-1032.955","DomesticIncandescent","False","False","False","grid.building.d733fc06","SemanticAndMaterialCandidate","0.31","False","True","No existing Light component; automatic placement would guess physical origin and aiming."
"Assets/Game/LegacyImport/RuntimeBaseline/Generated/World/Scenes/World_DonorBaseline_Canonical.unity","World_DonorBaseline_Canonical","","DONOR_WORLD_BASELINE_TEMPORARY_DIRECT_IMPORT/SANITIZED_STATIC_RENDER_GEOMETRY/BuildingInterior · monitor led · YARD / Lights [18062]","159.677;2.232;-1026.452","159.677;2.232;-1026.452","DomesticIncandescent","False","False","False","grid.building.d733fc06","SemanticAndMaterialCandidate","0.31","False","True","No existing Light component; automatic placement would guess physical origin and aiming."
"Assets/Game/LegacyImport/RuntimeBaseline/Generated/World/Scenes/World_DonorBaseline_Canonical.unity","World_DonorBaseline_Canonical","","DONOR_WORLD_BASELINE_TEMPORARY_DIRECT_IMPORT/SANITIZED_STATIC_RENDER_GEOMETRY/BuildingExterior · 2 · STORE / Lightbulb [11242]","-1381.459;7.059;140.467","-1381.459;7.059;140.467","ExteriorBuilding","False","False","False","grid.building.d733fc06","SemanticAndMaterialCandidate","0.37","False","True","No existing Light component; automatic placement would guess physical origin and aiming."
"Assets/Game/LegacyImport/RuntimeBaseline/Generated/World/Scenes/World_DonorBaseline_Canonical.unity","World_DonorBaseline_Canonical","","DONOR_WORLD_BASELINE_TEMPORARY_DIRECT_IMPORT/SANITIZED_STATIC_RENDER_GEOMETRY/UtilityPole · lightpole 2 · LANDFILL [18008]","-499.658;14.233;-1762.101","-499.658;14.233;-1762.101","DomesticIncandescent","False","False","False","grid.building.d733fc06","SemanticAndMaterialCandidate","0.31","False","True","No existing Light component; automatic placement would guess physical origin and aiming."
"Assets/Game/LegacyImport/RuntimeBaseline/Generated/World/Scenes/World_DonorBaseline_Canonical.unity","World_DonorBaseline_Canonical","","DONOR_WORLD_BASELINE_TEMPORARY_DIRECT_IMPORT/SANITIZED_STATIC_RENDER_GEOMETRY/BuildingExterior · ClampMinus · YARD / ChargerPivotMinus [35899]","155.513;2.187;-1039.117","155.513;2.187;-1039.117","ExteriorBuilding","False","False","False","grid.building.d733fc06","SemanticAndMaterialCandidate","0.31","False","True","No existing Light component; automatic placement would guess physical origin and aiming."
"Assets/Game/LegacyImport/RuntimeBaseline/Generated/World/Scenes/World_DonorBaseline_Canonical.unity","World_DonorBaseline_Canonical","","DONOR_WORLD_BASELINE_TEMPORARY_DIRECT_IMPORT/SANITIZED_STATIC_RENDER_GEOMETRY/BuildingExterior · office lamp 3 · REPAIRSHOP / Office [15185]","1723.301;9.145;-303.012","1723.301;9.145;-303.012","FleetariWorkshop","False","False","False","grid.fleetari.workshop","SemanticAndMaterialCandidate","0.31","False","True","No existing Light component; automatic placement would guess physical origin and aiming."
"Assets/Game/LegacyImport/RuntimeBaseline/Generated/World/Scenes/World_DonorBaseline_Canonical.unity","World_DonorBaseline_Canonical","","DONOR_WORLD_BASELINE_TEMPORARY_DIRECT_IMPORT/SANITIZED_STATIC_RENDER_GEOMETRY/BuildingExterior · light switch · JAIL / switch jailcell [20359]","-485.417;6.862;-2195.524","-485.417;6.862;-2195.524","ExteriorBuilding","False","False","True","grid.building.d733fc06","SemanticAndMaterialCandidate","0.31","False","True","No existing Light component; automatic placement would guess physical origin and aiming."
"Assets/Game/LegacyImport/RuntimeBaseline/Generated/World/Scenes/World_DonorBaseline_Canonical.unity","World_DonorBaseline_Canonical","","DONOR_WORLD_BASELINE_TEMPORARY_DIRECT_IMPORT/SANITIZED_STATIC_RENDER_GEOMETRY/BuildingExterior · Cube 4 · STORE / Lamps [17866]","-1374.803;7.821;144.489","-1374.803;7.821;144.489","ExteriorBuilding","False","False","False","grid.building.d733fc06","SemanticAndMaterialCandidate","0.31","False","True","No existing Light component; automatic placement would guess physical origin and aiming."
"Assets/Game/LegacyImport/RuntimeBaseline/Generated/World/Scenes/World_DonorBaseline_Canonical.unity","World_DonorBaseline_Canonical","","DONOR_WORLD_BASELINE_TEMPORARY_DIRECT_IMPORT/SANITIZED_STATIC_RENDER_GEOMETRY/BuildingExterior · glass · JAIL / light bulb [33724]","-485.53;8.21;-2194.775","-485.53;8.21;-2194.775","ExteriorBuilding","False","False","False","grid.building.d733fc06","SemanticAndMaterialCandidate","0.37","False","True","No existing Light component; automatic placement would guess physical origin and aiming."
"Assets/Game/LegacyImport/RuntimeBaseline/Generated/World/Scenes/World_DonorBaseline_Canonical.unity","World_DonorBaseline_Canonical","","DONOR_WORLD_BASELINE_TEMPORARY_DIRECT_IMPORT/SANITIZED_STATIC_RENDER_GEOMETRY/BuildingExterior · ClampPlus · YARD / ChargerPivotPlus [10074]","155.631;2.185;-1039.056","155.631;2.185;-1039.056","ExteriorBuilding","False","False","False","grid.building.d733fc06","SemanticAndMaterialCandidate","0.31","False","True","No existing Light component; automatic placement would guess physical origin and aiming."
"Assets/Game/LegacyImport/RuntimeBaseline/Generated/World/Scenes/World_DonorBaseline_Canonical.unity","World_DonorBaseline_Canonical","","DONOR_WORLD_BASELINE_TEMPORARY_DIRECT_IMPORT/SANITIZED_STATIC_RENDER_GEOMETRY/BuildingExterior · office lamp 9 · INSPECTION / LOD [16605]","-1355.589;7.421;218.949","-1355.589;7.421;218.949","ExteriorBuilding","False","False","False","grid.building.d733fc06","SemanticAndMaterialCandidate","0.31","False","True","No existing Light component; automatic placement would guess physical origin and aiming."
"Assets/Game/LegacyImport/RuntimeBaseline/Generated/World/Scenes/World_DonorBaseline_Canonical.unity","World_DonorBaseline_Canonical","","DONOR_WORLD_BASELINE_TEMPORARY_DIRECT_IMPORT/SANITIZED_STATIC_RENDER_GEOMETRY/UtilityPole · lightpole 1 · MAP / LOD [17620]","1727.302;5.531;-315.584","1727.302;5.531;-315.584","DomesticIncandescent","False","False","False","grid.building.d733fc06","SemanticAndMaterialCandidate","0.31","False","True","No existing Light component; automatic placement would guess physical origin and aiming."
"Assets/Game/LegacyImport/RuntimeBaseline/Generated/World/Scenes/World_DonorBaseline_Canonical.unity","World_DonorBaseline_Canonical","","DONOR_WORLD_BASELINE_TEMPORARY_DIRECT_IMPORT/SANITIZED_STATIC_RENDER_GEOMETRY/UtilityPole · lightpole · MAP / LOD [16513]","1724.593;5.382;-309.72","1724.593;5.382;-309.72","DomesticIncandescent","False","False","False","grid.building.d733fc06","SemanticAndMaterialCandidate","0.31","False","True","No existing Light component; automatic placement would guess physical origin and aiming."
"Assets/Game/LegacyImport/RuntimeBaseline/Generated/World/Scenes/World_DonorBaseline_Canonical.unity","World_DonorBaseline_Canonical","","DONOR_WORLD_BASELINE_TEMPORARY_DIRECT_IMPORT/SANITIZED_STATIC_RENDER_GEOMETRY/BuildingInterior · Light · YARD / SmokeDetector [28280]","161.13;3.631;-1030.724","161.13;3.631;-1030.724","DomesticIncandescent","False","False","False","grid.building.d733fc06","SemanticAndMaterialCandidate","0.31","False","True","No existing Light component; automatic placement would guess physical origin and aiming."
"Assets/Game/LegacyImport/RuntimeBaseline/Generated/World/Scenes/World_DonorBaseline_Canonical.unity","World_DonorBaseline_Canonical","","DONOR_WORLD_BASELINE_TEMPORARY_DIRECT_IMPORT/EXCLUDED_SOURCE_METADATA_ONLY/BuildingExterior · switch garage · YARD / LightSwitches [26417]","155.078;2.455;-1033.581","155.078;2.455;-1033.581","ExteriorBuilding","False","False","True","grid.building.d733fc06","SemanticAndMaterialCandidate","0.31","False","True","No existing Light component; automatic placement would guess physical origin and aiming."
"Assets/Game/LegacyImport/RuntimeBaseline/Generated/World/Scenes/World_DonorBaseline_Canonical.unity","World_DonorBaseline_Canonical","","DONOR_WORLD_BASELINE_TEMPORARY_DIRECT_IMPORT/EXCLUDED_SOURCE_METADATA_ONLY/ColliderOnly · switch bedroomBoy · YARD / LightSwitches [24001]","159.433;2.457;-1029.724","159.433;2.457;-1029.724","DomesticIncandescent","False","False","True","grid.building.d733fc06","SemanticAndMaterialCandidate","0.31","False","True","No existing Light component; automatic placement would guess physical origin and aiming."
"Assets/Game/LegacyImport/RuntimeBaseline/Generated/World/Scenes/World_DonorBaseline_Canonical.unity","World_DonorBaseline_Canonical","","DONOR_WORLD_BASELINE_TEMPORARY_DIRECT_IMPORT/EXCLUDED_SOURCE_METADATA_ONLY/ColliderOnly · switch wc · YARD / LightSwitches [20446]","162.315;2.457;-1029.724","162.315;2.457;-1029.724","DomesticIncandescent","False","False","True","grid.building.d733fc06","SemanticAndMaterialCandidate","0.31","False","True","No existing Light component; automatic placement would guess physical origin and aiming."
"Assets/Game/LegacyImport/RuntimeBaseline/Generated/World/Scenes/World_DonorBaseline_Canonical.unity","World_DonorBaseline_Canonical","","DONOR_WORLD_BASELINE_TEMPORARY_DIRECT_IMPORT/EXCLUDED_SOURCE_METADATA_ONLY/ColliderOnly · switch kitchen · YARD / LightSwitches [8948]","158.889;2.444;-1032.016","158.889;2.444;-1032.016","DomesticIncandescent","False","False","True","grid.building.d733fc06","SemanticAndMaterialCandidate","0.31","False","True","No existing Light component; automatic placement would guess physical origin and aiming."
"Assets/Game/LegacyImport/RuntimeBaseline/Generated/World/Scenes/World_DonorBaseline_Canonical.unity","World_DonorBaseline_Canonical","","DONOR_WORLD_BASELINE_TEMPORARY_DIRECT_IMPORT/EXCLUDED_SOURCE_METADATA_ONLY/ColliderOnly · Reverse · RALLY / Lines [10054]","-1098.289;6.611;235.183","-1098.289;6.611;235.183","VehicleReverse","False","False","False","vehicle.electrical.lighting","SemanticAndMaterialCandidate","0.31","False","True","No existing Light component; automatic placement would guess physical origin and aiming."
"Assets/Game/LegacyImport/RuntimeBaseline/Generated/World/Scenes/World_DonorBaseline_Canonical.unity","World_DonorBaseline_Canonical","","DONOR_WORLD_BASELINE_TEMPORARY_DIRECT_IMPORT/EXCLUDED_SOURCE_METADATA_ONLY/ColliderOnly · switch bathroom · YARD / LightSwitches [27181]","157.583;2.457;-1038.054","157.583;2.457;-1038.054","DomesticIncandescent","False","False","True","grid.building.d733fc06","SemanticAndMaterialCandidate","0.31","False","True","No existing Light component; automatic placement would guess physical origin and aiming."
"Assets/Game/LegacyImport/RuntimeBaseline/Generated/World/Scenes/World_DonorBaseline_Canonical.unity","World_DonorBaseline_Canonical","","DONOR_WORLD_BASELINE_TEMPORARY_DIRECT_IMPORT/EXCLUDED_SOURCE_METADATA_ONLY/BuildingExterior · particle · CABIN / light [33635]","3.608;-1.521;-21.48","3.608;-1.521;-21.48","ExteriorBuilding","False","False","False","grid.building.d733fc06","SemanticAndMaterialCandidate","0.31","False","True","No existing Light component; automatic placement would guess physical origin and aiming."
"Assets/Game/LegacyImport/RuntimeBaseline/Generated/World/Scenes/World_DonorBaseline_Canonical.unity","World_DonorBaseline_Canonical","","DONOR_WORLD_BASELINE_TEMPORARY_DIRECT_IMPORT/EXCLUDED_SOURCE_METADATA_ONLY/ColliderOnly · switch hallway · YARD / LightSwitches [2370]","158.444;2.457;-1029.977","158.444;2.457;-1029.977","DomesticIncandescent","False","False","True","grid.building.d733fc06","SemanticAndMaterialCandidate","0.31","False","True","No existing Light component; automatic placement would guess physical origin and aiming."
"Assets/Game/LegacyImport/RuntimeBaseline/Generated/World/Scenes/World_DonorBaseline_Canonical.unity","World_DonorBaseline_Canonical","","DONOR_WORLD_BASELINE_TEMPORARY_DIRECT_IMPORT/EXCLUDED_SOURCE_METADATA_ONLY/ColliderOnly · switch jailcell · JAIL / LIGHT [28123]","-485.417;6.862;-2195.514","-485.417;6.862;-2195.514","DomesticIncandescent","False","False","True","grid.building.d733fc06","SemanticAndMaterialCandidate","0.31","False","True","No existing Light component; automatic placement would guess physical origin and aiming."
"Assets/Game/LegacyImport/RuntimeBaseline/Generated/World/Scenes/World_DonorBaseline_Canonical.unity","World_DonorBaseline_Canonical","","DONOR_WORLD_BASELINE_TEMPORARY_DIRECT_IMPORT/EXCLUDED_SOURCE_METADATA_ONLY/ColliderOnly · switch entry · YARD / LightSwitches [17506]","157.553;2.457;-1035.566","157.553;2.457;-1035.566","DomesticIncandescent","False","False","True","grid.building.d733fc06","SemanticAndMaterialCandidate","0.31","False","True","No existing Light component; automatic placement would guess physical origin and aiming."
"Assets/Game/LegacyImport/RuntimeBaseline/Generated/World/Scenes/World_DonorBaseline_Canonical.unity","World_DonorBaseline_Canonical","","DONOR_WORLD_BASELINE_TEMPORARY_DIRECT_IMPORT/EXCLUDED_SOURCE_METADATA_ONLY/ColliderOnly · Reverse · RALLY / Lines [11896]","-1121.688;6.611;-1729.201","-1121.688;6.611;-1729.201","VehicleReverse","False","False","False","vehicle.electrical.lighting","SemanticAndMaterialCandidate","0.31","False","True","No existing Light component; automatic placement would guess physical origin and aiming."
"Assets/Game/LegacyImport/RuntimeBaseline/Generated/World/Scenes/World_DonorBaseline_Canonical.unity","World_DonorBaseline_Canonical","","DONOR_WORLD_BASELINE_TEMPORARY_DIRECT_IMPORT/EXCLUDED_SOURCE_METADATA_ONLY/BuildingInterior · LCD · YARD / Lights [9221]","159.63;1.904;-1026.556","159.63;1.904;-1026.556","DomesticIncandescent","False","False","False","grid.building.d733fc06","SemanticAndMaterialCandidate","0.31","False","True","No existing Light component; automatic placement would guess physical origin and aiming."
"Assets/Game/LegacyImport/RuntimeBaseline/Generated/World/Scenes/World_DonorBaseline_Canonical.unity","World_DonorBaseline_Canonical","","DONOR_WORLD_BASELINE_TEMPORARY_DIRECT_IMPORT/EXCLUDED_SOURCE_METADATA_ONLY/ColliderOnly · Lightbulb · STORE / CarProducts [15529]","-1381.508;7.061;140.474","-1381.508;7.061;140.474","DomesticIncandescent","False","False","False","grid.building.d733fc06","SemanticAndMaterialCandidate","0.37","False","True","No existing Light component; automatic placement would guess physical origin and aiming."
"Assets/Game/LegacyImport/RuntimeBaseline/Generated/World/Scenes/World_DonorBaseline_Canonical.unity","World_DonorBaseline_Canonical","","DONOR_WORLD_BASELINE_TEMPORARY_DIRECT_IMPORT/EXCLUDED_SOURCE_METADATA_ONLY/ColliderOnly · switch bedroomParents · YARD / LightSwitches [18171]","165.779;2.457;-1029.724","165.779;2.457;-1029.724","DomesticIncandescent","False","False","True","grid.building.d733fc06","SemanticAndMaterialCandidate","0.31","False","True","No existing Light component; automatic placement would guess physical origin and aiming."
"Assets/Game/LegacyImport/RuntimeBaseline/Generated/World/Scenes/World_DonorBaseline_Canonical.unity","World_DonorBaseline_Canonical","","DONOR_WORLD_BASELINE_TEMPORARY_DIRECT_IMPORT/PROJECT_OWNED_DEVELOPMENT_LIGHTING","0;0;0","0;0;0","DomesticIncandescent","False","False","False","grid.building.d733fc06","SemanticAndMaterialCandidate","0.31","False","True","No existing Light component; automatic placement would guess physical origin and aiming."
"Assets/Game/LegacyImport/RuntimeBaseline/Generated/World/Streaming/Scenes/Cells/World_Cell_-1_-4_Legacy.unity","World_Cell_-1_-4_Legacy","","World_cell_-1_-4_Legacy/TEMPORARY_DIRECT_IMPORT_ENTITIES/UtilityPole · lightpole 2 · LANDFILL [18008]","-499.658;14.233;-1762.101","-499.658;14.233;-1762.101","DomesticIncandescent","False","False","False","grid.building.42fc123d","SemanticAndMaterialCandidate","0.31","False","True","No existing Light component; automatic placement would guess physical origin and aiming."
"Assets/Game/LegacyImport/RuntimeBaseline/Generated/World/Streaming/Scenes/Cells/World_Cell_-1_-5_Legacy.unity","World_Cell_-1_-5_Legacy","","World_cell_-1_-5_Legacy/TEMPORARY_DIRECT_IMPORT_ENTITIES/BuildingExterior · lamp cord 1 · JAIL / LIGHT [34302]","-485.53;8.315;-2194.775","-485.53;8.315;-2194.775","ExteriorBuilding","False","False","False","grid.building.b1820cc0","SemanticAndMaterialCandidate","0.37","False","True","No existing Light component; automatic placement would guess physical origin and aiming."
"Assets/Game/LegacyImport/RuntimeBaseline/Generated/World/Streaming/Scenes/Cells/World_Cell_-1_-5_Legacy.unity","World_Cell_-1_-5_Legacy","","World_cell_-1_-5_Legacy/TEMPORARY_DIRECT_IMPORT_ENTITIES/BuildingExterior · light bulb · JAIL / LIGHT [9926]","-485.53;8.21;-2194.775","-485.53;8.21;-2194.775","ExteriorBuilding","False","False","False","grid.building.b1820cc0","SemanticAndMaterialCandidate","0.37","False","True","No existing Light component; automatic placement would guess physical origin and aiming."
"Assets/Game/LegacyImport/RuntimeBaseline/Generated/World/Streaming/Scenes/Cells/World_Cell_-1_-5_Legacy.unity","World_Cell_-1_-5_Legacy","","World_cell_-1_-5_Legacy/TEMPORARY_DIRECT_IMPORT_ENTITIES/ColliderOnly · switch jailcell · JAIL / LIGHT [28123]","-485.417;6.862;-2195.514","-485.417;6.862;-2195.514","DomesticIncandescent","False","False","True","grid.building.b1820cc0","SemanticAndMaterialCandidate","0.31","False","True","No existing Light component; automatic placement would guess physical origin and aiming."
"Assets/Game/LegacyImport/RuntimeBaseline/Generated/World/Streaming/Scenes/Cells/World_Cell_-1_-5_Legacy.unity","World_Cell_-1_-5_Legacy","","World_cell_-1_-5_Legacy/TEMPORARY_DIRECT_IMPORT_ENTITIES/BuildingExterior · light switch button · JAIL / light switch [19763]","-485.417;6.862;-2195.524","-485.417;6.862;-2195.524","ExteriorBuilding","False","False","True","grid.building.b1820cc0","SemanticAndMaterialCandidate","0.31","False","True","No existing Light component; automatic placement would guess physical origin and aiming."
"Assets/Game/LegacyImport/RuntimeBaseline/Generated/World/Streaming/Scenes/Cells/World_Cell_-1_-5_Legacy.unity","World_Cell_-1_-5_Legacy","","World_cell_-1_-5_Legacy/TEMPORARY_DIRECT_IMPORT_ENTITIES/BuildingExterior · light switch · JAIL / switch jailcell [20359]","-485.417;6.862;-2195.524","-485.417;6.862;-2195.524","ExteriorBuilding","False","False","True","grid.building.b1820cc0","SemanticAndMaterialCandidate","0.31","False","True","No existing Light component; automatic placement would guess physical origin and aiming."
"Assets/Game/LegacyImport/RuntimeBaseline/Generated/World/Streaming/Scenes/Cells/World_Cell_-1_-5_Legacy.unity","World_Cell_-1_-5_Legacy","","World_cell_-1_-5_Legacy/TEMPORARY_DIRECT_IMPORT_ENTITIES/BuildingExterior · glass · JAIL / light bulb [33724]","-485.53;8.21;-2194.775","-485.53;8.21;-2194.775","ExteriorBuilding","False","False","False","grid.building.b1820cc0","SemanticAndMaterialCandidate","0.37","False","True","No existing Light component; automatic placement would guess physical origin and aiming."
"Assets/Game/LegacyImport/RuntimeBaseline/Generated/World/Streaming/Scenes/Cells/World_Cell_-2_-4_Legacy.unity","World_Cell_-2_-4_Legacy","","World_cell_-2_-4_Legacy/TEMPORARY_DIRECT_IMPORT_ENTITIES/InteractivePropCandidate · steering · DRAGRACE / LOD [4367]","-572.351;4.578;-1943.476","-572.351;4.578;-1943.476","DomesticIncandescent","False","True","False","grid.building.38ba19c8","SemanticAndMaterialCandidate","0.36","False","True","No existing Light component; automatic placement would guess physical origin and aiming."
"Assets/Game/LegacyImport/RuntimeBaseline/Generated/World/Streaming/Scenes/Cells/World_Cell_-2_-4_Legacy.unity","World_Cell_-2_-4_Legacy","","World_cell_-2_-4_Legacy/TEMPORARY_DIRECT_IMPORT_ENTITIES/UtilityPole · lightpole 1 · LANDFILL [35498]","-606.45;18.601;-1687.515","-606.45;18.601;-1687.515","DomesticIncandescent","False","False","False","grid.building.38ba19c8","SemanticAndMaterialCandidate","0.31","False","True","No existing Light component; automatic placement would guess physical origin and aiming."
"Assets/Game/LegacyImport/RuntimeBaseline/Generated/World/Streaming/Scenes/Cells/World_Cell_-2_-4_Legacy.unity","World_Cell_-2_-4_Legacy","","World_cell_-2_-4_Legacy/TEMPORARY_DIRECT_IMPORT_ENTITIES/InteractivePropCandidate · steering · DRAGRACE / LOD [16114]","-558.121;4.708;-1938.291","-558.121;4.708;-1938.291","DomesticIncandescent","False","True","False","grid.building.38ba19c8","SemanticAndMaterialCandidate","0.36","False","True","No existing Light component; automatic placement would guess physical origin and aiming."
"Assets/Game/LegacyImport/RuntimeBaseline/Generated/World/Streaming/Scenes/Cells/World_Cell_-3_-1_Legacy.unity","World_Cell_-3_-1_Legacy","","World_cell_-3_-1_Legacy/TEMPORARY_DIRECT_IMPORT_ENTITIES/UtilityPole · lightpole · MAP / LOD [10179]","-1532.62;10.061;-59.625","-1532.62;10.061;-59.625","DomesticIncandescent","False","False","False","grid.building.08fe922a","SemanticAndMaterialCandidate","0.31","False","True","No existing Light component; automatic placement would guess physical origin and aiming."
"Assets/Game/LegacyImport/RuntimeBaseline/Generated/World/Streaming/Scenes/Cells/World_Cell_-3_-1_Legacy.unity","World_Cell_-3_-1_Legacy","","World_cell_-3_-1_Legacy/TEMPORARY_DIRECT_IMPORT_ENTITIES/UtilityPole · lightpole · MAP / LOD [31449]","-1505.77;10.001;-22.095","-1505.77;10.001;-22.095","DomesticIncandescent","False","False","False","grid.building.08fe922a","SemanticAndMaterialCandidate","0.31","False","True","No existing Light component; automatic placement would guess physical origin and aiming."
"Assets/Game/LegacyImport/RuntimeBaseline/Generated/World/Streaming/Scenes/Cells/World_Cell_-3_-1_Legacy.unity","World_Cell_-3_-1_Legacy","","World_cell_-3_-1_Legacy/TEMPORARY_DIRECT_IMPORT_ENTITIES/UtilityPole · lightpole · MAP / LOD [7488]","-1517.32;11.021;-108.925","-1517.32;11.021;-108.925","DomesticIncandescent","False","False","False","grid.building.08fe922a","SemanticAndMaterialCandidate","0.31","False","True","No existing Light component; automatic placement would guess physical origin and aiming."
"Assets/Game/LegacyImport/RuntimeBaseline/Generated/World/Streaming/Scenes/Cells/World_Cell_-3_-3_Legacy.unity","World_Cell_-3_-3_Legacy","","World_cell_-3_-3_Legacy/TEMPORARY_DIRECT_IMPORT_ENTITIES/UtilityPole · lightpole · MAP / LOD [4473]","-1484.64;5.111;-1479.475","-1484.64;5.111;-1479.475","DomesticIncandescent","False","False","False","grid.building.ef4b2c00","SemanticAndMaterialCandidate","0.31","False","True","No existing Light component; automatic placement would guess physical origin and aiming."
"Assets/Game/LegacyImport/RuntimeBaseline/Generated/World/Streaming/Scenes/Cells/World_Cell_-3_-3_Legacy.unity","World_Cell_-3_-3_Legacy","","World_cell_-3_-3_Legacy/TEMPORARY_DIRECT_IMPORT_ENTITIES/UtilityPole · lightpole · MAP / LOD [11777]","-1451.94;8.131;-1519.855","-1451.94;8.131;-1519.855","DomesticIncandescent","False","False","False","grid.building.ef4b2c00","SemanticAndMaterialCandidate","0.31","False","True","No existing Light component; automatic placement would guess physical origin and aiming."
"Assets/Game/LegacyImport/RuntimeBaseline/Generated/World/Streaming/Scenes/Cells/World_Cell_-3_-3_Legacy.unity","World_Cell_-3_-3_Legacy","","World_cell_-3_-3_Legacy/TEMPORARY_DIRECT_IMPORT_ENTITIES/UtilityPole · lightpole · MAP / LOD [20803]","-1487.52;5.691;-1527.925","-1487.52;5.691;-1527.925","DomesticIncandescent","False","False","False","grid.building.ef4b2c00","SemanticAndMaterialCandidate","0.31","False","True","No existing Light component; automatic placement would guess physical origin and aiming."
"Assets/Game/LegacyImport/RuntimeBaseline/Generated/World/Streaming/Scenes/Cells/World_Cell_-3_-4_Legacy.unity","World_Cell_-3_-4_Legacy","","World_cell_-3_-4_Legacy/TEMPORARY_DIRECT_IMPORT_ENTITIES/InteractivePropCandidate · left amber2 · DRAGRACE / Amber2 [35210]","-1098.686;3.624;-1984.937","-1098.686;3.624;-1984.937","DomesticIncandescent","False","True","False","grid.building.e78e5adb","SemanticAndMaterialCandidate","0.36","False","True","No existing Light component; automatic placement would guess physical origin and aiming."
"Assets/Game/LegacyImport/RuntimeBaseline/Generated/World/Streaming/Scenes/Cells/World_Cell_-3_-4_Legacy.unity","World_Cell_-3_-4_Legacy","","World_cell_-3_-4_Legacy/TEMPORARY_DIRECT_IMPORT_ENTITIES/InteractivePropCandidate · drag tree · DRAGRACE / mesh [22547]","-1098.686;3.624;-1984.937","-1098.686;3.624;-1984.937","DomesticIncandescent","False","True","False","grid.building.e78e5adb","SemanticAndMaterialCandidate","0.36","False","True","No existing Light component; automatic placement would guess physical origin and aiming."
"Assets/Game/LegacyImport/RuntimeBaseline/Generated/World/Streaming/Scenes/Cells/World_Cell_-3_-4_Legacy.unity","World_Cell_-3_-4_Legacy","","World_cell_-3_-4_Legacy/TEMPORARY_DIRECT_IMPORT_ENTITIES/StaticProp · Startline · DRAGRACE / Objects [34236]","-1107.679;3.571;-1983.612","-1107.679;3.571;-1983.612","DomesticIncandescent","False","True","False","grid.building.e78e5adb","SemanticAndMaterialCandidate","0.36","False","True","No existing Light component; automatic placement would guess physical origin and aiming."
"Assets/Game/LegacyImport/RuntimeBaseline/Generated/World/Streaming/Scenes/Cells/World_Cell_-3_-4_Legacy.unity","World_Cell_-3_-4_Legacy","","World_cell_-3_-4_Legacy/TEMPORARY_DIRECT_IMPORT_ENTITIES/InteractivePropCandidate · victro parts · RALLY / StaticCarVICTRO [3189]","-1106.42;0.006;-1728.905","-1106.42;0.006;-1728.905","DomesticIncandescent","False","True","False","grid.building.e78e5adb","SemanticAndMaterialCandidate","0.36","False","True","No existing Light component; automatic placement would guess physical origin and aiming."
"Assets/Game/LegacyImport/RuntimeBaseline/Generated/World/Streaming/Scenes/Cells/World_Cell_-3_-4_Legacy.unity","World_Cell_-3_-4_Legacy","","World_cell_-3_-4_Legacy/TEMPORARY_DIRECT_IMPORT_ENTITIES/InteractivePropCandidate · left amber1 · DRAGRACE / Amber1 [19402]","-1098.686;3.624;-1984.937","-1098.686;3.624;-1984.937","DomesticIncandescent","False","True","False","grid.building.e78e5adb","SemanticAndMaterialCandidate","0.36","False","True","No existing Light component; automatic placement would guess physical origin and aiming."
"Assets/Game/LegacyImport/RuntimeBaseline/Generated/World/Streaming/Scenes/Cells/World_Cell_-3_-4_Legacy.unity","World_Cell_-3_-4_Legacy","","World_cell_-3_-4_Legacy/TEMPORARY_DIRECT_IMPORT_ENTITIES/UtilityPole · lightpole · MAP / LOD [3036]","-1491.81;6.291;-1569.655","-1491.81;6.291;-1569.655","DomesticIncandescent","False","False","False","grid.building.e78e5adb","SemanticAndMaterialCandidate","0.31","False","True","No existing Light component; automatic placement would guess physical origin and aiming."
"Assets/Game/LegacyImport/RuntimeBaseline/Generated/World/Streaming/Scenes/Cells/World_Cell_-3_-4_Legacy.unity","World_Cell_-3_-4_Legacy","","World_cell_-3_-4_Legacy/TEMPORARY_DIRECT_IMPORT_ENTITIES/InteractivePropCandidate · left stage1 · DRAGRACE / Stage1 [22503]","-1098.686;3.624;-1984.937","-1098.686;3.624;-1984.937","DomesticIncandescent","False","True","False","grid.building.e78e5adb","SemanticAndMaterialCandidate","0.36","False","True","No existing Light component; automatic placement would guess physical origin and aiming."
"Assets/Game/LegacyImport/RuntimeBaseline/Generated/World/Streaming/Scenes/Cells/World_Cell_-3_-4_Legacy.unity","World_Cell_-3_-4_Legacy","","World_cell_-3_-4_Legacy/TEMPORARY_DIRECT_IMPORT_ENTITIES/InteractivePropCandidate · right red · DRAGRACE / Red [14076]","-1098.686;3.624;-1984.937","-1098.686;3.624;-1984.937","DomesticIncandescent","False","True","False","grid.building.e78e5adb","SemanticAndMaterialCandidate","0.36","False","True","No existing Light component; automatic placement would guess physical origin and aiming."
"Assets/Game/LegacyImport/RuntimeBaseline/Generated/World/Streaming/Scenes/Cells/World_Cell_-3_-4_Legacy.unity","World_Cell_-3_-4_Legacy","","World_cell_-3_-4_Legacy/TEMPORARY_DIRECT_IMPORT_ENTITIES/InteractivePropCandidate · right amber1 · DRAGRACE / Amber1 [35890]","-1098.686;3.624;-1984.937","-1098.686;3.624;-1984.937","DomesticIncandescent","False","True","False","grid.building.e78e5adb","SemanticAndMaterialCandidate","0.36","False","True","No existing Light component; automatic placement would guess physical origin and aiming."
"Assets/Game/LegacyImport/RuntimeBaseline/Generated/World/Streaming/Scenes/Cells/World_Cell_-3_-4_Legacy.unity","World_Cell_-3_-4_Legacy","","World_cell_-3_-4_Legacy/TEMPORARY_DIRECT_IMPORT_ENTITIES/InteractivePropCandidate · right stage1 · DRAGRACE / Stage1 [14319]","-1098.686;3.624;-1984.937","-1098.686;3.624;-1984.937","DomesticIncandescent","False","True","False","grid.building.e78e5adb","SemanticAndMaterialCandidate","0.36","False","True","No existing Light component; automatic placement would guess physical origin and aiming."
"Assets/Game/LegacyImport/RuntimeBaseline/Generated/World/Streaming/Scenes/Cells/World_Cell_-3_-4_Legacy.unity","World_Cell_-3_-4_Legacy","","World_cell_-3_-4_Legacy/TEMPORARY_DIRECT_IMPORT_ENTITIES/InteractivePropCandidate · left red · DRAGRACE / Red [9726]","-1098.686;3.624;-1984.937","-1098.686;3.624;-1984.937","DomesticIncandescent","False","True","False","grid.building.e78e5adb","SemanticAndMaterialCandidate","0.36","False","True","No existing Light component; automatic placement would guess physical origin and aiming."
"Assets/Game/LegacyImport/RuntimeBaseline/Generated/World/Streaming/Scenes/Cells/World_Cell_-3_-4_Legacy.unity","World_Cell_-3_-4_Legacy","","World_cell_-3_-4_Legacy/TEMPORARY_DIRECT_IMPORT_ENTITIES/ColliderOnly · Reverse · RALLY / Lines [11896]","-1121.688;6.611;-1729.201","-1121.688;6.611;-1729.201","VehicleReverse","False","False","False","vehicle.electrical.lighting","SemanticAndMaterialCandidate","0.31","False","True","No existing Light component; automatic placement would guess physical origin and aiming."
"Assets/Game/LegacyImport/RuntimeBaseline/Generated/World/Streaming/Scenes/Cells/World_Cell_-3_-4_Legacy.unity","World_Cell_-3_-4_Legacy","","World_cell_-3_-4_Legacy/TEMPORARY_DIRECT_IMPORT_ENTITIES/InteractivePropCandidate · mesh · DRAGRACE / TREE [19024]","-1098.686;3.624;-1984.937","-1098.686;3.624;-1984.937","DomesticIncandescent","False","True","False","grid.building.e78e5adb","SemanticAndMaterialCandidate","0.36","False","True","No existing Light component; automatic placement would guess physical origin and aiming."
"Assets/Game/LegacyImport/RuntimeBaseline/Generated/World/Streaming/Scenes/Cells/World_Cell_-3_-4_Legacy.unity","World_Cell_-3_-4_Legacy","","World_cell_-3_-4_Legacy/TEMPORARY_DIRECT_IMPORT_ENTITIES/InteractivePropCandidate · right green · DRAGRACE / Green [8683]","-1098.686;3.624;-1984.937","-1098.686;3.624;-1984.937","DomesticIncandescent","False","True","False","grid.building.e78e5adb","SemanticAndMaterialCandidate","0.36","False","True","No existing Light component; automatic placement would guess physical origin and aiming."
"Assets/Game/LegacyImport/RuntimeBaseline/Generated/World/Streaming/Scenes/Cells/World_Cell_-3_-4_Legacy.unity","World_Cell_-3_-4_Legacy","","World_cell_-3_-4_Legacy/TEMPORARY_DIRECT_IMPORT_ENTITIES/InteractivePropCandidate · right stage2 · DRAGRACE / Stage2 [8808]","-1098.686;3.624;-1984.937","-1098.686;3.624;-1984.937","DomesticIncandescent","False","True","False","grid.building.e78e5adb","SemanticAndMaterialCandidate","0.36","False","True","No existing Light component; automatic placement would guess physical origin and aiming."
"Assets/Game/LegacyImport/RuntimeBaseline/Generated/World/Streaming/Scenes/Cells/World_Cell_-3_-4_Legacy.unity","World_Cell_-3_-4_Legacy","","World_cell_-3_-4_Legacy/TEMPORARY_DIRECT_IMPORT_ENTITIES/InteractivePropCandidate · left stage2 · DRAGRACE / Stage2 [13652]","-1098.686;3.624;-1984.937","-1098.686;3.624;-1984.937","DomesticIncandescent","False","True","False","grid.building.e78e5adb","SemanticAndMaterialCandidate","0.36","False","True","No existing Light component; automatic placement would guess physical origin and aiming."
"Assets/Game/LegacyImport/RuntimeBaseline/Generated/World/Streaming/Scenes/Cells/World_Cell_-3_-4_Legacy.unity","World_Cell_-3_-4_Legacy","","World_cell_-3_-4_Legacy/TEMPORARY_DIRECT_IMPORT_ENTITIES/InteractivePropCandidate · right amber3 · DRAGRACE / Amber3 [16125]","-1098.686;3.624;-1984.937","-1098.686;3.624;-1984.937","DomesticIncandescent","False","True","False","grid.building.e78e5adb","SemanticAndMaterialCandidate","0.36","False","True","No existing Light component; automatic placement would guess physical origin and aiming."
"Assets/Game/LegacyImport/RuntimeBaseline/Generated/World/Streaming/Scenes/Cells/World_Cell_-3_-4_Legacy.unity","World_Cell_-3_-4_Legacy","","World_cell_-3_-4_Legacy/TEMPORARY_DIRECT_IMPORT_ENTITIES/InteractivePropCandidate · left amber3 · DRAGRACE / Amber3 [22738]","-1098.686;3.624;-1984.937","-1098.686;3.624;-1984.937","DomesticIncandescent","False","True","False","grid.building.e78e5adb","SemanticAndMaterialCandidate","0.36","False","True","No existing Light component; automatic placement would guess physical origin and aiming."
"Assets/Game/LegacyImport/RuntimeBaseline/Generated/World/Streaming/Scenes/Cells/World_Cell_-3_-4_Legacy.unity","World_Cell_-3_-4_Legacy","","World_cell_-3_-4_Legacy/TEMPORARY_DIRECT_IMPORT_ENTITIES/InteractivePropCandidate · left green · DRAGRACE / Green [14732]","-1098.686;3.624;-1984.937","-1098.686;3.624;-1984.937","DomesticIncandescent","False","True","False","grid.building.e78e5adb","SemanticAndMaterialCandidate","0.36","False","True","No existing Light component; automatic placement would guess physical origin and aiming."
"Assets/Game/LegacyImport/RuntimeBaseline/Generated/World/Streaming/Scenes/Cells/World_Cell_-3_-4_Legacy.unity","World_Cell_-3_-4_Legacy","","World_cell_-3_-4_Legacy/TEMPORARY_DIRECT_IMPORT_ENTITIES/InteractivePropCandidate · right amber2 · DRAGRACE / Amber2 [25275]","-1098.686;3.624;-1984.937","-1098.686;3.624;-1984.937","DomesticIncandescent","False","True","False","grid.building.e78e5adb","SemanticAndMaterialCandidate","0.36","False","True","No existing Light component; automatic placement would guess physical origin and aiming."
"Assets/Game/LegacyImport/RuntimeBaseline/Generated/World/Streaming/Scenes/Cells/World_Cell_-3_-4_Legacy.unity","World_Cell_-3_-4_Legacy","","World_cell_-3_-4_Legacy/PHASE1_JOB_LOCATIONS_TEMPORARY_DIRECT_IMPORT/P1JOB_police_parts_638137b5","-1026.5;2.511;-1664.185","-1026.5;2.511;-1664.185","DomesticIncandescent","False","True","False","grid.building.e78e5adb","SemanticAndMaterialCandidate","0.36","False","True","No existing Light component; automatic placement would guess physical origin and aiming."
"Assets/Game/LegacyImport/RuntimeBaseline/Generated/World/Streaming/Scenes/Cells/World_Cell_-3_0_Legacy.unity","World_Cell_-3_0_Legacy","","World_cell_-3_0_Legacy/TEMPORARY_DIRECT_IMPORT_ENTITIES/BuildingExterior · button lock1 · STORE / videopoker mesh [26313]","-1374.197;5.762;141.972","-1374.197;5.762;141.972","ExteriorBuilding","False","True","False","grid.building.113f50c4","SemanticAndMaterialCandidate","0.36","False","True","No existing Light component; automatic placement would guess physical origin and aiming."
"Assets/Game/LegacyImport/RuntimeBaseline/Generated/World/Streaming/Scenes/Cells/World_Cell_-3_0_Legacy.unity","World_Cell_-3_0_Legacy","","World_cell_-3_0_Legacy/TEMPORARY_DIRECT_IMPORT_ENTITIES/BuildingExterior · button big · STORE / videopoker mesh [5868]","-1374.197;5.762;141.972","-1374.197;5.762;141.972","ExteriorBuilding","False","True","False","grid.building.113f50c4","SemanticAndMaterialCandidate","0.36","False","True","No existing Light component; automatic placement would guess physical origin and aiming."
"Assets/Game/LegacyImport/RuntimeBaseline/Generated/World/Streaming/Scenes/Cells/World_Cell_-3_0_Legacy.unity","World_Cell_-3_0_Legacy","","World_cell_-3_0_Legacy/TEMPORARY_DIRECT_IMPORT_ENTITIES/BuildingExterior · light switch · STORE / switch door [34992]","-1380.562;5.912;142.693","-1380.562;5.912;142.693","ExteriorBuilding","False","False","True","grid.building.113f50c4","SemanticAndMaterialCandidate","0.31","False","True","No existing Light component; automatic placement would guess physical origin and aiming."
"Assets/Game/LegacyImport/RuntimeBaseline/Generated/World/Streaming/Scenes/Cells/World_Cell_-3_0_Legacy.unity","World_Cell_-3_0_Legacy","","World_cell_-3_0_Legacy/TEMPORARY_DIRECT_IMPORT_ENTITIES/BuildingExterior · toiletlamp · PERAJARVI / WC [5803]","-1120.635;4.439;41.022","-1120.635;4.439;41.022","ExteriorBuilding","False","False","False","grid.building.113f50c4","SemanticAndMaterialCandidate","0.31","False","True","No existing Light component; automatic placement would guess physical origin and aiming."
"Assets/Game/LegacyImport/RuntimeBaseline/Generated/World/Streaming/Scenes/Cells/World_Cell_-3_0_Legacy.unity","World_Cell_-3_0_Legacy","","World_cell_-3_0_Legacy/TEMPORARY_DIRECT_IMPORT_ENTITIES/BuildingExterior · victro parts · PERAJARVI / StaticCarVICTRO [22188]","-1310.501;3.056;48.022","-1310.501;3.056;48.022","ExteriorBuilding","False","True","False","grid.building.113f50c4","SemanticAndMaterialCandidate","0.36","False","True","No existing Light component; automatic placement would guess physical origin and aiming."
"Assets/Game/LegacyImport/RuntimeBaseline/Generated/World/Streaming/Scenes/Cells/World_Cell_-3_0_Legacy.unity","World_Cell_-3_0_Legacy","","World_cell_-3_0_Legacy/TEMPORARY_DIRECT_IMPORT_ENTITIES/BuildingExterior · office lamp 10 · STORE / Lamps [12417]","-1381.223;7.777;142.172","-1381.223;7.777;142.172","ExteriorBuilding","False","False","False","grid.building.113f50c4","SemanticAndMaterialCandidate","0.31","False","True","No existing Light component; automatic placement would guess physical origin and aiming."
"Assets/Game/LegacyImport/RuntimeBaseline/Generated/World/Streaming/Scenes/Cells/World_Cell_-3_0_Legacy.unity","World_Cell_-3_0_Legacy","","World_cell_-3_0_Legacy/TEMPORARY_DIRECT_IMPORT_ENTITIES/BuildingExterior · videopoker on · STORE / GameLogic [25475]","-1374.197;5.762;141.972","-1374.197;5.762;141.972","ExteriorBuilding","False","True","False","grid.building.113f50c4","SemanticAndMaterialCandidate","0.36","False","True","No existing Light component; automatic placement would guess physical origin and aiming."
"Assets/Game/LegacyImport/RuntimeBaseline/Generated/World/Streaming/Scenes/Cells/World_Cell_-3_0_Legacy.unity","World_Cell_-3_0_Legacy","","World_cell_-3_0_Legacy/TEMPORARY_DIRECT_IMPORT_ENTITIES/BuildingExterior · office lamp 10 · INSPECTION / LOD [9425]","-1357.219;7.421;222.315","-1357.219;7.421;222.315","ExteriorBuilding","False","False","False","grid.building.113f50c4","SemanticAndMaterialCandidate","0.31","False","True","No existing Light component; automatic placement would guess physical origin and aiming."
"Assets/Game/LegacyImport/RuntimeBaseline/Generated/World/Streaming/Scenes/Cells/World_Cell_-3_0_Legacy.unity","World_Cell_-3_0_Legacy","","World_cell_-3_0_Legacy/TEMPORARY_DIRECT_IMPORT_ENTITIES/BuildingExterior · office lamp 5 · STORE / Lamps [6564]","-1377.667;7.777;142.529","-1377.667;7.777;142.529","ExteriorBuilding","False","False","False","grid.building.113f50c4","SemanticAndMaterialCandidate","0.31","False","True","No existing Light component; automatic placement would guess physical origin and aiming."
"Assets/Game/LegacyImport/RuntimeBaseline/Generated/World/Streaming/Scenes/Cells/World_Cell_-3_0_Legacy.unity","World_Cell_-3_0_Legacy","","World_cell_-3_0_Legacy/TEMPORARY_DIRECT_IMPORT_ENTITIES/BuildingExterior · slot machine lights · STORE / slot machine 1 [5952]","-1378.712;5.756;138.965","-1378.712;5.756;138.965","ExteriorBuilding","False","False","False","grid.building.113f50c4","SemanticAndMaterialCandidate","0.31","False","True","No existing Light component; automatic placement would guess physical origin and aiming."
"Assets/Game/LegacyImport/RuntimeBaseline/Generated/World/Streaming/Scenes/Cells/World_Cell_-3_0_Legacy.unity","World_Cell_-3_0_Legacy","","World_cell_-3_0_Legacy/TEMPORARY_DIRECT_IMPORT_ENTITIES/BuildingExterior · button cash · STORE / videopoker mesh [6887]","-1374.197;5.762;141.972","-1374.197;5.762;141.972","ExteriorBuilding","False","True","False","grid.building.113f50c4","SemanticAndMaterialCandidate","0.36","False","True","No existing Light component; automatic placement would guess physical origin and aiming."
"Assets/Game/LegacyImport/RuntimeBaseline/Generated/World/Streaming/Scenes/Cells/World_Cell_-3_0_Legacy.unity","World_Cell_-3_0_Legacy","","World_cell_-3_0_Legacy/TEMPORARY_DIRECT_IMPORT_ENTITIES/BuildingExterior · Cube 1 · STORE / Lamps [17563]","-1378.825;7.826;141.788","-1378.825;7.826;141.788","ExteriorBuilding","False","False","False","grid.building.113f50c4","SemanticAndMaterialCandidate","0.31","False","True","No existing Light component; automatic placement would guess physical origin and aiming."
"Assets/Game/LegacyImport/RuntimeBaseline/Generated/World/Streaming/Scenes/Cells/World_Cell_-3_0_Legacy.unity","World_Cell_-3_0_Legacy","","World_cell_-3_0_Legacy/TEMPORARY_DIRECT_IMPORT_ENTITIES/BuildingExterior · 3 · STORE / Lightbulb [29562]","-1381.48;7.059;140.53","-1381.48;7.059;140.53","ExteriorBuilding","False","False","False","grid.building.113f50c4","SemanticAndMaterialCandidate","0.37","False","True","No existing Light component; automatic placement would guess physical origin and aiming."
"Assets/Game/LegacyImport/RuntimeBaseline/Generated/World/Streaming/Scenes/Cells/World_Cell_-3_0_Legacy.unity","World_Cell_-3_0_Legacy","","World_cell_-3_0_Legacy/TEMPORARY_DIRECT_IMPORT_ENTITIES/BuildingExterior · button lock5 · STORE / videopoker mesh [29630]","-1374.516;5.762;141.88","-1374.516;5.762;141.88","ExteriorBuilding","False","True","False","grid.building.113f50c4","SemanticAndMaterialCandidate","0.36","False","True","No existing Light component; automatic placement would guess physical origin and aiming."
"Assets/Game/LegacyImport/RuntimeBaseline/Generated/World/Streaming/Scenes/Cells/World_Cell_-3_0_Legacy.unity","World_Cell_-3_0_Legacy","","World_cell_-3_0_Legacy/TEMPORARY_DIRECT_IMPORT_ENTITIES/BuildingExterior · Cube 3 · STORE / Lamps [32877]","-1379.696;7.826;143.15","-1379.696;7.826;143.15","ExteriorBuilding","False","False","False","grid.building.113f50c4","SemanticAndMaterialCandidate","0.31","False","True","No existing Light component; automatic placement would guess physical origin and aiming."
"Assets/Game/LegacyImport/RuntimeBaseline/Generated/World/Streaming/Scenes/Cells/World_Cell_-3_0_Legacy.unity","World_Cell_-3_0_Legacy","","World_cell_-3_0_Legacy/TEMPORARY_DIRECT_IMPORT_ENTITIES/BuildingExterior · button bet · STORE / videopoker mesh [26563]","-1374.197;5.762;141.972","-1374.197;5.762;141.972","ExteriorBuilding","False","True","False","grid.building.113f50c4","SemanticAndMaterialCandidate","0.36","False","True","No existing Light component; automatic placement would guess physical origin and aiming."
"Assets/Game/LegacyImport/RuntimeBaseline/Generated/World/Streaming/Scenes/Cells/World_Cell_-3_0_Legacy.unity","World_Cell_-3_0_Legacy","","World_cell_-3_0_Legacy/TEMPORARY_DIRECT_IMPORT_ENTITIES/BuildingExterior · office lamp 8 · STORE / Lamps [14721]","-1376.808;7.777;141.187","-1376.808;7.777;141.187","ExteriorBuilding","False","False","False","grid.building.113f50c4","SemanticAndMaterialCandidate","0.31","False","True","No existing Light component; automatic placement would guess physical origin and aiming."
"Assets/Game/LegacyImport/RuntimeBaseline/Generated/World/Streaming/Scenes/Cells/World_Cell_-3_0_Legacy.unity","World_Cell_-3_0_Legacy","","World_cell_-3_0_Legacy/TEMPORARY_DIRECT_IMPORT_ENTITIES/BuildingExterior · button start · STORE / videopoker mesh [26611]","-1374.197;5.762;141.972","-1374.197;5.762;141.972","ExteriorBuilding","False","True","False","grid.building.113f50c4","SemanticAndMaterialCandidate","0.36","False","True","No existing Light component; automatic placement would guess physical origin and aiming."
"Assets/Game/LegacyImport/RuntimeBaseline/Generated/World/Streaming/Scenes/Cells/World_Cell_-3_0_Legacy.unity","World_Cell_-3_0_Legacy","","World_cell_-3_0_Legacy/TEMPORARY_DIRECT_IMPORT_ENTITIES/BuildingExterior · police parts · PERAJARVI / MESH [31590]","-1352.584;5.931;97.906","-1352.584;5.931;97.906","ExteriorBuilding","False","True","False","grid.building.113f50c4","SemanticAndMaterialCandidate","0.36","False","True","No existing Light component; automatic placement would guess physical origin and aiming."
"Assets/Game/LegacyImport/RuntimeBaseline/Generated/World/Streaming/Scenes/Cells/World_Cell_-3_0_Legacy.unity","World_Cell_-3_0_Legacy","","World_cell_-3_0_Legacy/TEMPORARY_DIRECT_IMPORT_ENTITIES/UtilityPole · lightpole · MAP / LOD [6153]","-1377.33;8.031;116.465","-1377.33;8.031;116.465","DomesticIncandescent","False","False","False","grid.building.113f50c4","SemanticAndMaterialCandidate","0.31","False","True","No existing Light component; automatic placement would guess physical origin and aiming."
"Assets/Game/LegacyImport/RuntimeBaseline/Generated/World/Streaming/Scenes/Cells/World_Cell_-3_0_Legacy.unity","World_Cell_-3_0_Legacy","","World_cell_-3_0_Legacy/TEMPORARY_DIRECT_IMPORT_ENTITIES/BuildingExterior · office lamp 14 · WATERFACILITY / LOD [6436]","-1349.453;9.542;303.136","-1349.453;9.542;303.136","ExteriorBuilding","False","False","False","grid.building.113f50c4","SemanticAndMaterialCandidate","0.31","False","True","No existing Light component; automatic placement would guess physical origin and aiming."
"Assets/Game/LegacyImport/RuntimeBaseline/Generated/World/Streaming/Scenes/Cells/World_Cell_-3_0_Legacy.unity","World_Cell_-3_0_Legacy","","World_cell_-3_0_Legacy/TEMPORARY_DIRECT_IMPORT_ENTITIES/BuildingExterior · button lock4 · STORE / videopoker mesh [14410]","-1374.435;5.762;141.903","-1374.435;5.762;141.903","ExteriorBuilding","False","True","False","grid.building.113f50c4","SemanticAndMaterialCandidate","0.36","False","True","No existing Light component; automatic placement would guess physical origin and aiming."
"Assets/Game/LegacyImport/RuntimeBaseline/Generated/World/Streaming/Scenes/Cells/World_Cell_-3_0_Legacy.unity","World_Cell_-3_0_Legacy","","World_cell_-3_0_Legacy/TEMPORARY_DIRECT_IMPORT_ENTITIES/BuildingExterior · button small · STORE / videopoker mesh [25145]","-1374.197;5.762;141.972","-1374.197;5.762;141.972","ExteriorBuilding","False","True","False","grid.building.113f50c4","SemanticAndMaterialCandidate","0.36","False","True","No existing Light component; automatic placement would guess physical origin and aiming."
"Assets/Game/LegacyImport/RuntimeBaseline/Generated/World/Streaming/Scenes/Cells/World_Cell_-3_0_Legacy.unity","World_Cell_-3_0_Legacy","","World_cell_-3_0_Legacy/TEMPORARY_DIRECT_IMPORT_ENTITIES/BuildingExterior · office lamp 11 · INSPECTION / LOD [666]","-1358.92;7.421;221.491","-1358.92;7.421;221.491","ExteriorBuilding","False","False","False","grid.building.113f50c4","SemanticAndMaterialCandidate","0.31","False","True","No existing Light component; automatic placement would guess physical origin and aiming."
"Assets/Game/LegacyImport/RuntimeBaseline/Generated/World/Streaming/Scenes/Cells/World_Cell_-3_0_Legacy.unity","World_Cell_-3_0_Legacy","","World_cell_-3_0_Legacy/TEMPORARY_DIRECT_IMPORT_ENTITIES/BuildingExterior · button lock2 · STORE / videopoker mesh [19593]","-1374.276;5.762;141.949","-1374.276;5.762;141.949","ExteriorBuilding","False","True","False","grid.building.113f50c4","SemanticAndMaterialCandidate","0.36","False","True","No existing Light component; automatic placement would guess physical origin and aiming."
"Assets/Game/LegacyImport/RuntimeBaseline/Generated/World/Streaming/Scenes/Cells/World_Cell_-3_0_Legacy.unity","World_Cell_-3_0_Legacy","","World_cell_-3_0_Legacy/TEMPORARY_DIRECT_IMPORT_ENTITIES/ColliderOnly · Reverse · RALLY / Lines [10054]","-1098.289;6.611;235.183","-1098.289;6.611;235.183","VehicleReverse","False","False","False","vehicle.electrical.lighting","SemanticAndMaterialCandidate","0.31","False","True","No existing Light component; automatic placement would guess physical origin and aiming."
"Assets/Game/LegacyImport/RuntimeBaseline/Generated/World/Streaming/Scenes/Cells/World_Cell_-3_0_Legacy.unity","World_Cell_-3_0_Legacy","","World_cell_-3_0_Legacy/TEMPORARY_DIRECT_IMPORT_ENTITIES/BuildingExterior · light rails · INSPECTION / LOD [32354]","-1358.127;7.471;219.853","-1358.127;7.471;219.853","ExteriorBuilding","False","False","False","grid.building.113f50c4","SemanticAndMaterialCandidate","0.31","False","True","No existing Light component; automatic placement would guess physical origin and aiming."
"Assets/Game/LegacyImport/RuntimeBaseline/Generated/World/Streaming/Scenes/Cells/World_Cell_-3_0_Legacy.unity","World_Cell_-3_0_Legacy","","World_cell_-3_0_Legacy/TEMPORARY_DIRECT_IMPORT_ENTITIES/BuildingExterior · button double · STORE / videopoker mesh [32626]","-1374.197;5.762;141.972","-1374.197;5.762;141.972","ExteriorBuilding","False","True","False","grid.building.113f50c4","SemanticAndMaterialCandidate","0.36","False","True","No existing Light component; automatic placement would guess physical origin and aiming."
"Assets/Game/LegacyImport/RuntimeBaseline/Generated/World/Streaming/Scenes/Cells/World_Cell_-3_0_Legacy.unity","World_Cell_-3_0_Legacy","","World_cell_-3_0_Legacy/TEMPORARY_DIRECT_IMPORT_ENTITIES/BuildingExterior · light switch · STORE / switch pumps [30129]","-1380.562;6.062;142.694","-1380.562;6.062;142.694","ExteriorBuilding","False","False","True","grid.building.113f50c4","SemanticAndMaterialCandidate","0.31","False","True","No existing Light component; automatic placement would guess physical origin and aiming."
"Assets/Game/LegacyImport/RuntimeBaseline/Generated/World/Streaming/Scenes/Cells/World_Cell_-3_0_Legacy.unity","World_Cell_-3_0_Legacy","","World_cell_-3_0_Legacy/TEMPORARY_DIRECT_IMPORT_ENTITIES/BuildingExterior · 4 · STORE / Lightbulb [4773]","-1381.525;7.059;140.586","-1381.525;7.059;140.586","ExteriorBuilding","False","False","False","grid.building.113f50c4","SemanticAndMaterialCandidate","0.37","False","True","No existing Light component; automatic placement would guess physical origin and aiming."
"Assets/Game/LegacyImport/RuntimeBaseline/Generated/World/Streaming/Scenes/Cells/World_Cell_-3_0_Legacy.unity","World_Cell_-3_0_Legacy","","World_cell_-3_0_Legacy/TEMPORARY_DIRECT_IMPORT_ENTITIES/UtilityPole · lightpole 1 · MAP / LOD [1394]","-1354.06;9.481;133.315","-1354.06;9.481;133.315","DomesticIncandescent","False","False","False","grid.building.113f50c4","SemanticAndMaterialCandidate","0.31","False","True","No existing Light component; automatic placement would guess physical origin and aiming."
"Assets/Game/LegacyImport/RuntimeBaseline/Generated/World/Streaming/Scenes/Cells/World_Cell_-3_0_Legacy.unity","World_Cell_-3_0_Legacy","","World_cell_-3_0_Legacy/TEMPORARY_DIRECT_IMPORT_ENTITIES/BuildingExterior · office lamp 12 · INSPECTION / LOD [5644]","-1357.289;7.421;218.125","-1357.289;7.421;218.125","ExteriorBuilding","False","False","False","grid.building.113f50c4","SemanticAndMaterialCandidate","0.31","False","True","No existing Light component; automatic placement would guess physical origin and aiming."
"Assets/Game/LegacyImport/RuntimeBaseline/Generated/World/Streaming/Scenes/Cells/World_Cell_-3_0_Legacy.unity","World_Cell_-3_0_Legacy","","World_cell_-3_0_Legacy/TEMPORARY_DIRECT_IMPORT_ENTITIES/BuildingExterior · light rails · INSPECTION / LOD [11053]","-1356.426;7.47;220.677","-1356.426;7.47;220.677","ExteriorBuilding","False","False","False","grid.building.113f50c4","SemanticAndMaterialCandidate","0.31","False","True","No existing Light component; automatic placement would guess physical origin and aiming."
"Assets/Game/LegacyImport/RuntimeBaseline/Generated/World/Streaming/Scenes/Cells/World_Cell_-3_0_Legacy.unity","World_Cell_-3_0_Legacy","","World_cell_-3_0_Legacy/TEMPORARY_DIRECT_IMPORT_ENTITIES/BuildingExterior · light switch button · STORE / light switch [32625]","-1380.562;6.062;142.694","-1380.562;6.062;142.694","ExteriorBuilding","False","False","True","grid.building.113f50c4","SemanticAndMaterialCandidate","0.31","False","True","No existing Light component; automatic placement would guess physical origin and aiming."
"Assets/Game/LegacyImport/RuntimeBaseline/Generated/World/Streaming/Scenes/Cells/World_Cell_-3_0_Legacy.unity","World_Cell_-3_0_Legacy","","World_cell_-3_0_Legacy/TEMPORARY_DIRECT_IMPORT_ENTITIES/BuildingExterior · office lamp 7 · STORE / Lamps [904]","-1379.494;7.777;139.47","-1379.494;7.777;139.47","ExteriorBuilding","False","False","False","grid.building.113f50c4","SemanticAndMaterialCandidate","0.31","False","True","No existing Light component; automatic placement would guess physical origin and aiming."
"Assets/Game/LegacyImport/RuntimeBaseline/Generated/World/Streaming/Scenes/Cells/World_Cell_-3_0_Legacy.unity","World_Cell_-3_0_Legacy","","World_cell_-3_0_Legacy/TEMPORARY_DIRECT_IMPORT_ENTITIES/BuildingExterior · Cube 2 · STORE / Lamps [12932]","-1377.967;7.826;140.446","-1377.967;7.826;140.446","ExteriorBuilding","False","False","False","grid.building.113f50c4","SemanticAndMaterialCandidate","0.31","False","True","No existing Light component; automatic placement would guess physical origin and aiming."
"Assets/Game/LegacyImport/RuntimeBaseline/Generated/World/Streaming/Scenes/Cells/World_Cell_-3_0_Legacy.unity","World_Cell_-3_0_Legacy","","World_cell_-3_0_Legacy/TEMPORARY_DIRECT_IMPORT_ENTITIES/BuildingExterior · office lamp 15 · WATERFACILITY / LOD [9931]","-1345.71;10.916;305.521","-1345.71;10.916;305.521","ExteriorBuilding","False","False","False","grid.building.113f50c4","SemanticAndMaterialCandidate","0.31","False","True","No existing Light component; automatic placement would guess physical origin and aiming."
"Assets/Game/LegacyImport/RuntimeBaseline/Generated/World/Streaming/Scenes/Cells/World_Cell_-3_0_Legacy.unity","World_Cell_-3_0_Legacy","","World_cell_-3_0_Legacy/TEMPORARY_DIRECT_IMPORT_ENTITIES/BuildingExterior · victro parts · WATERFACILITY / StaticCarVICTRO [16946]","-1350.976;7.389;298.91","-1350.976;7.389;298.91","ExteriorBuilding","False","True","False","grid.building.113f50c4","SemanticAndMaterialCandidate","0.36","False","True","No existing Light component; automatic placement would guess physical origin and aiming."
"Assets/Game/LegacyImport/RuntimeBaseline/Generated/World/Streaming/Scenes/Cells/World_Cell_-3_0_Legacy.unity","World_Cell_-3_0_Legacy","","World_cell_-3_0_Legacy/TEMPORARY_DIRECT_IMPORT_ENTITIES/BuildingExterior · light switch button · STORE / light switch [35253]","-1380.562;5.912;142.693","-1380.562;5.912;142.693","ExteriorBuilding","False","False","True","grid.building.113f50c4","SemanticAndMaterialCandidate","0.31","False","True","No existing Light component; automatic placement would guess physical origin and aiming."
"Assets/Game/LegacyImport/RuntimeBaseline/Generated/World/Streaming/Scenes/Cells/World_Cell_-3_0_Legacy.unity","World_Cell_-3_0_Legacy","","World_cell_-3_0_Legacy/TEMPORARY_DIRECT_IMPORT_ENTITIES/BuildingExterior · 1 · STORE / Lightbulb [26667]","-1381.411;7.059;140.414","-1381.411;7.059;140.414","ExteriorBuilding","False","False","False","grid.building.113f50c4","SemanticAndMaterialCandidate","0.37","False","True","No existing Light component; automatic placement would guess physical origin and aiming."
"Assets/Game/LegacyImport/RuntimeBaseline/Generated/World/Streaming/Scenes/Cells/World_Cell_-3_0_Legacy.unity","World_Cell_-3_0_Legacy","","World_cell_-3_0_Legacy/TEMPORARY_DIRECT_IMPORT_ENTITIES/BuildingExterior · office lamp 11 · STORE / Lamps [11192]","-1374.758;7.777;144.418","-1374.758;7.777;144.418","ExteriorBuilding","False","False","False","grid.building.113f50c4","SemanticAndMaterialCandidate","0.31","False","True","No existing Light component; automatic placement would guess physical origin and aiming."
"Assets/Game/LegacyImport/RuntimeBaseline/Generated/World/Streaming/Scenes/Cells/World_Cell_-3_0_Legacy.unity","World_Cell_-3_0_Legacy","","World_cell_-3_0_Legacy/TEMPORARY_DIRECT_IMPORT_ENTITIES/BuildingExterior · office lamp 6 · STORE / Lamps [25940]","-1380.352;7.777;140.812","-1380.352;7.777;140.812","ExteriorBuilding","False","False","False","grid.building.113f50c4","SemanticAndMaterialCandidate","0.31","False","True","No existing Light component; automatic placement would guess physical origin and aiming."
"Assets/Game/LegacyImport/RuntimeBaseline/Generated/World/Streaming/Scenes/Cells/World_Cell_-3_0_Legacy.unity","World_Cell_-3_0_Legacy","","World_cell_-3_0_Legacy/TEMPORARY_DIRECT_IMPORT_ENTITIES/BuildingExterior · office lamp 16 · WATERFACILITY / LOD [17695]","-1342.836;10.916;305.558","-1342.836;10.916;305.558","ExteriorBuilding","False","False","False","grid.building.113f50c4","SemanticAndMaterialCandidate","0.31","False","True","No existing Light component; automatic placement would guess physical origin and aiming."
"Assets/Game/LegacyImport/RuntimeBaseline/Generated/World/Streaming/Scenes/Cells/World_Cell_-3_0_Legacy.unity","World_Cell_-3_0_Legacy","","World_cell_-3_0_Legacy/TEMPORARY_DIRECT_IMPORT_ENTITIES/BuildingExterior · slot machine off · STORE / Disabled [30239]","-1374.197;5.762;141.972","-1374.197;5.762;141.972","ExteriorBuilding","False","True","False","grid.building.113f50c4","SemanticAndMaterialCandidate","0.36","False","True","No existing Light component; automatic placement would guess physical origin and aiming."
"Assets/Game/LegacyImport/RuntimeBaseline/Generated/World/Streaming/Scenes/Cells/World_Cell_-3_0_Legacy.unity","World_Cell_-3_0_Legacy","","World_cell_-3_0_Legacy/TEMPORARY_DIRECT_IMPORT_ENTITIES/ColliderOnly · Lightbulb · STORE / CarProducts [15529]","-1381.508;7.061;140.474","-1381.508;7.061;140.474","DomesticIncandescent","False","False","False","grid.building.113f50c4","SemanticAndMaterialCandidate","0.37","False","True","No existing Light component; automatic placement would guess physical origin and aiming."
"Assets/Game/LegacyImport/RuntimeBaseline/Generated/World/Streaming/Scenes/Cells/World_Cell_-3_0_Legacy.unity","World_Cell_-3_0_Legacy","","World_cell_-3_0_Legacy/TEMPORARY_DIRECT_IMPORT_ENTITIES/BuildingExterior · 2 · STORE / Lightbulb [11242]","-1381.459;7.059;140.467","-1381.459;7.059;140.467","ExteriorBuilding","False","False","False","grid.building.113f50c4","SemanticAndMaterialCandidate","0.37","False","True","No existing Light component; automatic placement would guess physical origin and aiming."
"Assets/Game/LegacyImport/RuntimeBaseline/Generated/World/Streaming/Scenes/Cells/World_Cell_-3_0_Legacy.unity","World_Cell_-3_0_Legacy","","World_cell_-3_0_Legacy/TEMPORARY_DIRECT_IMPORT_ENTITIES/BuildingExterior · Cube 4 · STORE / Lamps [17866]","-1374.803;7.821;144.489","-1374.803;7.821;144.489","ExteriorBuilding","False","False","False","grid.building.113f50c4","SemanticAndMaterialCandidate","0.31","False","True","No existing Light component; automatic placement would guess physical origin and aiming."
"Assets/Game/LegacyImport/RuntimeBaseline/Generated/World/Streaming/Scenes/Cells/World_Cell_-3_0_Legacy.unity","World_Cell_-3_0_Legacy","","World_cell_-3_0_Legacy/TEMPORARY_DIRECT_IMPORT_ENTITIES/BuildingExterior · office lamp 9 · INSPECTION / LOD [16605]","-1355.589;7.421;218.949","-1355.589;7.421;218.949","ExteriorBuilding","False","False","False","grid.building.113f50c4","SemanticAndMaterialCandidate","0.31","False","True","No existing Light component; automatic placement would guess physical origin and aiming."
"Assets/Game/LegacyImport/RuntimeBaseline/Generated/World/Streaming/Scenes/Cells/World_Cell_-3_0_Legacy.unity","World_Cell_-3_0_Legacy","","World_cell_-3_0_Legacy/TEMPORARY_DIRECT_IMPORT_ENTITIES/BuildingExterior · button lock3 · STORE / videopoker mesh [35050]","-1374.355;5.762;141.926","-1374.355;5.762;141.926","ExteriorBuilding","False","True","False","grid.building.113f50c4","SemanticAndMaterialCandidate","0.36","False","True","No existing Light component; automatic placement would guess physical origin and aiming."
"Assets/Game/LegacyImport/RuntimeBaseline/Generated/World/Streaming/Scenes/Cells/World_Cell_-3_0_Legacy.unity","World_Cell_-3_0_Legacy","","World_cell_-3_0_Legacy/PHASE1_JOB_LOCATIONS_TEMPORARY_DIRECT_IMPORT/P1JOB_parts_98dc6fcf","-1183.067;4.442;167.779","-1183.067;4.442;167.779","DomesticIncandescent","False","True","False","grid.building.113f50c4","SemanticAndMaterialCandidate","0.36","False","True","No existing Light component; automatic placement would guess physical origin and aiming."
"Assets/Game/LegacyImport/RuntimeBaseline/Generated/World/Streaming/Scenes/Cells/World_Cell_-4_-1_Legacy.unity","World_Cell_-4_-1_Legacy","","World_cell_-4_-1_Legacy/TEMPORARY_DIRECT_IMPORT_ENTITIES/UtilityPole · lightpole · MAP / LOD [9667]","-1546.52;10.331;-13.525","-1546.52;10.331;-13.525","DomesticIncandescent","False","False","False","grid.building.ad71eb3f","SemanticAndMaterialCandidate","0.31","False","True","No existing Light component; automatic placement would guess physical origin and aiming."
"Assets/Game/LegacyImport/RuntimeBaseline/Generated/World/Streaming/Scenes/Cells/World_Cell_0_-1_Legacy.unity","World_Cell_0_-1_Legacy","","World_cell_0_-1_Legacy/TEMPORARY_DIRECT_IMPORT_ENTITIES/BuildingExterior · particle · CABIN / light [33635]","3.608;-1.521;-21.48","3.608;-1.521;-21.48","ExteriorBuilding","False","False","False","grid.building.c95c3820","SemanticAndMaterialCandidate","0.31","False","True","No existing Light component; automatic placement would guess physical origin and aiming."
"Assets/Game/LegacyImport/RuntimeBaseline/Generated/World/Streaming/Scenes/Cells/World_Cell_0_-1_Legacy.unity","World_Cell_0_-1_Legacy","","World_cell_0_-1_Legacy/TEMPORARY_DIRECT_IMPORT_ENTITIES/BuildingExterior · lantern · CABIN / Gamestuff [19088]","3.608;-1.474;-21.48","3.608;-1.474;-21.48","ExteriorBuilding","False","False","False","grid.building.c95c3820","SemanticAndMaterialCandidate","0.31","False","True","No existing Light component; automatic placement would guess physical origin and aiming."
"Assets/Game/LegacyImport/RuntimeBaseline/Generated/World/Streaming/Scenes/Cells/World_Cell_0_-3_Legacy.unity","World_Cell_0_-3_Legacy","","World_cell_0_-3_Legacy/TEMPORARY_DIRECT_IMPORT_ENTITIES/BuildingExterior · lamp cord 1 · YARD / LIGHT [24633]","200.138;3.894;-1080.72","200.138;3.894;-1080.72","ExteriorBuilding","False","False","False","grid.building.b6cefa4a","SemanticAndMaterialCandidate","0.37","False","True","No existing Light component; automatic placement would guess physical origin and aiming."
"Assets/Game/LegacyImport/RuntimeBaseline/Generated/World/Streaming/Scenes/Cells/World_Cell_0_-3_Legacy.unity","World_Cell_0_-3_Legacy","","World_cell_0_-3_Legacy/TEMPORARY_DIRECT_IMPORT_ENTITIES/BuildingExterior · light switch button · YARD / light switch [19784]","157.553;2.457;-1035.576","157.553;2.457;-1035.576","ExteriorBuilding","False","False","True","grid.building.b6cefa4a","SemanticAndMaterialCandidate","0.31","False","True","No existing Light component; automatic placement would guess physical origin and aiming."
"Assets/Game/LegacyImport/RuntimeBaseline/Generated/World/Streaming/Scenes/Cells/World_Cell_0_-3_Legacy.unity","World_Cell_0_-3_Legacy","","World_cell_0_-3_Legacy/TEMPORARY_DIRECT_IMPORT_ENTITIES/BuildingExterior · switch garage · YARD / LightSwitches [26417]","155.078;2.455;-1033.581","155.078;2.455;-1033.581","ExteriorBuilding","False","False","True","grid.building.b6cefa4a","SemanticAndMaterialCandidate","0.31","False","True","No existing Light component; automatic placement would guess physical origin and aiming."
"Assets/Game/LegacyImport/RuntimeBaseline/Generated/World/Streaming/Scenes/Cells/World_Cell_0_-3_Legacy.unity","World_Cell_0_-3_Legacy","","World_cell_0_-3_Legacy/TEMPORARY_DIRECT_IMPORT_ENTITIES/BuildingInterior · light switch button · YARD / light switch [6002]","165.779;2.457;-1029.734","165.779;2.457;-1029.734","DomesticIncandescent","False","False","True","grid.building.b6cefa4a","SemanticAndMaterialCandidate","0.31","False","True","No existing Light component; automatic placement would guess physical origin and aiming."
"Assets/Game/LegacyImport/RuntimeBaseline/Generated/World/Streaming/Scenes/Cells/World_Cell_0_-3_Legacy.unity","World_Cell_0_-3_Legacy","","World_cell_0_-3_Legacy/TEMPORARY_DIRECT_IMPORT_ENTITIES/ColliderOnly · switch bedroomBoy · YARD / LightSwitches [24001]","159.433;2.457;-1029.724","159.433;2.457;-1029.724","DomesticIncandescent","False","False","True","grid.building.b6cefa4a","SemanticAndMaterialCandidate","0.31","False","True","No existing Light component; automatic placement would guess physical origin and aiming."
"Assets/Game/LegacyImport/RuntimeBaseline/Generated/World/Streaming/Scenes/Cells/World_Cell_0_-3_Legacy.unity","World_Cell_0_-3_Legacy","","World_cell_0_-3_Legacy/TEMPORARY_DIRECT_IMPORT_ENTITIES/BuildingInterior · light switch button · YARD / light switch [5324]","158.889;2.444;-1032.006","158.889;2.444;-1032.006","DomesticIncandescent","False","False","True","grid.building.b6cefa4a","SemanticAndMaterialCandidate","0.31","False","True","No existing Light component; automatic placement would guess physical origin and aiming."
"Assets/Game/LegacyImport/RuntimeBaseline/Generated/World/Streaming/Scenes/Cells/World_Cell_0_-3_Legacy.unity","World_Cell_0_-3_Legacy","","World_cell_0_-3_Legacy/TEMPORARY_DIRECT_IMPORT_ENTITIES/BuildingExterior · light switch · YARD / switch hallway [5797]","158.434;2.457;-1029.977","158.434;2.457;-1029.977","ExteriorBuilding","False","False","True","grid.building.b6cefa4a","SemanticAndMaterialCandidate","0.31","False","True","No existing Light component; automatic placement would guess physical origin and aiming."
"Assets/Game/LegacyImport/RuntimeBaseline/Generated/World/Streaming/Scenes/Cells/World_Cell_0_-3_Legacy.unity","World_Cell_0_-3_Legacy","","World_cell_0_-3_Legacy/TEMPORARY_DIRECT_IMPORT_ENTITIES/BuildingExterior · light switch · YARD / switch entry [29638]","157.553;2.457;-1035.576","157.553;2.457;-1035.576","ExteriorBuilding","False","False","True","grid.building.b6cefa4a","SemanticAndMaterialCandidate","0.31","False","True","No existing Light component; automatic placement would guess physical origin and aiming."
"Assets/Game/LegacyImport/RuntimeBaseline/Generated/World/Streaming/Scenes/Cells/World_Cell_0_-3_Legacy.unity","World_Cell_0_-3_Legacy","","World_cell_0_-3_Legacy/TEMPORARY_DIRECT_IMPORT_ENTITIES/BuildingInterior · lamp hallway · YARD / LOD livingroom [5186]","160.024;3.566;-1030.609","160.024;3.566;-1030.609","DomesticIncandescent","False","True","False","grid.building.b6cefa4a","SemanticAndMaterialCandidate","0.42","False","True","No existing Light component; automatic placement would guess physical origin and aiming."
"Assets/Game/LegacyImport/RuntimeBaseline/Generated/World/Streaming/Scenes/Cells/World_Cell_0_-3_Legacy.unity","World_Cell_0_-3_Legacy","","World_cell_0_-3_Legacy/TEMPORARY_DIRECT_IMPORT_ENTITIES/BuildingInterior · toilet lamp 4 · YARD / BEDROOM2 [9337]","166.311;3.659;-1027.859","166.311;3.659;-1027.859","DomesticIncandescent","False","False","False","grid.building.b6cefa4a","SemanticAndMaterialCandidate","0.31","False","True","No existing Light component; automatic placement would guess physical origin and aiming."
"Assets/Game/LegacyImport/RuntimeBaseline/Generated/World/Streaming/Scenes/Cells/World_Cell_0_-3_Legacy.unity","World_Cell_0_-3_Legacy","","World_cell_0_-3_Legacy/TEMPORARY_DIRECT_IMPORT_ENTITIES/BuildingExterior · glass · YARD / light bulb [23200]","200.138;3.804;-1080.72","200.138;3.804;-1080.72","ExteriorBuilding","False","False","False","grid.building.b6cefa4a","SemanticAndMaterialCandidate","0.37","False","True","No existing Light component; automatic placement would guess physical origin and aiming."
"Assets/Game/LegacyImport/RuntimeBaseline/Generated/World/Streaming/Scenes/Cells/World_Cell_0_-3_Legacy.unity","World_Cell_0_-3_Legacy","","World_cell_0_-3_Legacy/TEMPORARY_DIRECT_IMPORT_ENTITIES/BuildingInterior · toilet lamp 3 · YARD / LOD livingroom [23962]","162.11;3.659;-1028.962","162.11;3.659;-1028.962","DomesticIncandescent","False","False","False","grid.building.b6cefa4a","SemanticAndMaterialCandidate","0.31","False","True","No existing Light component; automatic placement would guess physical origin and aiming."
"Assets/Game/LegacyImport/RuntimeBaseline/Generated/World/Streaming/Scenes/Cells/World_Cell_0_-3_Legacy.unity","World_Cell_0_-3_Legacy","","World_cell_0_-3_Legacy/TEMPORARY_DIRECT_IMPORT_ENTITIES/BuildingExterior · light switch button · YARD / light switch [8649]","155.078;2.455;-1033.571","155.078;2.455;-1033.571","ExteriorBuilding","False","False","True","grid.building.b6cefa4a","SemanticAndMaterialCandidate","0.31","False","True","No existing Light component; automatic placement would guess physical origin and aiming."
"Assets/Game/LegacyImport/RuntimeBaseline/Generated/World/Streaming/Scenes/Cells/World_Cell_0_-3_Legacy.unity","World_Cell_0_-3_Legacy","","World_cell_0_-3_Legacy/TEMPORARY_DIRECT_IMPORT_ENTITIES/BuildingExterior · office lamp 2 · YARD / LOD [7065]","153.376;3.347;-1036.337","153.376;3.347;-1036.337","ExteriorBuilding","False","False","False","grid.building.b6cefa4a","SemanticAndMaterialCandidate","0.31","False","True","No existing Light component; automatic placement would guess physical origin and aiming."
"Assets/Game/LegacyImport/RuntimeBaseline/Generated/World/Streaming/Scenes/Cells/World_Cell_0_-3_Legacy.unity","World_Cell_0_-3_Legacy","","World_cell_0_-3_Legacy/TEMPORARY_DIRECT_IMPORT_ENTITIES/BuildingInterior · light switch · YARD / switch bedroomParents [25085]","165.779;2.457;-1029.734","165.779;2.457;-1029.734","DomesticIncandescent","False","False","True","grid.building.b6cefa4a","SemanticAndMaterialCandidate","0.31","False","True","No existing Light component; automatic placement would guess physical origin and aiming."
"Assets/Game/LegacyImport/RuntimeBaseline/Generated/World/Streaming/Scenes/Cells/World_Cell_0_-3_Legacy.unity","World_Cell_0_-3_Legacy","","World_cell_0_-3_Legacy/TEMPORARY_DIRECT_IMPORT_ENTITIES/BuildingExterior · light switch button · YARD / light switch [33097]","162.315;2.457;-1029.734","162.315;2.457;-1029.734","ExteriorBuilding","False","False","True","grid.building.b6cefa4a","SemanticAndMaterialCandidate","0.31","False","True","No existing Light component; automatic placement would guess physical origin and aiming."
"Assets/Game/LegacyImport/RuntimeBaseline/Generated/World/Streaming/Scenes/Cells/World_Cell_0_-3_Legacy.unity","World_Cell_0_-3_Legacy","","World_cell_0_-3_Legacy/TEMPORARY_DIRECT_IMPORT_ENTITIES/ColliderOnly · switch wc · YARD / LightSwitches [20446]","162.315;2.457;-1029.724","162.315;2.457;-1029.724","DomesticIncandescent","False","False","True","grid.building.b6cefa4a","SemanticAndMaterialCandidate","0.31","False","True","No existing Light component; automatic placement would guess physical origin and aiming."
"Assets/Game/LegacyImport/RuntimeBaseline/Generated/World/Streaming/Scenes/Cells/World_Cell_0_-3_Legacy.unity","World_Cell_0_-3_Legacy","","World_cell_0_-3_Legacy/TEMPORARY_DIRECT_IMPORT_ENTITIES/ColliderOnly · switch kitchen · YARD / LightSwitches [8948]","158.889;2.444;-1032.016","158.889;2.444;-1032.016","DomesticIncandescent","False","False","True","grid.building.b6cefa4a","SemanticAndMaterialCandidate","0.31","False","True","No existing Light component; automatic placement would guess physical origin and aiming."
"Assets/Game/LegacyImport/RuntimeBaseline/Generated/World/Streaming/Scenes/Cells/World_Cell_0_-3_Legacy.unity","World_Cell_0_-3_Legacy","","World_cell_0_-3_Legacy/TEMPORARY_DIRECT_IMPORT_ENTITIES/BuildingInterior · light switch button · YARD / light switch [22359]","159.433;2.457;-1029.734","159.433;2.457;-1029.734","DomesticIncandescent","False","False","True","grid.building.b6cefa4a","SemanticAndMaterialCandidate","0.31","False","True","No existing Light component; automatic placement would guess physical origin and aiming."
"Assets/Game/LegacyImport/RuntimeBaseline/Generated/World/Streaming/Scenes/Cells/World_Cell_0_-3_Legacy.unity","World_Cell_0_-3_Legacy","","World_cell_0_-3_Legacy/TEMPORARY_DIRECT_IMPORT_ENTITIES/BuildingExterior · light switch · YARD / switch wc [32774]","162.315;2.457;-1029.734","162.315;2.457;-1029.734","ExteriorBuilding","False","False","True","grid.building.b6cefa4a","SemanticAndMaterialCandidate","0.31","False","True","No existing Light component; automatic placement would guess physical origin and aiming."
"Assets/Game/LegacyImport/RuntimeBaseline/Generated/World/Streaming/Scenes/Cells/World_Cell_0_-3_Legacy.unity","World_Cell_0_-3_Legacy","","World_cell_0_-3_Legacy/TEMPORARY_DIRECT_IMPORT_ENTITIES/BuildingExterior · toilet lamp 1 · YARD / LOD sauna [16283]","156.927;1.626;-1043.254","156.927;1.626;-1043.254","ExteriorBuilding","False","False","False","grid.building.b6cefa4a","SemanticAndMaterialCandidate","0.31","False","True","No existing Light component; automatic placement would guess physical origin and aiming."
"Assets/Game/LegacyImport/RuntimeBaseline/Generated/World/Streaming/Scenes/Cells/World_Cell_0_-3_Legacy.unity","World_Cell_0_-3_Legacy","","World_cell_0_-3_Legacy/TEMPORARY_DIRECT_IMPORT_ENTITIES/BuildingInterior · light switch button · YARD / light switch [26317]","157.583;2.457;-1038.064","157.583;2.457;-1038.064","DomesticIncandescent","False","False","True","grid.building.b6cefa4a","SemanticAndMaterialCandidate","0.31","False","True","No existing Light component; automatic placement would guess physical origin and aiming."
"Assets/Game/LegacyImport/RuntimeBaseline/Generated/World/Streaming/Scenes/Cells/World_Cell_0_-3_Legacy.unity","World_Cell_0_-3_Legacy","","World_cell_0_-3_Legacy/TEMPORARY_DIRECT_IMPORT_ENTITIES/BuildingInterior · lamp paper · YARD / Lamp Paper [4023]","159.37;3.162;-1027.906","159.37;3.162;-1027.906","DomesticIncandescent","False","True","False","grid.building.b6cefa4a","SemanticAndMaterialCandidate","0.42","False","True","No existing Light component; automatic placement would guess physical origin and aiming."
"Assets/Game/LegacyImport/RuntimeBaseline/Generated/World/Streaming/Scenes/Cells/World_Cell_0_-3_Legacy.unity","World_Cell_0_-3_Legacy","","World_cell_0_-3_Legacy/TEMPORARY_DIRECT_IMPORT_ENTITIES/InteractivePropCandidate · xmas lights(Clone) · MISC [8485]","151.194;3.08;-1042.995","151.194;3.08;-1042.995","DomesticIncandescent","False","True","False","grid.building.b6cefa4a","SemanticAndMaterialCandidate","0.42","False","True","No existing Light component; automatic placement would guess physical origin and aiming."
"Assets/Game/LegacyImport/RuntimeBaseline/Generated/World/Streaming/Scenes/Cells/World_Cell_0_-3_Legacy.unity","World_Cell_0_-3_Legacy","","World_cell_0_-3_Legacy/TEMPORARY_DIRECT_IMPORT_ENTITIES/BuildingInterior · lamp hallway · YARD / LOD livingroom [5896]","157.862;3.475;-1030.608","157.862;3.475;-1030.608","DomesticIncandescent","False","True","False","grid.building.b6cefa4a","SemanticAndMaterialCandidate","0.42","False","True","No existing Light component; automatic placement would guess physical origin and aiming."
"Assets/Game/LegacyImport/RuntimeBaseline/Generated/World/Streaming/Scenes/Cells/World_Cell_0_-3_Legacy.unity","World_Cell_0_-3_Legacy","","World_cell_0_-3_Legacy/TEMPORARY_DIRECT_IMPORT_ENTITIES/BuildingInterior · kitchen lamp · YARD / LOD kitchen [31389]","159.948;3.25;-1034.593","159.948;3.25;-1034.593","DomesticIncandescent","False","False","False","grid.building.b6cefa4a","SemanticAndMaterialCandidate","0.31","False","True","No existing Light component; automatic placement would guess physical origin and aiming."
"Assets/Game/LegacyImport/RuntimeBaseline/Generated/World/Streaming/Scenes/Cells/World_Cell_0_-3_Legacy.unity","World_Cell_0_-3_Legacy","","World_cell_0_-3_Legacy/TEMPORARY_DIRECT_IMPORT_ENTITIES/ColliderOnly · switch bathroom · YARD / LightSwitches [27181]","157.583;2.457;-1038.054","157.583;2.457;-1038.054","DomesticIncandescent","False","False","True","grid.building.b6cefa4a","SemanticAndMaterialCandidate","0.31","False","True","No existing Light component; automatic placement would guess physical origin and aiming."
"Assets/Game/LegacyImport/RuntimeBaseline/Generated/World/Streaming/Scenes/Cells/World_Cell_0_-3_Legacy.unity","World_Cell_0_-3_Legacy","","World_cell_0_-3_Legacy/TEMPORARY_DIRECT_IMPORT_ENTITIES/BuildingExterior · light switch button · YARD / light switch [35069]","158.434;2.457;-1029.977","158.434;2.457;-1029.977","ExteriorBuilding","False","False","True","grid.building.b6cefa4a","SemanticAndMaterialCandidate","0.31","False","True","No existing Light component; automatic placement would guess physical origin and aiming."
"Assets/Game/LegacyImport/RuntimeBaseline/Generated/World/Streaming/Scenes/Cells/World_Cell_0_-3_Legacy.unity","World_Cell_0_-3_Legacy","","World_cell_0_-3_Legacy/TEMPORARY_DIRECT_IMPORT_ENTITIES/BuildingInterior · light switch · YARD / switch kitchen [16582]","158.889;2.444;-1032.006","158.889;2.444;-1032.006","DomesticIncandescent","False","False","True","grid.building.b6cefa4a","SemanticAndMaterialCandidate","0.31","False","True","No existing Light component; automatic placement would guess physical origin and aiming."
"Assets/Game/LegacyImport/RuntimeBaseline/Generated/World/Streaming/Scenes/Cells/World_Cell_0_-3_Legacy.unity","World_Cell_0_-3_Legacy","","World_cell_0_-3_Legacy/TEMPORARY_DIRECT_IMPORT_ENTITIES/BuildingInterior · lamp cord · YARD / Lamp Paper [35611]","159.37;3.235;-1027.906","159.37;3.235;-1027.906","DomesticIncandescent","False","False","False","grid.building.b6cefa4a","SemanticAndMaterialCandidate","0.31","False","True","No existing Light component; automatic placement would guess physical origin and aiming."
"Assets/Game/LegacyImport/RuntimeBaseline/Generated/World/Streaming/Scenes/Cells/World_Cell_0_-3_Legacy.unity","World_Cell_0_-3_Legacy","","World_cell_0_-3_Legacy/TEMPORARY_DIRECT_IMPORT_ENTITIES/ColliderOnly · switch hallway · YARD / LightSwitches [2370]","158.444;2.457;-1029.977","158.444;2.457;-1029.977","DomesticIncandescent","False","False","True","grid.building.b6cefa4a","SemanticAndMaterialCandidate","0.31","False","True","No existing Light component; automatic placement would guess physical origin and aiming."
"Assets/Game/LegacyImport/RuntimeBaseline/Generated/World/Streaming/Scenes/Cells/World_Cell_0_-3_Legacy.unity","World_Cell_0_-3_Legacy","","World_cell_0_-3_Legacy/TEMPORARY_DIRECT_IMPORT_ENTITIES/BuildingExterior · light switch · YARD / switch garage [32334]","155.078;2.455;-1033.571","155.078;2.455;-1033.571","ExteriorBuilding","False","False","True","grid.building.b6cefa4a","SemanticAndMaterialCandidate","0.31","False","True","No existing Light component; automatic placement would guess physical origin and aiming."
"Assets/Game/LegacyImport/RuntimeBaseline/Generated/World/Streaming/Scenes/Cells/World_Cell_0_-3_Legacy.unity","World_Cell_0_-3_Legacy","","World_cell_0_-3_Legacy/TEMPORARY_DIRECT_IMPORT_ENTITIES/BuildingInterior · light switch · YARD / switch bedroomBoy [32182]","159.433;2.457;-1029.734","159.433;2.457;-1029.734","DomesticIncandescent","False","False","True","grid.building.b6cefa4a","SemanticAndMaterialCandidate","0.31","False","True","No existing Light component; automatic placement would guess physical origin and aiming."
"Assets/Game/LegacyImport/RuntimeBaseline/Generated/World/Streaming/Scenes/Cells/World_Cell_0_-3_Legacy.unity","World_Cell_0_-3_Legacy","","World_cell_0_-3_Legacy/TEMPORARY_DIRECT_IMPORT_ENTITIES/ColliderOnly · switch entry · YARD / LightSwitches [17506]","157.553;2.457;-1035.566","157.553;2.457;-1035.566","DomesticIncandescent","False","False","True","grid.building.b6cefa4a","SemanticAndMaterialCandidate","0.31","False","True","No existing Light component; automatic placement would guess physical origin and aiming."
"Assets/Game/LegacyImport/RuntimeBaseline/Generated/World/Streaming/Scenes/Cells/World_Cell_0_-3_Legacy.unity","World_Cell_0_-3_Legacy","","World_cell_0_-3_Legacy/TEMPORARY_DIRECT_IMPORT_ENTITIES/BuildingExterior · light bulb · YARD / LIGHT [2174]","200.138;3.804;-1080.72","200.138;3.804;-1080.72","ExteriorBuilding","False","False","False","grid.building.b6cefa4a","SemanticAndMaterialCandidate","0.37","False","True","No existing Light component; automatic placement would guess physical origin and aiming."
"Assets/Game/LegacyImport/RuntimeBaseline/Generated/World/Streaming/Scenes/Cells/World_Cell_0_-3_Legacy.unity","World_Cell_0_-3_Legacy","","World_cell_0_-3_Legacy/TEMPORARY_DIRECT_IMPORT_ENTITIES/BuildingInterior · light switch · YARD / switch bathroom [26697]","157.583;2.457;-1038.064","157.583;2.457;-1038.064","DomesticIncandescent","False","False","True","grid.building.b6cefa4a","SemanticAndMaterialCandidate","0.31","False","True","No existing Light component; automatic placement would guess physical origin and aiming."
"Assets/Game/LegacyImport/RuntimeBaseline/Generated/World/Streaming/Scenes/Cells/World_Cell_0_-3_Legacy.unity","World_Cell_0_-3_Legacy","","World_cell_0_-3_Legacy/TEMPORARY_DIRECT_IMPORT_ENTITIES/BuildingExterior · toilet lamp 2 · YARD / LOD middleroom [26278]","157.356;3.659;-1036.827","157.356;3.659;-1036.827","ExteriorBuilding","False","False","False","grid.building.b6cefa4a","SemanticAndMaterialCandidate","0.31","False","True","No existing Light component; automatic placement would guess physical origin and aiming."
"Assets/Game/LegacyImport/RuntimeBaseline/Generated/World/Streaming/Scenes/Cells/World_Cell_0_-3_Legacy.unity","World_Cell_0_-3_Legacy","","World_cell_0_-3_Legacy/TEMPORARY_DIRECT_IMPORT_ENTITIES/BuildingInterior · LCD · YARD / Lights [9221]","159.63;1.904;-1026.556","159.63;1.904;-1026.556","DomesticIncandescent","False","False","False","grid.building.b6cefa4a","SemanticAndMaterialCandidate","0.31","False","True","No existing Light component; automatic placement would guess physical origin and aiming."
"Assets/Game/LegacyImport/RuntimeBaseline/Generated/World/Streaming/Scenes/Cells/World_Cell_0_-3_Legacy.unity","World_Cell_0_-3_Legacy","","World_cell_0_-3_Legacy/TEMPORARY_DIRECT_IMPORT_ENTITIES/BuildingExterior · office lamp · YARD / LOD [12571]","153.376;3.347;-1040.917","153.376;3.347;-1040.917","ExteriorBuilding","False","False","False","grid.building.b6cefa4a","SemanticAndMaterialCandidate","0.31","False","True","No existing Light component; automatic placement would guess physical origin and aiming."
"Assets/Game/LegacyImport/RuntimeBaseline/Generated/World/Streaming/Scenes/Cells/World_Cell_0_-3_Legacy.unity","World_Cell_0_-3_Legacy","","World_cell_0_-3_Legacy/TEMPORARY_DIRECT_IMPORT_ENTITIES/BuildingExterior · office lamp 1 · YARD / LOD [33482]","153.376;3.347;-1038.495","153.376;3.347;-1038.495","ExteriorBuilding","False","False","False","grid.building.b6cefa4a","SemanticAndMaterialCandidate","0.31","False","True","No existing Light component; automatic placement would guess physical origin and aiming."
"Assets/Game/LegacyImport/RuntimeBaseline/Generated/World/Streaming/Scenes/Cells/World_Cell_0_-3_Legacy.unity","World_Cell_0_-3_Legacy","","World_cell_0_-3_Legacy/TEMPORARY_DIRECT_IMPORT_ENTITIES/BuildingInterior · toilet lamp · YARD / LOD bathroom [20059]","157.356;3.659;-1039.449","157.356;3.659;-1039.449","DomesticIncandescent","False","False","False","grid.building.b6cefa4a","SemanticAndMaterialCandidate","0.31","False","True","No existing Light component; automatic placement would guess physical origin and aiming."
"Assets/Game/LegacyImport/RuntimeBaseline/Generated/World/Streaming/Scenes/Cells/World_Cell_0_-3_Legacy.unity","World_Cell_0_-3_Legacy","","World_cell_0_-3_Legacy/TEMPORARY_DIRECT_IMPORT_ENTITIES/Door · outdoor lamp · YARD / LOD [21401]","153.495;3.467;-1032.99","153.495;3.467;-1032.99","DomesticIncandescent","False","False","False","grid.building.b6cefa4a","SemanticAndMaterialCandidate","0.31","False","True","No existing Light component; automatic placement would guess physical origin and aiming."
"Assets/Game/LegacyImport/RuntimeBaseline/Generated/World/Streaming/Scenes/Cells/World_Cell_0_-3_Legacy.unity","World_Cell_0_-3_Legacy","","World_cell_0_-3_Legacy/TEMPORARY_DIRECT_IMPORT_ENTITIES/BuildingInterior · livingroom lamp · YARD / LOD livingroom [20276]","165.407;3.157;-1032.955","165.407;3.157;-1032.955","DomesticIncandescent","False","False","False","grid.building.b6cefa4a","SemanticAndMaterialCandidate","0.31","False","True","No existing Light component; automatic placement would guess physical origin and aiming."
"Assets/Game/LegacyImport/RuntimeBaseline/Generated/World/Streaming/Scenes/Cells/World_Cell_0_-3_Legacy.unity","World_Cell_0_-3_Legacy","","World_cell_0_-3_Legacy/TEMPORARY_DIRECT_IMPORT_ENTITIES/BuildingInterior · monitor led · YARD / Lights [18062]","159.677;2.232;-1026.452","159.677;2.232;-1026.452","DomesticIncandescent","False","False","False","grid.building.b6cefa4a","SemanticAndMaterialCandidate","0.31","False","True","No existing Light component; automatic placement would guess physical origin and aiming."
"Assets/Game/LegacyImport/RuntimeBaseline/Generated/World/Streaming/Scenes/Cells/World_Cell_0_-3_Legacy.unity","World_Cell_0_-3_Legacy","","World_cell_0_-3_Legacy/TEMPORARY_DIRECT_IMPORT_ENTITIES/BuildingExterior · ClampMinus · YARD / ChargerPivotMinus [35899]","155.513;2.187;-1039.117","155.513;2.187;-1039.117","ExteriorBuilding","False","False","False","grid.building.b6cefa4a","SemanticAndMaterialCandidate","0.31","False","True","No existing Light component; automatic placement would guess physical origin and aiming."
"Assets/Game/LegacyImport/RuntimeBaseline/Generated/World/Streaming/Scenes/Cells/World_Cell_0_-3_Legacy.unity","World_Cell_0_-3_Legacy","","World_cell_0_-3_Legacy/TEMPORARY_DIRECT_IMPORT_ENTITIES/ColliderOnly · switch bedroomParents · YARD / LightSwitches [18171]","165.779;2.457;-1029.724","165.779;2.457;-1029.724","DomesticIncandescent","False","False","True","grid.building.b6cefa4a","SemanticAndMaterialCandidate","0.31","False","True","No existing Light component; automatic placement would guess physical origin and aiming."
"Assets/Game/LegacyImport/RuntimeBaseline/Generated/World/Streaming/Scenes/Cells/World_Cell_0_-3_Legacy.unity","World_Cell_0_-3_Legacy","","World_cell_0_-3_Legacy/TEMPORARY_DIRECT_IMPORT_ENTITIES/BuildingExterior · ClampPlus · YARD / ChargerPivotPlus [10074]","155.631;2.185;-1039.056","155.631;2.185;-1039.056","ExteriorBuilding","False","False","False","grid.building.b6cefa4a","SemanticAndMaterialCandidate","0.31","False","True","No existing Light component; automatic placement would guess physical origin and aiming."
"Assets/Game/LegacyImport/RuntimeBaseline/Generated/World/Streaming/Scenes/Cells/World_Cell_0_-3_Legacy.unity","World_Cell_0_-3_Legacy","","World_cell_0_-3_Legacy/TEMPORARY_DIRECT_IMPORT_ENTITIES/BuildingInterior · Light · YARD / SmokeDetector [28280]","161.13;3.631;-1030.724","161.13;3.631;-1030.724","DomesticIncandescent","False","False","False","grid.building.b6cefa4a","SemanticAndMaterialCandidate","0.31","False","True","No existing Light component; automatic placement would guess physical origin and aiming."
"Assets/Game/LegacyImport/RuntimeBaseline/Generated/World/Streaming/Scenes/Cells/World_Cell_0_-4_Legacy.unity","World_Cell_0_-4_Legacy","","World_cell_0_-4_Legacy/TEMPORARY_DIRECT_IMPORT_ENTITIES/BuildingExterior · gauge glass fbx · REPAIRSHOP / rpm gauge(Clone) [4374]","49.668;1.315;-1989.222","49.668;1.315;-1989.222","VehicleDashboard","False","True","False","vehicle.electrical.lighting","SemanticAndMaterialCandidate","0.36","False","True","No existing Light component; automatic placement would guess physical origin and aiming."
"Assets/Game/LegacyImport/RuntimeBaseline/Generated/World/Streaming/Scenes/Cells/World_Cell_1_0_Legacy.unity","World_Cell_1_0_Legacy","","World_cell_1_0_Legacy/TEMPORARY_DIRECT_IMPORT_ENTITIES/BuildingExterior · bulbs · DANCEHALL / Lights [15157]","625.05;14.721;277.538","625.05;14.721;277.538","ExteriorBuilding","False","False","False","grid.building.deb55de3","SemanticAndMaterialCandidate","0.37","False","True","No existing Light component; automatic placement would guess physical origin and aiming."
"Assets/Game/LegacyImport/RuntimeBaseline/Generated/World/Streaming/Scenes/Cells/World_Cell_1_0_Legacy.unity","World_Cell_1_0_Legacy","","World_cell_1_0_Legacy/TEMPORARY_DIRECT_IMPORT_ENTITIES/BuildingExterior · Lights · DANCEHALL [6023]","625.05;14.721;277.538","625.05;14.721;277.538","ExteriorBuilding","False","False","False","grid.building.deb55de3","SemanticAndMaterialCandidate","0.31","False","True","No existing Light component; automatic placement would guess physical origin and aiming."
"Assets/Game/LegacyImport/RuntimeBaseline/Generated/World/Streaming/Scenes/Cells/World_Cell_3_-1_Legacy.unity","World_Cell_3_-1_Legacy","","World_cell_3_-1_Legacy/TEMPORARY_DIRECT_IMPORT_ENTITIES/BuildingExterior · Cube · REPAIRSHOP / office lamp 3 [21580]","1723.301;9.216;-303.012","1723.301;9.216;-303.012","FleetariWorkshop","False","False","False","grid.fleetari.workshop","SemanticAndMaterialCandidate","0.31","False","True","No existing Light component; automatic placement would guess physical origin and aiming."
"Assets/Game/LegacyImport/RuntimeBaseline/Generated/World/Streaming/Scenes/Cells/World_Cell_3_-1_Legacy.unity","World_Cell_3_-1_Legacy","","World_cell_3_-1_Legacy/TEMPORARY_DIRECT_IMPORT_ENTITIES/BuildingExterior · police parts · REPAIRSHOP / StaticCarPOLSA [20119]","1718.418;6.597;-300.289","1718.418;6.597;-300.289","FleetariWorkshop","False","True","False","grid.fleetari.workshop","SemanticAndMaterialCandidate","0.36","False","True","No existing Light component; automatic placement would guess physical origin and aiming."
"Assets/Game/LegacyImport/RuntimeBaseline/Generated/World/Streaming/Scenes/Cells/World_Cell_3_-1_Legacy.unity","World_Cell_3_-1_Legacy","","World_cell_3_-1_Legacy/TEMPORARY_DIRECT_IMPORT_ENTITIES/BuildingExterior · parts · REPAIRSHOP / SVOBODA 1 [31976]","1738.594;6.603;-318.01","1738.594;6.603;-318.01","FleetariWorkshop","False","True","False","grid.fleetari.workshop","SemanticAndMaterialCandidate","0.36","False","True","No existing Light component; automatic placement would guess physical origin and aiming."
"Assets/Game/LegacyImport/RuntimeBaseline/Generated/World/Streaming/Scenes/Cells/World_Cell_3_-1_Legacy.unity","World_Cell_3_-1_Legacy","","World_cell_3_-1_Legacy/TEMPORARY_DIRECT_IMPORT_ENTITIES/BuildingExterior · lights · REPAIRSHOP / LOD [32132]","1734.16;6.191;-307.205","1734.16;6.191;-307.205","FleetariWorkshop","False","False","False","grid.fleetari.workshop","SemanticAndMaterialCandidate","0.31","False","True","No existing Light component; automatic placement would guess physical origin and aiming."
"Assets/Game/LegacyImport/RuntimeBaseline/Generated/World/Streaming/Scenes/Cells/World_Cell_3_-1_Legacy.unity","World_Cell_3_-1_Legacy","","World_cell_3_-1_Legacy/TEMPORARY_DIRECT_IMPORT_ENTITIES/BuildingExterior · dash · REPAIRSHOP / SVOBODA 1 [3581]","1738.594;6.603;-318.01","1738.594;6.603;-318.01","FleetariWorkshop","False","True","False","grid.fleetari.workshop","SemanticAndMaterialCandidate","0.36","False","True","No existing Light component; automatic placement would guess physical origin and aiming."
"Assets/Game/LegacyImport/RuntimeBaseline/Generated/World/Streaming/Scenes/Cells/World_Cell_3_-1_Legacy.unity","World_Cell_3_-1_Legacy","","World_cell_3_-1_Legacy/TEMPORARY_DIRECT_IMPORT_ENTITIES/BuildingExterior · office lamp 4 · REPAIRSHOP / Office [26428]","1725.747;9.145;-301.888","1725.747;9.145;-301.888","FleetariWorkshop","False","False","False","grid.fleetari.workshop","SemanticAndMaterialCandidate","0.31","False","True","No existing Light component; automatic placement would guess physical origin and aiming."
"Assets/Game/LegacyImport/RuntimeBaseline/Generated/World/Streaming/Scenes/Cells/World_Cell_3_-1_Legacy.unity","World_Cell_3_-1_Legacy","","World_cell_3_-1_Legacy/TEMPORARY_DIRECT_IMPORT_ENTITIES/BuildingExterior · Cube 1 · REPAIRSHOP / office lamp 4 [3021]","1725.747;9.216;-301.888","1725.747;9.216;-301.888","FleetariWorkshop","False","False","False","grid.fleetari.workshop","SemanticAndMaterialCandidate","0.31","False","True","No existing Light component; automatic placement would guess physical origin and aiming."
"Assets/Game/LegacyImport/RuntimeBaseline/Generated/World/Streaming/Scenes/Cells/World_Cell_3_-1_Legacy.unity","World_Cell_3_-1_Legacy","","World_cell_3_-1_Legacy/TEMPORARY_DIRECT_IMPORT_ENTITIES/BuildingExterior · office lamp 3 · REPAIRSHOP / Office [15185]","1723.301;9.145;-303.012","1723.301;9.145;-303.012","FleetariWorkshop","False","False","False","grid.fleetari.workshop","SemanticAndMaterialCandidate","0.31","False","True","No existing Light component; automatic placement would guess physical origin and aiming."
"Assets/Game/LegacyImport/RuntimeBaseline/Generated/World/Streaming/Scenes/Cells/World_Cell_3_-1_Legacy.unity","World_Cell_3_-1_Legacy","","World_cell_3_-1_Legacy/TEMPORARY_DIRECT_IMPORT_ENTITIES/UtilityPole · lightpole 1 · MAP / LOD [17620]","1727.302;5.531;-315.584","1727.302;5.531;-315.584","DomesticIncandescent","False","False","False","grid.building.6a2763a5","SemanticAndMaterialCandidate","0.31","False","True","No existing Light component; automatic placement would guess physical origin and aiming."
"Assets/Game/LegacyImport/RuntimeBaseline/Generated/World/Streaming/Scenes/Cells/World_Cell_3_-1_Legacy.unity","World_Cell_3_-1_Legacy","","World_cell_3_-1_Legacy/TEMPORARY_DIRECT_IMPORT_ENTITIES/UtilityPole · lightpole · MAP / LOD [16513]","1724.593;5.382;-309.72","1724.593;5.382;-309.72","DomesticIncandescent","False","False","False","grid.building.6a2763a5","SemanticAndMaterialCandidate","0.31","False","True","No existing Light component; automatic placement would guess physical origin and aiming."
"Assets/Game/Player/Content/Scenes/PlayerInteractionPrototype.unity","PlayerInteractionPrototype","","M4_PlayerInteractionPrototype/LightPickup_3kg","-1.15;0.35;0.7","-1.15;0.35;0.7","DomesticIncandescent","False","False","False","grid.building.9c0d0262","SemanticAndMaterialCandidate","0.31","False","True","No existing Light component; automatic placement would guess physical origin and aiming."
"Assets/Game/World/Content/GaragePrototype/Scenes/GarageArtPrototype.unity","GarageArtPrototype","","M3_GarageArtPrototype/Lighting","0;0;0","0;0;0","DomesticIncandescent","False","False","False","grid.building.6e5cba46","SemanticAndMaterialCandidate","0.31","False","True","No existing Light component; automatic placement would guess physical origin and aiming."
"Assets/Game/World/Debug/Comparison/WR_HomeYardComparison.unity","WR_HomeYardComparison","","WR_05A_Comparison/DonorReference_MetadataProxies/REF_f0d95413a727d17d9202d407985ab718_ClampPlus","155.631;2.185;-1039.056","155.631;2.185;-1039.056","DomesticIncandescent","False","False","False","grid.building.77c6f57b","SemanticAndMaterialCandidate","0.31","False","True","No existing Light component; automatic placement would guess physical origin and aiming."
"Assets/Game/World/Debug/Comparison/WR_HomeYardComparison.unity","WR_HomeYardComparison","","WR_05A_Comparison/DonorReference_MetadataProxies/REF_e8cc18b013e51929b58879a5837bcdfd_ClampMinus","155.513;2.187;-1039.117","155.513;2.187;-1039.117","DomesticIncandescent","False","False","False","grid.building.77c6f57b","SemanticAndMaterialCandidate","0.31","False","True","No existing Light component; automatic placement would guess physical origin and aiming."
"Assets/OutdoorsScene.unity","OutdoorsScene","","StaticLightingSky","0;0;0","0;0;0","DomesticIncandescent","False","False","False","grid.building.ccff8f50","SemanticAndMaterialCandidate","0.31","False","True","No existing Light component; automatic placement would guess physical origin and aiming."
"Assets/Game/LegacyImport/RuntimeBaseline/Characters/StoryTraffic/Generated/AmbientPrefabs/event-police-car-1.prefab","","c797b677e57d48c41bef35282995f330","event-police-car-1/POLICECAR1/Sirens1/LightBar","0;0.69;0","0;0.32;0","Technical","False","False","False","grid.building.94d49b31","SemanticAndMaterialCandidate","0.31","False","True","No existing Light component; automatic placement would guess physical origin and aiming."
"Assets/Game/LegacyImport/RuntimeBaseline/Characters/StoryTraffic/Generated/AmbientPrefabs/event-police-car-2.prefab","","3b10677297ad13040a0d2b20331244f6","event-police-car-2/POLICECAR2/Sirens2/LightBar","0;0.69;0","0;0.32;0","Technical","False","False","False","grid.building.91d49678","SemanticAndMaterialCandidate","0.31","False","True","No existing Light component; automatic placement would guess physical origin and aiming."
"Assets/Game/LegacyImport/RuntimeBaseline/Characters/StoryTraffic/Generated/AmbientPrefabs/traffic-fittan.prefab","","a6a65d99f0bf71d4a9e53b52eed9c2c0","traffic-fittan/FITTAN/LOD/fittan_dashboard","0;0.461;0","0;0.186;0","VehicleDashboard","False","False","False","vehicle.electrical.lighting","SemanticAndMaterialCandidate","0.37","False","True","No existing Light component; automatic placement would guess physical origin and aiming."
"Assets/Game/LegacyImport/RuntimeBaseline/Characters/StoryTraffic/Generated/AmbientPrefabs/traffic-kuski.prefab","","26e5cdebf1b425f4cb9e92842a271d1b","traffic-kuski/KUSKI/LOD/Dashboard","0;0.31;0","0;0;0","VehicleDashboard","False","False","False","vehicle.electrical.lighting","SemanticAndMaterialCandidate","0.31","False","True","No existing Light component; automatic placement would guess physical origin and aiming."
"Assets/Game/LegacyImport/RuntimeBaseline/Characters/StoryTraffic/Generated/AmbientPrefabs/traffic-pena-fittan.prefab","","c52b955e537f8bd4c898743b57a661bb","traffic-pena-fittan/FITTAN/LOD/fittan_dashboard","0;0.461;0","0;0.186;0","VehicleDashboard","False","False","False","vehicle.electrical.lighting","SemanticAndMaterialCandidate","0.37","False","True","No existing Light component; automatic placement would guess physical origin and aiming."
"Assets/Game/LegacyImport/RuntimeBaseline/Characters/StoryTraffic/Generated/AmbientPrefabs/traffic-pena-fittan.prefab","","c52b955e537f8bd4c898743b57a661bb","traffic-pena-fittan/FITTAN/LOD/Dashboard","0;0.275;0","0;0;0","VehicleDashboard","False","False","False","vehicle.electrical.lighting","SemanticAndMaterialCandidate","0.31","False","True","No existing Light component; automatic placement would guess physical origin and aiming."
"Assets/Game/LegacyImport/RuntimeBaseline/Characters/StoryTraffic/Generated/AmbientPrefabs/traffic-pena-fittan.prefab","","c52b955e537f8bd4c898743b57a661bb","traffic-pena-fittan/FITTAN/LOD/Gearstick/GearStickPivot/fittan_dashboard 1","0;0.461;0.005","0;0.358;0.175","VehicleDashboard","False","False","False","vehicle.electrical.lighting","SemanticAndMaterialCandidate","0.31","False","True","No existing Light component; automatic placement would guess physical origin and aiming."
"Assets/Game/LegacyImport/RuntimeBaseline/Characters/StoryTraffic/Generated/AmbientPrefabs/traffic-svoboda.prefab","","a8aaeb0bbc8ff9943959598966c671a1","traffic-svoboda/SVOBODA/LOD/dash","0;0.588;0","0;0.24;0","DomesticIncandescent","False","False","False","grid.building.8e16e775","SemanticAndMaterialCandidate","0.31","False","True","No existing Light component; automatic placement would guess physical origin and aiming."
"Assets/Game/LegacyImport/RuntimeBaseline/Characters/StoryTraffic/Generated/AmbientPrefabs/traffic-truck.prefab","","d44c482d2460d33428d1db8bfc30f7d8","traffic-truck/TRUCK/LOD/Dashboard","-0.463;0.001;3.735","-0.463;-0.071;3.735","VehicleDashboard","False","False","False","vehicle.electrical.lighting","SemanticAndMaterialCandidate","0.31","False","True","No existing Light component; automatic placement would guess physical origin and aiming."
"Assets/Game/LegacyImport/RuntimeBaseline/Characters/StoryTraffic/Generated/Prefabs/jani-car.prefab","","c9c90e500045194409ca57d078b4b0b9","jani-car/KYLAJANI/LOD/dashboard","0;0.476;0","0;0.11;0","VehicleDashboard","False","False","False","vehicle.electrical.lighting","SemanticAndMaterialCandidate","0.37","False","True","No existing Light component; automatic placement would guess physical origin and aiming."
"Assets/Game/LegacyImport/RuntimeBaseline/Characters/StoryTraffic/Generated/Prefabs/petteri-car.prefab","","ea7f30bac78e78a47ae3e51bad6dc06d","petteri-car/AMIS2/LOD/dash","0;0.568;0","0;0.24;0","DomesticIncandescent","False","False","False","grid.building.1c18e38f","SemanticAndMaterialCandidate","0.31","False","True","No existing Light component; automatic placement would guess physical origin and aiming."
"Assets/Game/LegacyImport/RuntimeBaseline/Characters/StoryTraffic/Generated/TransportPrefabs/traffic-bus.prefab","","67ef65e9288f34a4ab1aad196ddb1efc","traffic-bus/BUS/MESH/bus_lights_on","0;0.132;0","0;0;0","DomesticIncandescent","False","False","False","grid.building.0449e225","SemanticAndMaterialCandidate","0.37","False","True","No existing Light component; automatic placement would guess physical origin and aiming."
"Assets/Game/LegacyImport/RuntimeBaseline/Characters/StoryTraffic/Generated/TransportPrefabs/traffic-bus.prefab","","67ef65e9288f34a4ab1aad196ddb1efc","traffic-bus/BUS/MESH/bus_lights_off","0;0.132;0","0;0;0","DomesticIncandescent","False","False","False","grid.building.0449e225","SemanticAndMaterialCandidate","0.37","False","True","No existing Light component; automatic placement would guess physical origin and aiming."
"Assets/Game/LegacyImport/RuntimeBaseline/Characters/StoryTraffic/Generated/TransportPrefabs/traffic-bus.prefab","","67ef65e9288f34a4ab1aad196ddb1efc","traffic-bus/BUS/LOD/dashboard","0;0.132;0","0;-0.4;0","VehicleDashboard","False","False","False","vehicle.electrical.lighting","SemanticAndMaterialCandidate","0.37","False","True","No existing Light component; automatic placement would guess physical origin and aiming."
"Assets/Game/LegacyImport/RuntimeBaseline/Characters/StoryTraffic/Generated/TransportPrefabs/traffic-train.prefab","","cc8f1e00492530946b937ca56f21c760","traffic-train/TRAIN/Mesh/train/train_lights","0;1.14;0","0;0;0","DomesticIncandescent","False","False","False","grid.building.965c934d","SemanticAndMaterialCandidate","0.37","False","True","No existing Light component; automatic placement would guess physical origin and aiming."
"Assets/Game/LegacyImport/RuntimeBaseline/Generated/Items/Prefabs/LegacyItemVisual_item_flashlight.prefab","","2460a032b3fbccf419e1848cf61c47a3","LegacyItemVisual_item_flashlight","0;0;0","0;0;0","PlayerFlashlight","False","False","False","grid.building.b8d9e1f4","SemanticAndMaterialCandidate","0.31","False","True","No existing Light component; automatic placement would guess physical origin and aiming."
"Assets/Game/LegacyImport/RuntimeBaseline/Generated/Items/Prefabs/LegacyItemVisual_item_lantern.prefab","","08436ae670fa799438a0c8decda6be62","LegacyItemVisual_item_lantern","0;0;0","0;0;0","DomesticIncandescent","False","False","False","grid.building.77fac91a","SemanticAndMaterialCandidate","0.31","False","True","No existing Light component; automatic placement would guess physical origin and aiming."
"Assets/Game/Presentation/Lighting/GaragePrototype/M3_Lighting_LateDay.prefab","","0b6569f66af083a4ebdb144bfcec2211","M3_Lighting_LateDay","0;0;0","0;0;0","DomesticIncandescent","False","False","False","grid.building.db14f0d7","SemanticAndMaterialCandidate","0.31","False","True","No existing Light component; automatic placement would guess physical origin and aiming."
"Assets/Game/Presentation/Lighting/GaragePrototype/M3_Lighting_Neutral.prefab","","3b5221c76797b5048907569066225f1d","M3_Lighting_Neutral","0;0;0","0;0;0","DomesticIncandescent","False","False","False","grid.building.d75123d6","SemanticAndMaterialCandidate","0.31","False","True","No existing Light component; automatic placement would guess physical origin and aiming."
